latitude,longitude,date,ALLSKY_SFC_SW_DWN_mean,ALLSKY_SFC_SW_DWN_min,ALLSKY_SFC_SW_DWN_max,ALLSKY_SFC_SW_DWN_std,RH2M_mean,RH2M_min,RH2M_max,RH2M_std,T2M_mean,T2M_min,T2M_max,T2M_std,T2M_MAX_mean,T2M_MAX_min,T2M_MAX_max,T2M_MAX_std,T2M_MIN_mean,T2M_MIN_min,T2M_MIN_max,T2M_MIN_std,WS2M_mean,WS2M_min,WS2M_max,WS2M_std,DEW POINT TEMPERATURE_mean,DEW POINT TEMPERATURE_min,DEW POINT TEMPERATURE_max,DEW POINT TEMPERATURE_std,DTR_mean,DTR_min,DTR_max,DTR_std,VPD_mean,VPD_min,VPD_max,VPD_std
10.282741,105.414218,2022-03-18,19.908709677419353,13.91,25.27,2.5579196965067754,72.65354838709676,60.66,86.5,7.801650589784065,28.863225806451617,27.19,30.47,1.0107052379619412,34.664838709677426,30.63,38.48,2.235441604590426,24.520967741935486,22.56,25.75,0.7036465151723951,1.9193548387096775,0.68,2.83,0.5399219506550622,23.350234244977916,21.12681833274576,24.806145378787576,1.0183582821884698,10.143870967741934,5.43,14.7,2.4553111325337618,1.1046005988873946,0.48813969021282255,1.6478924176167693,0.36608936320178753
10.292251,105.405536,2022-03-18,19.908709677419353,13.91,25.27,2.5579196965067754,72.65354838709676,60.66,86.5,7.801650589784065,28.863225806451617,27.19,30.47,1.0107052379619412,34.664838709677426,30.63,38.48,2.235441604590426,24.520967741935486,22.56,25.75,0.7036465151723951,1.9193548387096775,0.68,2.83,0.5399219506550622,23.350234244977916,21.12681833274576,24.806145378787576,1.0183582821884698,10.143870967741934,5.43,14.7,2.4553111325337618,1.1046005988873946,0.48813969021282255,1.6478924176167693,0.36608936320178753
10.303175,105.416814,2022-03-18,19.908709677419353,13.91,25.27,2.5579196965067754,72.65354838709676,60.66,86.5,7.801650589784065,28.863225806451617,27.19,30.47,1.0107052379619412,34.664838709677426,30.63,38.48,2.235441604590426,24.520967741935486,22.56,25.75,0.7036465151723951,1.9193548387096775,0.68,2.83,0.5399219506550622,23.350234244977916,21.12681833274576,24.806145378787576,1.0183582821884698,10.143870967741934,5.43,14.7,2.4553111325337618,1.1046005988873946,0.48813969021282255,1.6478924176167693,0.36608936320178753
10.320924,105.404264,2022-03-18,19.908709677419353,13.91,25.27,2.5579196965067754,72.65354838709676,60.66,86.5,7.801650589784065,28.863225806451617,27.19,30.47,1.0107052379619412,34.664838709677426,30.63,38.48,2.235441604590426,24.520967741935486,22.56,25.75,0.7036465151723951,1.9193548387096775,0.68,2.83,0.5399219506550622,23.350234244977916,21.12681833274576,24.806145378787576,1.0183582821884698,10.143870967741934,5.43,14.7,2.4553111325337618,1.1046005988873946,0.48813969021282255,1.6478924176167693,0.36608936320178753
10.335158,105.395026,2022-03-18,19.908709677419353,13.91,25.27,2.5579196965067754,72.65354838709676,60.66,86.5,7.801650589784065,28.863225806451617,27.19,30.47,1.0107052379619412,34.664838709677426,30.63,38.48,2.235441604590426,24.520967741935486,22.56,25.75,0.7036465151723951,1.9193548387096775,0.68,2.83,0.5399219506550622,23.350234244977916,21.12681833274576,24.806145378787576,1.0183582821884698,10.143870967741934,5.43,14.7,2.4553111325337618,1.1046005988873946,0.48813969021282255,1.6478924176167693,0.36608936320178753
10.430707,105.315671,2022-03-20,19.75354838709677,13.91,25.27,2.5954831092186548,73.59774193548388,60.66,86.5,8.00049664171218,28.710000000000004,26.95,30.47,1.0898238981744977,34.33645161290322,30.63,38.48,2.325665424564231,24.4841935483871,22.56,25.75,0.7364070324064886,1.954193548387097,0.68,2.83,0.5440574815074076,23.41280997252654,21.12681833274576,24.806145378787576,1.0106269478643832,9.85225806451613,5.43,14.7,2.4549866429929255,1.0597048698563758,0.48813969021282255,1.6478924176167693,0.377401281567073
10.434624,105.327551,2022-03-20,19.75354838709677,13.91,25.27,2.5954831092186548,73.59774193548388,60.66,86.5,8.00049664171218,28.710000000000004,26.95,30.47,1.0898238981744977,34.33645161290322,30.63,38.48,2.325665424564231,24.4841935483871,22.56,25.75,0.7364070324064886,1.954193548387097,0.68,2.83,0.5440574815074076,23.41280997252654,21.12681833274576,24.806145378787576,1.0106269478643832,9.85225806451613,5.43,14.7,2.4549866429929255,1.0597048698563758,0.48813969021282255,1.6478924176167693,0.377401281567073
10.436532,105.313783,2022-03-20,19.75354838709677,13.91,25.27,2.5954831092186548,73.59774193548388,60.66,86.5,8.00049664171218,28.710000000000004,26.95,30.47,1.0898238981744977,34.33645161290322,30.63,38.48,2.325665424564231,24.4841935483871,22.56,25.75,0.7364070324064886,1.954193548387097,0.68,2.83,0.5440574815074076,23.41280997252654,21.12681833274576,24.806145378787576,1.0106269478643832,9.85225806451613,5.43,14.7,2.4549866429929255,1.0597048698563758,0.48813969021282255,1.6478924176167693,0.377401281567073
10.439647,105.334052,2022-03-20,19.75354838709677,13.91,25.27,2.5954831092186548,73.59774193548388,60.66,86.5,8.00049664171218,28.710000000000004,26.95,30.47,1.0898238981744977,34.33645161290322,30.63,38.48,2.325665424564231,24.4841935483871,22.56,25.75,0.7364070324064886,1.954193548387097,0.68,2.83,0.5440574815074076,23.41280997252654,21.12681833274576,24.806145378787576,1.0106269478643832,9.85225806451613,5.43,14.7,2.4549866429929255,1.0597048698563758,0.48813969021282255,1.6478924176167693,0.377401281567073
10.442271,105.339057,2022-03-20,19.75354838709677,13.91,25.27,2.5954831092186548,73.59774193548388,60.66,86.5,8.00049664171218,28.710000000000004,26.95,30.47,1.0898238981744977,34.33645161290322,30.63,38.48,2.325665424564231,24.4841935483871,22.56,25.75,0.7364070324064886,1.954193548387097,0.68,2.83,0.5440574815074076,23.41280997252654,21.12681833274576,24.806145378787576,1.0106269478643832,9.85225806451613,5.43,14.7,2.4549866429929255,1.0597048698563758,0.48813969021282255,1.6478924176167693,0.377401281567073
10.443677,105.348236,2022-03-20,19.75354838709677,13.91,25.27,2.5954831092186548,73.59774193548388,60.66,86.5,8.00049664171218,28.710000000000004,26.95,30.47,1.0898238981744977,34.33645161290322,30.63,38.48,2.325665424564231,24.4841935483871,22.56,25.75,0.7364070324064886,1.954193548387097,0.68,2.83,0.5440574815074076,23.41280997252654,21.12681833274576,24.806145378787576,1.0106269478643832,9.85225806451613,5.43,14.7,2.4549866429929255,1.0597048698563758,0.48813969021282255,1.6478924176167693,0.377401281567073
10.444036,105.331928,2022-03-20,19.75354838709677,13.91,25.27,2.5954831092186548,73.59774193548388,60.66,86.5,8.00049664171218,28.710000000000004,26.95,30.47,1.0898238981744977,34.33645161290322,30.63,38.48,2.325665424564231,24.4841935483871,22.56,25.75,0.7364070324064886,1.954193548387097,0.68,2.83,0.5440574815074076,23.41280997252654,21.12681833274576,24.806145378787576,1.0106269478643832,9.85225806451613,5.43,14.7,2.4549866429929255,1.0597048698563758,0.48813969021282255,1.6478924176167693,0.377401281567073
10.446006,105.338972,2022-03-20,19.75354838709677,13.91,25.27,2.5954831092186548,73.59774193548388,60.66,86.5,8.00049664171218,28.710000000000004,26.95,30.47,1.0898238981744977,34.33645161290322,30.63,38.48,2.325665424564231,24.4841935483871,22.56,25.75,0.7364070324064886,1.954193548387097,0.68,2.83,0.5440574815074076,23.41280997252654,21.12681833274576,24.806145378787576,1.0106269478643832,9.85225806451613,5.43,14.7,2.4549866429929255,1.0597048698563758,0.48813969021282255,1.6478924176167693,0.377401281567073
10.447125,105.31374,2022-03-20,19.75354838709677,13.91,25.27,2.5954831092186548,73.59774193548388,60.66,86.5,8.00049664171218,28.710000000000004,26.95,30.47,1.0898238981744977,34.33645161290322,30.63,38.48,2.325665424564231,24.4841935483871,22.56,25.75,0.7364070324064886,1.954193548387097,0.68,2.83,0.5440574815074076,23.41280997252654,21.12681833274576,24.806145378787576,1.0106269478643832,9.85225806451613,5.43,14.7,2.4549866429929255,1.0597048698563758,0.48813969021282255,1.6478924176167693,0.377401281567073
10.454342,105.322838,2022-03-20,19.75354838709677,13.91,25.27,2.5954831092186548,73.59774193548388,60.66,86.5,8.00049664171218,28.710000000000004,26.95,30.47,1.0898238981744977,34.33645161290322,30.63,38.48,2.325665424564231,24.4841935483871,22.56,25.75,0.7364070324064886,1.954193548387097,0.68,2.83,0.5440574815074076,23.41280997252654,21.12681833274576,24.806145378787576,1.0106269478643832,9.85225806451613,5.43,14.7,2.4549866429929255,1.0597048698563758,0.48813969021282255,1.6478924176167693,0.377401281567073
10.459704,105.218744,2022-03-21,19.762580645161286,13.91,25.27,2.5929133791709,74.49612903225807,62.87,87.54,6.652458520761137,28.777096774193545,26.92,30.32,0.9855739888049749,34.03193548387096,30.3,37.07,1.968450216262069,24.69516129032258,23.19,25.84,0.7564896475753371,1.9067741935483868,0.83,2.83,0.5319615987642656,23.71190286188796,21.693268342351598,25.111718111232275,0.863640404282069,9.336774193548386,4.460000000000001,13.179999999999996,2.1045747208077596,1.0226397962424496,0.4539761277216749,1.5336969985339284,0.3121994627965635
10.370371,105.275589,2022-03-22,19.773225806451613,13.91,25.27,2.5971266841506933,74.71483870967742,62.87,87.54,6.7537530168562645,28.76225806451613,26.92,30.32,0.9962015266951774,33.970645161290314,30.3,37.07,1.997543548693795,24.710000000000004,23.19,25.84,0.7525054924244953,1.8625806451612898,0.83,2.83,0.5368965043652117,23.744442389954784,21.693268342351598,25.111718111232275,0.8654301046936077,9.260645161290322,4.460000000000001,13.179999999999996,2.1311286355324177,1.0136129630035788,0.4539761277216749,1.5336969985339284,0.3171007378747035
10.375756,105.208993,2022-03-22,19.773225806451613,13.91,25.27,2.5971266841506933,74.71483870967742,62.87,87.54,6.7537530168562645,28.76225806451613,26.92,30.32,0.9962015266951774,33.970645161290314,30.3,37.07,1.997543548693795,24.710000000000004,23.19,25.84,0.7525054924244953,1.8625806451612898,0.83,2.83,0.5368965043652117,23.744442389954784,21.693268342351598,25.111718111232275,0.8654301046936077,9.260645161290322,4.460000000000001,13.179999999999996,2.1311286355324177,1.0136129630035788,0.4539761277216749,1.5336969985339284,0.3171007378747035
10.380497,105.274972,2022-03-22,19.773225806451613,13.91,25.27,2.5971266841506933,74.71483870967742,62.87,87.54,6.7537530168562645,28.76225806451613,26.92,30.32,0.9962015266951774,33.970645161290314,30.3,37.07,1.997543548693795,24.710000000000004,23.19,25.84,0.7525054924244953,1.8625806451612898,0.83,2.83,0.5368965043652117,23.744442389954784,21.693268342351598,25.111718111232275,0.8654301046936077,9.260645161290322,4.460000000000001,13.179999999999996,2.1311286355324177,1.0136129630035788,0.4539761277216749,1.5336969985339284,0.3171007378747035
10.387459,105.205582,2022-03-22,19.773225806451613,13.91,25.27,2.5971266841506933,74.71483870967742,62.87,87.54,6.7537530168562645,28.76225806451613,26.92,30.32,0.9962015266951774,33.970645161290314,30.3,37.07,1.997543548693795,24.710000000000004,23.19,25.84,0.7525054924244953,1.8625806451612898,0.83,2.83,0.5368965043652117,23.744442389954784,21.693268342351598,25.111718111232275,0.8654301046936077,9.260645161290322,4.460000000000001,13.179999999999996,2.1311286355324177,1.0136129630035788,0.4539761277216749,1.5336969985339284,0.3171007378747035
10.387619,105.243467,2022-03-22,19.773225806451613,13.91,25.27,2.5971266841506933,74.71483870967742,62.87,87.54,6.7537530168562645,28.76225806451613,26.92,30.32,0.9962015266951774,33.970645161290314,30.3,37.07,1.997543548693795,24.710000000000004,23.19,25.84,0.7525054924244953,1.8625806451612898,0.83,2.83,0.5368965043652117,23.744442389954784,21.693268342351598,25.111718111232275,0.8654301046936077,9.260645161290322,4.460000000000001,13.179999999999996,2.1311286355324177,1.0136129630035788,0.4539761277216749,1.5336969985339284,0.3171007378747035
10.394517,105.260713,2022-03-22,19.773225806451613,13.91,25.27,2.5971266841506933,74.71483870967742,62.87,87.54,6.7537530168562645,28.76225806451613,26.92,30.32,0.9962015266951774,33.970645161290314,30.3,37.07,1.997543548693795,24.710000000000004,23.19,25.84,0.7525054924244953,1.8625806451612898,0.83,2.83,0.5368965043652117,23.744442389954784,21.693268342351598,25.111718111232275,0.8654301046936077,9.260645161290322,4.460000000000001,13.179999999999996,2.1311286355324177,1.0136129630035788,0.4539761277216749,1.5336969985339284,0.3171007378747035
10.395256,105.268561,2022-03-22,19.773225806451613,13.91,25.27,2.5971266841506933,74.71483870967742,62.87,87.54,6.7537530168562645,28.76225806451613,26.92,30.32,0.9962015266951774,33.970645161290314,30.3,37.07,1.997543548693795,24.710000000000004,23.19,25.84,0.7525054924244953,1.8625806451612898,0.83,2.83,0.5368965043652117,23.744442389954784,21.693268342351598,25.111718111232275,0.8654301046936077,9.260645161290322,4.460000000000001,13.179999999999996,2.1311286355324177,1.0136129630035788,0.4539761277216749,1.5336969985339284,0.3171007378747035
10.399256,105.204494,2022-03-22,19.773225806451613,13.91,25.27,2.5971266841506933,74.71483870967742,62.87,87.54,6.7537530168562645,28.76225806451613,26.92,30.32,0.9962015266951774,33.970645161290314,30.3,37.07,1.997543548693795,24.710000000000004,23.19,25.84,0.7525054924244953,1.8625806451612898,0.83,2.83,0.5368965043652117,23.744442389954784,21.693268342351598,25.111718111232275,0.8654301046936077,9.260645161290322,4.460000000000001,13.179999999999996,2.1311286355324177,1.0136129630035788,0.4539761277216749,1.5336969985339284,0.3171007378747035
10.402927,105.235656,2022-03-22,19.773225806451613,13.91,25.27,2.5971266841506933,74.71483870967742,62.87,87.54,6.7537530168562645,28.76225806451613,26.92,30.32,0.9962015266951774,33.970645161290314,30.3,37.07,1.997543548693795,24.710000000000004,23.19,25.84,0.7525054924244953,1.8625806451612898,0.83,2.83,0.5368965043652117,23.744442389954784,21.693268342351598,25.111718111232275,0.8654301046936077,9.260645161290322,4.460000000000001,13.179999999999996,2.1311286355324177,1.0136129630035788,0.4539761277216749,1.5336969985339284,0.3171007378747035
10.404721,105.258428,2022-03-22,19.773225806451613,13.91,25.27,2.5971266841506933,74.71483870967742,62.87,87.54,6.7537530168562645,28.76225806451613,26.92,30.32,0.9962015266951774,33.970645161290314,30.3,37.07,1.997543548693795,24.710000000000004,23.19,25.84,0.7525054924244953,1.8625806451612898,0.83,2.83,0.5368965043652117,23.744442389954784,21.693268342351598,25.111718111232275,0.8654301046936077,9.260645161290322,4.460000000000001,13.179999999999996,2.1311286355324177,1.0136129630035788,0.4539761277216749,1.5336969985339284,0.3171007378747035
10.406199,105.248616,2022-03-22,19.773225806451613,13.91,25.27,2.5971266841506933,74.71483870967742,62.87,87.54,6.7537530168562645,28.76225806451613,26.92,30.32,0.9962015266951774,33.970645161290314,30.3,37.07,1.997543548693795,24.710000000000004,23.19,25.84,0.7525054924244953,1.8625806451612898,0.83,2.83,0.5368965043652117,23.744442389954784,21.693268342351598,25.111718111232275,0.8654301046936077,9.260645161290322,4.460000000000001,13.179999999999996,2.1311286355324177,1.0136129630035788,0.4539761277216749,1.5336969985339284,0.3171007378747035
10.378511,105.144998,2022-03-24,19.734838709677415,13.91,25.27,2.577143794062674,75.60903225806452,62.87,87.54,6.913936535600704,28.665161290322576,26.71,30.32,1.0789566972916909,33.685161290322576,30.27,37.07,2.1369195057337635,24.743548387096777,23.19,25.84,0.7494365556099429,1.7987096774193543,0.83,2.83,0.5401179198339029,23.84579850566103,21.693268342351598,25.111718111232275,0.7866808128358393,8.941612903225806,4.460000000000001,13.179999999999996,2.2208805239744414,0.9750855149292013,0.4539761277216749,1.5336969985339284,0.3276520310148269
10.379507,105.154892,2022-03-24,19.734838709677415,13.91,25.27,2.577143794062674,75.60903225806452,62.87,87.54,6.913936535600704,28.665161290322576,26.71,30.32,1.0789566972916909,33.685161290322576,30.27,37.07,2.1369195057337635,24.743548387096777,23.19,25.84,0.7494365556099429,1.7987096774193543,0.83,2.83,0.5401179198339029,23.84579850566103,21.693268342351598,25.111718111232275,0.7866808128358393,8.941612903225806,4.460000000000001,13.179999999999996,2.2208805239744414,0.9750855149292013,0.4539761277216749,1.5336969985339284,0.3276520310148269
10.386546,105.19302,2022-03-24,19.734838709677415,13.91,25.27,2.577143794062674,75.60903225806452,62.87,87.54,6.913936535600704,28.665161290322576,26.71,30.32,1.0789566972916909,33.685161290322576,30.27,37.07,2.1369195057337635,24.743548387096777,23.19,25.84,0.7494365556099429,1.7987096774193543,0.83,2.83,0.5401179198339029,23.84579850566103,21.693268342351598,25.111718111232275,0.7866808128358393,8.941612903225806,4.460000000000001,13.179999999999996,2.2208805239744414,0.9750855149292013,0.4539761277216749,1.5336969985339284,0.3276520310148269
10.387123,105.119326,2022-03-24,19.734838709677415,13.91,25.27,2.577143794062674,75.60903225806452,62.87,87.54,6.913936535600704,28.665161290322576,26.71,30.32,1.0789566972916909,33.685161290322576,30.27,37.07,2.1369195057337635,24.743548387096777,23.19,25.84,0.7494365556099429,1.7987096774193543,0.83,2.83,0.5401179198339029,23.84579850566103,21.693268342351598,25.111718111232275,0.7866808128358393,8.941612903225806,4.460000000000001,13.179999999999996,2.2208805239744414,0.9750855149292013,0.4539761277216749,1.5336969985339284,0.3276520310148269
10.389374,105.169781,2022-03-24,19.734838709677415,13.91,25.27,2.577143794062674,75.60903225806452,62.87,87.54,6.913936535600704,28.665161290322576,26.71,30.32,1.0789566972916909,33.685161290322576,30.27,37.07,2.1369195057337635,24.743548387096777,23.19,25.84,0.7494365556099429,1.7987096774193543,0.83,2.83,0.5401179198339029,23.84579850566103,21.693268342351598,25.111718111232275,0.7866808128358393,8.941612903225806,4.460000000000001,13.179999999999996,2.2208805239744414,0.9750855149292013,0.4539761277216749,1.5336969985339284,0.3276520310148269
10.389594,105.147461,2022-03-24,19.734838709677415,13.91,25.27,2.577143794062674,75.60903225806452,62.87,87.54,6.913936535600704,28.665161290322576,26.71,30.32,1.0789566972916909,33.685161290322576,30.27,37.07,2.1369195057337635,24.743548387096777,23.19,25.84,0.7494365556099429,1.7987096774193543,0.83,2.83,0.5401179198339029,23.84579850566103,21.693268342351598,25.111718111232275,0.7866808128358393,8.941612903225806,4.460000000000001,13.179999999999996,2.2208805239744414,0.9750855149292013,0.4539761277216749,1.5336969985339284,0.3276520310148269
10.391781,105.161155,2022-03-24,19.734838709677415,13.91,25.27,2.577143794062674,75.60903225806452,62.87,87.54,6.913936535600704,28.665161290322576,26.71,30.32,1.0789566972916909,33.685161290322576,30.27,37.07,2.1369195057337635,24.743548387096777,23.19,25.84,0.7494365556099429,1.7987096774193543,0.83,2.83,0.5401179198339029,23.84579850566103,21.693268342351598,25.111718111232275,0.7866808128358393,8.941612903225806,4.460000000000001,13.179999999999996,2.2208805239744414,0.9750855149292013,0.4539761277216749,1.5336969985339284,0.3276520310148269
10.394341,105.126836,2022-03-24,19.734838709677415,13.91,25.27,2.577143794062674,75.60903225806452,62.87,87.54,6.913936535600704,28.665161290322576,26.71,30.32,1.0789566972916909,33.685161290322576,30.27,37.07,2.1369195057337635,24.743548387096777,23.19,25.84,0.7494365556099429,1.7987096774193543,0.83,2.83,0.5401179198339029,23.84579850566103,21.693268342351598,25.111718111232275,0.7866808128358393,8.941612903225806,4.460000000000001,13.179999999999996,2.2208805239744414,0.9750855149292013,0.4539761277216749,1.5336969985339284,0.3276520310148269
10.395094,105.169245,2022-03-24,19.734838709677415,13.91,25.27,2.577143794062674,75.60903225806452,62.87,87.54,6.913936535600704,28.665161290322576,26.71,30.32,1.0789566972916909,33.685161290322576,30.27,37.07,2.1369195057337635,24.743548387096777,23.19,25.84,0.7494365556099429,1.7987096774193543,0.83,2.83,0.5401179198339029,23.84579850566103,21.693268342351598,25.111718111232275,0.7866808128358393,8.941612903225806,4.460000000000001,13.179999999999996,2.2208805239744414,0.9750855149292013,0.4539761277216749,1.5336969985339284,0.3276520310148269
10.395734,105.143745,2022-03-24,19.734838709677415,13.91,25.27,2.577143794062674,75.60903225806452,62.87,87.54,6.913936535600704,28.665161290322576,26.71,30.32,1.0789566972916909,33.685161290322576,30.27,37.07,2.1369195057337635,24.743548387096777,23.19,25.84,0.7494365556099429,1.7987096774193543,0.83,2.83,0.5401179198339029,23.84579850566103,21.693268342351598,25.111718111232275,0.7866808128358393,8.941612903225806,4.460000000000001,13.179999999999996,2.2208805239744414,0.9750855149292013,0.4539761277216749,1.5336969985339284,0.3276520310148269
10.396044,105.180167,2022-03-24,19.734838709677415,13.91,25.27,2.577143794062674,75.60903225806452,62.87,87.54,6.913936535600704,28.665161290322576,26.71,30.32,1.0789566972916909,33.685161290322576,30.27,37.07,2.1369195057337635,24.743548387096777,23.19,25.84,0.7494365556099429,1.7987096774193543,0.83,2.83,0.5401179198339029,23.84579850566103,21.693268342351598,25.111718111232275,0.7866808128358393,8.941612903225806,4.460000000000001,13.179999999999996,2.2208805239744414,0.9750855149292013,0.4539761277216749,1.5336969985339284,0.3276520310148269
10.37346,105.184697,2022-03-25,19.71870967741935,13.91,25.27,2.575182726915339,76.08354838709677,62.87,87.54,6.760468369147165,28.60806451612903,26.71,30.32,1.0763930789232148,33.54290322580644,30.27,37.07,2.114771692929381,24.766129032258064,23.19,25.84,0.7272692070201437,1.8090322580645155,0.83,2.83,0.5346651339025486,23.89832591306624,21.693268342351598,25.111718111232275,0.7554782366252685,8.776774193548386,4.460000000000001,13.179999999999996,2.1410826129467915,0.9529690517046733,0.4539761277216749,1.5336969985339284,0.3215872578758214
10.377238,105.165363,2022-03-25,19.71870967741935,13.91,25.27,2.575182726915339,76.08354838709677,62.87,87.54,6.760468369147165,28.60806451612903,26.71,30.32,1.0763930789232148,33.54290322580644,30.27,37.07,2.114771692929381,24.766129032258064,23.19,25.84,0.7272692070201437,1.8090322580645155,0.83,2.83,0.5346651339025486,23.89832591306624,21.693268342351598,25.111718111232275,0.7554782366252685,8.776774193548386,4.460000000000001,13.179999999999996,2.1410826129467915,0.9529690517046733,0.4539761277216749,1.5336969985339284,0.3215872578758214
10.381544,105.174719,2022-03-25,19.71870967741935,13.91,25.27,2.575182726915339,76.08354838709677,62.87,87.54,6.760468369147165,28.60806451612903,26.71,30.32,1.0763930789232148,33.54290322580644,30.27,37.07,2.114771692929381,24.766129032258064,23.19,25.84,0.7272692070201437,1.8090322580645155,0.83,2.83,0.5346651339025486,23.89832591306624,21.693268342351598,25.111718111232275,0.7554782366252685,8.776774193548386,4.460000000000001,13.179999999999996,2.1410826129467915,0.9529690517046733,0.4539761277216749,1.5336969985339284,0.3215872578758214
10.384444,105.3447,2022-03-25,19.71870967741935,13.91,25.27,2.575182726915339,75.42774193548388,60.66,86.5,8.218526164738996,28.529999999999998,26.95,30.47,1.1802022789991715,33.77967741935483,30.27,38.48,2.4892847578409234,24.50258064516129,22.56,25.75,0.7616661182922754,1.8512903225806454,0.68,2.83,0.5464710359498973,23.643292183441684,21.12681833274576,24.806145378787576,0.938716642544211,9.277096774193547,5.43,14.7,2.488982423956382,0.9803993356202498,0.48813969021282255,1.6478924176167693,0.3918853776303495
10.391149,105.359279,2022-03-25,19.71870967741935,13.91,25.27,2.575182726915339,75.42774193548388,60.66,86.5,8.218526164738996,28.529999999999998,26.95,30.47,1.1802022789991715,33.77967741935483,30.27,38.48,2.4892847578409234,24.50258064516129,22.56,25.75,0.7616661182922754,1.8512903225806454,0.68,2.83,0.5464710359498973,23.643292183441684,21.12681833274576,24.806145378787576,0.938716642544211,9.277096774193547,5.43,14.7,2.488982423956382,0.9803993356202498,0.48813969021282255,1.6478924176167693,0.3918853776303495
10.391491,105.34899,2022-03-25,19.71870967741935,13.91,25.27,2.575182726915339,75.42774193548388,60.66,86.5,8.218526164738996,28.529999999999998,26.95,30.47,1.1802022789991715,33.77967741935483,30.27,38.48,2.4892847578409234,24.50258064516129,22.56,25.75,0.7616661182922754,1.8512903225806454,0.68,2.83,0.5464710359498973,23.643292183441684,21.12681833274576,24.806145378787576,0.938716642544211,9.277096774193547,5.43,14.7,2.488982423956382,0.9803993356202498,0.48813969021282255,1.6478924176167693,0.3918853776303495
10.399353,105.356462,2022-03-25,19.71870967741935,13.91,25.27,2.575182726915339,75.42774193548388,60.66,86.5,8.218526164738996,28.529999999999998,26.95,30.47,1.1802022789991715,33.77967741935483,30.27,38.48,2.4892847578409234,24.50258064516129,22.56,25.75,0.7616661182922754,1.8512903225806454,0.68,2.83,0.5464710359498973,23.643292183441684,21.12681833274576,24.806145378787576,0.938716642544211,9.277096774193547,5.43,14.7,2.488982423956382,0.9803993356202498,0.48813969021282255,1.6478924176167693,0.3918853776303495
10.400189,105.331053,2022-03-25,19.71870967741935,13.91,25.27,2.575182726915339,75.42774193548388,60.66,86.5,8.218526164738996,28.529999999999998,26.95,30.47,1.1802022789991715,33.77967741935483,30.27,38.48,2.4892847578409234,24.50258064516129,22.56,25.75,0.7616661182922754,1.8512903225806454,0.68,2.83,0.5464710359498973,23.643292183441684,21.12681833274576,24.806145378787576,0.938716642544211,9.277096774193547,5.43,14.7,2.488982423956382,0.9803993356202498,0.48813969021282255,1.6478924176167693,0.3918853776303495
10.405902,105.36283,2022-03-25,19.71870967741935,13.91,25.27,2.575182726915339,75.42774193548388,60.66,86.5,8.218526164738996,28.529999999999998,26.95,30.47,1.1802022789991715,33.77967741935483,30.27,38.48,2.4892847578409234,24.50258064516129,22.56,25.75,0.7616661182922754,1.8512903225806454,0.68,2.83,0.5464710359498973,23.643292183441684,21.12681833274576,24.806145378787576,0.938716642544211,9.277096774193547,5.43,14.7,2.488982423956382,0.9803993356202498,0.48813969021282255,1.6478924176167693,0.3918853776303495
10.411649,105.370659,2022-03-25,19.71870967741935,13.91,25.27,2.575182726915339,75.42774193548388,60.66,86.5,8.218526164738996,28.529999999999998,26.95,30.47,1.1802022789991715,33.77967741935483,30.27,38.48,2.4892847578409234,24.50258064516129,22.56,25.75,0.7616661182922754,1.8512903225806454,0.68,2.83,0.5464710359498973,23.643292183441684,21.12681833274576,24.806145378787576,0.938716642544211,9.277096774193547,5.43,14.7,2.488982423956382,0.9803993356202498,0.48813969021282255,1.6478924176167693,0.3918853776303495
10.412537,105.321768,2022-03-25,19.71870967741935,13.91,25.27,2.575182726915339,75.42774193548388,60.66,86.5,8.218526164738996,28.529999999999998,26.95,30.47,1.1802022789991715,33.77967741935483,30.27,38.48,2.4892847578409234,24.50258064516129,22.56,25.75,0.7616661182922754,1.8512903225806454,0.68,2.83,0.5464710359498973,23.643292183441684,21.12681833274576,24.806145378787576,0.938716642544211,9.277096774193547,5.43,14.7,2.488982423956382,0.9803993356202498,0.48813969021282255,1.6478924176167693,0.3918853776303495
10.417429,105.363577,2022-03-25,19.71870967741935,13.91,25.27,2.575182726915339,75.42774193548388,60.66,86.5,8.218526164738996,28.529999999999998,26.95,30.47,1.1802022789991715,33.77967741935483,30.27,38.48,2.4892847578409234,24.50258064516129,22.56,25.75,0.7616661182922754,1.8512903225806454,0.68,2.83,0.5464710359498973,23.643292183441684,21.12681833274576,24.806145378787576,0.938716642544211,9.277096774193547,5.43,14.7,2.488982423956382,0.9803993356202498,0.48813969021282255,1.6478924176167693,0.3918853776303495
10.419561,105.277369,2022-03-25,19.71870967741935,13.91,25.27,2.575182726915339,76.08354838709677,62.87,87.54,6.760468369147165,28.60806451612903,26.71,30.32,1.0763930789232148,33.54290322580644,30.27,37.07,2.114771692929381,24.766129032258064,23.19,25.84,0.7272692070201437,1.8090322580645155,0.83,2.83,0.5346651339025486,23.89832591306624,21.693268342351598,25.111718111232275,0.7554782366252685,8.776774193548386,4.460000000000001,13.179999999999996,2.1410826129467915,0.9529690517046733,0.4539761277216749,1.5336969985339284,0.3215872578758214
10.434116,105.27315,2022-03-25,19.71870967741935,13.91,25.27,2.575182726915339,76.08354838709677,62.87,87.54,6.760468369147165,28.60806451612903,26.71,30.32,1.0763930789232148,33.54290322580644,30.27,37.07,2.114771692929381,24.766129032258064,23.19,25.84,0.7272692070201437,1.8090322580645155,0.83,2.83,0.5346651339025486,23.89832591306624,21.693268342351598,25.111718111232275,0.7554782366252685,8.776774193548386,4.460000000000001,13.179999999999996,2.1410826129467915,0.9529690517046733,0.4539761277216749,1.5336969985339284,0.3215872578758214
10.43531,105.292557,2022-03-25,19.71870967741935,13.91,25.27,2.575182726915339,76.08354838709677,62.87,87.54,6.760468369147165,28.60806451612903,26.71,30.32,1.0763930789232148,33.54290322580644,30.27,37.07,2.114771692929381,24.766129032258064,23.19,25.84,0.7272692070201437,1.8090322580645155,0.83,2.83,0.5346651339025486,23.89832591306624,21.693268342351598,25.111718111232275,0.7554782366252685,8.776774193548386,4.460000000000001,13.179999999999996,2.1410826129467915,0.9529690517046733,0.4539761277216749,1.5336969985339284,0.3215872578758214
10.443492,105.281103,2022-03-25,19.71870967741935,13.91,25.27,2.575182726915339,76.08354838709677,62.87,87.54,6.760468369147165,28.60806451612903,26.71,30.32,1.0763930789232148,33.54290322580644,30.27,37.07,2.114771692929381,24.766129032258064,23.19,25.84,0.7272692070201437,1.8090322580645155,0.83,2.83,0.5346651339025486,23.89832591306624,21.693268342351598,25.111718111232275,0.7554782366252685,8.776774193548386,4.460000000000001,13.179999999999996,2.1410826129467915,0.9529690517046733,0.4539761277216749,1.5336969985339284,0.3215872578758214
10.458369,105.270803,2022-03-25,19.71870967741935,13.91,25.27,2.575182726915339,76.08354838709677,62.87,87.54,6.760468369147165,28.60806451612903,26.71,30.32,1.0763930789232148,33.54290322580644,30.27,37.07,2.114771692929381,24.766129032258064,23.19,25.84,0.7272692070201437,1.8090322580645155,0.83,2.83,0.5346651339025486,23.89832591306624,21.693268342351598,25.111718111232275,0.7554782366252685,8.776774193548386,4.460000000000001,13.179999999999996,2.1410826129467915,0.9529690517046733,0.4539761277216749,1.5336969985339284,0.3215872578758214
10.470013,105.264425,2022-03-25,19.71870967741935,13.91,25.27,2.575182726915339,76.08354838709677,62.87,87.54,6.760468369147165,28.60806451612903,26.71,30.32,1.0763930789232148,33.54290322580644,30.27,37.07,2.114771692929381,24.766129032258064,23.19,25.84,0.7272692070201437,1.8090322580645155,0.83,2.83,0.5346651339025486,23.89832591306624,21.693268342351598,25.111718111232275,0.7554782366252685,8.776774193548386,4.460000000000001,13.179999999999996,2.1410826129467915,0.9529690517046733,0.4539761277216749,1.5336969985339284,0.3215872578758214
10.470305,105.287062,2022-03-25,19.71870967741935,13.91,25.27,2.575182726915339,76.08354838709677,62.87,87.54,6.760468369147165,28.60806451612903,26.71,30.32,1.0763930789232148,33.54290322580644,30.27,37.07,2.114771692929381,24.766129032258064,23.19,25.84,0.7272692070201437,1.8090322580645155,0.83,2.83,0.5346651339025486,23.89832591306624,21.693268342351598,25.111718111232275,0.7554782366252685,8.776774193548386,4.460000000000001,13.179999999999996,2.1410826129467915,0.9529690517046733,0.4539761277216749,1.5336969985339284,0.3215872578758214
10.485812,105.267525,2022-03-25,19.71870967741935,13.91,25.27,2.575182726915339,76.08354838709677,62.87,87.54,6.760468369147165,28.60806451612903,26.71,30.32,1.0763930789232148,33.54290322580644,30.27,37.07,2.114771692929381,24.766129032258064,23.19,25.84,0.7272692070201437,1.8090322580645155,0.83,2.83,0.5346651339025486,23.89832591306624,21.693268342351598,25.111718111232275,0.7554782366252685,8.776774193548386,4.460000000000001,13.179999999999996,2.1410826129467915,0.9529690517046733,0.4539761277216749,1.5336969985339284,0.3215872578758214
10.494104,105.291042,2022-03-25,19.71870967741935,13.91,25.27,2.575182726915339,76.08354838709677,62.87,87.54,6.760468369147165,28.60806451612903,26.71,30.32,1.0763930789232148,33.54290322580644,30.27,37.07,2.114771692929381,24.766129032258064,23.19,25.84,0.7272692070201437,1.8090322580645155,0.83,2.83,0.5346651339025486,23.89832591306624,21.693268342351598,25.111718111232275,0.7554782366252685,8.776774193548386,4.460000000000001,13.179999999999996,2.1410826129467915,0.9529690517046733,0.4539761277216749,1.5336969985339284,0.3215872578758214
10.400449,105.171793,2022-03-26,19.84290322580645,13.91,25.27,2.4594507563463877,76.60451612903225,62.87,87.54,6.606202285491766,28.56322580645161,26.71,30.32,1.0797472437111237,33.41935483870967,30.27,37.07,2.101064147404559,24.80225806451613,23.19,25.84,0.6971264044097641,1.813225806451613,0.83,2.83,0.5335963624723322,23.97198683297999,21.693268342351598,25.111718111232275,0.7006368136219876,8.617096774193548,4.460000000000001,13.179999999999996,2.0784100522932105,0.9300802971562399,0.4539761277216749,1.5336969985339284,0.3165876155033612
10.402793,105.189574,2022-03-26,19.84290322580645,13.91,25.27,2.4594507563463877,76.60451612903225,62.87,87.54,6.606202285491766,28.56322580645161,26.71,30.32,1.0797472437111237,33.41935483870967,30.27,37.07,2.101064147404559,24.80225806451613,23.19,25.84,0.6971264044097641,1.813225806451613,0.83,2.83,0.5335963624723322,23.97198683297999,21.693268342351598,25.111718111232275,0.7006368136219876,8.617096774193548,4.460000000000001,13.179999999999996,2.0784100522932105,0.9300802971562399,0.4539761277216749,1.5336969985339284,0.3165876155033612
10.405702,105.208668,2022-03-26,19.84290322580645,13.91,25.27,2.4594507563463877,76.60451612903225,62.87,87.54,6.606202285491766,28.56322580645161,26.71,30.32,1.0797472437111237,33.41935483870967,30.27,37.07,2.101064147404559,24.80225806451613,23.19,25.84,0.6971264044097641,1.813225806451613,0.83,2.83,0.5335963624723322,23.97198683297999,21.693268342351598,25.111718111232275,0.7006368136219876,8.617096774193548,4.460000000000001,13.179999999999996,2.0784100522932105,0.9300802971562399,0.4539761277216749,1.5336969985339284,0.3165876155033612
10.412311,105.176834,2022-03-26,19.84290322580645,13.91,25.27,2.4594507563463877,76.60451612903225,62.87,87.54,6.606202285491766,28.56322580645161,26.71,30.32,1.0797472437111237,33.41935483870967,30.27,37.07,2.101064147404559,24.80225806451613,23.19,25.84,0.6971264044097641,1.813225806451613,0.83,2.83,0.5335963624723322,23.97198683297999,21.693268342351598,25.111718111232275,0.7006368136219876,8.617096774193548,4.460000000000001,13.179999999999996,2.0784100522932105,0.9300802971562399,0.4539761277216749,1.5336969985339284,0.3165876155033612
10.414226,105.195214,2022-03-26,19.84290322580645,13.91,25.27,2.4594507563463877,76.60451612903225,62.87,87.54,6.606202285491766,28.56322580645161,26.71,30.32,1.0797472437111237,33.41935483870967,30.27,37.07,2.101064147404559,24.80225806451613,23.19,25.84,0.6971264044097641,1.813225806451613,0.83,2.83,0.5335963624723322,23.97198683297999,21.693268342351598,25.111718111232275,0.7006368136219876,8.617096774193548,4.460000000000001,13.179999999999996,2.0784100522932105,0.9300802971562399,0.4539761277216749,1.5336969985339284,0.3165876155033612
10.417324,105.208881,2022-03-26,19.84290322580645,13.91,25.27,2.4594507563463877,76.60451612903225,62.87,87.54,6.606202285491766,28.56322580645161,26.71,30.32,1.0797472437111237,33.41935483870967,30.27,37.07,2.101064147404559,24.80225806451613,23.19,25.84,0.6971264044097641,1.813225806451613,0.83,2.83,0.5335963624723322,23.97198683297999,21.693268342351598,25.111718111232275,0.7006368136219876,8.617096774193548,4.460000000000001,13.179999999999996,2.0784100522932105,0.9300802971562399,0.4539761277216749,1.5336969985339284,0.3165876155033612
10.426155,105.176598,2022-03-26,19.84290322580645,13.91,25.27,2.4594507563463877,76.60451612903225,62.87,87.54,6.606202285491766,28.56322580645161,26.71,30.32,1.0797472437111237,33.41935483870967,30.27,37.07,2.101064147404559,24.80225806451613,23.19,25.84,0.6971264044097641,1.813225806451613,0.83,2.83,0.5335963624723322,23.97198683297999,21.693268342351598,25.111718111232275,0.7006368136219876,8.617096774193548,4.460000000000001,13.179999999999996,2.0784100522932105,0.9300802971562399,0.4539761277216749,1.5336969985339284,0.3165876155033612
10.427104,105.210954,2022-03-26,19.84290322580645,13.91,25.27,2.4594507563463877,76.60451612903225,62.87,87.54,6.606202285491766,28.56322580645161,26.71,30.32,1.0797472437111237,33.41935483870967,30.27,37.07,2.101064147404559,24.80225806451613,23.19,25.84,0.6971264044097641,1.813225806451613,0.83,2.83,0.5335963624723322,23.97198683297999,21.693268342351598,25.111718111232275,0.7006368136219876,8.617096774193548,4.460000000000001,13.179999999999996,2.0784100522932105,0.9300802971562399,0.4539761277216749,1.5336969985339284,0.3165876155033612
10.437524,105.185343,2022-03-26,19.84290322580645,13.91,25.27,2.4594507563463877,76.60451612903225,62.87,87.54,6.606202285491766,28.56322580645161,26.71,30.32,1.0797472437111237,33.41935483870967,30.27,37.07,2.101064147404559,24.80225806451613,23.19,25.84,0.6971264044097641,1.813225806451613,0.83,2.83,0.5335963624723322,23.97198683297999,21.693268342351598,25.111718111232275,0.7006368136219876,8.617096774193548,4.460000000000001,13.179999999999996,2.0784100522932105,0.9300802971562399,0.4539761277216749,1.5336969985339284,0.3165876155033612
10.437524,105.202166,2022-03-26,19.84290322580645,13.91,25.27,2.4594507563463877,76.60451612903225,62.87,87.54,6.606202285491766,28.56322580645161,26.71,30.32,1.0797472437111237,33.41935483870967,30.27,37.07,2.101064147404559,24.80225806451613,23.19,25.84,0.6971264044097641,1.813225806451613,0.83,2.83,0.5335963624723322,23.97198683297999,21.693268342351598,25.111718111232275,0.7006368136219876,8.617096774193548,4.460000000000001,13.179999999999996,2.0784100522932105,0.9300802971562399,0.4539761277216749,1.5336969985339284,0.3165876155033612
10.445632,105.21046,2022-03-26,19.84290322580645,13.91,25.27,2.4594507563463877,76.60451612903225,62.87,87.54,6.606202285491766,28.56322580645161,26.71,30.32,1.0797472437111237,33.41935483870967,30.27,37.07,2.101064147404559,24.80225806451613,23.19,25.84,0.6971264044097641,1.813225806451613,0.83,2.83,0.5335963624723322,23.97198683297999,21.693268342351598,25.111718111232275,0.7006368136219876,8.617096774193548,4.460000000000001,13.179999999999996,2.0784100522932105,0.9300802971562399,0.4539761277216749,1.5336969985339284,0.3165876155033612
10.447684,105.190977,2022-03-26,19.84290322580645,13.91,25.27,2.4594507563463877,76.60451612903225,62.87,87.54,6.606202285491766,28.56322580645161,26.71,30.32,1.0797472437111237,33.41935483870967,30.27,37.07,2.101064147404559,24.80225806451613,23.19,25.84,0.6971264044097641,1.813225806451613,0.83,2.83,0.5335963624723322,23.97198683297999,21.693268342351598,25.111718111232275,0.7006368136219876,8.617096774193548,4.460000000000001,13.179999999999996,2.0784100522932105,0.9300802971562399,0.4539761277216749,1.5336969985339284,0.3165876155033612
10.44819,105.181879,2022-03-26,19.84290322580645,13.91,25.27,2.4594507563463877,76.60451612903225,62.87,87.54,6.606202285491766,28.56322580645161,26.71,30.32,1.0797472437111237,33.41935483870967,30.27,37.07,2.101064147404559,24.80225806451613,23.19,25.84,0.6971264044097641,1.813225806451613,0.83,2.83,0.5335963624723322,23.97198683297999,21.693268342351598,25.111718111232275,0.7006368136219876,8.617096774193548,4.460000000000001,13.179999999999996,2.0784100522932105,0.9300802971562399,0.4539761277216749,1.5336969985339284,0.3165876155033612
10.452516,105.191857,2022-03-26,19.84290322580645,13.91,25.27,2.4594507563463877,76.60451612903225,62.87,87.54,6.606202285491766,28.56322580645161,26.71,30.32,1.0797472437111237,33.41935483870967,30.27,37.07,2.101064147404559,24.80225806451613,23.19,25.84,0.6971264044097641,1.813225806451613,0.83,2.83,0.5335963624723322,23.97198683297999,21.693268342351598,25.111718111232275,0.7006368136219876,8.617096774193548,4.460000000000001,13.179999999999996,2.0784100522932105,0.9300802971562399,0.4539761277216749,1.5336969985339284,0.3165876155033612
10.452537,105.205118,2022-03-26,19.84290322580645,13.91,25.27,2.4594507563463877,76.60451612903225,62.87,87.54,6.606202285491766,28.56322580645161,26.71,30.32,1.0797472437111237,33.41935483870967,30.27,37.07,2.101064147404559,24.80225806451613,23.19,25.84,0.6971264044097641,1.813225806451613,0.83,2.83,0.5335963624723322,23.97198683297999,21.693268342351598,25.111718111232275,0.7006368136219876,8.617096774193548,4.460000000000001,13.179999999999996,2.0784100522932105,0.9300802971562399,0.4539761277216749,1.5336969985339284,0.3165876155033612
10.452718,105.220233,2022-03-26,19.84290322580645,13.91,25.27,2.4594507563463877,76.60451612903225,62.87,87.54,6.606202285491766,28.56322580645161,26.71,30.32,1.0797472437111237,33.41935483870967,30.27,37.07,2.101064147404559,24.80225806451613,23.19,25.84,0.6971264044097641,1.813225806451613,0.83,2.83,0.5335963624723322,23.97198683297999,21.693268342351598,25.111718111232275,0.7006368136219876,8.617096774193548,4.460000000000001,13.179999999999996,2.0784100522932105,0.9300802971562399,0.4539761277216749,1.5336969985339284,0.3165876155033612
10.458467,105.196191,2022-03-26,19.84290322580645,13.91,25.27,2.4594507563463877,76.60451612903225,62.87,87.54,6.606202285491766,28.56322580645161,26.71,30.32,1.0797472437111237,33.41935483870967,30.27,37.07,2.101064147404559,24.80225806451613,23.19,25.84,0.6971264044097641,1.813225806451613,0.83,2.83,0.5335963624723322,23.97198683297999,21.693268342351598,25.111718111232275,0.7006368136219876,8.617096774193548,4.460000000000001,13.179999999999996,2.0784100522932105,0.9300802971562399,0.4539761277216749,1.5336969985339284,0.3165876155033612
10.375656,105.29185,2022-03-27,19.808064516129026,13.91,25.27,2.4664594179417985,77.2416129032258,64.47,87.54,6.190173324361764,28.511290322580646,26.71,30.32,1.0706788378301475,33.28322580645161,30.27,37.07,2.0413395145167734,24.850645161290327,23.23,25.84,0.6326132971783864,1.8222580645161288,0.83,2.83,0.5336345836680533,24.068291937317575,22.833586831955028,25.111718111232275,0.5746544128906169,8.43258064516129,4.460000000000001,12.3,1.9124110230062243,0.9017068965450331,0.4539761277216749,1.5336969985339284,0.30023088836592315
10.386495,105.284636,2022-03-27,19.808064516129026,13.91,25.27,2.4664594179417985,77.2416129032258,64.47,87.54,6.190173324361764,28.511290322580646,26.71,30.32,1.0706788378301475,33.28322580645161,30.27,37.07,2.0413395145167734,24.850645161290327,23.23,25.84,0.6326132971783864,1.8222580645161288,0.83,2.83,0.5336345836680533,24.068291937317575,22.833586831955028,25.111718111232275,0.5746544128906169,8.43258064516129,4.460000000000001,12.3,1.9124110230062243,0.9017068965450331,0.4539761277216749,1.5336969985339284,0.30023088836592315
10.396712,105.324921,2022-03-27,19.808064516129026,13.91,25.27,2.4664594179417985,76.76387096774195,61.89,86.5,7.590307349559043,28.43032258064516,26.95,30.47,1.1758743730105767,33.47677419354839,30.27,38.48,2.400747715644594,24.58806451612903,22.98,25.75,0.6347893699683114,1.8438709677419358,0.68,2.83,0.5489208029094957,23.855336604583993,22.0867771997771,24.806145378787576,0.7188752400332494,8.888709677419355,5.43,13.309999999999999,2.2000582718609447,0.9220515211377669,0.48813969021282255,1.6478924176167693,0.36956151675978194
10.396951,105.281083,2022-03-27,19.808064516129026,13.91,25.27,2.4664594179417985,77.2416129032258,64.47,87.54,6.190173324361764,28.511290322580646,26.71,30.32,1.0706788378301475,33.28322580645161,30.27,37.07,2.0413395145167734,24.850645161290327,23.23,25.84,0.6326132971783864,1.8222580645161288,0.83,2.83,0.5336345836680533,24.068291937317575,22.833586831955028,25.111718111232275,0.5746544128906169,8.43258064516129,4.460000000000001,12.3,1.9124110230062243,0.9017068965450331,0.4539761277216749,1.5336969985339284,0.30023088836592315
10.399444,105.118528,2022-03-27,19.808064516129026,13.91,25.27,2.4664594179417985,77.2416129032258,64.47,87.54,6.190173324361764,28.511290322580646,26.71,30.32,1.0706788378301475,33.28322580645161,30.27,37.07,2.0413395145167734,24.850645161290327,23.23,25.84,0.6326132971783864,1.8222580645161288,0.83,2.83,0.5336345836680533,24.068291937317575,22.833586831955028,25.111718111232275,0.5746544128906169,8.43258064516129,4.460000000000001,12.3,1.9124110230062243,0.9017068965450331,0.4539761277216749,1.5336969985339284,0.30023088836592315
10.399645,105.141286,2022-03-27,19.808064516129026,13.91,25.27,2.4664594179417985,77.2416129032258,64.47,87.54,6.190173324361764,28.511290322580646,26.71,30.32,1.0706788378301475,33.28322580645161,30.27,37.07,2.0413395145167734,24.850645161290327,23.23,25.84,0.6326132971783864,1.8222580645161288,0.83,2.83,0.5336345836680533,24.068291937317575,22.833586831955028,25.111718111232275,0.5746544128906169,8.43258064516129,4.460000000000001,12.3,1.9124110230062243,0.9017068965450331,0.4539761277216749,1.5336969985339284,0.30023088836592315
10.400025,105.152916,2022-03-27,19.808064516129026,13.91,25.27,2.4664594179417985,77.2416129032258,64.47,87.54,6.190173324361764,28.511290322580646,26.71,30.32,1.0706788378301475,33.28322580645161,30.27,37.07,2.0413395145167734,24.850645161290327,23.23,25.84,0.6326132971783864,1.8222580645161288,0.83,2.83,0.5336345836680533,24.068291937317575,22.833586831955028,25.111718111232275,0.5746544128906169,8.43258064516129,4.460000000000001,12.3,1.9124110230062243,0.9017068965450331,0.4539761277216749,1.5336969985339284,0.30023088836592315
10.403175,105.123726,2022-03-27,19.808064516129026,13.91,25.27,2.4664594179417985,77.2416129032258,64.47,87.54,6.190173324361764,28.511290322580646,26.71,30.32,1.0706788378301475,33.28322580645161,30.27,37.07,2.0413395145167734,24.850645161290327,23.23,25.84,0.6326132971783864,1.8222580645161288,0.83,2.83,0.5336345836680533,24.068291937317575,22.833586831955028,25.111718111232275,0.5746544128906169,8.43258064516129,4.460000000000001,12.3,1.9124110230062243,0.9017068965450331,0.4539761277216749,1.5336969985339284,0.30023088836592315
10.40466,105.311554,2022-03-27,19.808064516129026,13.91,25.27,2.4664594179417985,77.2416129032258,64.47,87.54,6.190173324361764,28.511290322580646,26.71,30.32,1.0706788378301475,33.28322580645161,30.27,37.07,2.0413395145167734,24.850645161290327,23.23,25.84,0.6326132971783864,1.8222580645161288,0.83,2.83,0.5336345836680533,24.068291937317575,22.833586831955028,25.111718111232275,0.5746544128906169,8.43258064516129,4.460000000000001,12.3,1.9124110230062243,0.9017068965450331,0.4539761277216749,1.5336969985339284,0.30023088836592315
10.406597,105.221367,2022-03-27,19.808064516129026,13.91,25.27,2.4664594179417985,77.2416129032258,64.47,87.54,6.190173324361764,28.511290322580646,26.71,30.32,1.0706788378301475,33.28322580645161,30.27,37.07,2.0413395145167734,24.850645161290327,23.23,25.84,0.6326132971783864,1.8222580645161288,0.83,2.83,0.5336345836680533,24.068291937317575,22.833586831955028,25.111718111232275,0.5746544128906169,8.43258064516129,4.460000000000001,12.3,1.9124110230062243,0.9017068965450331,0.4539761277216749,1.5336969985339284,0.30023088836592315
10.407581,105.1521,2022-03-27,19.808064516129026,13.91,25.27,2.4664594179417985,77.2416129032258,64.47,87.54,6.190173324361764,28.511290322580646,26.71,30.32,1.0706788378301475,33.28322580645161,30.27,37.07,2.0413395145167734,24.850645161290327,23.23,25.84,0.6326132971783864,1.8222580645161288,0.83,2.83,0.5336345836680533,24.068291937317575,22.833586831955028,25.111718111232275,0.5746544128906169,8.43258064516129,4.460000000000001,12.3,1.9124110230062243,0.9017068965450331,0.4539761277216749,1.5336969985339284,0.30023088836592315
10.408003,105.139183,2022-03-27,19.808064516129026,13.91,25.27,2.4664594179417985,77.2416129032258,64.47,87.54,6.190173324361764,28.511290322580646,26.71,30.32,1.0706788378301475,33.28322580645161,30.27,37.07,2.0413395145167734,24.850645161290327,23.23,25.84,0.6326132971783864,1.8222580645161288,0.83,2.83,0.5336345836680533,24.068291937317575,22.833586831955028,25.111718111232275,0.5746544128906169,8.43258064516129,4.460000000000001,12.3,1.9124110230062243,0.9017068965450331,0.4539761277216749,1.5336969985339284,0.30023088836592315
10.408214,105.131329,2022-03-27,19.808064516129026,13.91,25.27,2.4664594179417985,77.2416129032258,64.47,87.54,6.190173324361764,28.511290322580646,26.71,30.32,1.0706788378301475,33.28322580645161,30.27,37.07,2.0413395145167734,24.850645161290327,23.23,25.84,0.6326132971783864,1.8222580645161288,0.83,2.83,0.5336345836680533,24.068291937317575,22.833586831955028,25.111718111232275,0.5746544128906169,8.43258064516129,4.460000000000001,12.3,1.9124110230062243,0.9017068965450331,0.4539761277216749,1.5336969985339284,0.30023088836592315
10.409187,105.288345,2022-03-27,19.808064516129026,13.91,25.27,2.4664594179417985,77.2416129032258,64.47,87.54,6.190173324361764,28.511290322580646,26.71,30.32,1.0706788378301475,33.28322580645161,30.27,37.07,2.0413395145167734,24.850645161290327,23.23,25.84,0.6326132971783864,1.8222580645161288,0.83,2.83,0.5336345836680533,24.068291937317575,22.833586831955028,25.111718111232275,0.5746544128906169,8.43258064516129,4.460000000000001,12.3,1.9124110230062243,0.9017068965450331,0.4539761277216749,1.5336969985339284,0.30023088836592315
10.410742,105.220616,2022-03-27,19.808064516129026,13.91,25.27,2.4664594179417985,77.2416129032258,64.47,87.54,6.190173324361764,28.511290322580646,26.71,30.32,1.0706788378301475,33.28322580645161,30.27,37.07,2.0413395145167734,24.850645161290327,23.23,25.84,0.6326132971783864,1.8222580645161288,0.83,2.83,0.5336345836680533,24.068291937317575,22.833586831955028,25.111718111232275,0.5746544128906169,8.43258064516129,4.460000000000001,12.3,1.9124110230062243,0.9017068965450331,0.4539761277216749,1.5336969985339284,0.30023088836592315
10.413742,105.22261,2022-03-27,19.808064516129026,13.91,25.27,2.4664594179417985,77.2416129032258,64.47,87.54,6.190173324361764,28.511290322580646,26.71,30.32,1.0706788378301475,33.28322580645161,30.27,37.07,2.0413395145167734,24.850645161290327,23.23,25.84,0.6326132971783864,1.8222580645161288,0.83,2.83,0.5336345836680533,24.068291937317575,22.833586831955028,25.111718111232275,0.5746544128906169,8.43258064516129,4.460000000000001,12.3,1.9124110230062243,0.9017068965450331,0.4539761277216749,1.5336969985339284,0.30023088836592315
10.413908,105.234515,2022-03-27,19.808064516129026,13.91,25.27,2.4664594179417985,77.2416129032258,64.47,87.54,6.190173324361764,28.511290322580646,26.71,30.32,1.0706788378301475,33.28322580645161,30.27,37.07,2.0413395145167734,24.850645161290327,23.23,25.84,0.6326132971783864,1.8222580645161288,0.83,2.83,0.5336345836680533,24.068291937317575,22.833586831955028,25.111718111232275,0.5746544128906169,8.43258064516129,4.460000000000001,12.3,1.9124110230062243,0.9017068965450331,0.4539761277216749,1.5336969985339284,0.30023088836592315
10.415236,105.156765,2022-03-27,19.808064516129026,13.91,25.27,2.4664594179417985,77.2416129032258,64.47,87.54,6.190173324361764,28.511290322580646,26.71,30.32,1.0706788378301475,33.28322580645161,30.27,37.07,2.0413395145167734,24.850645161290327,23.23,25.84,0.6326132971783864,1.8222580645161288,0.83,2.83,0.5336345836680533,24.068291937317575,22.833586831955028,25.111718111232275,0.5746544128906169,8.43258064516129,4.460000000000001,12.3,1.9124110230062243,0.9017068965450331,0.4539761277216749,1.5336969985339284,0.30023088836592315
10.41636,105.142144,2022-03-27,19.808064516129026,13.91,25.27,2.4664594179417985,77.2416129032258,64.47,87.54,6.190173324361764,28.511290322580646,26.71,30.32,1.0706788378301475,33.28322580645161,30.27,37.07,2.0413395145167734,24.850645161290327,23.23,25.84,0.6326132971783864,1.8222580645161288,0.83,2.83,0.5336345836680533,24.068291937317575,22.833586831955028,25.111718111232275,0.5746544128906169,8.43258064516129,4.460000000000001,12.3,1.9124110230062243,0.9017068965450331,0.4539761277216749,1.5336969985339284,0.30023088836592315
10.417011,105.261676,2022-03-27,19.808064516129026,13.91,25.27,2.4664594179417985,77.2416129032258,64.47,87.54,6.190173324361764,28.511290322580646,26.71,30.32,1.0706788378301475,33.28322580645161,30.27,37.07,2.0413395145167734,24.850645161290327,23.23,25.84,0.6326132971783864,1.8222580645161288,0.83,2.83,0.5336345836680533,24.068291937317575,22.833586831955028,25.111718111232275,0.5746544128906169,8.43258064516129,4.460000000000001,12.3,1.9124110230062243,0.9017068965450331,0.4539761277216749,1.5336969985339284,0.30023088836592315
10.419552,105.116409,2022-03-27,19.808064516129026,13.91,25.27,2.4664594179417985,77.2416129032258,64.47,87.54,6.190173324361764,28.511290322580646,26.71,30.32,1.0706788378301475,33.28322580645161,30.27,37.07,2.0413395145167734,24.850645161290327,23.23,25.84,0.6326132971783864,1.8222580645161288,0.83,2.83,0.5336345836680533,24.068291937317575,22.833586831955028,25.111718111232275,0.5746544128906169,8.43258064516129,4.460000000000001,12.3,1.9124110230062243,0.9017068965450331,0.4539761277216749,1.5336969985339284,0.30023088836592315
10.420174,105.16361,2022-03-27,19.808064516129026,13.91,25.27,2.4664594179417985,77.2416129032258,64.47,87.54,6.190173324361764,28.511290322580646,26.71,30.32,1.0706788378301475,33.28322580645161,30.27,37.07,2.0413395145167734,24.850645161290327,23.23,25.84,0.6326132971783864,1.8222580645161288,0.83,2.83,0.5336345836680533,24.068291937317575,22.833586831955028,25.111718111232275,0.5746544128906169,8.43258064516129,4.460000000000001,12.3,1.9124110230062243,0.9017068965450331,0.4539761277216749,1.5336969985339284,0.30023088836592315
10.420483,105.223648,2022-03-27,19.808064516129026,13.91,25.27,2.4664594179417985,77.2416129032258,64.47,87.54,6.190173324361764,28.511290322580646,26.71,30.32,1.0706788378301475,33.28322580645161,30.27,37.07,2.0413395145167734,24.850645161290327,23.23,25.84,0.6326132971783864,1.8222580645161288,0.83,2.83,0.5336345836680533,24.068291937317575,22.833586831955028,25.111718111232275,0.5746544128906169,8.43258064516129,4.460000000000001,12.3,1.9124110230062243,0.9017068965450331,0.4539761277216749,1.5336969985339284,0.30023088836592315
10.420702,105.15698,2022-03-27,19.808064516129026,13.91,25.27,2.4664594179417985,77.2416129032258,64.47,87.54,6.190173324361764,28.511290322580646,26.71,30.32,1.0706788378301475,33.28322580645161,30.27,37.07,2.0413395145167734,24.850645161290327,23.23,25.84,0.6326132971783864,1.8222580645161288,0.83,2.83,0.5336345836680533,24.068291937317575,22.833586831955028,25.111718111232275,0.5746544128906169,8.43258064516129,4.460000000000001,12.3,1.9124110230062243,0.9017068965450331,0.4539761277216749,1.5336969985339284,0.30023088836592315
10.421066,105.136822,2022-03-27,19.808064516129026,13.91,25.27,2.4664594179417985,77.2416129032258,64.47,87.54,6.190173324361764,28.511290322580646,26.71,30.32,1.0706788378301475,33.28322580645161,30.27,37.07,2.0413395145167734,24.850645161290327,23.23,25.84,0.6326132971783864,1.8222580645161288,0.83,2.83,0.5336345836680533,24.068291937317575,22.833586831955028,25.111718111232275,0.5746544128906169,8.43258064516129,4.460000000000001,12.3,1.9124110230062243,0.9017068965450331,0.4539761277216749,1.5336969985339284,0.30023088836592315
10.422463,105.151846,2022-03-27,19.808064516129026,13.91,25.27,2.4664594179417985,77.2416129032258,64.47,87.54,6.190173324361764,28.511290322580646,26.71,30.32,1.0706788378301475,33.28322580645161,30.27,37.07,2.0413395145167734,24.850645161290327,23.23,25.84,0.6326132971783864,1.8222580645161288,0.83,2.83,0.5336345836680533,24.068291937317575,22.833586831955028,25.111718111232275,0.5746544128906169,8.43258064516129,4.460000000000001,12.3,1.9124110230062243,0.9017068965450331,0.4539761277216749,1.5336969985339284,0.30023088836592315
10.42324,105.126544,2022-03-27,19.808064516129026,13.91,25.27,2.4664594179417985,77.2416129032258,64.47,87.54,6.190173324361764,28.511290322580646,26.71,30.32,1.0706788378301475,33.28322580645161,30.27,37.07,2.0413395145167734,24.850645161290327,23.23,25.84,0.6326132971783864,1.8222580645161288,0.83,2.83,0.5336345836680533,24.068291937317575,22.833586831955028,25.111718111232275,0.5746544128906169,8.43258064516129,4.460000000000001,12.3,1.9124110230062243,0.9017068965450331,0.4539761277216749,1.5336969985339284,0.30023088836592315
10.426536,105.115181,2022-03-27,19.808064516129026,13.91,25.27,2.4664594179417985,77.2416129032258,64.47,87.54,6.190173324361764,28.511290322580646,26.71,30.32,1.0706788378301475,33.28322580645161,30.27,37.07,2.0413395145167734,24.850645161290327,23.23,25.84,0.6326132971783864,1.8222580645161288,0.83,2.83,0.5336345836680533,24.068291937317575,22.833586831955028,25.111718111232275,0.5746544128906169,8.43258064516129,4.460000000000001,12.3,1.9124110230062243,0.9017068965450331,0.4539761277216749,1.5336969985339284,0.30023088836592315
10.428426,105.156744,2022-03-27,19.808064516129026,13.91,25.27,2.4664594179417985,77.2416129032258,64.47,87.54,6.190173324361764,28.511290322580646,26.71,30.32,1.0706788378301475,33.28322580645161,30.27,37.07,2.0413395145167734,24.850645161290327,23.23,25.84,0.6326132971783864,1.8222580645161288,0.83,2.83,0.5336345836680533,24.068291937317575,22.833586831955028,25.111718111232275,0.5746544128906169,8.43258064516129,4.460000000000001,12.3,1.9124110230062243,0.9017068965450331,0.4539761277216749,1.5336969985339284,0.30023088836592315
10.429142,105.151556,2022-03-27,19.808064516129026,13.91,25.27,2.4664594179417985,77.2416129032258,64.47,87.54,6.190173324361764,28.511290322580646,26.71,30.32,1.0706788378301475,33.28322580645161,30.27,37.07,2.0413395145167734,24.850645161290327,23.23,25.84,0.6326132971783864,1.8222580645161288,0.83,2.83,0.5336345836680533,24.068291937317575,22.833586831955028,25.111718111232275,0.5746544128906169,8.43258064516129,4.460000000000001,12.3,1.9124110230062243,0.9017068965450331,0.4539761277216749,1.5336969985339284,0.30023088836592315
10.429339,105.125493,2022-03-27,19.808064516129026,13.91,25.27,2.4664594179417985,77.2416129032258,64.47,87.54,6.190173324361764,28.511290322580646,26.71,30.32,1.0706788378301475,33.28322580645161,30.27,37.07,2.0413395145167734,24.850645161290327,23.23,25.84,0.6326132971783864,1.8222580645161288,0.83,2.83,0.5336345836680533,24.068291937317575,22.833586831955028,25.111718111232275,0.5746544128906169,8.43258064516129,4.460000000000001,12.3,1.9124110230062243,0.9017068965450331,0.4539761277216749,1.5336969985339284,0.30023088836592315
10.430085,105.221996,2022-03-27,19.808064516129026,13.91,25.27,2.4664594179417985,77.2416129032258,64.47,87.54,6.190173324361764,28.511290322580646,26.71,30.32,1.0706788378301475,33.28322580645161,30.27,37.07,2.0413395145167734,24.850645161290327,23.23,25.84,0.6326132971783864,1.8222580645161288,0.83,2.83,0.5336345836680533,24.068291937317575,22.833586831955028,25.111718111232275,0.5746544128906169,8.43258064516129,4.460000000000001,12.3,1.9124110230062243,0.9017068965450331,0.4539761277216749,1.5336969985339284,0.30023088836592315
10.43062,105.165627,2022-03-27,19.808064516129026,13.91,25.27,2.4664594179417985,77.2416129032258,64.47,87.54,6.190173324361764,28.511290322580646,26.71,30.32,1.0706788378301475,33.28322580645161,30.27,37.07,2.0413395145167734,24.850645161290327,23.23,25.84,0.6326132971783864,1.8222580645161288,0.83,2.83,0.5336345836680533,24.068291937317575,22.833586831955028,25.111718111232275,0.5746544128906169,8.43258064516129,4.460000000000001,12.3,1.9124110230062243,0.9017068965450331,0.4539761277216749,1.5336969985339284,0.30023088836592315
10.433791,105.231265,2022-03-27,19.808064516129026,13.91,25.27,2.4664594179417985,77.2416129032258,64.47,87.54,6.190173324361764,28.511290322580646,26.71,30.32,1.0706788378301475,33.28322580645161,30.27,37.07,2.0413395145167734,24.850645161290327,23.23,25.84,0.6326132971783864,1.8222580645161288,0.83,2.83,0.5336345836680533,24.068291937317575,22.833586831955028,25.111718111232275,0.5746544128906169,8.43258064516129,4.460000000000001,12.3,1.9124110230062243,0.9017068965450331,0.4539761277216749,1.5336969985339284,0.30023088836592315
10.435839,105.132981,2022-03-27,19.808064516129026,13.91,25.27,2.4664594179417985,77.2416129032258,64.47,87.54,6.190173324361764,28.511290322580646,26.71,30.32,1.0706788378301475,33.28322580645161,30.27,37.07,2.0413395145167734,24.850645161290327,23.23,25.84,0.6326132971783864,1.8222580645161288,0.83,2.83,0.5336345836680533,24.068291937317575,22.833586831955028,25.111718111232275,0.5746544128906169,8.43258064516129,4.460000000000001,12.3,1.9124110230062243,0.9017068965450331,0.4539761277216749,1.5336969985339284,0.30023088836592315
10.438048,105.153225,2022-03-27,19.808064516129026,13.91,25.27,2.4664594179417985,77.2416129032258,64.47,87.54,6.190173324361764,28.511290322580646,26.71,30.32,1.0706788378301475,33.28322580645161,30.27,37.07,2.0413395145167734,24.850645161290327,23.23,25.84,0.6326132971783864,1.8222580645161288,0.83,2.83,0.5336345836680533,24.068291937317575,22.833586831955028,25.111718111232275,0.5746544128906169,8.43258064516129,4.460000000000001,12.3,1.9124110230062243,0.9017068965450331,0.4539761277216749,1.5336969985339284,0.30023088836592315
10.451085,105.243664,2022-03-27,19.808064516129026,13.91,25.27,2.4664594179417985,77.2416129032258,64.47,87.54,6.190173324361764,28.511290322580646,26.71,30.32,1.0706788378301475,33.28322580645161,30.27,37.07,2.0413395145167734,24.850645161290327,23.23,25.84,0.6326132971783864,1.8222580645161288,0.83,2.83,0.5336345836680533,24.068291937317575,22.833586831955028,25.111718111232275,0.5746544128906169,8.43258064516129,4.460000000000001,12.3,1.9124110230062243,0.9017068965450331,0.4539761277216749,1.5336969985339284,0.30023088836592315
10.454948,105.23029,2022-03-27,19.808064516129026,13.91,25.27,2.4664594179417985,77.2416129032258,64.47,87.54,6.190173324361764,28.511290322580646,26.71,30.32,1.0706788378301475,33.28322580645161,30.27,37.07,2.0413395145167734,24.850645161290327,23.23,25.84,0.6326132971783864,1.8222580645161288,0.83,2.83,0.5336345836680533,24.068291937317575,22.833586831955028,25.111718111232275,0.5746544128906169,8.43258064516129,4.460000000000001,12.3,1.9124110230062243,0.9017068965450331,0.4539761277216749,1.5336969985339284,0.30023088836592315
10.455571,105.240074,2022-03-27,19.808064516129026,13.91,25.27,2.4664594179417985,77.2416129032258,64.47,87.54,6.190173324361764,28.511290322580646,26.71,30.32,1.0706788378301475,33.28322580645161,30.27,37.07,2.0413395145167734,24.850645161290327,23.23,25.84,0.6326132971783864,1.8222580645161288,0.83,2.83,0.5336345836680533,24.068291937317575,22.833586831955028,25.111718111232275,0.5746544128906169,8.43258064516129,4.460000000000001,12.3,1.9124110230062243,0.9017068965450331,0.4539761277216749,1.5336969985339284,0.30023088836592315
10.467229,105.24767,2022-03-27,19.808064516129026,13.91,25.27,2.4664594179417985,77.2416129032258,64.47,87.54,6.190173324361764,28.511290322580646,26.71,30.32,1.0706788378301475,33.28322580645161,30.27,37.07,2.0413395145167734,24.850645161290327,23.23,25.84,0.6326132971783864,1.8222580645161288,0.83,2.83,0.5336345836680533,24.068291937317575,22.833586831955028,25.111718111232275,0.5746544128906169,8.43258064516129,4.460000000000001,12.3,1.9124110230062243,0.9017068965450331,0.4539761277216749,1.5336969985339284,0.30023088836592315
10.257715,105.375007,2022-03-28,19.941935483870967,13.91,25.27,2.446841834606317,77.38387096774194,61.89,86.5,7.182893961403721,28.367096774193545,26.95,30.47,1.1408717480389567,33.32032258064516,30.27,38.48,2.3004816941184263,24.584838709677417,22.98,25.75,0.6359390869985335,1.8303225806451615,0.68,2.83,0.5458788939952427,23.93815463889834,22.18822299967497,24.806145378787576,0.6554457933461104,8.735483870967744,5.43,13.309999999999999,2.0758625703620597,0.8930487321189048,0.48813969021282255,1.6478924176167693,0.35094767833639057
10.275826,105.364451,2022-03-28,19.941935483870967,13.91,25.27,2.446841834606317,77.38387096774194,61.89,86.5,7.182893961403721,28.367096774193545,26.95,30.47,1.1408717480389567,33.32032258064516,30.27,38.48,2.3004816941184263,24.584838709677417,22.98,25.75,0.6359390869985335,1.8303225806451615,0.68,2.83,0.5458788939952427,23.93815463889834,22.18822299967497,24.806145378787576,0.6554457933461104,8.735483870967744,5.43,13.309999999999999,2.0758625703620597,0.8930487321189048,0.48813969021282255,1.6478924176167693,0.35094767833639057
10.292156,105.361294,2022-03-28,19.941935483870967,13.91,25.27,2.446841834606317,77.38387096774194,61.89,86.5,7.182893961403721,28.367096774193545,26.95,30.47,1.1408717480389567,33.32032258064516,30.27,38.48,2.3004816941184263,24.584838709677417,22.98,25.75,0.6359390869985335,1.8303225806451615,0.68,2.83,0.5458788939952427,23.93815463889834,22.18822299967497,24.806145378787576,0.6554457933461104,8.735483870967744,5.43,13.309999999999999,2.0758625703620597,0.8930487321189048,0.48813969021282255,1.6478924176167693,0.35094767833639057
10.3037,105.354593,2022-03-28,19.941935483870967,13.91,25.27,2.446841834606317,77.38387096774194,61.89,86.5,7.182893961403721,28.367096774193545,26.95,30.47,1.1408717480389567,33.32032258064516,30.27,38.48,2.3004816941184263,24.584838709677417,22.98,25.75,0.6359390869985335,1.8303225806451615,0.68,2.83,0.5458788939952427,23.93815463889834,22.18822299967497,24.806145378787576,0.6554457933461104,8.735483870967744,5.43,13.309999999999999,2.0758625703620597,0.8930487321189048,0.48813969021282255,1.6478924176167693,0.35094767833639057
10.314233,105.359823,2022-03-28,19.941935483870967,13.91,25.27,2.446841834606317,77.38387096774194,61.89,86.5,7.182893961403721,28.367096774193545,26.95,30.47,1.1408717480389567,33.32032258064516,30.27,38.48,2.3004816941184263,24.584838709677417,22.98,25.75,0.6359390869985335,1.8303225806451615,0.68,2.83,0.5458788939952427,23.93815463889834,22.18822299967497,24.806145378787576,0.6554457933461104,8.735483870967744,5.43,13.309999999999999,2.0758625703620597,0.8930487321189048,0.48813969021282255,1.6478924176167693,0.35094767833639057
10.34297,105.382435,2022-03-28,19.941935483870967,13.91,25.27,2.446841834606317,77.38387096774194,61.89,86.5,7.182893961403721,28.367096774193545,26.95,30.47,1.1408717480389567,33.32032258064516,30.27,38.48,2.3004816941184263,24.584838709677417,22.98,25.75,0.6359390869985335,1.8303225806451615,0.68,2.83,0.5458788939952427,23.93815463889834,22.18822299967497,24.806145378787576,0.6554457933461104,8.735483870967744,5.43,13.309999999999999,2.0758625703620597,0.8930487321189048,0.48813969021282255,1.6478924176167693,0.35094767833639057
10.468679,105.203699,2022-04-01,19.720322580645163,13.91,25.27,2.589216451250377,79.44838709677418,64.71,87.54,4.920224291225203,28.275161290322583,26.71,30.32,0.8958537861969978,32.72677419354838,30.27,37.07,1.741223868982582,24.861935483870973,23.23,25.96,0.6592195745353534,1.8116129032258066,0.83,2.83,0.5221549440922286,24.333132285821154,22.913951501795566,25.345762139075116,0.5422154181209905,7.864838709677419,4.460000000000001,12.3,1.7701774486734043,0.7990153703776864,0.4539761277216749,1.5250815533868478,0.23591073800732457
10.48195,105.238448,2022-04-01,19.720322580645163,13.91,25.27,2.589216451250377,79.44838709677418,64.71,87.54,4.920224291225203,28.275161290322583,26.71,30.32,0.8958537861969978,32.72677419354838,30.27,37.07,1.741223868982582,24.861935483870973,23.23,25.96,0.6592195745353534,1.8116129032258066,0.83,2.83,0.5221549440922286,24.333132285821154,22.913951501795566,25.345762139075116,0.5422154181209905,7.864838709677419,4.460000000000001,12.3,1.7701774486734043,0.7990153703776864,0.4539761277216749,1.5250815533868478,0.23591073800732457
10.482003,105.203866,2022-04-01,19.720322580645163,13.91,25.27,2.589216451250377,79.44838709677418,64.71,87.54,4.920224291225203,28.275161290322583,26.71,30.32,0.8958537861969978,32.72677419354838,30.27,37.07,1.741223868982582,24.861935483870973,23.23,25.96,0.6592195745353534,1.8116129032258066,0.83,2.83,0.5221549440922286,24.333132285821154,22.913951501795566,25.345762139075116,0.5422154181209905,7.864838709677419,4.460000000000001,12.3,1.7701774486734043,0.7990153703776864,0.4539761277216749,1.5250815533868478,0.23591073800732457
10.494453,105.241281,2022-04-01,19.720322580645163,13.91,25.27,2.589216451250377,79.44838709677418,64.71,87.54,4.920224291225203,28.275161290322583,26.71,30.32,0.8958537861969978,32.72677419354838,30.27,37.07,1.741223868982582,24.861935483870973,23.23,25.96,0.6592195745353534,1.8116129032258066,0.83,2.83,0.5221549440922286,24.333132285821154,22.913951501795566,25.345762139075116,0.5422154181209905,7.864838709677419,4.460000000000001,12.3,1.7701774486734043,0.7990153703776864,0.4539761277216749,1.5250815533868478,0.23591073800732457
10.501829,105.273585,2022-04-01,19.720322580645163,13.91,25.27,2.589216451250377,79.44838709677418,64.71,87.54,4.920224291225203,28.275161290322583,26.71,30.32,0.8958537861969978,32.72677419354838,30.27,37.07,1.741223868982582,24.861935483870973,23.23,25.96,0.6592195745353534,1.8116129032258066,0.83,2.83,0.5221549440922286,24.333132285821154,22.913951501795566,25.345762139075116,0.5422154181209905,7.864838709677419,4.460000000000001,12.3,1.7701774486734043,0.7990153703776864,0.4539761277216749,1.5250815533868478,0.23591073800732457
10.50203,105.222373,2022-04-01,19.720322580645163,13.91,25.27,2.589216451250377,79.44838709677418,64.71,87.54,4.920224291225203,28.275161290322583,26.71,30.32,0.8958537861969978,32.72677419354838,30.27,37.07,1.741223868982582,24.861935483870973,23.23,25.96,0.6592195745353534,1.8116129032258066,0.83,2.83,0.5221549440922286,24.333132285821154,22.913951501795566,25.345762139075116,0.5422154181209905,7.864838709677419,4.460000000000001,12.3,1.7701774486734043,0.7990153703776864,0.4539761277216749,1.5250815533868478,0.23591073800732457
10.50915,105.265098,2022-04-01,19.720322580645163,13.91,25.27,2.589216451250377,79.44838709677418,64.71,87.54,4.920224291225203,28.275161290322583,26.71,30.32,0.8958537861969978,32.72677419354838,30.27,37.07,1.741223868982582,24.861935483870973,23.23,25.96,0.6592195745353534,1.8116129032258066,0.83,2.83,0.5221549440922286,24.333132285821154,22.913951501795566,25.345762139075116,0.5422154181209905,7.864838709677419,4.460000000000001,12.3,1.7701774486734043,0.7990153703776864,0.4539761277216749,1.5250815533868478,0.23591073800732457
10.510542,105.248554,2022-04-01,19.720322580645163,13.91,25.27,2.589216451250377,79.44838709677418,64.71,87.54,4.920224291225203,28.275161290322583,26.71,30.32,0.8958537861969978,32.72677419354838,30.27,37.07,1.741223868982582,24.861935483870973,23.23,25.96,0.6592195745353534,1.8116129032258066,0.83,2.83,0.5221549440922286,24.333132285821154,22.913951501795566,25.345762139075116,0.5422154181209905,7.864838709677419,4.460000000000001,12.3,1.7701774486734043,0.7990153703776864,0.4539761277216749,1.5250815533868478,0.23591073800732457
10.524082,105.268907,2022-04-01,19.720322580645163,13.91,25.27,2.589216451250377,79.44838709677418,64.71,87.54,4.920224291225203,28.275161290322583,26.71,30.32,0.8958537861969978,32.72677419354838,30.27,37.07,1.741223868982582,24.861935483870973,23.23,25.96,0.6592195745353534,1.8116129032258066,0.83,2.83,0.5221549440922286,24.333132285821154,22.913951501795566,25.345762139075116,0.5422154181209905,7.864838709677419,4.460000000000001,12.3,1.7701774486734043,0.7990153703776864,0.4539761277216749,1.5250815533868478,0.23591073800732457
10.524439,105.254678,2022-04-01,19.720322580645163,13.91,25.27,2.589216451250377,79.44838709677418,64.71,87.54,4.920224291225203,28.275161290322583,26.71,30.32,0.8958537861969978,32.72677419354838,30.27,37.07,1.741223868982582,24.861935483870973,23.23,25.96,0.6592195745353534,1.8116129032258066,0.83,2.83,0.5221549440922286,24.333132285821154,22.913951501795566,25.345762139075116,0.5422154181209905,7.864838709677419,4.460000000000001,12.3,1.7701774486734043,0.7990153703776864,0.4539761277216749,1.5250815533868478,0.23591073800732457
10.536277,105.293087,2022-04-01,19.720322580645163,13.91,25.27,2.589216451250377,79.44838709677418,64.71,87.54,4.920224291225203,28.275161290322583,26.71,30.32,0.8958537861969978,32.72677419354838,30.27,37.07,1.741223868982582,24.861935483870973,23.23,25.96,0.6592195745353534,1.8116129032258066,0.83,2.83,0.5221549440922286,24.333132285821154,22.913951501795566,25.345762139075116,0.5422154181209905,7.864838709677419,4.460000000000001,12.3,1.7701774486734043,0.7990153703776864,0.4539761277216749,1.5250815533868478,0.23591073800732457
10.542998,105.261159,2022-04-01,19.720322580645163,13.91,25.27,2.589216451250377,79.44838709677418,64.71,87.54,4.920224291225203,28.275161290322583,26.71,30.32,0.8958537861969978,32.72677419354838,30.27,37.07,1.741223868982582,24.861935483870973,23.23,25.96,0.6592195745353534,1.8116129032258066,0.83,2.83,0.5221549440922286,24.333132285821154,22.913951501795566,25.345762139075116,0.5422154181209905,7.864838709677419,4.460000000000001,12.3,1.7701774486734043,0.7990153703776864,0.4539761277216749,1.5250815533868478,0.23591073800732457
10.549477,105.273725,2022-04-01,19.720322580645163,13.91,25.27,2.589216451250377,79.44838709677418,64.71,87.54,4.920224291225203,28.275161290322583,26.71,30.32,0.8958537861969978,32.72677419354838,30.27,37.07,1.741223868982582,24.861935483870973,23.23,25.96,0.6592195745353534,1.8116129032258066,0.83,2.83,0.5221549440922286,24.333132285821154,22.913951501795566,25.345762139075116,0.5422154181209905,7.864838709677419,4.460000000000001,12.3,1.7701774486734043,0.7990153703776864,0.4539761277216749,1.5250815533868478,0.23591073800732457
10.485464,105.251956,2022-04-02,19.83032258064516,13.91,25.27,2.655479403739306,79.88548387096773,70.96,87.54,4.129892475917877,28.22096774193549,26.71,30.02,0.8179413767096093,32.622903225806446,30.27,36.61,1.56629044714839,24.858387096774198,23.23,25.96,0.6600004729919787,1.8187096774193547,0.83,2.83,0.5241197963005113,24.383338189992966,23.45507529294824,25.345762139075116,0.4765648278764013,7.764516129032258,4.460000000000001,11.64,1.5954852405978759,0.777331464339603,0.4539761277216749,1.2336003068605161,0.1956316128840437
10.44784,105.141425,2022-04-03,19.940967741935477,13.91,25.27,2.591344594107667,80.30096774193548,70.96,87.54,3.8880813369617657,28.162580645161295,26.71,30.02,0.7781987794070043,32.533225806451604,30.27,36.61,1.5018749294965132,24.822903225806456,23.23,25.96,0.6627177356057166,1.8806451612903226,1.05,2.83,0.5170195945863795,24.416453962275675,23.45507529294824,25.345762139075116,0.4762568410277464,7.71032258064516,4.460000000000001,11.64,1.5558432707180057,0.7579551749356256,0.4539761277216749,1.2336003068605161,0.1829348774171878
10.458071,105.162504,2022-04-03,19.940967741935477,13.91,25.27,2.591344594107667,80.30096774193548,70.96,87.54,3.8880813369617657,28.162580645161295,26.71,30.02,0.7781987794070043,32.533225806451604,30.27,36.61,1.5018749294965132,24.822903225806456,23.23,25.96,0.6627177356057166,1.8806451612903226,1.05,2.83,0.5170195945863795,24.416453962275675,23.45507529294824,25.345762139075116,0.4762568410277464,7.71032258064516,4.460000000000001,11.64,1.5558432707180057,0.7579551749356256,0.4539761277216749,1.2336003068605161,0.1829348774171878
10.461453,105.172294,2022-04-03,19.940967741935477,13.91,25.27,2.591344594107667,80.30096774193548,70.96,87.54,3.8880813369617657,28.162580645161295,26.71,30.02,0.7781987794070043,32.533225806451604,30.27,36.61,1.5018749294965132,24.822903225806456,23.23,25.96,0.6627177356057166,1.8806451612903226,1.05,2.83,0.5170195945863795,24.416453962275675,23.45507529294824,25.345762139075116,0.4762568410277464,7.71032258064516,4.460000000000001,11.64,1.5558432707180057,0.7579551749356256,0.4539761277216749,1.2336003068605161,0.1829348774171878
10.464233,105.183189,2022-04-03,19.940967741935477,13.91,25.27,2.591344594107667,80.30096774193548,70.96,87.54,3.8880813369617657,28.162580645161295,26.71,30.02,0.7781987794070043,32.533225806451604,30.27,36.61,1.5018749294965132,24.822903225806456,23.23,25.96,0.6627177356057166,1.8806451612903226,1.05,2.83,0.5170195945863795,24.416453962275675,23.45507529294824,25.345762139075116,0.4762568410277464,7.71032258064516,4.460000000000001,11.64,1.5558432707180057,0.7579551749356256,0.4539761277216749,1.2336003068605161,0.1829348774171878
10.467778,105.163448,2022-04-03,19.940967741935477,13.91,25.27,2.591344594107667,80.30096774193548,70.96,87.54,3.8880813369617657,28.162580645161295,26.71,30.02,0.7781987794070043,32.533225806451604,30.27,36.61,1.5018749294965132,24.822903225806456,23.23,25.96,0.6627177356057166,1.8806451612903226,1.05,2.83,0.5170195945863795,24.416453962275675,23.45507529294824,25.345762139075116,0.4762568410277464,7.71032258064516,4.460000000000001,11.64,1.5558432707180057,0.7579551749356256,0.4539761277216749,1.2336003068605161,0.1829348774171878
10.476738,105.227333,2022-04-03,19.940967741935477,13.91,25.27,2.591344594107667,80.30096774193548,70.96,87.54,3.8880813369617657,28.162580645161295,26.71,30.02,0.7781987794070043,32.533225806451604,30.27,36.61,1.5018749294965132,24.822903225806456,23.23,25.96,0.6627177356057166,1.8806451612903226,1.05,2.83,0.5170195945863795,24.416453962275675,23.45507529294824,25.345762139075116,0.4762568410277464,7.71032258064516,4.460000000000001,11.64,1.5558432707180057,0.7579551749356256,0.4539761277216749,1.2336003068605161,0.1829348774171878
10.505489,105.203926,2022-04-03,19.940967741935477,13.91,25.27,2.591344594107667,80.30096774193548,70.96,87.54,3.8880813369617657,28.162580645161295,26.71,30.02,0.7781987794070043,32.533225806451604,30.27,36.61,1.5018749294965132,24.822903225806456,23.23,25.96,0.6627177356057166,1.8806451612903226,1.05,2.83,0.5170195945863795,24.416453962275675,23.45507529294824,25.345762139075116,0.4762568410277464,7.71032258064516,4.460000000000001,11.64,1.5558432707180057,0.7579551749356256,0.4539761277216749,1.2336003068605161,0.1829348774171878
10.514912,105.216308,2022-04-03,19.940967741935477,13.91,25.27,2.591344594107667,80.30096774193548,70.96,87.54,3.8880813369617657,28.162580645161295,26.71,30.02,0.7781987794070043,32.533225806451604,30.27,36.61,1.5018749294965132,24.822903225806456,23.23,25.96,0.6627177356057166,1.8806451612903226,1.05,2.83,0.5170195945863795,24.416453962275675,23.45507529294824,25.345762139075116,0.4762568410277464,7.71032258064516,4.460000000000001,11.64,1.5558432707180057,0.7579551749356256,0.4539761277216749,1.2336003068605161,0.1829348774171878
10.522871,105.184845,2022-04-03,19.940967741935477,13.91,25.27,2.591344594107667,80.30096774193548,70.96,87.54,3.8880813369617657,28.162580645161295,26.71,30.02,0.7781987794070043,32.533225806451604,30.27,36.61,1.5018749294965132,24.822903225806456,23.23,25.96,0.6627177356057166,1.8806451612903226,1.05,2.83,0.5170195945863795,24.416453962275675,23.45507529294824,25.345762139075116,0.4762568410277464,7.71032258064516,4.460000000000001,11.64,1.5558432707180057,0.7579551749356256,0.4539761277216749,1.2336003068605161,0.1829348774171878
10.527792,105.204924,2022-04-03,19.940967741935477,13.91,25.27,2.591344594107667,80.30096774193548,70.96,87.54,3.8880813369617657,28.162580645161295,26.71,30.02,0.7781987794070043,32.533225806451604,30.27,36.61,1.5018749294965132,24.822903225806456,23.23,25.96,0.6627177356057166,1.8806451612903226,1.05,2.83,0.5170195945863795,24.416453962275675,23.45507529294824,25.345762139075116,0.4762568410277464,7.71032258064516,4.460000000000001,11.64,1.5558432707180057,0.7579551749356256,0.4539761277216749,1.2336003068605161,0.1829348774171878
10.474439,105.216928,2022-04-04,19.976774193548387,13.91,25.27,2.5998441480544052,80.59225806451612,71.13,87.54,3.4958276602511322,28.096774193548395,26.71,29.47,0.7007479280660528,32.41032258064516,30.27,36.29,1.30640230890638,24.775483870967744,23.23,25.96,0.6529280882681734,1.9254838709677418,1.1,2.83,0.5031246796652311,24.417557946327307,23.45507529294824,25.345762139075116,0.4757037034326337,7.634838709677419,4.460000000000001,11.64,1.4505190861021864,0.7425320590329583,0.4539761277216749,1.1882227460673875,0.16102634723429787
10.498551,105.167513,2022-04-04,19.976774193548387,13.91,25.27,2.5998441480544052,80.59225806451612,71.13,87.54,3.4958276602511322,28.096774193548395,26.71,29.47,0.7007479280660528,32.41032258064516,30.27,36.29,1.30640230890638,24.775483870967744,23.23,25.96,0.6529280882681734,1.9254838709677418,1.1,2.83,0.5031246796652311,24.417557946327307,23.45507529294824,25.345762139075116,0.4757037034326337,7.634838709677419,4.460000000000001,11.64,1.4505190861021864,0.7425320590329583,0.4539761277216749,1.1882227460673875,0.16102634723429787
10.195117,105.200047,2022-04-05,19.991612903225803,13.91,25.27,2.60569239980742,80.1174193548387,72.0,85.3,3.3648524558957966,28.268064516129034,26.55,29.8,0.7171557591865544,31.905483870967743,28.62,34.16,1.3110838626499621,25.486129032258066,24.17,26.68,0.6222419269132708,2.28258064516129,1.19,3.54,0.623434647437396,24.48588173262959,23.849394830057367,25.479693994172923,0.4147785946197458,6.419354838709676,3.6799999999999997,8.98,1.381053677880141,0.7684316631955047,0.514593306989049,1.1624074543547922,0.1601645911661173
10.208515,105.202809,2022-04-05,19.991612903225803,13.91,25.27,2.60569239980742,80.1174193548387,72.0,85.3,3.3648524558957966,28.268064516129034,26.55,29.8,0.7171557591865544,31.905483870967743,28.62,34.16,1.3110838626499621,25.486129032258066,24.17,26.68,0.6222419269132708,2.28258064516129,1.19,3.54,0.623434647437396,24.48588173262959,23.849394830057367,25.479693994172923,0.4147785946197458,6.419354838709676,3.6799999999999997,8.98,1.381053677880141,0.7684316631955047,0.514593306989049,1.1624074543547922,0.1601645911661173
10.22418,105.198785,2022-04-05,19.991612903225803,13.91,25.27,2.60569239980742,80.1174193548387,72.0,85.3,3.3648524558957966,28.268064516129034,26.55,29.8,0.7171557591865544,31.905483870967743,28.62,34.16,1.3110838626499621,25.486129032258066,24.17,26.68,0.6222419269132708,2.28258064516129,1.19,3.54,0.623434647437396,24.48588173262959,23.849394830057367,25.479693994172923,0.4147785946197458,6.419354838709676,3.6799999999999997,8.98,1.381053677880141,0.7684316631955047,0.514593306989049,1.1624074543547922,0.1601645911661173
10.227343,105.230821,2022-04-05,19.991612903225803,13.91,25.27,2.60569239980742,80.1174193548387,72.0,85.3,3.3648524558957966,28.268064516129034,26.55,29.8,0.7171557591865544,31.905483870967743,28.62,34.16,1.3110838626499621,25.486129032258066,24.17,26.68,0.6222419269132708,2.28258064516129,1.19,3.54,0.623434647437396,24.48588173262959,23.849394830057367,25.479693994172923,0.4147785946197458,6.419354838709676,3.6799999999999997,8.98,1.381053677880141,0.7684316631955047,0.514593306989049,1.1624074543547922,0.1601645911661173
10.228207,105.177659,2022-04-05,19.991612903225803,13.91,25.27,2.60569239980742,80.1174193548387,72.0,85.3,3.3648524558957966,28.268064516129034,26.55,29.8,0.7171557591865544,31.905483870967743,28.62,34.16,1.3110838626499621,25.486129032258066,24.17,26.68,0.6222419269132708,2.28258064516129,1.19,3.54,0.623434647437396,24.48588173262959,23.849394830057367,25.479693994172923,0.4147785946197458,6.419354838709676,3.6799999999999997,8.98,1.381053677880141,0.7684316631955047,0.514593306989049,1.1624074543547922,0.1601645911661173
10.236082,105.210347,2022-04-05,19.991612903225803,13.91,25.27,2.60569239980742,80.1174193548387,72.0,85.3,3.3648524558957966,28.268064516129034,26.55,29.8,0.7171557591865544,31.905483870967743,28.62,34.16,1.3110838626499621,25.486129032258066,24.17,26.68,0.6222419269132708,2.28258064516129,1.19,3.54,0.623434647437396,24.48588173262959,23.849394830057367,25.479693994172923,0.4147785946197458,6.419354838709676,3.6799999999999997,8.98,1.381053677880141,0.7684316631955047,0.514593306989049,1.1624074543547922,0.1601645911661173
10.46658,105.139698,2022-04-06,19.993548387096773,13.91,25.27,2.605645915076617,80.97677419354837,72.53,87.54,3.0663011100344577,28.060000000000006,26.71,29.39,0.649456348330738,32.296129032258065,30.27,34.49,1.0988107278365737,24.739354838709684,23.23,25.96,0.6746608968232807,1.9106451612903226,1.1,2.83,0.49938630391822225,24.465598930149397,23.45507529294824,25.345762139075116,0.45556395848616454,7.556774193548387,4.460000000000001,9.989999999999998,1.2724560632424267,0.7253127683900847,0.4539761277216749,1.125403854694864,0.13987455908209984
10.540457,105.207852,2022-04-06,19.993548387096773,13.91,25.27,2.605645915076617,80.97677419354837,72.53,87.54,3.0663011100344577,28.060000000000006,26.71,29.39,0.649456348330738,32.296129032258065,30.27,34.49,1.0988107278365737,24.739354838709684,23.23,25.96,0.6746608968232807,1.9106451612903226,1.1,2.83,0.49938630391822225,24.465598930149397,23.45507529294824,25.345762139075116,0.45556395848616454,7.556774193548387,4.460000000000001,9.989999999999998,1.2724560632424267,0.7253127683900847,0.4539761277216749,1.125403854694864,0.13987455908209984
10.550361,105.218667,2022-04-06,19.993548387096773,13.91,25.27,2.605645915076617,80.97677419354837,72.53,87.54,3.0663011100344577,28.060000000000006,26.71,29.39,0.649456348330738,32.296129032258065,30.27,34.49,1.0988107278365737,24.739354838709684,23.23,25.96,0.6746608968232807,1.9106451612903226,1.1,2.83,0.49938630391822225,24.465598930149397,23.45507529294824,25.345762139075116,0.45556395848616454,7.556774193548387,4.460000000000001,9.989999999999998,1.2724560632424267,0.7253127683900847,0.4539761277216749,1.125403854694864,0.13987455908209984
10.445962,105.123164,2022-04-07,20.194516129032262,13.91,25.27,2.48087112524259,80.88967741935483,72.53,87.54,3.0572900543760797,28.090322580645168,26.71,29.39,0.6473443709892014,32.369677419354836,30.27,34.49,1.1185200010352614,24.731290322580648,23.23,25.96,0.6717898189717446,1.9154838709677415,1.1,2.83,0.5023033315006268,24.47716751445595,23.45507529294824,25.345762139075116,0.4563589543422543,7.638387096774194,4.460000000000001,9.989999999999998,1.2761335170670403,0.7298651144508357,0.4539761277216749,1.125403854694864,0.1393534061508281
10.297494,105.145318,2022-04-09,20.031290322580645,13.91,25.27,2.3438660397913087,81.32290322580643,72.53,87.54,2.944156808530314,28.033225806451615,26.71,29.39,0.6458671944621543,32.182580645161295,29.09,34.49,1.199870874079415,24.74129032258065,23.23,25.96,0.6681015082981167,1.9022580645161289,1.1,2.83,0.5163001732389565,24.511965949444267,23.45507529294824,25.345762139075116,0.4509158367941826,7.441290322580645,4.100000000000001,9.55,1.342625597982535,0.7108941921382841,0.4539761277216749,1.125403854694864,0.13478258116782108
10.30701,105.130668,2022-04-09,20.031290322580645,13.91,25.27,2.3438660397913087,81.32290322580643,72.53,87.54,2.944156808530314,28.033225806451615,26.71,29.39,0.6458671944621543,32.182580645161295,29.09,34.49,1.199870874079415,24.74129032258065,23.23,25.96,0.6681015082981167,1.9022580645161289,1.1,2.83,0.5163001732389565,24.511965949444267,23.45507529294824,25.345762139075116,0.4509158367941826,7.441290322580645,4.100000000000001,9.55,1.342625597982535,0.7108941921382841,0.4539761277216749,1.125403854694864,0.13478258116782108
10.248814,105.361138,2022-04-10,19.909354838709675,13.91,25.27,2.21220796940431,81.77000000000001,73.94,86.67,3.3197619424950804,27.88774193548387,26.67,29.15,0.6234798787524395,32.278064516129035,29.97,35.05,1.347514843666735,24.5,23.31,25.41,0.5418248735047025,1.9445161290322581,1.2,3.22,0.5988690346875486,24.459054712105164,23.274972079644026,25.336477506483536,0.4134237579231464,7.778064516129033,5.23,10.409999999999997,1.4357788026124416,0.6886760871821548,0.49715619723019266,1.0529625439074017,0.14897123608392612
10.249044,105.347198,2022-04-10,19.909354838709675,13.91,25.27,2.21220796940431,81.77000000000001,73.94,86.67,3.3197619424950804,27.88774193548387,26.67,29.15,0.6234798787524395,32.278064516129035,29.97,35.05,1.347514843666735,24.5,23.31,25.41,0.5418248735047025,1.9445161290322581,1.2,3.22,0.5988690346875486,24.459054712105164,23.274972079644026,25.336477506483536,0.4134237579231464,7.778064516129033,5.23,10.409999999999997,1.4357788026124416,0.6886760871821548,0.49715619723019266,1.0529625439074017,0.14897123608392612
10.252308,105.334358,2022-04-10,19.909354838709675,13.91,25.27,2.21220796940431,81.32580645161292,74.06,86.78,2.820396648143946,27.937741935483874,26.95,29.04,0.566936929287379,32.32967741935484,30.27,34.53,1.1575153698442184,24.410322580645158,22.98,25.33,0.5526504108266711,1.7970967741935482,0.95,2.83,0.46968207193725375,24.420803930270907,23.612946047578802,25.30876125962539,0.4129839259566674,7.919354838709679,5.050000000000001,9.709999999999997,1.3117949669745694,0.7062474863029007,0.48813969021282255,1.041477079347301,0.12581155344614364
10.258961,105.323388,2022-04-10,19.909354838709675,13.91,25.27,2.21220796940431,81.32580645161292,74.06,86.78,2.820396648143946,27.937741935483874,26.95,29.04,0.566936929287379,32.32967741935484,30.27,34.53,1.1575153698442184,24.410322580645158,22.98,25.33,0.5526504108266711,1.7970967741935482,0.95,2.83,0.46968207193725375,24.420803930270907,23.612946047578802,25.30876125962539,0.4129839259566674,7.919354838709679,5.050000000000001,9.709999999999997,1.3117949669745694,0.7062474863029007,0.48813969021282255,1.041477079347301,0.12581155344614364
10.27049,105.316832,2022-04-10,19.909354838709675,13.91,25.27,2.21220796940431,81.32580645161292,74.06,86.78,2.820396648143946,27.937741935483874,26.95,29.04,0.566936929287379,32.32967741935484,30.27,34.53,1.1575153698442184,24.410322580645158,22.98,25.33,0.5526504108266711,1.7970967741935482,0.95,2.83,0.46968207193725375,24.420803930270907,23.612946047578802,25.30876125962539,0.4129839259566674,7.919354838709679,5.050000000000001,9.709999999999997,1.3117949669745694,0.7062474863029007,0.48813969021282255,1.041477079347301,0.12581155344614364
10.272277,105.291556,2022-04-10,19.909354838709675,13.91,25.27,2.21220796940431,81.36967741935482,72.53,87.54,2.92292990863285,28.021612903225805,26.71,29.39,0.6336585870915009,32.13967741935485,29.09,34.49,1.15118868123896,24.706774193548394,23.23,25.96,0.6664997016032738,1.8893548387096775,1.1,2.83,0.5194347764567905,24.510502053587818,23.45507529294824,25.345762139075116,0.4496529651755884,7.432903225806452,4.100000000000001,9.55,1.3344618186645376,0.7085235262616059,0.4539761277216749,1.125403854694864,0.13341450826484239
10.277579,105.307934,2022-04-10,19.909354838709675,13.91,25.27,2.21220796940431,81.36967741935482,72.53,87.54,2.92292990863285,28.021612903225805,26.71,29.39,0.6336585870915009,32.13967741935485,29.09,34.49,1.15118868123896,24.706774193548394,23.23,25.96,0.6664997016032738,1.8893548387096775,1.1,2.83,0.5194347764567905,24.510502053587818,23.45507529294824,25.345762139075116,0.4496529651755884,7.432903225806452,4.100000000000001,9.55,1.3344618186645376,0.7085235262616059,0.4539761277216749,1.125403854694864,0.13341450826484239
10.282445,105.330149,2022-04-10,19.909354838709675,13.91,25.27,2.21220796940431,81.32580645161292,74.06,86.78,2.820396648143946,27.937741935483874,26.95,29.04,0.566936929287379,32.32967741935484,30.27,34.53,1.1575153698442184,24.410322580645158,22.98,25.33,0.5526504108266711,1.7970967741935482,0.95,2.83,0.46968207193725375,24.420803930270907,23.612946047578802,25.30876125962539,0.4129839259566674,7.919354838709679,5.050000000000001,9.709999999999997,1.3117949669745694,0.7062474863029007,0.48813969021282255,1.041477079347301,0.12581155344614364
10.28697,105.341571,2022-04-10,19.909354838709675,13.91,25.27,2.21220796940431,81.32580645161292,74.06,86.78,2.820396648143946,27.937741935483874,26.95,29.04,0.566936929287379,32.32967741935484,30.27,34.53,1.1575153698442184,24.410322580645158,22.98,25.33,0.5526504108266711,1.7970967741935482,0.95,2.83,0.46968207193725375,24.420803930270907,23.612946047578802,25.30876125962539,0.4129839259566674,7.919354838709679,5.050000000000001,9.709999999999997,1.3117949669745694,0.7062474863029007,0.48813969021282255,1.041477079347301,0.12581155344614364
10.290802,105.32462,2022-04-10,19.909354838709675,13.91,25.27,2.21220796940431,81.32580645161292,74.06,86.78,2.820396648143946,27.937741935483874,26.95,29.04,0.566936929287379,32.32967741935484,30.27,34.53,1.1575153698442184,24.410322580645158,22.98,25.33,0.5526504108266711,1.7970967741935482,0.95,2.83,0.46968207193725375,24.420803930270907,23.612946047578802,25.30876125962539,0.4129839259566674,7.919354838709679,5.050000000000001,9.709999999999997,1.3117949669745694,0.7062474863029007,0.48813969021282255,1.041477079347301,0.12581155344614364
10.291025,105.299533,2022-04-10,19.909354838709675,13.91,25.27,2.21220796940431,81.36967741935482,72.53,87.54,2.92292990863285,28.021612903225805,26.71,29.39,0.6336585870915009,32.13967741935485,29.09,34.49,1.15118868123896,24.706774193548394,23.23,25.96,0.6664997016032738,1.8893548387096775,1.1,2.83,0.5194347764567905,24.510502053587818,23.45507529294824,25.345762139075116,0.4496529651755884,7.432903225806452,4.100000000000001,9.55,1.3344618186645376,0.7085235262616059,0.4539761277216749,1.125403854694864,0.13341450826484239
10.298963,105.275991,2022-04-10,19.909354838709675,13.91,25.27,2.21220796940431,81.36967741935482,72.53,87.54,2.92292990863285,28.021612903225805,26.71,29.39,0.6336585870915009,32.13967741935485,29.09,34.49,1.15118868123896,24.706774193548394,23.23,25.96,0.6664997016032738,1.8893548387096775,1.1,2.83,0.5194347764567905,24.510502053587818,23.45507529294824,25.345762139075116,0.4496529651755884,7.432903225806452,4.100000000000001,9.55,1.3344618186645376,0.7085235262616059,0.4539761277216749,1.125403854694864,0.13341450826484239
10.306886,105.290958,2022-04-10,19.909354838709675,13.91,25.27,2.21220796940431,81.36967741935482,72.53,87.54,2.92292990863285,28.021612903225805,26.71,29.39,0.6336585870915009,32.13967741935485,29.09,34.49,1.15118868123896,24.706774193548394,23.23,25.96,0.6664997016032738,1.8893548387096775,1.1,2.83,0.5194347764567905,24.510502053587818,23.45507529294824,25.345762139075116,0.4496529651755884,7.432903225806452,4.100000000000001,9.55,1.3344618186645376,0.7085235262616059,0.4539761277216749,1.125403854694864,0.13341450826484239
10.309795,105.31553,2022-04-10,19.909354838709675,13.91,25.27,2.21220796940431,81.32580645161292,74.06,86.78,2.820396648143946,27.937741935483874,26.95,29.04,0.566936929287379,32.32967741935484,30.27,34.53,1.1575153698442184,24.410322580645158,22.98,25.33,0.5526504108266711,1.7970967741935482,0.95,2.83,0.46968207193725375,24.420803930270907,23.612946047578802,25.30876125962539,0.4129839259566674,7.919354838709679,5.050000000000001,9.709999999999997,1.3117949669745694,0.7062474863029007,0.48813969021282255,1.041477079347301,0.12581155344614364
10.316024,105.309873,2022-04-10,19.909354838709675,13.91,25.27,2.21220796940431,81.36967741935482,72.53,87.54,2.92292990863285,28.021612903225805,26.71,29.39,0.6336585870915009,32.13967741935485,29.09,34.49,1.15118868123896,24.706774193548394,23.23,25.96,0.6664997016032738,1.8893548387096775,1.1,2.83,0.5194347764567905,24.510502053587818,23.45507529294824,25.345762139075116,0.4496529651755884,7.432903225806452,4.100000000000001,9.55,1.3344618186645376,0.7085235262616059,0.4539761277216749,1.125403854694864,0.13341450826484239
10.328521,105.30163,2022-04-10,19.909354838709675,13.91,25.27,2.21220796940431,81.36967741935482,72.53,87.54,2.92292990863285,28.021612903225805,26.71,29.39,0.6336585870915009,32.13967741935485,29.09,34.49,1.15118868123896,24.706774193548394,23.23,25.96,0.6664997016032738,1.8893548387096775,1.1,2.83,0.5194347764567905,24.510502053587818,23.45507529294824,25.345762139075116,0.4496529651755884,7.432903225806452,4.100000000000001,9.55,1.3344618186645376,0.7085235262616059,0.4539761277216749,1.125403854694864,0.13341450826484239
10.356519,105.30945,2022-04-10,19.909354838709675,13.91,25.27,2.21220796940431,81.36967741935482,72.53,87.54,2.92292990863285,28.021612903225805,26.71,29.39,0.6336585870915009,32.13967741935485,29.09,34.49,1.15118868123896,24.706774193548394,23.23,25.96,0.6664997016032738,1.8893548387096775,1.1,2.83,0.5194347764567905,24.510502053587818,23.45507529294824,25.345762139075116,0.4496529651755884,7.432903225806452,4.100000000000001,9.55,1.3344618186645376,0.7085235262616059,0.4539761277216749,1.125403854694864,0.13341450826484239
10.359519,105.360913,2022-04-10,19.909354838709675,13.91,25.27,2.21220796940431,81.32580645161292,74.06,86.78,2.820396648143946,27.937741935483874,26.95,29.04,0.566936929287379,32.32967741935484,30.27,34.53,1.1575153698442184,24.410322580645158,22.98,25.33,0.5526504108266711,1.7970967741935482,0.95,2.83,0.46968207193725375,24.420803930270907,23.612946047578802,25.30876125962539,0.4129839259566674,7.919354838709679,5.050000000000001,9.709999999999997,1.3117949669745694,0.7062474863029007,0.48813969021282255,1.041477079347301,0.12581155344614364
10.363786,105.288188,2022-04-10,19.909354838709675,13.91,25.27,2.21220796940431,81.36967741935482,72.53,87.54,2.92292990863285,28.021612903225805,26.71,29.39,0.6336585870915009,32.13967741935485,29.09,34.49,1.15118868123896,24.706774193548394,23.23,25.96,0.6664997016032738,1.8893548387096775,1.1,2.83,0.5194347764567905,24.510502053587818,23.45507529294824,25.345762139075116,0.4496529651755884,7.432903225806452,4.100000000000001,9.55,1.3344618186645376,0.7085235262616059,0.4539761277216749,1.125403854694864,0.13341450826484239
10.364433,105.327337,2022-04-10,19.909354838709675,13.91,25.27,2.21220796940431,81.32580645161292,74.06,86.78,2.820396648143946,27.937741935483874,26.95,29.04,0.566936929287379,32.32967741935484,30.27,34.53,1.1575153698442184,24.410322580645158,22.98,25.33,0.5526504108266711,1.7970967741935482,0.95,2.83,0.46968207193725375,24.420803930270907,23.612946047578802,25.30876125962539,0.4129839259566674,7.919354838709679,5.050000000000001,9.709999999999997,1.3117949669745694,0.7062474863029007,0.48813969021282255,1.041477079347301,0.12581155344614364
10.369819,105.304833,2022-04-10,19.909354838709675,13.91,25.27,2.21220796940431,81.36967741935482,72.53,87.54,2.92292990863285,28.021612903225805,26.71,29.39,0.6336585870915009,32.13967741935485,29.09,34.49,1.15118868123896,24.706774193548394,23.23,25.96,0.6664997016032738,1.8893548387096775,1.1,2.83,0.5194347764567905,24.510502053587818,23.45507529294824,25.345762139075116,0.4496529651755884,7.432903225806452,4.100000000000001,9.55,1.3344618186645376,0.7085235262616059,0.4539761277216749,1.125403854694864,0.13341450826484239
10.374447,105.330923,2022-04-10,19.909354838709675,13.91,25.27,2.21220796940431,81.32580645161292,74.06,86.78,2.820396648143946,27.937741935483874,26.95,29.04,0.566936929287379,32.32967741935484,30.27,34.53,1.1575153698442184,24.410322580645158,22.98,25.33,0.5526504108266711,1.7970967741935482,0.95,2.83,0.46968207193725375,24.420803930270907,23.612946047578802,25.30876125962539,0.4129839259566674,7.919354838709679,5.050000000000001,9.709999999999997,1.3117949669745694,0.7062474863029007,0.48813969021282255,1.041477079347301,0.12581155344614364
10.38045,105.349866,2022-04-10,19.909354838709675,13.91,25.27,2.21220796940431,81.32580645161292,74.06,86.78,2.820396648143946,27.937741935483874,26.95,29.04,0.566936929287379,32.32967741935484,30.27,34.53,1.1575153698442184,24.410322580645158,22.98,25.33,0.5526504108266711,1.7970967741935482,0.95,2.83,0.46968207193725375,24.420803930270907,23.612946047578802,25.30876125962539,0.4129839259566674,7.919354838709679,5.050000000000001,9.709999999999997,1.3117949669745694,0.7062474863029007,0.48813969021282255,1.041477079347301,0.12581155344614364
10.455882,105.126628,2022-04-10,19.909354838709675,13.91,25.27,2.21220796940431,81.36967741935482,72.53,87.54,2.92292990863285,28.021612903225805,26.71,29.39,0.6336585870915009,32.13967741935485,29.09,34.49,1.15118868123896,24.706774193548394,23.23,25.96,0.6664997016032738,1.8893548387096775,1.1,2.83,0.5194347764567905,24.510502053587818,23.45507529294824,25.345762139075116,0.4496529651755884,7.432903225806452,4.100000000000001,9.55,1.3344618186645376,0.7085235262616059,0.4539761277216749,1.125403854694864,0.13341450826484239
10.475484,105.13594,2022-04-10,19.909354838709675,13.91,25.27,2.21220796940431,81.36967741935482,72.53,87.54,2.92292990863285,28.021612903225805,26.71,29.39,0.6336585870915009,32.13967741935485,29.09,34.49,1.15118868123896,24.706774193548394,23.23,25.96,0.6664997016032738,1.8893548387096775,1.1,2.83,0.5194347764567905,24.510502053587818,23.45507529294824,25.345762139075116,0.4496529651755884,7.432903225806452,4.100000000000001,9.55,1.3344618186645376,0.7085235262616059,0.4539761277216749,1.125403854694864,0.13341450826484239
10.479304,105.102943,2022-04-10,19.909354838709675,13.91,25.27,2.21220796940431,81.36967741935482,72.53,87.54,2.92292990863285,28.021612903225805,26.71,29.39,0.6336585870915009,32.13967741935485,29.09,34.49,1.15118868123896,24.706774193548394,23.23,25.96,0.6664997016032738,1.8893548387096775,1.1,2.83,0.5194347764567905,24.510502053587818,23.45507529294824,25.345762139075116,0.4496529651755884,7.432903225806452,4.100000000000001,9.55,1.3344618186645376,0.7085235262616059,0.4539761277216749,1.125403854694864,0.13341450826484239
10.492507,105.122386,2022-04-10,19.909354838709675,13.91,25.27,2.21220796940431,81.36967741935482,72.53,87.54,2.92292990863285,28.021612903225805,26.71,29.39,0.6336585870915009,32.13967741935485,29.09,34.49,1.15118868123896,24.706774193548394,23.23,25.96,0.6664997016032738,1.8893548387096775,1.1,2.83,0.5194347764567905,24.510502053587818,23.45507529294824,25.345762139075116,0.4496529651755884,7.432903225806452,4.100000000000001,9.55,1.3344618186645376,0.7085235262616059,0.4539761277216749,1.125403854694864,0.13341450826484239
10.499686,105.158111,2022-04-10,19.909354838709675,13.91,25.27,2.21220796940431,81.36967741935482,72.53,87.54,2.92292990863285,28.021612903225805,26.71,29.39,0.6336585870915009,32.13967741935485,29.09,34.49,1.15118868123896,24.706774193548394,23.23,25.96,0.6664997016032738,1.8893548387096775,1.1,2.83,0.5194347764567905,24.510502053587818,23.45507529294824,25.345762139075116,0.4496529651755884,7.432903225806452,4.100000000000001,9.55,1.3344618186645376,0.7085235262616059,0.4539761277216749,1.125403854694864,0.13341450826484239
10.505349,105.165087,2022-04-10,19.909354838709675,13.91,25.27,2.21220796940431,81.36967741935482,72.53,87.54,2.92292990863285,28.021612903225805,26.71,29.39,0.6336585870915009,32.13967741935485,29.09,34.49,1.15118868123896,24.706774193548394,23.23,25.96,0.6664997016032738,1.8893548387096775,1.1,2.83,0.5194347764567905,24.510502053587818,23.45507529294824,25.345762139075116,0.4496529651755884,7.432903225806452,4.100000000000001,9.55,1.3344618186645376,0.7085235262616059,0.4539761277216749,1.125403854694864,0.13341450826484239
10.510203,105.111601,2022-04-10,19.909354838709675,13.91,25.27,2.21220796940431,81.36967741935482,72.53,87.54,2.92292990863285,28.021612903225805,26.71,29.39,0.6336585870915009,32.13967741935485,29.09,34.49,1.15118868123896,24.706774193548394,23.23,25.96,0.6664997016032738,1.8893548387096775,1.1,2.83,0.5194347764567905,24.510502053587818,23.45507529294824,25.345762139075116,0.4496529651755884,7.432903225806452,4.100000000000001,9.55,1.3344618186645376,0.7085235262616059,0.4539761277216749,1.125403854694864,0.13341450826484239
10.513536,105.127422,2022-04-10,19.909354838709675,13.91,25.27,2.21220796940431,81.36967741935482,72.53,87.54,2.92292990863285,28.021612903225805,26.71,29.39,0.6336585870915009,32.13967741935485,29.09,34.49,1.15118868123896,24.706774193548394,23.23,25.96,0.6664997016032738,1.8893548387096775,1.1,2.83,0.5194347764567905,24.510502053587818,23.45507529294824,25.345762139075116,0.4496529651755884,7.432903225806452,4.100000000000001,9.55,1.3344618186645376,0.7085235262616059,0.4539761277216749,1.125403854694864,0.13341450826484239
10.521024,105.146349,2022-04-10,19.909354838709675,13.91,25.27,2.21220796940431,81.36967741935482,72.53,87.54,2.92292990863285,28.021612903225805,26.71,29.39,0.6336585870915009,32.13967741935485,29.09,34.49,1.15118868123896,24.706774193548394,23.23,25.96,0.6664997016032738,1.8893548387096775,1.1,2.83,0.5194347764567905,24.510502053587818,23.45507529294824,25.345762139075116,0.4496529651755884,7.432903225806452,4.100000000000001,9.55,1.3344618186645376,0.7085235262616059,0.4539761277216749,1.125403854694864,0.13341450826484239
10.522164,105.178664,2022-04-10,19.909354838709675,13.91,25.27,2.21220796940431,81.36967741935482,72.53,87.54,2.92292990863285,28.021612903225805,26.71,29.39,0.6336585870915009,32.13967741935485,29.09,34.49,1.15118868123896,24.706774193548394,23.23,25.96,0.6664997016032738,1.8893548387096775,1.1,2.83,0.5194347764567905,24.510502053587818,23.45507529294824,25.345762139075116,0.4496529651755884,7.432903225806452,4.100000000000001,9.55,1.3344618186645376,0.7085235262616059,0.4539761277216749,1.125403854694864,0.13341450826484239
10.522821,105.229739,2022-04-10,19.909354838709675,13.91,25.27,2.21220796940431,81.36967741935482,72.53,87.54,2.92292990863285,28.021612903225805,26.71,29.39,0.6336585870915009,32.13967741935485,29.09,34.49,1.15118868123896,24.706774193548394,23.23,25.96,0.6664997016032738,1.8893548387096775,1.1,2.83,0.5194347764567905,24.510502053587818,23.45507529294824,25.345762139075116,0.4496529651755884,7.432903225806452,4.100000000000001,9.55,1.3344618186645376,0.7085235262616059,0.4539761277216749,1.125403854694864,0.13341450826484239
10.5263,105.091077,2022-04-10,19.909354838709675,13.91,25.27,2.21220796940431,81.36967741935482,72.53,87.54,2.92292990863285,28.021612903225805,26.71,29.39,0.6336585870915009,32.13967741935485,29.09,34.49,1.15118868123896,24.706774193548394,23.23,25.96,0.6664997016032738,1.8893548387096775,1.1,2.83,0.5194347764567905,24.510502053587818,23.45507529294824,25.345762139075116,0.4496529651755884,7.432903225806452,4.100000000000001,9.55,1.3344618186645376,0.7085235262616059,0.4539761277216749,1.125403854694864,0.13341450826484239
10.527277,105.237319,2022-04-10,19.909354838709675,13.91,25.27,2.21220796940431,81.36967741935482,72.53,87.54,2.92292990863285,28.021612903225805,26.71,29.39,0.6336585870915009,32.13967741935485,29.09,34.49,1.15118868123896,24.706774193548394,23.23,25.96,0.6664997016032738,1.8893548387096775,1.1,2.83,0.5194347764567905,24.510502053587818,23.45507529294824,25.345762139075116,0.4496529651755884,7.432903225806452,4.100000000000001,9.55,1.3344618186645376,0.7085235262616059,0.4539761277216749,1.125403854694864,0.13341450826484239
10.531488,105.186775,2022-04-10,19.909354838709675,13.91,25.27,2.21220796940431,81.36967741935482,72.53,87.54,2.92292990863285,28.021612903225805,26.71,29.39,0.6336585870915009,32.13967741935485,29.09,34.49,1.15118868123896,24.706774193548394,23.23,25.96,0.6664997016032738,1.8893548387096775,1.1,2.83,0.5194347764567905,24.510502053587818,23.45507529294824,25.345762139075116,0.4496529651755884,7.432903225806452,4.100000000000001,9.55,1.3344618186645376,0.7085235262616059,0.4539761277216749,1.125403854694864,0.13341450826484239
10.533759,105.243145,2022-04-10,19.909354838709675,13.91,25.27,2.21220796940431,81.36967741935482,72.53,87.54,2.92292990863285,28.021612903225805,26.71,29.39,0.6336585870915009,32.13967741935485,29.09,34.49,1.15118868123896,24.706774193548394,23.23,25.96,0.6664997016032738,1.8893548387096775,1.1,2.83,0.5194347764567905,24.510502053587818,23.45507529294824,25.345762139075116,0.4496529651755884,7.432903225806452,4.100000000000001,9.55,1.3344618186645376,0.7085235262616059,0.4539761277216749,1.125403854694864,0.13341450826484239
10.534074,105.126326,2022-04-10,19.909354838709675,13.91,25.27,2.21220796940431,81.36967741935482,72.53,87.54,2.92292990863285,28.021612903225805,26.71,29.39,0.6336585870915009,32.13967741935485,29.09,34.49,1.15118868123896,24.706774193548394,23.23,25.96,0.6664997016032738,1.8893548387096775,1.1,2.83,0.5194347764567905,24.510502053587818,23.45507529294824,25.345762139075116,0.4496529651755884,7.432903225806452,4.100000000000001,9.55,1.3344618186645376,0.7085235262616059,0.4539761277216749,1.125403854694864,0.13341450826484239
10.534615,105.134916,2022-04-10,19.909354838709675,13.91,25.27,2.21220796940431,81.36967741935482,72.53,87.54,2.92292990863285,28.021612903225805,26.71,29.39,0.6336585870915009,32.13967741935485,29.09,34.49,1.15118868123896,24.706774193548394,23.23,25.96,0.6664997016032738,1.8893548387096775,1.1,2.83,0.5194347764567905,24.510502053587818,23.45507529294824,25.345762139075116,0.4496529651755884,7.432903225806452,4.100000000000001,9.55,1.3344618186645376,0.7085235262616059,0.4539761277216749,1.125403854694864,0.13341450826484239
10.536087,105.175145,2022-04-10,19.909354838709675,13.91,25.27,2.21220796940431,81.36967741935482,72.53,87.54,2.92292990863285,28.021612903225805,26.71,29.39,0.6336585870915009,32.13967741935485,29.09,34.49,1.15118868123896,24.706774193548394,23.23,25.96,0.6664997016032738,1.8893548387096775,1.1,2.83,0.5194347764567905,24.510502053587818,23.45507529294824,25.345762139075116,0.4496529651755884,7.432903225806452,4.100000000000001,9.55,1.3344618186645376,0.7085235262616059,0.4539761277216749,1.125403854694864,0.13341450826484239
10.539297,105.225673,2022-04-10,19.909354838709675,13.91,25.27,2.21220796940431,81.36967741935482,72.53,87.54,2.92292990863285,28.021612903225805,26.71,29.39,0.6336585870915009,32.13967741935485,29.09,34.49,1.15118868123896,24.706774193548394,23.23,25.96,0.6664997016032738,1.8893548387096775,1.1,2.83,0.5194347764567905,24.510502053587818,23.45507529294824,25.345762139075116,0.4496529651755884,7.432903225806452,4.100000000000001,9.55,1.3344618186645376,0.7085235262616059,0.4539761277216749,1.125403854694864,0.13341450826484239
10.545098,105.112895,2022-04-10,19.909354838709675,13.91,25.27,2.21220796940431,81.36967741935482,72.53,87.54,2.92292990863285,28.021612903225805,26.71,29.39,0.6336585870915009,32.13967741935485,29.09,34.49,1.15118868123896,24.706774193548394,23.23,25.96,0.6664997016032738,1.8893548387096775,1.1,2.83,0.5194347764567905,24.510502053587818,23.45507529294824,25.345762139075116,0.4496529651755884,7.432903225806452,4.100000000000001,9.55,1.3344618186645376,0.7085235262616059,0.4539761277216749,1.125403854694864,0.13341450826484239
10.546629,105.163964,2022-04-10,19.909354838709675,13.91,25.27,2.21220796940431,81.36967741935482,72.53,87.54,2.92292990863285,28.021612903225805,26.71,29.39,0.6336585870915009,32.13967741935485,29.09,34.49,1.15118868123896,24.706774193548394,23.23,25.96,0.6664997016032738,1.8893548387096775,1.1,2.83,0.5194347764567905,24.510502053587818,23.45507529294824,25.345762139075116,0.4496529651755884,7.432903225806452,4.100000000000001,9.55,1.3344618186645376,0.7085235262616059,0.4539761277216749,1.125403854694864,0.13341450826484239
10.546679,105.126512,2022-04-10,19.909354838709675,13.91,25.27,2.21220796940431,81.36967741935482,72.53,87.54,2.92292990863285,28.021612903225805,26.71,29.39,0.6336585870915009,32.13967741935485,29.09,34.49,1.15118868123896,24.706774193548394,23.23,25.96,0.6664997016032738,1.8893548387096775,1.1,2.83,0.5194347764567905,24.510502053587818,23.45507529294824,25.345762139075116,0.4496529651755884,7.432903225806452,4.100000000000001,9.55,1.3344618186645376,0.7085235262616059,0.4539761277216749,1.125403854694864,0.13341450826484239
10.546857,105.181035,2022-04-10,19.909354838709675,13.91,25.27,2.21220796940431,81.36967741935482,72.53,87.54,2.92292990863285,28.021612903225805,26.71,29.39,0.6336585870915009,32.13967741935485,29.09,34.49,1.15118868123896,24.706774193548394,23.23,25.96,0.6664997016032738,1.8893548387096775,1.1,2.83,0.5194347764567905,24.510502053587818,23.45507529294824,25.345762139075116,0.4496529651755884,7.432903225806452,4.100000000000001,9.55,1.3344618186645376,0.7085235262616059,0.4539761277216749,1.125403854694864,0.13341450826484239
10.547628,105.146859,2022-04-10,19.909354838709675,13.91,25.27,2.21220796940431,81.36967741935482,72.53,87.54,2.92292990863285,28.021612903225805,26.71,29.39,0.6336585870915009,32.13967741935485,29.09,34.49,1.15118868123896,24.706774193548394,23.23,25.96,0.6664997016032738,1.8893548387096775,1.1,2.83,0.5194347764567905,24.510502053587818,23.45507529294824,25.345762139075116,0.4496529651755884,7.432903225806452,4.100000000000001,9.55,1.3344618186645376,0.7085235262616059,0.4539761277216749,1.125403854694864,0.13341450826484239
10.548566,105.198194,2022-04-10,19.909354838709675,13.91,25.27,2.21220796940431,81.36967741935482,72.53,87.54,2.92292990863285,28.021612903225805,26.71,29.39,0.6336585870915009,32.13967741935485,29.09,34.49,1.15118868123896,24.706774193548394,23.23,25.96,0.6664997016032738,1.8893548387096775,1.1,2.83,0.5194347764567905,24.510502053587818,23.45507529294824,25.345762139075116,0.4496529651755884,7.432903225806452,4.100000000000001,9.55,1.3344618186645376,0.7085235262616059,0.4539761277216749,1.125403854694864,0.13341450826484239
10.552114,105.091399,2022-04-10,19.909354838709675,13.91,25.27,2.21220796940431,81.36967741935482,72.53,87.54,2.92292990863285,28.021612903225805,26.71,29.39,0.6336585870915009,32.13967741935485,29.09,34.49,1.15118868123896,24.706774193548394,23.23,25.96,0.6664997016032738,1.8893548387096775,1.1,2.83,0.5194347764567905,24.510502053587818,23.45507529294824,25.345762139075116,0.4496529651755884,7.432903225806452,4.100000000000001,9.55,1.3344618186645376,0.7085235262616059,0.4539761277216749,1.125403854694864,0.13341450826484239
10.554634,105.1522,2022-04-10,19.909354838709675,13.91,25.27,2.21220796940431,81.36967741935482,72.53,87.54,2.92292990863285,28.021612903225805,26.71,29.39,0.6336585870915009,32.13967741935485,29.09,34.49,1.15118868123896,24.706774193548394,23.23,25.96,0.6664997016032738,1.8893548387096775,1.1,2.83,0.5194347764567905,24.510502053587818,23.45507529294824,25.345762139075116,0.4496529651755884,7.432903225806452,4.100000000000001,9.55,1.3344618186645376,0.7085235262616059,0.4539761277216749,1.125403854694864,0.13341450826484239
10.555822,105.1711,2022-04-10,19.909354838709675,13.91,25.27,2.21220796940431,81.36967741935482,72.53,87.54,2.92292990863285,28.021612903225805,26.71,29.39,0.6336585870915009,32.13967741935485,29.09,34.49,1.15118868123896,24.706774193548394,23.23,25.96,0.6664997016032738,1.8893548387096775,1.1,2.83,0.5194347764567905,24.510502053587818,23.45507529294824,25.345762139075116,0.4496529651755884,7.432903225806452,4.100000000000001,9.55,1.3344618186645376,0.7085235262616059,0.4539761277216749,1.125403854694864,0.13341450826484239
10.558195,105.203328,2022-04-10,19.909354838709675,13.91,25.27,2.21220796940431,81.36967741935482,72.53,87.54,2.92292990863285,28.021612903225805,26.71,29.39,0.6336585870915009,32.13967741935485,29.09,34.49,1.15118868123896,24.706774193548394,23.23,25.96,0.6664997016032738,1.8893548387096775,1.1,2.83,0.5194347764567905,24.510502053587818,23.45507529294824,25.345762139075116,0.4496529651755884,7.432903225806452,4.100000000000001,9.55,1.3344618186645376,0.7085235262616059,0.4539761277216749,1.125403854694864,0.13341450826484239
10.559295,105.124493,2022-04-10,19.909354838709675,13.91,25.27,2.21220796940431,81.36967741935482,72.53,87.54,2.92292990863285,28.021612903225805,26.71,29.39,0.6336585870915009,32.13967741935485,29.09,34.49,1.15118868123896,24.706774193548394,23.23,25.96,0.6664997016032738,1.8893548387096775,1.1,2.83,0.5194347764567905,24.510502053587818,23.45507529294824,25.345762139075116,0.4496529651755884,7.432903225806452,4.100000000000001,9.55,1.3344618186645376,0.7085235262616059,0.4539761277216749,1.125403854694864,0.13341450826484239
10.562531,105.169469,2022-04-10,19.909354838709675,13.91,25.27,2.21220796940431,81.36967741935482,72.53,87.54,2.92292990863285,28.021612903225805,26.71,29.39,0.6336585870915009,32.13967741935485,29.09,34.49,1.15118868123896,24.706774193548394,23.23,25.96,0.6664997016032738,1.8893548387096775,1.1,2.83,0.5194347764567905,24.510502053587818,23.45507529294824,25.345762139075116,0.4496529651755884,7.432903225806452,4.100000000000001,9.55,1.3344618186645376,0.7085235262616059,0.4539761277216749,1.125403854694864,0.13341450826484239
10.564704,105.19729,2022-04-10,19.909354838709675,13.91,25.27,2.21220796940431,81.36967741935482,72.53,87.54,2.92292990863285,28.021612903225805,26.71,29.39,0.6336585870915009,32.13967741935485,29.09,34.49,1.15118868123896,24.706774193548394,23.23,25.96,0.6664997016032738,1.8893548387096775,1.1,2.83,0.5194347764567905,24.510502053587818,23.45507529294824,25.345762139075116,0.4496529651755884,7.432903225806452,4.100000000000001,9.55,1.3344618186645376,0.7085235262616059,0.4539761277216749,1.125403854694864,0.13341450826484239
10.56526,105.088832,2022-04-10,19.909354838709675,13.91,25.27,2.21220796940431,81.36967741935482,72.53,87.54,2.92292990863285,28.021612903225805,26.71,29.39,0.6336585870915009,32.13967741935485,29.09,34.49,1.15118868123896,24.706774193548394,23.23,25.96,0.6664997016032738,1.8893548387096775,1.1,2.83,0.5194347764567905,24.510502053587818,23.45507529294824,25.345762139075116,0.4496529651755884,7.432903225806452,4.100000000000001,9.55,1.3344618186645376,0.7085235262616059,0.4539761277216749,1.125403854694864,0.13341450826484239
10.565735,105.172074,2022-04-10,19.909354838709675,13.91,25.27,2.21220796940431,81.36967741935482,72.53,87.54,2.92292990863285,28.021612903225805,26.71,29.39,0.6336585870915009,32.13967741935485,29.09,34.49,1.15118868123896,24.706774193548394,23.23,25.96,0.6664997016032738,1.8893548387096775,1.1,2.83,0.5194347764567905,24.510502053587818,23.45507529294824,25.345762139075116,0.4496529651755884,7.432903225806452,4.100000000000001,9.55,1.3344618186645376,0.7085235262616059,0.4539761277216749,1.125403854694864,0.13341450826484239
10.567359,105.177342,2022-04-10,19.909354838709675,13.91,25.27,2.21220796940431,81.36967741935482,72.53,87.54,2.92292990863285,28.021612903225805,26.71,29.39,0.6336585870915009,32.13967741935485,29.09,34.49,1.15118868123896,24.706774193548394,23.23,25.96,0.6664997016032738,1.8893548387096775,1.1,2.83,0.5194347764567905,24.510502053587818,23.45507529294824,25.345762139075116,0.4496529651755884,7.432903225806452,4.100000000000001,9.55,1.3344618186645376,0.7085235262616059,0.4539761277216749,1.125403854694864,0.13341450826484239
10.570816,105.208925,2022-04-10,19.909354838709675,13.91,25.27,2.21220796940431,81.36967741935482,72.53,87.54,2.92292990863285,28.021612903225805,26.71,29.39,0.6336585870915009,32.13967741935485,29.09,34.49,1.15118868123896,24.706774193548394,23.23,25.96,0.6664997016032738,1.8893548387096775,1.1,2.83,0.5194347764567905,24.510502053587818,23.45507529294824,25.345762139075116,0.4496529651755884,7.432903225806452,4.100000000000001,9.55,1.3344618186645376,0.7085235262616059,0.4539761277216749,1.125403854694864,0.13341450826484239
10.571202,105.135919,2022-04-10,19.909354838709675,13.91,25.27,2.21220796940431,81.36967741935482,72.53,87.54,2.92292990863285,28.021612903225805,26.71,29.39,0.6336585870915009,32.13967741935485,29.09,34.49,1.15118868123896,24.706774193548394,23.23,25.96,0.6664997016032738,1.8893548387096775,1.1,2.83,0.5194347764567905,24.510502053587818,23.45507529294824,25.345762139075116,0.4496529651755884,7.432903225806452,4.100000000000001,9.55,1.3344618186645376,0.7085235262616059,0.4539761277216749,1.125403854694864,0.13341450826484239
10.571793,105.16066,2022-04-10,19.909354838709675,13.91,25.27,2.21220796940431,81.36967741935482,72.53,87.54,2.92292990863285,28.021612903225805,26.71,29.39,0.6336585870915009,32.13967741935485,29.09,34.49,1.15118868123896,24.706774193548394,23.23,25.96,0.6664997016032738,1.8893548387096775,1.1,2.83,0.5194347764567905,24.510502053587818,23.45507529294824,25.345762139075116,0.4496529651755884,7.432903225806452,4.100000000000001,9.55,1.3344618186645376,0.7085235262616059,0.4539761277216749,1.125403854694864,0.13341450826484239
10.576126,105.183375,2022-04-10,19.909354838709675,13.91,25.27,2.21220796940431,81.36967741935482,72.53,87.54,2.92292990863285,28.021612903225805,26.71,29.39,0.6336585870915009,32.13967741935485,29.09,34.49,1.15118868123896,24.706774193548394,23.23,25.96,0.6664997016032738,1.8893548387096775,1.1,2.83,0.5194347764567905,24.510502053587818,23.45507529294824,25.345762139075116,0.4496529651755884,7.432903225806452,4.100000000000001,9.55,1.3344618186645376,0.7085235262616059,0.4539761277216749,1.125403854694864,0.13341450826484239
10.580993,105.154027,2022-04-10,19.909354838709675,13.91,25.27,2.21220796940431,81.36967741935482,72.53,87.54,2.92292990863285,28.021612903225805,26.71,29.39,0.6336585870915009,32.13967741935485,29.09,34.49,1.15118868123896,24.706774193548394,23.23,25.96,0.6664997016032738,1.8893548387096775,1.1,2.83,0.5194347764567905,24.510502053587818,23.45507529294824,25.345762139075116,0.4496529651755884,7.432903225806452,4.100000000000001,9.55,1.3344618186645376,0.7085235262616059,0.4539761277216749,1.125403854694864,0.13341450826484239
10.581404,105.200348,2022-04-10,19.909354838709675,13.91,25.27,2.21220796940431,81.36967741935482,72.53,87.54,2.92292990863285,28.021612903225805,26.71,29.39,0.6336585870915009,32.13967741935485,29.09,34.49,1.15118868123896,24.706774193548394,23.23,25.96,0.6664997016032738,1.8893548387096775,1.1,2.83,0.5194347764567905,24.510502053587818,23.45507529294824,25.345762139075116,0.4496529651755884,7.432903225806452,4.100000000000001,9.55,1.3344618186645376,0.7085235262616059,0.4539761277216749,1.125403854694864,0.13341450826484239
10.585739,105.193578,2022-04-10,19.909354838709675,13.91,25.27,2.21220796940431,81.36967741935482,72.53,87.54,2.92292990863285,28.021612903225805,26.71,29.39,0.6336585870915009,32.13967741935485,29.09,34.49,1.15118868123896,24.706774193548394,23.23,25.96,0.6664997016032738,1.8893548387096775,1.1,2.83,0.5194347764567905,24.510502053587818,23.45507529294824,25.345762139075116,0.4496529651755884,7.432903225806452,4.100000000000001,9.55,1.3344618186645376,0.7085235262616059,0.4539761277216749,1.125403854694864,0.13341450826484239
10.590564,105.128439,2022-04-10,19.909354838709675,13.91,25.27,2.21220796940431,81.36967741935482,72.53,87.54,2.92292990863285,28.021612903225805,26.71,29.39,0.6336585870915009,32.13967741935485,29.09,34.49,1.15118868123896,24.706774193548394,23.23,25.96,0.6664997016032738,1.8893548387096775,1.1,2.83,0.5194347764567905,24.510502053587818,23.45507529294824,25.345762139075116,0.4496529651755884,7.432903225806452,4.100000000000001,9.55,1.3344618186645376,0.7085235262616059,0.4539761277216749,1.125403854694864,0.13341450826484239
10.593644,105.075243,2022-04-10,19.909354838709675,13.91,25.27,2.21220796940431,81.36967741935482,72.53,87.54,2.92292990863285,28.021612903225805,26.71,29.39,0.6336585870915009,32.13967741935485,29.09,34.49,1.15118868123896,24.706774193548394,23.23,25.96,0.6664997016032738,1.8893548387096775,1.1,2.83,0.5194347764567905,24.510502053587818,23.45507529294824,25.345762139075116,0.4496529651755884,7.432903225806452,4.100000000000001,9.55,1.3344618186645376,0.7085235262616059,0.4539761277216749,1.125403854694864,0.13341450826484239
10.603094,105.127872,2022-04-10,19.909354838709675,13.91,25.27,2.21220796940431,81.36967741935482,72.53,87.54,2.92292990863285,28.021612903225805,26.71,29.39,0.6336585870915009,32.13967741935485,29.09,34.49,1.15118868123896,24.706774193548394,23.23,25.96,0.6664997016032738,1.8893548387096775,1.1,2.83,0.5194347764567905,24.510502053587818,23.45507529294824,25.345762139075116,0.4496529651755884,7.432903225806452,4.100000000000001,9.55,1.3344618186645376,0.7085235262616059,0.4539761277216749,1.125403854694864,0.13341450826484239
10.612095,105.141919,2022-04-10,19.909354838709675,13.91,25.27,2.21220796940431,81.36967741935482,72.53,87.54,2.92292990863285,28.021612903225805,26.71,29.39,0.6336585870915009,32.13967741935485,29.09,34.49,1.15118868123896,24.706774193548394,23.23,25.96,0.6664997016032738,1.8893548387096775,1.1,2.83,0.5194347764567905,24.510502053587818,23.45507529294824,25.345762139075116,0.4496529651755884,7.432903225806452,4.100000000000001,9.55,1.3344618186645376,0.7085235262616059,0.4539761277216749,1.125403854694864,0.13341450826484239
10.619493,105.095029,2022-04-10,19.909354838709675,13.91,25.27,2.21220796940431,81.36967741935482,72.53,87.54,2.92292990863285,28.021612903225805,26.71,29.39,0.6336585870915009,32.13967741935485,29.09,34.49,1.15118868123896,24.706774193548394,23.23,25.96,0.6664997016032738,1.8893548387096775,1.1,2.83,0.5194347764567905,24.510502053587818,23.45507529294824,25.345762139075116,0.4496529651755884,7.432903225806452,4.100000000000001,9.55,1.3344618186645376,0.7085235262616059,0.4539761277216749,1.125403854694864,0.13341450826484239
10.626774,105.140369,2022-04-10,19.909354838709675,13.91,25.27,2.21220796940431,81.36967741935482,72.53,87.54,2.92292990863285,28.021612903225805,26.71,29.39,0.6336585870915009,32.13967741935485,29.09,34.49,1.15118868123896,24.706774193548394,23.23,25.96,0.6664997016032738,1.8893548387096775,1.1,2.83,0.5194347764567905,24.510502053587818,23.45507529294824,25.345762139075116,0.4496529651755884,7.432903225806452,4.100000000000001,9.55,1.3344618186645376,0.7085235262616059,0.4539761277216749,1.125403854694864,0.13341450826484239
10.628311,105.12253,2022-04-10,19.909354838709675,13.91,25.27,2.21220796940431,81.36967741935482,72.53,87.54,2.92292990863285,28.021612903225805,26.71,29.39,0.6336585870915009,32.13967741935485,29.09,34.49,1.15118868123896,24.706774193548394,23.23,25.96,0.6664997016032738,1.8893548387096775,1.1,2.83,0.5194347764567905,24.510502053587818,23.45507529294824,25.345762139075116,0.4496529651755884,7.432903225806452,4.100000000000001,9.55,1.3344618186645376,0.7085235262616059,0.4539761277216749,1.125403854694864,0.13341450826484239
10.634849,105.13078,2022-04-10,19.909354838709675,13.91,25.27,2.21220796940431,81.36967741935482,72.53,87.54,2.92292990863285,28.021612903225805,26.71,29.39,0.6336585870915009,32.13967741935485,29.09,34.49,1.15118868123896,24.706774193548394,23.23,25.96,0.6664997016032738,1.8893548387096775,1.1,2.83,0.5194347764567905,24.510502053587818,23.45507529294824,25.345762139075116,0.4496529651755884,7.432903225806452,4.100000000000001,9.55,1.3344618186645376,0.7085235262616059,0.4539761277216749,1.125403854694864,0.13341450826484239
10.636733,105.155635,2022-04-10,19.909354838709675,13.91,25.27,2.21220796940431,81.36967741935482,72.53,87.54,2.92292990863285,28.021612903225805,26.71,29.39,0.6336585870915009,32.13967741935485,29.09,34.49,1.15118868123896,24.706774193548394,23.23,25.96,0.6664997016032738,1.8893548387096775,1.1,2.83,0.5194347764567905,24.510502053587818,23.45507529294824,25.345762139075116,0.4496529651755884,7.432903225806452,4.100000000000001,9.55,1.3344618186645376,0.7085235262616059,0.4539761277216749,1.125403854694864,0.13341450826484239
10.64394,105.165296,2022-04-10,19.909354838709675,13.91,25.27,2.21220796940431,81.36967741935482,72.53,87.54,2.92292990863285,28.021612903225805,26.71,29.39,0.6336585870915009,32.13967741935485,29.09,34.49,1.15118868123896,24.706774193548394,23.23,25.96,0.6664997016032738,1.8893548387096775,1.1,2.83,0.5194347764567905,24.510502053587818,23.45507529294824,25.345762139075116,0.4496529651755884,7.432903225806452,4.100000000000001,9.55,1.3344618186645376,0.7085235262616059,0.4539761277216749,1.125403854694864,0.13341450826484239
10.64683,105.119494,2022-04-10,19.909354838709675,13.91,25.27,2.21220796940431,81.36967741935482,72.53,87.54,2.92292990863285,28.021612903225805,26.71,29.39,0.6336585870915009,32.13967741935485,29.09,34.49,1.15118868123896,24.706774193548394,23.23,25.96,0.6664997016032738,1.8893548387096775,1.1,2.83,0.5194347764567905,24.510502053587818,23.45507529294824,25.345762139075116,0.4496529651755884,7.432903225806452,4.100000000000001,9.55,1.3344618186645376,0.7085235262616059,0.4539761277216749,1.125403854694864,0.13341450826484239
10.649258,105.142121,2022-04-10,19.909354838709675,13.91,25.27,2.21220796940431,81.36967741935482,72.53,87.54,2.92292990863285,28.021612903225805,26.71,29.39,0.6336585870915009,32.13967741935485,29.09,34.49,1.15118868123896,24.706774193548394,23.23,25.96,0.6664997016032738,1.8893548387096775,1.1,2.83,0.5194347764567905,24.510502053587818,23.45507529294824,25.345762139075116,0.4496529651755884,7.432903225806452,4.100000000000001,9.55,1.3344618186645376,0.7085235262616059,0.4539761277216749,1.125403854694864,0.13341450826484239
10.653314,105.174185,2022-04-10,19.909354838709675,13.91,25.27,2.21220796940431,81.36967741935482,72.53,87.54,2.92292990863285,28.021612903225805,26.71,29.39,0.6336585870915009,32.13967741935485,29.09,34.49,1.15118868123896,24.706774193548394,23.23,25.96,0.6664997016032738,1.8893548387096775,1.1,2.83,0.5194347764567905,24.510502053587818,23.45507529294824,25.345762139075116,0.4496529651755884,7.432903225806452,4.100000000000001,9.55,1.3344618186645376,0.7085235262616059,0.4539761277216749,1.125403854694864,0.13341450826484239
10.663484,105.168203,2022-04-10,19.909354838709675,13.91,25.27,2.21220796940431,81.36967741935482,72.53,87.54,2.92292990863285,28.021612903225805,26.71,29.39,0.6336585870915009,32.13967741935485,29.09,34.49,1.15118868123896,24.706774193548394,23.23,25.96,0.6664997016032738,1.8893548387096775,1.1,2.83,0.5194347764567905,24.510502053587818,23.45507529294824,25.345762139075116,0.4496529651755884,7.432903225806452,4.100000000000001,9.55,1.3344618186645376,0.7085235262616059,0.4539761277216749,1.125403854694864,0.13341450826484239
10.676956,105.147011,2022-04-10,19.909354838709675,13.91,25.27,2.21220796940431,81.36967741935482,72.53,87.54,2.92292990863285,28.021612903225805,26.71,29.39,0.6336585870915009,32.13967741935485,29.09,34.49,1.15118868123896,24.706774193548394,23.23,25.96,0.6664997016032738,1.8893548387096775,1.1,2.83,0.5194347764567905,24.510502053587818,23.45507529294824,25.345762139075116,0.4496529651755884,7.432903225806452,4.100000000000001,9.55,1.3344618186645376,0.7085235262616059,0.4539761277216749,1.125403854694864,0.13341450826484239
10.327543,105.350908,2022-04-12,19.84096774193548,13.91,23.06,2.0541010981789727,81.22225806451614,75.46,86.78,2.8685364478698117,27.973870967741938,26.95,29.63,0.6326272786351037,32.39193548387097,30.27,34.53,1.2250145999257385,24.430967741935476,22.98,25.33,0.5689795893992731,1.7996774193548384,0.95,2.83,0.46814998886121917,24.43402880242561,23.612946047578802,25.30876125962539,0.41066687700400584,7.960967741935485,5.050000000000001,10.030000000000001,1.3457396451423298,0.7122117193934456,0.48813969021282255,0.9940148112569367,0.13129221498418933
10.331447,105.158675,2022-04-12,19.84096774193548,13.91,23.06,2.0541010981789727,81.34870967741932,75.99,87.54,2.7662210649600905,28.04548387096774,26.71,29.68,0.6736124984937194,32.174838709677424,29.09,34.19,1.178771561134841,24.727419354838716,23.23,25.96,0.6925640426514919,1.8900000000000001,1.07,2.83,0.5223520009564678,24.53048136343193,23.45507529294824,25.345762139075116,0.4358995080669784,7.4474193548387095,4.100000000000001,9.219999999999999,1.3216777405812548,0.7104642583457828,0.4539761277216749,1.000209663814001,0.12875196485454118
10.33791,105.357013,2022-04-12,19.84096774193548,13.91,23.06,2.0541010981789727,81.22225806451614,75.46,86.78,2.8685364478698117,27.973870967741938,26.95,29.63,0.6326272786351037,32.39193548387097,30.27,34.53,1.2250145999257385,24.430967741935476,22.98,25.33,0.5689795893992731,1.7996774193548384,0.95,2.83,0.46814998886121917,24.43402880242561,23.612946047578802,25.30876125962539,0.41066687700400584,7.960967741935485,5.050000000000001,10.030000000000001,1.3457396451423298,0.7122117193934456,0.48813969021282255,0.9940148112569367,0.13129221498418933
10.339092,105.325101,2022-04-12,19.84096774193548,13.91,23.06,2.0541010981789727,81.22225806451614,75.46,86.78,2.8685364478698117,27.973870967741938,26.95,29.63,0.6326272786351037,32.39193548387097,30.27,34.53,1.2250145999257385,24.430967741935476,22.98,25.33,0.5689795893992731,1.7996774193548384,0.95,2.83,0.46814998886121917,24.43402880242561,23.612946047578802,25.30876125962539,0.41066687700400584,7.960967741935485,5.050000000000001,10.030000000000001,1.3457396451423298,0.7122117193934456,0.48813969021282255,0.9940148112569367,0.13129221498418933
10.340626,105.172116,2022-04-12,19.84096774193548,13.91,23.06,2.0541010981789727,81.34870967741932,75.99,87.54,2.7662210649600905,28.04548387096774,26.71,29.68,0.6736124984937194,32.174838709677424,29.09,34.19,1.178771561134841,24.727419354838716,23.23,25.96,0.6925640426514919,1.8900000000000001,1.07,2.83,0.5223520009564678,24.53048136343193,23.45507529294824,25.345762139075116,0.4358995080669784,7.4474193548387095,4.100000000000001,9.219999999999999,1.3216777405812548,0.7104642583457828,0.4539761277216749,1.000209663814001,0.12875196485454118
10.342217,105.346028,2022-04-12,19.84096774193548,13.91,23.06,2.0541010981789727,81.22225806451614,75.46,86.78,2.8685364478698117,27.973870967741938,26.95,29.63,0.6326272786351037,32.39193548387097,30.27,34.53,1.2250145999257385,24.430967741935476,22.98,25.33,0.5689795893992731,1.7996774193548384,0.95,2.83,0.46814998886121917,24.43402880242561,23.612946047578802,25.30876125962539,0.41066687700400584,7.960967741935485,5.050000000000001,10.030000000000001,1.3457396451423298,0.7122117193934456,0.48813969021282255,0.9940148112569367,0.13129221498418933
10.342299,105.365285,2022-04-12,19.84096774193548,13.91,23.06,2.0541010981789727,81.22225806451614,75.46,86.78,2.8685364478698117,27.973870967741938,26.95,29.63,0.6326272786351037,32.39193548387097,30.27,34.53,1.2250145999257385,24.430967741935476,22.98,25.33,0.5689795893992731,1.7996774193548384,0.95,2.83,0.46814998886121917,24.43402880242561,23.612946047578802,25.30876125962539,0.41066687700400584,7.960967741935485,5.050000000000001,10.030000000000001,1.3457396451423298,0.7122117193934456,0.48813969021282255,0.9940148112569367,0.13129221498418933
10.342809,105.315657,2022-04-12,19.84096774193548,13.91,23.06,2.0541010981789727,81.22225806451614,75.46,86.78,2.8685364478698117,27.973870967741938,26.95,29.63,0.6326272786351037,32.39193548387097,30.27,34.53,1.2250145999257385,24.430967741935476,22.98,25.33,0.5689795893992731,1.7996774193548384,0.95,2.83,0.46814998886121917,24.43402880242561,23.612946047578802,25.30876125962539,0.41066687700400584,7.960967741935485,5.050000000000001,10.030000000000001,1.3457396451423298,0.7122117193934456,0.48813969021282255,0.9940148112569367,0.13129221498418933
10.345924,105.270456,2022-04-12,19.84096774193548,13.91,23.06,2.0541010981789727,81.34870967741932,75.99,87.54,2.7662210649600905,28.04548387096774,26.71,29.68,0.6736124984937194,32.174838709677424,29.09,34.19,1.178771561134841,24.727419354838716,23.23,25.96,0.6925640426514919,1.8900000000000001,1.07,2.83,0.5223520009564678,24.53048136343193,23.45507529294824,25.345762139075116,0.4358995080669784,7.4474193548387095,4.100000000000001,9.219999999999999,1.3216777405812548,0.7104642583457828,0.4539761277216749,1.000209663814001,0.12875196485454118
10.346876,105.206507,2022-04-12,19.84096774193548,13.91,23.06,2.0541010981789727,81.34870967741932,75.99,87.54,2.7662210649600905,28.04548387096774,26.71,29.68,0.6736124984937194,32.174838709677424,29.09,34.19,1.178771561134841,24.727419354838716,23.23,25.96,0.6925640426514919,1.8900000000000001,1.07,2.83,0.5223520009564678,24.53048136343193,23.45507529294824,25.345762139075116,0.4358995080669784,7.4474193548387095,4.100000000000001,9.219999999999999,1.3216777405812548,0.7104642583457828,0.4539761277216749,1.000209663814001,0.12875196485454118
10.358094,105.189541,2022-04-12,19.84096774193548,13.91,23.06,2.0541010981789727,81.34870967741932,75.99,87.54,2.7662210649600905,28.04548387096774,26.71,29.68,0.6736124984937194,32.174838709677424,29.09,34.19,1.178771561134841,24.727419354838716,23.23,25.96,0.6925640426514919,1.8900000000000001,1.07,2.83,0.5223520009564678,24.53048136343193,23.45507529294824,25.345762139075116,0.4358995080669784,7.4474193548387095,4.100000000000001,9.219999999999999,1.3216777405812548,0.7104642583457828,0.4539761277216749,1.000209663814001,0.12875196485454118
10.35853,105.127583,2022-04-12,19.84096774193548,13.91,23.06,2.0541010981789727,81.34870967741932,75.99,87.54,2.7662210649600905,28.04548387096774,26.71,29.68,0.6736124984937194,32.174838709677424,29.09,34.19,1.178771561134841,24.727419354838716,23.23,25.96,0.6925640426514919,1.8900000000000001,1.07,2.83,0.5223520009564678,24.53048136343193,23.45507529294824,25.345762139075116,0.4358995080669784,7.4474193548387095,4.100000000000001,9.219999999999999,1.3216777405812548,0.7104642583457828,0.4539761277216749,1.000209663814001,0.12875196485454118
10.364419,105.164984,2022-04-12,19.84096774193548,13.91,23.06,2.0541010981789727,81.34870967741932,75.99,87.54,2.7662210649600905,28.04548387096774,26.71,29.68,0.6736124984937194,32.174838709677424,29.09,34.19,1.178771561134841,24.727419354838716,23.23,25.96,0.6925640426514919,1.8900000000000001,1.07,2.83,0.5223520009564678,24.53048136343193,23.45507529294824,25.345762139075116,0.4358995080669784,7.4474193548387095,4.100000000000001,9.219999999999999,1.3216777405812548,0.7104642583457828,0.4539761277216749,1.000209663814001,0.12875196485454118
10.368014,105.238516,2022-04-12,19.84096774193548,13.91,23.06,2.0541010981789727,81.34870967741932,75.99,87.54,2.7662210649600905,28.04548387096774,26.71,29.68,0.6736124984937194,32.174838709677424,29.09,34.19,1.178771561134841,24.727419354838716,23.23,25.96,0.6925640426514919,1.8900000000000001,1.07,2.83,0.5223520009564678,24.53048136343193,23.45507529294824,25.345762139075116,0.4358995080669784,7.4474193548387095,4.100000000000001,9.219999999999999,1.3216777405812548,0.7104642583457828,0.4539761277216749,1.000209663814001,0.12875196485454118
10.368598,105.136423,2022-04-12,19.84096774193548,13.91,23.06,2.0541010981789727,81.34870967741932,75.99,87.54,2.7662210649600905,28.04548387096774,26.71,29.68,0.6736124984937194,32.174838709677424,29.09,34.19,1.178771561134841,24.727419354838716,23.23,25.96,0.6925640426514919,1.8900000000000001,1.07,2.83,0.5223520009564678,24.53048136343193,23.45507529294824,25.345762139075116,0.4358995080669784,7.4474193548387095,4.100000000000001,9.219999999999999,1.3216777405812548,0.7104642583457828,0.4539761277216749,1.000209663814001,0.12875196485454118
10.467721,105.192464,2022-04-12,19.84096774193548,13.91,23.06,2.0541010981789727,81.34870967741932,75.99,87.54,2.7662210649600905,28.04548387096774,26.71,29.68,0.6736124984937194,32.174838709677424,29.09,34.19,1.178771561134841,24.727419354838716,23.23,25.96,0.6925640426514919,1.8900000000000001,1.07,2.83,0.5223520009564678,24.53048136343193,23.45507529294824,25.345762139075116,0.4358995080669784,7.4474193548387095,4.100000000000001,9.219999999999999,1.3216777405812548,0.7104642583457828,0.4539761277216749,1.000209663814001,0.12875196485454118
10.557185,105.227883,2022-04-12,19.84096774193548,13.91,23.06,2.0541010981789727,81.34870967741932,75.99,87.54,2.7662210649600905,28.04548387096774,26.71,29.68,0.6736124984937194,32.174838709677424,29.09,34.19,1.178771561134841,24.727419354838716,23.23,25.96,0.6925640426514919,1.8900000000000001,1.07,2.83,0.5223520009564678,24.53048136343193,23.45507529294824,25.345762139075116,0.4358995080669784,7.4474193548387095,4.100000000000001,9.219999999999999,1.3216777405812548,0.7104642583457828,0.4539761277216749,1.000209663814001,0.12875196485454118
10.595261,105.15779,2022-04-12,19.84096774193548,13.91,23.06,2.0541010981789727,81.34870967741932,75.99,87.54,2.7662210649600905,28.04548387096774,26.71,29.68,0.6736124984937194,32.174838709677424,29.09,34.19,1.178771561134841,24.727419354838716,23.23,25.96,0.6925640426514919,1.8900000000000001,1.07,2.83,0.5223520009564678,24.53048136343193,23.45507529294824,25.345762139075116,0.4358995080669784,7.4474193548387095,4.100000000000001,9.219999999999999,1.3216777405812548,0.7104642583457828,0.4539761277216749,1.000209663814001,0.12875196485454118
10.599524,105.186221,2022-04-12,19.84096774193548,13.91,23.06,2.0541010981789727,81.34870967741932,75.99,87.54,2.7662210649600905,28.04548387096774,26.71,29.68,0.6736124984937194,32.174838709677424,29.09,34.19,1.178771561134841,24.727419354838716,23.23,25.96,0.6925640426514919,1.8900000000000001,1.07,2.83,0.5223520009564678,24.53048136343193,23.45507529294824,25.345762139075116,0.4358995080669784,7.4474193548387095,4.100000000000001,9.219999999999999,1.3216777405812548,0.7104642583457828,0.4539761277216749,1.000209663814001,0.12875196485454118
10.603991,105.147312,2022-04-12,19.84096774193548,13.91,23.06,2.0541010981789727,81.34870967741932,75.99,87.54,2.7662210649600905,28.04548387096774,26.71,29.68,0.6736124984937194,32.174838709677424,29.09,34.19,1.178771561134841,24.727419354838716,23.23,25.96,0.6925640426514919,1.8900000000000001,1.07,2.83,0.5223520009564678,24.53048136343193,23.45507529294824,25.345762139075116,0.4358995080669784,7.4474193548387095,4.100000000000001,9.219999999999999,1.3216777405812548,0.7104642583457828,0.4539761277216749,1.000209663814001,0.12875196485454118
10.605148,105.164514,2022-04-12,19.84096774193548,13.91,23.06,2.0541010981789727,81.34870967741932,75.99,87.54,2.7662210649600905,28.04548387096774,26.71,29.68,0.6736124984937194,32.174838709677424,29.09,34.19,1.178771561134841,24.727419354838716,23.23,25.96,0.6925640426514919,1.8900000000000001,1.07,2.83,0.5223520009564678,24.53048136343193,23.45507529294824,25.345762139075116,0.4358995080669784,7.4474193548387095,4.100000000000001,9.219999999999999,1.3216777405812548,0.7104642583457828,0.4539761277216749,1.000209663814001,0.12875196485454118
10.61225,105.175364,2022-04-12,19.84096774193548,13.91,23.06,2.0541010981789727,81.34870967741932,75.99,87.54,2.7662210649600905,28.04548387096774,26.71,29.68,0.6736124984937194,32.174838709677424,29.09,34.19,1.178771561134841,24.727419354838716,23.23,25.96,0.6925640426514919,1.8900000000000001,1.07,2.83,0.5223520009564678,24.53048136343193,23.45507529294824,25.345762139075116,0.4358995080669784,7.4474193548387095,4.100000000000001,9.219999999999999,1.3216777405812548,0.7104642583457828,0.4539761277216749,1.000209663814001,0.12875196485454118
10.630244,105.19128,2022-04-12,19.84096774193548,13.91,23.06,2.0541010981789727,81.34870967741932,75.99,87.54,2.7662210649600905,28.04548387096774,26.71,29.68,0.6736124984937194,32.174838709677424,29.09,34.19,1.178771561134841,24.727419354838716,23.23,25.96,0.6925640426514919,1.8900000000000001,1.07,2.83,0.5223520009564678,24.53048136343193,23.45507529294824,25.345762139075116,0.4358995080669784,7.4474193548387095,4.100000000000001,9.219999999999999,1.3216777405812548,0.7104642583457828,0.4539761277216749,1.000209663814001,0.12875196485454118
10.29466,105.248528,2022-04-13,19.827096774193546,13.91,23.06,2.056793924703997,81.51387096774191,75.99,87.54,2.6707576277025455,28.03193548387096,26.71,29.68,0.6562671532865486,32.16709677419355,29.09,34.19,1.1725879664323067,24.74096774193549,23.23,26.08,0.7144379917954444,1.9222580645161291,1.07,2.83,0.5030917935700643,24.55211244592468,23.45507529294824,25.37939711490254,0.4601753959938378,7.426129032258065,4.100000000000001,9.219999999999999,1.3248436972187903,0.7032617809904468,0.4539761277216749,1.000209663814001,0.12326149258240529
10.303589,105.234936,2022-04-13,19.827096774193546,13.91,23.06,2.056793924703997,81.51387096774191,75.99,87.54,2.6707576277025455,28.03193548387096,26.71,29.68,0.6562671532865486,32.16709677419355,29.09,34.19,1.1725879664323067,24.74096774193549,23.23,26.08,0.7144379917954444,1.9222580645161291,1.07,2.83,0.5030917935700643,24.55211244592468,23.45507529294824,25.37939711490254,0.4601753959938378,7.426129032258065,4.100000000000001,9.219999999999999,1.3248436972187903,0.7032617809904468,0.4539761277216749,1.000209663814001,0.12326149258240529
10.304295,105.27046,2022-04-13,19.827096774193546,13.91,23.06,2.056793924703997,81.51387096774191,75.99,87.54,2.6707576277025455,28.03193548387096,26.71,29.68,0.6562671532865486,32.16709677419355,29.09,34.19,1.1725879664323067,24.74096774193549,23.23,26.08,0.7144379917954444,1.9222580645161291,1.07,2.83,0.5030917935700643,24.55211244592468,23.45507529294824,25.37939711490254,0.4601753959938378,7.426129032258065,4.100000000000001,9.219999999999999,1.3248436972187903,0.7032617809904468,0.4539761277216749,1.000209663814001,0.12326149258240529
10.307585,105.254064,2022-04-13,19.827096774193546,13.91,23.06,2.056793924703997,81.51387096774191,75.99,87.54,2.6707576277025455,28.03193548387096,26.71,29.68,0.6562671532865486,32.16709677419355,29.09,34.19,1.1725879664323067,24.74096774193549,23.23,26.08,0.7144379917954444,1.9222580645161291,1.07,2.83,0.5030917935700643,24.55211244592468,23.45507529294824,25.37939711490254,0.4601753959938378,7.426129032258065,4.100000000000001,9.219999999999999,1.3248436972187903,0.7032617809904468,0.4539761277216749,1.000209663814001,0.12326149258240529
10.319903,105.230831,2022-04-13,19.827096774193546,13.91,23.06,2.056793924703997,81.51387096774191,75.99,87.54,2.6707576277025455,28.03193548387096,26.71,29.68,0.6562671532865486,32.16709677419355,29.09,34.19,1.1725879664323067,24.74096774193549,23.23,26.08,0.7144379917954444,1.9222580645161291,1.07,2.83,0.5030917935700643,24.55211244592468,23.45507529294824,25.37939711490254,0.4601753959938378,7.426129032258065,4.100000000000001,9.219999999999999,1.3248436972187903,0.7032617809904468,0.4539761277216749,1.000209663814001,0.12326149258240529
10.331036,105.232626,2022-04-13,19.827096774193546,13.91,23.06,2.056793924703997,81.51387096774191,75.99,87.54,2.6707576277025455,28.03193548387096,26.71,29.68,0.6562671532865486,32.16709677419355,29.09,34.19,1.1725879664323067,24.74096774193549,23.23,26.08,0.7144379917954444,1.9222580645161291,1.07,2.83,0.5030917935700643,24.55211244592468,23.45507529294824,25.37939711490254,0.4601753959938378,7.426129032258065,4.100000000000001,9.219999999999999,1.3248436972187903,0.7032617809904468,0.4539761277216749,1.000209663814001,0.12326149258240529
10.33114,105.278682,2022-04-13,19.827096774193546,13.91,23.06,2.056793924703997,81.51387096774191,75.99,87.54,2.6707576277025455,28.03193548387096,26.71,29.68,0.6562671532865486,32.16709677419355,29.09,34.19,1.1725879664323067,24.74096774193549,23.23,26.08,0.7144379917954444,1.9222580645161291,1.07,2.83,0.5030917935700643,24.55211244592468,23.45507529294824,25.37939711490254,0.4601753959938378,7.426129032258065,4.100000000000001,9.219999999999999,1.3248436972187903,0.7032617809904468,0.4539761277216749,1.000209663814001,0.12326149258240529
10.332664,105.264027,2022-04-13,19.827096774193546,13.91,23.06,2.056793924703997,81.51387096774191,75.99,87.54,2.6707576277025455,28.03193548387096,26.71,29.68,0.6562671532865486,32.16709677419355,29.09,34.19,1.1725879664323067,24.74096774193549,23.23,26.08,0.7144379917954444,1.9222580645161291,1.07,2.83,0.5030917935700643,24.55211244592468,23.45507529294824,25.37939711490254,0.4601753959938378,7.426129032258065,4.100000000000001,9.219999999999999,1.3248436972187903,0.7032617809904468,0.4539761277216749,1.000209663814001,0.12326149258240529
10.28859,105.207594,2022-04-16,19.19161290322581,6.76,23.06,3.087509798102978,81.8083870967742,75.99,87.54,2.407540703135228,28.00967741935483,26.71,29.68,0.6404659789054182,32.08741935483871,29.09,34.19,1.1353327428752968,24.79129032258065,23.23,26.08,0.7319295838486098,1.9193548387096775,0.76,2.83,0.5419614049100459,24.592665358464867,23.45507529294824,25.37939711490254,0.45388546077394226,7.296129032258064,4.100000000000001,9.190000000000001,1.2928480124711783,0.6907990977557419,0.4539761277216749,1.000209663814001,0.11216900376122681
10.309139,105.215737,2022-04-16,19.19161290322581,6.76,23.06,3.087509798102978,81.8083870967742,75.99,87.54,2.407540703135228,28.00967741935483,26.71,29.68,0.6404659789054182,32.08741935483871,29.09,34.19,1.1353327428752968,24.79129032258065,23.23,26.08,0.7319295838486098,1.9193548387096775,0.76,2.83,0.5419614049100459,24.592665358464867,23.45507529294824,25.37939711490254,0.45388546077394226,7.296129032258064,4.100000000000001,9.190000000000001,1.2928480124711783,0.6907990977557419,0.4539761277216749,1.000209663814001,0.11216900376122681
10.318227,105.218967,2022-04-16,19.19161290322581,6.76,23.06,3.087509798102978,81.8083870967742,75.99,87.54,2.407540703135228,28.00967741935483,26.71,29.68,0.6404659789054182,32.08741935483871,29.09,34.19,1.1353327428752968,24.79129032258065,23.23,26.08,0.7319295838486098,1.9193548387096775,0.76,2.83,0.5419614049100459,24.592665358464867,23.45507529294824,25.37939711490254,0.45388546077394226,7.296129032258064,4.100000000000001,9.190000000000001,1.2928480124711783,0.6907990977557419,0.4539761277216749,1.000209663814001,0.11216900376122681
10.321392,105.177554,2022-04-16,19.19161290322581,6.76,23.06,3.087509798102978,81.8083870967742,75.99,87.54,2.407540703135228,28.00967741935483,26.71,29.68,0.6404659789054182,32.08741935483871,29.09,34.19,1.1353327428752968,24.79129032258065,23.23,26.08,0.7319295838486098,1.9193548387096775,0.76,2.83,0.5419614049100459,24.592665358464867,23.45507529294824,25.37939711490254,0.45388546077394226,7.296129032258064,4.100000000000001,9.190000000000001,1.2928480124711783,0.6907990977557419,0.4539761277216749,1.000209663814001,0.11216900376122681
10.327832,105.216844,2022-04-16,19.19161290322581,6.76,23.06,3.087509798102978,81.8083870967742,75.99,87.54,2.407540703135228,28.00967741935483,26.71,29.68,0.6404659789054182,32.08741935483871,29.09,34.19,1.1353327428752968,24.79129032258065,23.23,26.08,0.7319295838486098,1.9193548387096775,0.76,2.83,0.5419614049100459,24.592665358464867,23.45507529294824,25.37939711490254,0.45388546077394226,7.296129032258064,4.100000000000001,9.190000000000001,1.2928480124711783,0.6907990977557419,0.4539761277216749,1.000209663814001,0.11216900376122681
10.23625,105.234527,2022-04-20,19.000967741935483,6.76,23.06,3.2424307437463753,81.6583870967742,74.08,85.88,2.5914438580665653,28.261290322580642,26.55,29.91,0.6185870577136766,31.69225806451613,28.62,33.56,1.070766110051567,25.599354838709676,24.17,26.83,0.6754875681569947,2.259354838709678,0.87,3.54,0.6370391970715924,24.805814225602152,23.849394830057367,25.479693994172923,0.44373380221228736,6.092903225806452,3.6799999999999997,8.16,1.142262027304529,0.7068426882753385,0.514593306989049,1.094137791396107,0.12118226529683135
10.244181,105.230614,2022-04-20,19.000967741935483,6.76,23.06,3.2424307437463753,81.6583870967742,74.08,85.88,2.5914438580665653,28.261290322580642,26.55,29.91,0.6185870577136766,31.69225806451613,28.62,33.56,1.070766110051567,25.599354838709676,24.17,26.83,0.6754875681569947,2.259354838709678,0.87,3.54,0.6370391970715924,24.805814225602152,23.849394830057367,25.479693994172923,0.44373380221228736,6.092903225806452,3.6799999999999997,8.16,1.142262027304529,0.7068426882753385,0.514593306989049,1.094137791396107,0.12118226529683135
10.257436,105.217205,2022-04-20,19.000967741935483,6.76,23.06,3.2424307437463753,81.84161290322581,75.99,85.84,2.2943649016163477,28.14258064516129,26.71,29.68,0.5514202644195143,32.20258064516129,29.09,34.19,1.0461387305211283,24.931935483870966,23.23,26.1,0.7128200214180598,1.8445161290322578,0.76,2.76,0.47889549475970705,24.72986277647131,23.777922210855053,25.406872372688927,0.41390910772614503,7.2706451612903225,4.100000000000001,9.190000000000001,1.2505377823389554,0.6942976621893057,0.4963262437401275,1.000209663814001,0.10566255843304845
10.265814,105.21507,2022-04-20,19.000967741935483,6.76,23.06,3.2424307437463753,81.84161290322581,75.99,85.84,2.2943649016163477,28.14258064516129,26.71,29.68,0.5514202644195143,32.20258064516129,29.09,34.19,1.0461387305211283,24.931935483870966,23.23,26.1,0.7128200214180598,1.8445161290322578,0.76,2.76,0.47889549475970705,24.72986277647131,23.777922210855053,25.406872372688927,0.41390910772614503,7.2706451612903225,4.100000000000001,9.190000000000001,1.2505377823389554,0.6942976621893057,0.4963262437401275,1.000209663814001,0.10566255843304845
10.275419,105.234563,2022-04-20,19.000967741935483,6.76,23.06,3.2424307437463753,81.84161290322581,75.99,85.84,2.2943649016163477,28.14258064516129,26.71,29.68,0.5514202644195143,32.20258064516129,29.09,34.19,1.0461387305211283,24.931935483870966,23.23,26.1,0.7128200214180598,1.8445161290322578,0.76,2.76,0.47889549475970705,24.72986277647131,23.777922210855053,25.406872372688927,0.41390910772614503,7.2706451612903225,4.100000000000001,9.190000000000001,1.2505377823389554,0.6942976621893057,0.4963262437401275,1.000209663814001,0.10566255843304845
10.275776,105.258985,2022-04-20,19.000967741935483,6.76,23.06,3.2424307437463753,81.84161290322581,75.99,85.84,2.2943649016163477,28.14258064516129,26.71,29.68,0.5514202644195143,32.20258064516129,29.09,34.19,1.0461387305211283,24.931935483870966,23.23,26.1,0.7128200214180598,1.8445161290322578,0.76,2.76,0.47889549475970705,24.72986277647131,23.777922210855053,25.406872372688927,0.41390910772614503,7.2706451612903225,4.100000000000001,9.190000000000001,1.2505377823389554,0.6942976621893057,0.4963262437401275,1.000209663814001,0.10566255843304845
10.280379,105.241273,2022-04-20,19.000967741935483,6.76,23.06,3.2424307437463753,81.84161290322581,75.99,85.84,2.2943649016163477,28.14258064516129,26.71,29.68,0.5514202644195143,32.20258064516129,29.09,34.19,1.0461387305211283,24.931935483870966,23.23,26.1,0.7128200214180598,1.8445161290322578,0.76,2.76,0.47889549475970705,24.72986277647131,23.777922210855053,25.406872372688927,0.41390910772614503,7.2706451612903225,4.100000000000001,9.190000000000001,1.2505377823389554,0.6942976621893057,0.4963262437401275,1.000209663814001,0.10566255843304845
10.281994,105.246519,2022-04-20,19.000967741935483,6.76,23.06,3.2424307437463753,81.84161290322581,75.99,85.84,2.2943649016163477,28.14258064516129,26.71,29.68,0.5514202644195143,32.20258064516129,29.09,34.19,1.0461387305211283,24.931935483870966,23.23,26.1,0.7128200214180598,1.8445161290322578,0.76,2.76,0.47889549475970705,24.72986277647131,23.777922210855053,25.406872372688927,0.41390910772614503,7.2706451612903225,4.100000000000001,9.190000000000001,1.2505377823389554,0.6942976621893057,0.4963262437401275,1.000209663814001,0.10566255843304845
10.283233,105.260351,2022-04-20,19.000967741935483,6.76,23.06,3.2424307437463753,81.84161290322581,75.99,85.84,2.2943649016163477,28.14258064516129,26.71,29.68,0.5514202644195143,32.20258064516129,29.09,34.19,1.0461387305211283,24.931935483870966,23.23,26.1,0.7128200214180598,1.8445161290322578,0.76,2.76,0.47889549475970705,24.72986277647131,23.777922210855053,25.406872372688927,0.41390910772614503,7.2706451612903225,4.100000000000001,9.190000000000001,1.2505377823389554,0.6942976621893057,0.4963262437401275,1.000209663814001,0.10566255843304845
10.227394,105.164987,2022-04-22,18.940645161290323,6.76,23.06,3.225610155317826,81.97709677419356,74.08,87.63,2.9382485385865023,28.29225806451612,26.55,29.91,0.5939138075698024,31.686774193548384,28.62,33.56,1.0725050179498352,25.691290322580645,24.51,26.83,0.6269112296859477,2.311612903225807,0.87,3.7,0.6370957125348443,24.8993108458157,23.849394830057367,25.777882470499044,0.472689385876101,5.995483870967743,3.6799999999999997,8.16,1.1505253742689159,0.6959595286197212,0.46839475950440185,1.094137791396107,0.13282628040989755
10.245058,105.178415,2022-04-22,18.940645161290323,6.76,23.06,3.225610155317826,81.97709677419356,74.08,87.63,2.9382485385865023,28.29225806451612,26.55,29.91,0.5939138075698024,31.686774193548384,28.62,33.56,1.0725050179498352,25.691290322580645,24.51,26.83,0.6269112296859477,2.311612903225807,0.87,3.7,0.6370957125348443,24.8993108458157,23.849394830057367,25.777882470499044,0.472689385876101,5.995483870967743,3.6799999999999997,8.16,1.1505253742689159,0.6959595286197212,0.46839475950440185,1.094137791396107,0.13282628040989755
10.24991,105.206339,2022-04-22,18.940645161290323,6.76,23.06,3.225610155317826,81.97709677419356,74.08,87.63,2.9382485385865023,28.29225806451612,26.55,29.91,0.5939138075698024,31.686774193548384,28.62,33.56,1.0725050179498352,25.691290322580645,24.51,26.83,0.6269112296859477,2.311612903225807,0.87,3.7,0.6370957125348443,24.8993108458157,23.849394830057367,25.777882470499044,0.472689385876101,5.995483870967743,3.6799999999999997,8.16,1.1505253742689159,0.6959595286197212,0.46839475950440185,1.094137791396107,0.13282628040989755
10.254048,105.172039,2022-04-22,18.940645161290323,6.76,23.06,3.225610155317826,82.1632258064516,75.99,87.15,2.5418946287858115,28.169354838709676,26.71,29.68,0.5255592135932123,32.20225806451613,29.09,34.19,1.0551431936989204,25.014838709677417,23.86,26.1,0.6431619018955865,1.8835483870967742,0.76,2.92,0.47532364788566334,24.82040037633427,24.13497977078476,25.52784040443585,0.3997388240606893,7.18741935483871,4.100000000000001,9.190000000000001,1.2495598392567902,0.6832623786177955,0.4820565470696328,1.000209663814001,0.1145618563613711
10.255579,105.190922,2022-04-22,18.940645161290323,6.76,23.06,3.225610155317826,82.1632258064516,75.99,87.15,2.5418946287858115,28.169354838709676,26.71,29.68,0.5255592135932123,32.20225806451613,29.09,34.19,1.0551431936989204,25.014838709677417,23.86,26.1,0.6431619018955865,1.8835483870967742,0.76,2.92,0.47532364788566334,24.82040037633427,24.13497977078476,25.52784040443585,0.3997388240606893,7.18741935483871,4.100000000000001,9.190000000000001,1.2495598392567902,0.6832623786177955,0.4820565470696328,1.000209663814001,0.1145618563613711
10.262681,105.14739,2022-04-22,18.940645161290323,6.76,23.06,3.225610155317826,82.1632258064516,75.99,87.15,2.5418946287858115,28.169354838709676,26.71,29.68,0.5255592135932123,32.20225806451613,29.09,34.19,1.0551431936989204,25.014838709677417,23.86,26.1,0.6431619018955865,1.8835483870967742,0.76,2.92,0.47532364788566334,24.82040037633427,24.13497977078476,25.52784040443585,0.3997388240606893,7.18741935483871,4.100000000000001,9.190000000000001,1.2495598392567902,0.6832623786177955,0.4820565470696328,1.000209663814001,0.1145618563613711
10.262836,105.117192,2022-04-22,18.940645161290323,6.76,23.06,3.225610155317826,82.1632258064516,75.99,87.15,2.5418946287858115,28.169354838709676,26.71,29.68,0.5255592135932123,32.20225806451613,29.09,34.19,1.0551431936989204,25.014838709677417,23.86,26.1,0.6431619018955865,1.8835483870967742,0.76,2.92,0.47532364788566334,24.82040037633427,24.13497977078476,25.52784040443585,0.3997388240606893,7.18741935483871,4.100000000000001,9.190000000000001,1.2495598392567902,0.6832623786177955,0.4820565470696328,1.000209663814001,0.1145618563613711
10.265977,105.125368,2022-04-22,18.940645161290323,6.76,23.06,3.225610155317826,82.1632258064516,75.99,87.15,2.5418946287858115,28.169354838709676,26.71,29.68,0.5255592135932123,32.20225806451613,29.09,34.19,1.0551431936989204,25.014838709677417,23.86,26.1,0.6431619018955865,1.8835483870967742,0.76,2.92,0.47532364788566334,24.82040037633427,24.13497977078476,25.52784040443585,0.3997388240606893,7.18741935483871,4.100000000000001,9.190000000000001,1.2495598392567902,0.6832623786177955,0.4820565470696328,1.000209663814001,0.1145618563613711
10.270486,105.19207,2022-04-22,18.940645161290323,6.76,23.06,3.225610155317826,82.1632258064516,75.99,87.15,2.5418946287858115,28.169354838709676,26.71,29.68,0.5255592135932123,32.20225806451613,29.09,34.19,1.0551431936989204,25.014838709677417,23.86,26.1,0.6431619018955865,1.8835483870967742,0.76,2.92,0.47532364788566334,24.82040037633427,24.13497977078476,25.52784040443585,0.3997388240606893,7.18741935483871,4.100000000000001,9.190000000000001,1.2495598392567902,0.6832623786177955,0.4820565470696328,1.000209663814001,0.1145618563613711
10.279364,105.19089,2022-04-22,18.940645161290323,6.76,23.06,3.225610155317826,82.1632258064516,75.99,87.15,2.5418946287858115,28.169354838709676,26.71,29.68,0.5255592135932123,32.20225806451613,29.09,34.19,1.0551431936989204,25.014838709677417,23.86,26.1,0.6431619018955865,1.8835483870967742,0.76,2.92,0.47532364788566334,24.82040037633427,24.13497977078476,25.52784040443585,0.3997388240606893,7.18741935483871,4.100000000000001,9.190000000000001,1.2495598392567902,0.6832623786177955,0.4820565470696328,1.000209663814001,0.1145618563613711
10.281814,105.114918,2022-04-22,18.940645161290323,6.76,23.06,3.225610155317826,82.1632258064516,75.99,87.15,2.5418946287858115,28.169354838709676,26.71,29.68,0.5255592135932123,32.20225806451613,29.09,34.19,1.0551431936989204,25.014838709677417,23.86,26.1,0.6431619018955865,1.8835483870967742,0.76,2.92,0.47532364788566334,24.82040037633427,24.13497977078476,25.52784040443585,0.3997388240606893,7.18741935483871,4.100000000000001,9.190000000000001,1.2495598392567902,0.6832623786177955,0.4820565470696328,1.000209663814001,0.1145618563613711
10.283009,105.129752,2022-04-22,18.940645161290323,6.76,23.06,3.225610155317826,82.1632258064516,75.99,87.15,2.5418946287858115,28.169354838709676,26.71,29.68,0.5255592135932123,32.20225806451613,29.09,34.19,1.0551431936989204,25.014838709677417,23.86,26.1,0.6431619018955865,1.8835483870967742,0.76,2.92,0.47532364788566334,24.82040037633427,24.13497977078476,25.52784040443585,0.3997388240606893,7.18741935483871,4.100000000000001,9.190000000000001,1.2495598392567902,0.6832623786177955,0.4820565470696328,1.000209663814001,0.1145618563613711
10.284027,105.15814,2022-04-22,18.940645161290323,6.76,23.06,3.225610155317826,82.1632258064516,75.99,87.15,2.5418946287858115,28.169354838709676,26.71,29.68,0.5255592135932123,32.20225806451613,29.09,34.19,1.0551431936989204,25.014838709677417,23.86,26.1,0.6431619018955865,1.8835483870967742,0.76,2.92,0.47532364788566334,24.82040037633427,24.13497977078476,25.52784040443585,0.3997388240606893,7.18741935483871,4.100000000000001,9.190000000000001,1.2495598392567902,0.6832623786177955,0.4820565470696328,1.000209663814001,0.1145618563613711
10.284175,105.143442,2022-04-22,18.940645161290323,6.76,23.06,3.225610155317826,82.1632258064516,75.99,87.15,2.5418946287858115,28.169354838709676,26.71,29.68,0.5255592135932123,32.20225806451613,29.09,34.19,1.0551431936989204,25.014838709677417,23.86,26.1,0.6431619018955865,1.8835483870967742,0.76,2.92,0.47532364788566334,24.82040037633427,24.13497977078476,25.52784040443585,0.3997388240606893,7.18741935483871,4.100000000000001,9.190000000000001,1.2495598392567902,0.6832623786177955,0.4820565470696328,1.000209663814001,0.1145618563613711
10.286013,105.107472,2022-04-22,18.940645161290323,6.76,23.06,3.225610155317826,82.1632258064516,75.99,87.15,2.5418946287858115,28.169354838709676,26.71,29.68,0.5255592135932123,32.20225806451613,29.09,34.19,1.0551431936989204,25.014838709677417,23.86,26.1,0.6431619018955865,1.8835483870967742,0.76,2.92,0.47532364788566334,24.82040037633427,24.13497977078476,25.52784040443585,0.3997388240606893,7.18741935483871,4.100000000000001,9.190000000000001,1.2495598392567902,0.6832623786177955,0.4820565470696328,1.000209663814001,0.1145618563613711
10.262288,105.409359,2022-07-05,16.769677419354835,6.87,22.08,3.821374084794856,90.67870967741938,86.15,94.19,2.035148788942016,26.933870967741942,26.0,27.69,0.46261303706267703,29.690645161290323,27.4,31.11,0.9122073034196071,24.868064516129035,24.1,25.36,0.33833004839079944,2.510967741935484,1.3,3.69,0.6552288683560571,25.27051847992099,24.572449904982665,25.85569627986475,0.36964392748080976,4.822580645161291,2.4399999999999977,6.390000000000001,0.9618160502217147,0.33238483973626637,0.1952996540418091,0.5120479976348612,0.07852879243964851
10.270666,105.424059,2022-07-05,16.769677419354835,6.87,22.08,3.821374084794856,90.67870967741938,86.15,94.19,2.035148788942016,26.933870967741942,26.0,27.69,0.46261303706267703,29.690645161290323,27.4,31.11,0.9122073034196071,24.868064516129035,24.1,25.36,0.33833004839079944,2.510967741935484,1.3,3.69,0.6552288683560571,25.27051847992099,24.572449904982665,25.85569627986475,0.36964392748080976,4.822580645161291,2.4399999999999977,6.390000000000001,0.9618160502217147,0.33238483973626637,0.1952996540418091,0.5120479976348612,0.07852879243964851
10.282741,105.414218,2022-07-05,16.769677419354835,6.87,22.08,3.821374084794856,90.67870967741938,86.15,94.19,2.035148788942016,26.933870967741942,26.0,27.69,0.46261303706267703,29.690645161290323,27.4,31.11,0.9122073034196071,24.868064516129035,24.1,25.36,0.33833004839079944,2.510967741935484,1.3,3.69,0.6552288683560571,25.27051847992099,24.572449904982665,25.85569627986475,0.36964392748080976,4.822580645161291,2.4399999999999977,6.390000000000001,0.9618160502217147,0.33238483973626637,0.1952996540418091,0.5120479976348612,0.07852879243964851
10.292251,105.405536,2022-07-05,16.769677419354835,6.87,22.08,3.821374084794856,90.67870967741938,86.15,94.19,2.035148788942016,26.933870967741942,26.0,27.69,0.46261303706267703,29.690645161290323,27.4,31.11,0.9122073034196071,24.868064516129035,24.1,25.36,0.33833004839079944,2.510967741935484,1.3,3.69,0.6552288683560571,25.27051847992099,24.572449904982665,25.85569627986475,0.36964392748080976,4.822580645161291,2.4399999999999977,6.390000000000001,0.9618160502217147,0.33238483973626637,0.1952996540418091,0.5120479976348612,0.07852879243964851
10.303175,105.416814,2022-07-05,16.769677419354835,6.87,22.08,3.821374084794856,90.67870967741938,86.15,94.19,2.035148788942016,26.933870967741942,26.0,27.69,0.46261303706267703,29.690645161290323,27.4,31.11,0.9122073034196071,24.868064516129035,24.1,25.36,0.33833004839079944,2.510967741935484,1.3,3.69,0.6552288683560571,25.27051847992099,24.572449904982665,25.85569627986475,0.36964392748080976,4.822580645161291,2.4399999999999977,6.390000000000001,0.9618160502217147,0.33238483973626637,0.1952996540418091,0.5120479976348612,0.07852879243964851
10.434624,105.327551,2022-07-10,16.687419354838706,6.87,23.62,4.251678202053742,90.33161290322583,81.27,94.19,2.806237403764179,26.94741935483871,25.66,27.84,0.5602762437430392,29.665806451612905,26.96,31.63,1.1235162952822841,24.787419354838708,23.29,25.36,0.4442533986432018,2.414193548387097,0.86,3.69,0.7904297491526199,25.214997597395016,24.130094953000818,25.85569627986475,0.4244131177698074,4.878387096774194,2.4399999999999977,8.34,1.2624019521791643,0.3461232066336105,0.1952996540418091,0.6932754681442975,0.1100932686993887
10.436532,105.313783,2022-07-10,16.687419354838706,6.87,23.62,4.251678202053742,90.33161290322583,81.27,94.19,2.806237403764179,26.94741935483871,25.66,27.84,0.5602762437430392,29.665806451612905,26.96,31.63,1.1235162952822841,24.787419354838708,23.29,25.36,0.4442533986432018,2.414193548387097,0.86,3.69,0.7904297491526199,25.214997597395016,24.130094953000818,25.85569627986475,0.4244131177698074,4.878387096774194,2.4399999999999977,8.34,1.2624019521791643,0.3461232066336105,0.1952996540418091,0.6932754681442975,0.1100932686993887
10.439647,105.334052,2022-07-10,16.687419354838706,6.87,23.62,4.251678202053742,90.33161290322583,81.27,94.19,2.806237403764179,26.94741935483871,25.66,27.84,0.5602762437430392,29.665806451612905,26.96,31.63,1.1235162952822841,24.787419354838708,23.29,25.36,0.4442533986432018,2.414193548387097,0.86,3.69,0.7904297491526199,25.214997597395016,24.130094953000818,25.85569627986475,0.4244131177698074,4.878387096774194,2.4399999999999977,8.34,1.2624019521791643,0.3461232066336105,0.1952996540418091,0.6932754681442975,0.1100932686993887
10.442271,105.339057,2022-07-10,16.687419354838706,6.87,23.62,4.251678202053742,90.33161290322583,81.27,94.19,2.806237403764179,26.94741935483871,25.66,27.84,0.5602762437430392,29.665806451612905,26.96,31.63,1.1235162952822841,24.787419354838708,23.29,25.36,0.4442533986432018,2.414193548387097,0.86,3.69,0.7904297491526199,25.214997597395016,24.130094953000818,25.85569627986475,0.4244131177698074,4.878387096774194,2.4399999999999977,8.34,1.2624019521791643,0.3461232066336105,0.1952996540418091,0.6932754681442975,0.1100932686993887
10.444036,105.331928,2022-07-10,16.687419354838706,6.87,23.62,4.251678202053742,90.33161290322583,81.27,94.19,2.806237403764179,26.94741935483871,25.66,27.84,0.5602762437430392,29.665806451612905,26.96,31.63,1.1235162952822841,24.787419354838708,23.29,25.36,0.4442533986432018,2.414193548387097,0.86,3.69,0.7904297491526199,25.214997597395016,24.130094953000818,25.85569627986475,0.4244131177698074,4.878387096774194,2.4399999999999977,8.34,1.2624019521791643,0.3461232066336105,0.1952996540418091,0.6932754681442975,0.1100932686993887
10.446006,105.338972,2022-07-10,16.687419354838706,6.87,23.62,4.251678202053742,90.33161290322583,81.27,94.19,2.806237403764179,26.94741935483871,25.66,27.84,0.5602762437430392,29.665806451612905,26.96,31.63,1.1235162952822841,24.787419354838708,23.29,25.36,0.4442533986432018,2.414193548387097,0.86,3.69,0.7904297491526199,25.214997597395016,24.130094953000818,25.85569627986475,0.4244131177698074,4.878387096774194,2.4399999999999977,8.34,1.2624019521791643,0.3461232066336105,0.1952996540418091,0.6932754681442975,0.1100932686993887
10.447125,105.31374,2022-07-10,16.687419354838706,6.87,23.62,4.251678202053742,90.33161290322583,81.27,94.19,2.806237403764179,26.94741935483871,25.66,27.84,0.5602762437430392,29.665806451612905,26.96,31.63,1.1235162952822841,24.787419354838708,23.29,25.36,0.4442533986432018,2.414193548387097,0.86,3.69,0.7904297491526199,25.214997597395016,24.130094953000818,25.85569627986475,0.4244131177698074,4.878387096774194,2.4399999999999977,8.34,1.2624019521791643,0.3461232066336105,0.1952996540418091,0.6932754681442975,0.1100932686993887
10.257715,105.375007,2022-07-12,16.540967741935482,6.87,23.62,4.150304578670536,90.28193548387097,81.27,94.19,2.8630081398314076,26.95064516129032,25.66,27.84,0.558159044763032,29.670322580645166,26.96,31.63,1.1254862286054135,24.798709677419353,23.29,25.36,0.43227635974763906,2.4070967741935485,0.86,3.69,0.8010605613140743,25.20859539611094,24.130094953000818,25.85569627986475,0.42849442648557595,4.871612903225807,2.4399999999999977,8.34,1.256939695666894,0.3479853257929781,0.1952996540418091,0.6932754681442975,0.11201806735996692
10.275826,105.364451,2022-07-12,16.540967741935482,6.87,23.62,4.150304578670536,90.28193548387097,81.27,94.19,2.8630081398314076,26.95064516129032,25.66,27.84,0.558159044763032,29.670322580645166,26.96,31.63,1.1254862286054135,24.798709677419353,23.29,25.36,0.43227635974763906,2.4070967741935485,0.86,3.69,0.8010605613140743,25.20859539611094,24.130094953000818,25.85569627986475,0.42849442648557595,4.871612903225807,2.4399999999999977,8.34,1.256939695666894,0.3479853257929781,0.1952996540418091,0.6932754681442975,0.11201806735996692
10.303437,105.381252,2022-07-12,16.540967741935482,6.87,23.62,4.150304578670536,90.28193548387097,81.27,94.19,2.8630081398314076,26.95064516129032,25.66,27.84,0.558159044763032,29.670322580645166,26.96,31.63,1.1254862286054135,24.798709677419353,23.29,25.36,0.43227635974763906,2.4070967741935485,0.86,3.69,0.8010605613140743,25.20859539611094,24.130094953000818,25.85569627986475,0.42849442648557595,4.871612903225807,2.4399999999999977,8.34,1.256939695666894,0.3479853257929781,0.1952996540418091,0.6932754681442975,0.11201806735996692
10.3037,105.354593,2022-07-12,16.540967741935482,6.87,23.62,4.150304578670536,90.28193548387097,81.27,94.19,2.8630081398314076,26.95064516129032,25.66,27.84,0.558159044763032,29.670322580645166,26.96,31.63,1.1254862286054135,24.798709677419353,23.29,25.36,0.43227635974763906,2.4070967741935485,0.86,3.69,0.8010605613140743,25.20859539611094,24.130094953000818,25.85569627986475,0.42849442648557595,4.871612903225807,2.4399999999999977,8.34,1.256939695666894,0.3479853257929781,0.1952996540418091,0.6932754681442975,0.11201806735996692
10.314233,105.359823,2022-07-12,16.540967741935482,6.87,23.62,4.150304578670536,90.28193548387097,81.27,94.19,2.8630081398314076,26.95064516129032,25.66,27.84,0.558159044763032,29.670322580645166,26.96,31.63,1.1254862286054135,24.798709677419353,23.29,25.36,0.43227635974763906,2.4070967741935485,0.86,3.69,0.8010605613140743,25.20859539611094,24.130094953000818,25.85569627986475,0.42849442648557595,4.871612903225807,2.4399999999999977,8.34,1.256939695666894,0.3479853257929781,0.1952996540418091,0.6932754681442975,0.11201806735996692
10.31856,105.374468,2022-07-12,16.540967741935482,6.87,23.62,4.150304578670536,90.28193548387097,81.27,94.19,2.8630081398314076,26.95064516129032,25.66,27.84,0.558159044763032,29.670322580645166,26.96,31.63,1.1254862286054135,24.798709677419353,23.29,25.36,0.43227635974763906,2.4070967741935485,0.86,3.69,0.8010605613140743,25.20859539611094,24.130094953000818,25.85569627986475,0.42849442648557595,4.871612903225807,2.4399999999999977,8.34,1.256939695666894,0.3479853257929781,0.1952996540418091,0.6932754681442975,0.11201806735996692
10.320676,105.364971,2022-07-12,16.540967741935482,6.87,23.62,4.150304578670536,90.28193548387097,81.27,94.19,2.8630081398314076,26.95064516129032,25.66,27.84,0.558159044763032,29.670322580645166,26.96,31.63,1.1254862286054135,24.798709677419353,23.29,25.36,0.43227635974763906,2.4070967741935485,0.86,3.69,0.8010605613140743,25.20859539611094,24.130094953000818,25.85569627986475,0.42849442648557595,4.871612903225807,2.4399999999999977,8.34,1.256939695666894,0.3479853257929781,0.1952996540418091,0.6932754681442975,0.11201806735996692
10.331447,105.158675,2022-07-12,16.540967741935482,6.87,23.62,4.150304578670536,89.39419354838711,79.44,93.35,3.1090635185758146,27.148709677419355,25.9,28.35,0.5866072045986076,29.53064516129032,26.92,31.62,1.118518419488321,25.30322580645161,24.08,26.12,0.4539389407339632,2.484516129032258,0.53,3.86,0.8744282508410204,25.235579275046547,24.07069434896019,25.902008550533132,0.44329034849891225,4.227419354838711,1.9899999999999984,7.540000000000003,1.2172946412008716,0.38445301131139525,0.22659304192761506,0.7757972023291232,0.12521493636607245
10.334417,105.375498,2022-07-12,16.540967741935482,6.87,23.62,4.150304578670536,90.28193548387097,81.27,94.19,2.8630081398314076,26.95064516129032,25.66,27.84,0.558159044763032,29.670322580645166,26.96,31.63,1.1254862286054135,24.798709677419353,23.29,25.36,0.43227635974763906,2.4070967741935485,0.86,3.69,0.8010605613140743,25.20859539611094,24.130094953000818,25.85569627986475,0.42849442648557595,4.871612903225807,2.4399999999999977,8.34,1.256939695666894,0.3479853257929781,0.1952996540418091,0.6932754681442975,0.11201806735996692
10.34297,105.382435,2022-07-12,16.540967741935482,6.87,23.62,4.150304578670536,90.28193548387097,81.27,94.19,2.8630081398314076,26.95064516129032,25.66,27.84,0.558159044763032,29.670322580645166,26.96,31.63,1.1254862286054135,24.798709677419353,23.29,25.36,0.43227635974763906,2.4070967741935485,0.86,3.69,0.8010605613140743,25.20859539611094,24.130094953000818,25.85569627986475,0.42849442648557595,4.871612903225807,2.4399999999999977,8.34,1.256939695666894,0.3479853257929781,0.1952996540418091,0.6932754681442975,0.11201806735996692
10.35091,105.142796,2022-07-12,16.540967741935482,6.87,23.62,4.150304578670536,89.39419354838711,79.44,93.35,3.1090635185758146,27.148709677419355,25.9,28.35,0.5866072045986076,29.53064516129032,26.92,31.62,1.118518419488321,25.30322580645161,24.08,26.12,0.4539389407339632,2.484516129032258,0.53,3.86,0.8744282508410204,25.235579275046547,24.07069434896019,25.902008550533132,0.44329034849891225,4.227419354838711,1.9899999999999984,7.540000000000003,1.2172946412008716,0.38445301131139525,0.22659304192761506,0.7757972023291232,0.12521493636607245
10.35853,105.127583,2022-07-12,16.540967741935482,6.87,23.62,4.150304578670536,89.39419354838711,79.44,93.35,3.1090635185758146,27.148709677419355,25.9,28.35,0.5866072045986076,29.53064516129032,26.92,31.62,1.118518419488321,25.30322580645161,24.08,26.12,0.4539389407339632,2.484516129032258,0.53,3.86,0.8744282508410204,25.235579275046547,24.07069434896019,25.902008550533132,0.44329034849891225,4.227419354838711,1.9899999999999984,7.540000000000003,1.2172946412008716,0.38445301131139525,0.22659304192761506,0.7757972023291232,0.12521493636607245
10.364419,105.164984,2022-07-12,16.540967741935482,6.87,23.62,4.150304578670536,89.39419354838711,79.44,93.35,3.1090635185758146,27.148709677419355,25.9,28.35,0.5866072045986076,29.53064516129032,26.92,31.62,1.118518419488321,25.30322580645161,24.08,26.12,0.4539389407339632,2.484516129032258,0.53,3.86,0.8744282508410204,25.235579275046547,24.07069434896019,25.902008550533132,0.44329034849891225,4.227419354838711,1.9899999999999984,7.540000000000003,1.2172946412008716,0.38445301131139525,0.22659304192761506,0.7757972023291232,0.12521493636607245
10.368598,105.136423,2022-07-12,16.540967741935482,6.87,23.62,4.150304578670536,89.39419354838711,79.44,93.35,3.1090635185758146,27.148709677419355,25.9,28.35,0.5866072045986076,29.53064516129032,26.92,31.62,1.118518419488321,25.30322580645161,24.08,26.12,0.4539389407339632,2.484516129032258,0.53,3.86,0.8744282508410204,25.235579275046547,24.07069434896019,25.902008550533132,0.44329034849891225,4.227419354838711,1.9899999999999984,7.540000000000003,1.2172946412008716,0.38445301131139525,0.22659304192761506,0.7757972023291232,0.12521493636607245
10.533759,105.243145,2022-07-13,16.464516129032255,6.87,23.62,4.068591607558406,89.34612903225806,79.44,93.35,3.15609362204175,27.14322580645161,25.9,28.35,0.581546254209964,29.531290322580645,26.92,31.62,1.1190599221047934,25.296774193548384,24.08,26.12,0.45479089201858425,2.483548387096774,0.53,3.86,0.8753784375622987,25.220822814094337,24.07069434896019,25.902008550533132,0.4448419652386196,4.23451612903226,1.9899999999999984,7.540000000000003,1.2231050879591123,0.3860741084914199,0.22659304192761506,0.7757972023291232,0.12679540457914215
10.548011,105.248097,2022-07-13,16.464516129032255,6.87,23.62,4.068591607558406,89.34612903225806,79.44,93.35,3.15609362204175,27.14322580645161,25.9,28.35,0.581546254209964,29.531290322580645,26.92,31.62,1.1190599221047934,25.296774193548384,24.08,26.12,0.45479089201858425,2.483548387096774,0.53,3.86,0.8753784375622987,25.220822814094337,24.07069434896019,25.902008550533132,0.4448419652386196,4.23451612903226,1.9899999999999984,7.540000000000003,1.2231050879591123,0.3860741084914199,0.22659304192761506,0.7757972023291232,0.12679540457914215
10.37346,105.184697,2022-07-14,16.552258064516124,6.87,23.62,4.135575561360872,89.32419354838709,79.44,93.35,3.1672994237928283,27.140967741935484,25.9,28.35,0.5792784991733929,29.546774193548387,26.92,31.62,1.1371906161231475,25.2716129032258,24.08,26.12,0.4605193195778813,2.492258064516128,0.53,3.86,0.8715603718560192,25.214382792780317,24.07069434896019,25.902008550533132,0.44080403890052405,4.275161290322582,1.9899999999999984,7.540000000000003,1.2695817725578922,0.38682988877803753,0.22659304192761506,0.7757972023291232,0.12721385134730084
10.375619,105.124248,2022-07-14,16.552258064516124,6.87,23.62,4.135575561360872,89.32419354838709,79.44,93.35,3.1672994237928283,27.140967741935484,25.9,28.35,0.5792784991733929,29.546774193548387,26.92,31.62,1.1371906161231475,25.2716129032258,24.08,26.12,0.4605193195778813,2.492258064516128,0.53,3.86,0.8715603718560192,25.214382792780317,24.07069434896019,25.902008550533132,0.44080403890052405,4.275161290322582,1.9899999999999984,7.540000000000003,1.2695817725578922,0.38682988877803753,0.22659304192761506,0.7757972023291232,0.12721385134730084
10.378511,105.144998,2022-07-14,16.552258064516124,6.87,23.62,4.135575561360872,89.32419354838709,79.44,93.35,3.1672994237928283,27.140967741935484,25.9,28.35,0.5792784991733929,29.546774193548387,26.92,31.62,1.1371906161231475,25.2716129032258,24.08,26.12,0.4605193195778813,2.492258064516128,0.53,3.86,0.8715603718560192,25.214382792780317,24.07069434896019,25.902008550533132,0.44080403890052405,4.275161290322582,1.9899999999999984,7.540000000000003,1.2695817725578922,0.38682988877803753,0.22659304192761506,0.7757972023291232,0.12721385134730084
10.379507,105.154892,2022-07-14,16.552258064516124,6.87,23.62,4.135575561360872,89.32419354838709,79.44,93.35,3.1672994237928283,27.140967741935484,25.9,28.35,0.5792784991733929,29.546774193548387,26.92,31.62,1.1371906161231475,25.2716129032258,24.08,26.12,0.4605193195778813,2.492258064516128,0.53,3.86,0.8715603718560192,25.214382792780317,24.07069434896019,25.902008550533132,0.44080403890052405,4.275161290322582,1.9899999999999984,7.540000000000003,1.2695817725578922,0.38682988877803753,0.22659304192761506,0.7757972023291232,0.12721385134730084
10.381544,105.174719,2022-07-14,16.552258064516124,6.87,23.62,4.135575561360872,89.32419354838709,79.44,93.35,3.1672994237928283,27.140967741935484,25.9,28.35,0.5792784991733929,29.546774193548387,26.92,31.62,1.1371906161231475,25.2716129032258,24.08,26.12,0.4605193195778813,2.492258064516128,0.53,3.86,0.8715603718560192,25.214382792780317,24.07069434896019,25.902008550533132,0.44080403890052405,4.275161290322582,1.9899999999999984,7.540000000000003,1.2695817725578922,0.38682988877803753,0.22659304192761506,0.7757972023291232,0.12721385134730084
10.389374,105.169781,2022-07-14,16.552258064516124,6.87,23.62,4.135575561360872,89.32419354838709,79.44,93.35,3.1672994237928283,27.140967741935484,25.9,28.35,0.5792784991733929,29.546774193548387,26.92,31.62,1.1371906161231475,25.2716129032258,24.08,26.12,0.4605193195778813,2.492258064516128,0.53,3.86,0.8715603718560192,25.214382792780317,24.07069434896019,25.902008550533132,0.44080403890052405,4.275161290322582,1.9899999999999984,7.540000000000003,1.2695817725578922,0.38682988877803753,0.22659304192761506,0.7757972023291232,0.12721385134730084
10.391295,105.178235,2022-07-14,16.552258064516124,6.87,23.62,4.135575561360872,89.32419354838709,79.44,93.35,3.1672994237928283,27.140967741935484,25.9,28.35,0.5792784991733929,29.546774193548387,26.92,31.62,1.1371906161231475,25.2716129032258,24.08,26.12,0.4605193195778813,2.492258064516128,0.53,3.86,0.8715603718560192,25.214382792780317,24.07069434896019,25.902008550533132,0.44080403890052405,4.275161290322582,1.9899999999999984,7.540000000000003,1.2695817725578922,0.38682988877803753,0.22659304192761506,0.7757972023291232,0.12721385134730084
10.391781,105.161155,2022-07-14,16.552258064516124,6.87,23.62,4.135575561360872,89.32419354838709,79.44,93.35,3.1672994237928283,27.140967741935484,25.9,28.35,0.5792784991733929,29.546774193548387,26.92,31.62,1.1371906161231475,25.2716129032258,24.08,26.12,0.4605193195778813,2.492258064516128,0.53,3.86,0.8715603718560192,25.214382792780317,24.07069434896019,25.902008550533132,0.44080403890052405,4.275161290322582,1.9899999999999984,7.540000000000003,1.2695817725578922,0.38682988877803753,0.22659304192761506,0.7757972023291232,0.12721385134730084
10.395094,105.169245,2022-07-14,16.552258064516124,6.87,23.62,4.135575561360872,89.32419354838709,79.44,93.35,3.1672994237928283,27.140967741935484,25.9,28.35,0.5792784991733929,29.546774193548387,26.92,31.62,1.1371906161231475,25.2716129032258,24.08,26.12,0.4605193195778813,2.492258064516128,0.53,3.86,0.8715603718560192,25.214382792780317,24.07069434896019,25.902008550533132,0.44080403890052405,4.275161290322582,1.9899999999999984,7.540000000000003,1.2695817725578922,0.38682988877803753,0.22659304192761506,0.7757972023291232,0.12721385134730084
10.395734,105.143745,2022-07-14,16.552258064516124,6.87,23.62,4.135575561360872,89.32419354838709,79.44,93.35,3.1672994237928283,27.140967741935484,25.9,28.35,0.5792784991733929,29.546774193548387,26.92,31.62,1.1371906161231475,25.2716129032258,24.08,26.12,0.4605193195778813,2.492258064516128,0.53,3.86,0.8715603718560192,25.214382792780317,24.07069434896019,25.902008550533132,0.44080403890052405,4.275161290322582,1.9899999999999984,7.540000000000003,1.2695817725578922,0.38682988877803753,0.22659304192761506,0.7757972023291232,0.12721385134730084
10.396044,105.180167,2022-07-14,16.552258064516124,6.87,23.62,4.135575561360872,89.32419354838709,79.44,93.35,3.1672994237928283,27.140967741935484,25.9,28.35,0.5792784991733929,29.546774193548387,26.92,31.62,1.1371906161231475,25.2716129032258,24.08,26.12,0.4605193195778813,2.492258064516128,0.53,3.86,0.8715603718560192,25.214382792780317,24.07069434896019,25.902008550533132,0.44080403890052405,4.275161290322582,1.9899999999999984,7.540000000000003,1.2695817725578922,0.38682988877803753,0.22659304192761506,0.7757972023291232,0.12721385134730084
10.44784,105.141425,2022-07-14,16.552258064516124,6.87,23.62,4.135575561360872,89.32419354838709,79.44,93.35,3.1672994237928283,27.140967741935484,25.9,28.35,0.5792784991733929,29.546774193548387,26.92,31.62,1.1371906161231475,25.2716129032258,24.08,26.12,0.4605193195778813,2.492258064516128,0.53,3.86,0.8715603718560192,25.214382792780317,24.07069434896019,25.902008550533132,0.44080403890052405,4.275161290322582,1.9899999999999984,7.540000000000003,1.2695817725578922,0.38682988877803753,0.22659304192761506,0.7757972023291232,0.12721385134730084
10.461453,105.172294,2022-07-14,16.552258064516124,6.87,23.62,4.135575561360872,89.32419354838709,79.44,93.35,3.1672994237928283,27.140967741935484,25.9,28.35,0.5792784991733929,29.546774193548387,26.92,31.62,1.1371906161231475,25.2716129032258,24.08,26.12,0.4605193195778813,2.492258064516128,0.53,3.86,0.8715603718560192,25.214382792780317,24.07069434896019,25.902008550533132,0.44080403890052405,4.275161290322582,1.9899999999999984,7.540000000000003,1.2695817725578922,0.38682988877803753,0.22659304192761506,0.7757972023291232,0.12721385134730084
10.467778,105.163448,2022-07-14,16.552258064516124,6.87,23.62,4.135575561360872,89.32419354838709,79.44,93.35,3.1672994237928283,27.140967741935484,25.9,28.35,0.5792784991733929,29.546774193548387,26.92,31.62,1.1371906161231475,25.2716129032258,24.08,26.12,0.4605193195778813,2.492258064516128,0.53,3.86,0.8715603718560192,25.214382792780317,24.07069434896019,25.902008550533132,0.44080403890052405,4.275161290322582,1.9899999999999984,7.540000000000003,1.2695817725578922,0.38682988877803753,0.22659304192761506,0.7757972023291232,0.12721385134730084
10.522871,105.184845,2022-07-14,16.552258064516124,6.87,23.62,4.135575561360872,89.32419354838709,79.44,93.35,3.1672994237928283,27.140967741935484,25.9,28.35,0.5792784991733929,29.546774193548387,26.92,31.62,1.1371906161231475,25.2716129032258,24.08,26.12,0.4605193195778813,2.492258064516128,0.53,3.86,0.8715603718560192,25.214382792780317,24.07069434896019,25.902008550533132,0.44080403890052405,4.275161290322582,1.9899999999999984,7.540000000000003,1.2695817725578922,0.38682988877803753,0.22659304192761506,0.7757972023291232,0.12721385134730084
10.524439,105.254678,2022-07-14,16.552258064516124,6.87,23.62,4.135575561360872,89.32419354838709,79.44,93.35,3.1672994237928283,27.140967741935484,25.9,28.35,0.5792784991733929,29.546774193548387,26.92,31.62,1.1371906161231475,25.2716129032258,24.08,26.12,0.4605193195778813,2.492258064516128,0.53,3.86,0.8715603718560192,25.214382792780317,24.07069434896019,25.902008550533132,0.44080403890052405,4.275161290322582,1.9899999999999984,7.540000000000003,1.2695817725578922,0.38682988877803753,0.22659304192761506,0.7757972023291232,0.12721385134730084
10.535058,105.252744,2022-07-14,16.552258064516124,6.87,23.62,4.135575561360872,89.32419354838709,79.44,93.35,3.1672994237928283,27.140967741935484,25.9,28.35,0.5792784991733929,29.546774193548387,26.92,31.62,1.1371906161231475,25.2716129032258,24.08,26.12,0.4605193195778813,2.492258064516128,0.53,3.86,0.8715603718560192,25.214382792780317,24.07069434896019,25.902008550533132,0.44080403890052405,4.275161290322582,1.9899999999999984,7.540000000000003,1.2695817725578922,0.38682988877803753,0.22659304192761506,0.7757972023291232,0.12721385134730084
10.536277,105.293087,2022-07-14,16.552258064516124,6.87,23.62,4.135575561360872,89.32419354838709,79.44,93.35,3.1672994237928283,27.140967741935484,25.9,28.35,0.5792784991733929,29.546774193548387,26.92,31.62,1.1371906161231475,25.2716129032258,24.08,26.12,0.4605193195778813,2.492258064516128,0.53,3.86,0.8715603718560192,25.214382792780317,24.07069434896019,25.902008550533132,0.44080403890052405,4.275161290322582,1.9899999999999984,7.540000000000003,1.2695817725578922,0.38682988877803753,0.22659304192761506,0.7757972023291232,0.12721385134730084
10.384444,105.3447,2022-07-15,16.52774193548387,6.87,23.62,4.116383246270553,90.20838709677417,81.27,94.19,2.939362556278633,26.93903225806451,25.66,27.84,0.5452454601944365,29.701935483870965,26.96,31.63,1.1618989444560106,24.736451612903235,23.29,25.36,0.4316476190291425,2.3951612903225805,0.86,3.69,0.8050280338446323,25.18298593964303,24.130094953000818,25.85569627986475,0.4261595091244373,4.965483870967743,2.4399999999999977,8.34,1.3472477050535705,0.35037481175348073,0.1952996540418091,0.6932754681442975,0.11456699913657563
10.390554,105.336857,2022-07-15,16.52774193548387,6.87,23.62,4.116383246270553,90.20838709677417,81.27,94.19,2.939362556278633,26.93903225806451,25.66,27.84,0.5452454601944365,29.701935483870965,26.96,31.63,1.1618989444560106,24.736451612903235,23.29,25.36,0.4316476190291425,2.3951612903225805,0.86,3.69,0.8050280338446323,25.18298593964303,24.130094953000818,25.85569627986475,0.4261595091244373,4.965483870967743,2.4399999999999977,8.34,1.3472477050535705,0.35037481175348073,0.1952996540418091,0.6932754681442975,0.11456699913657563
10.391149,105.359279,2022-07-15,16.52774193548387,6.87,23.62,4.116383246270553,90.20838709677417,81.27,94.19,2.939362556278633,26.93903225806451,25.66,27.84,0.5452454601944365,29.701935483870965,26.96,31.63,1.1618989444560106,24.736451612903235,23.29,25.36,0.4316476190291425,2.3951612903225805,0.86,3.69,0.8050280338446323,25.18298593964303,24.130094953000818,25.85569627986475,0.4261595091244373,4.965483870967743,2.4399999999999977,8.34,1.3472477050535705,0.35037481175348073,0.1952996540418091,0.6932754681442975,0.11456699913657563
10.391491,105.34899,2022-07-15,16.52774193548387,6.87,23.62,4.116383246270553,90.20838709677417,81.27,94.19,2.939362556278633,26.93903225806451,25.66,27.84,0.5452454601944365,29.701935483870965,26.96,31.63,1.1618989444560106,24.736451612903235,23.29,25.36,0.4316476190291425,2.3951612903225805,0.86,3.69,0.8050280338446323,25.18298593964303,24.130094953000818,25.85569627986475,0.4261595091244373,4.965483870967743,2.4399999999999977,8.34,1.3472477050535705,0.35037481175348073,0.1952996540418091,0.6932754681442975,0.11456699913657563
10.399353,105.356462,2022-07-15,16.52774193548387,6.87,23.62,4.116383246270553,90.20838709677417,81.27,94.19,2.939362556278633,26.93903225806451,25.66,27.84,0.5452454601944365,29.701935483870965,26.96,31.63,1.1618989444560106,24.736451612903235,23.29,25.36,0.4316476190291425,2.3951612903225805,0.86,3.69,0.8050280338446323,25.18298593964303,24.130094953000818,25.85569627986475,0.4261595091244373,4.965483870967743,2.4399999999999977,8.34,1.3472477050535705,0.35037481175348073,0.1952996540418091,0.6932754681442975,0.11456699913657563
10.405902,105.36283,2022-07-15,16.52774193548387,6.87,23.62,4.116383246270553,90.20838709677417,81.27,94.19,2.939362556278633,26.93903225806451,25.66,27.84,0.5452454601944365,29.701935483870965,26.96,31.63,1.1618989444560106,24.736451612903235,23.29,25.36,0.4316476190291425,2.3951612903225805,0.86,3.69,0.8050280338446323,25.18298593964303,24.130094953000818,25.85569627986475,0.4261595091244373,4.965483870967743,2.4399999999999977,8.34,1.3472477050535705,0.35037481175348073,0.1952996540418091,0.6932754681442975,0.11456699913657563
10.409367,105.355252,2022-07-15,16.52774193548387,6.87,23.62,4.116383246270553,90.20838709677417,81.27,94.19,2.939362556278633,26.93903225806451,25.66,27.84,0.5452454601944365,29.701935483870965,26.96,31.63,1.1618989444560106,24.736451612903235,23.29,25.36,0.4316476190291425,2.3951612903225805,0.86,3.69,0.8050280338446323,25.18298593964303,24.130094953000818,25.85569627986475,0.4261595091244373,4.965483870967743,2.4399999999999977,8.34,1.3472477050535705,0.35037481175348073,0.1952996540418091,0.6932754681442975,0.11456699913657563
10.419561,105.277369,2022-07-15,16.52774193548387,6.87,23.62,4.116383246270553,89.32290322580646,79.44,93.35,3.1673456818058416,27.14096774193548,25.9,28.35,0.5792784991733929,29.549032258064518,26.92,31.62,1.139248067915737,25.27838709677419,24.08,26.12,0.4662208861389811,2.4841935483870965,0.53,3.86,0.8725149936545074,25.214138036281952,24.07069434896019,25.902008550533132,0.4404433246283723,4.270645161290323,1.9899999999999984,7.540000000000003,1.2672778433137728,0.386878125089941,0.22659304192761506,0.7757972023291232,0.12722011140749237
10.420981,105.295797,2022-07-15,16.52774193548387,6.87,23.62,4.116383246270553,89.32290322580646,79.44,93.35,3.1673456818058416,27.14096774193548,25.9,28.35,0.5792784991733929,29.549032258064518,26.92,31.62,1.139248067915737,25.27838709677419,24.08,26.12,0.4662208861389811,2.4841935483870965,0.53,3.86,0.8725149936545074,25.214138036281952,24.07069434896019,25.902008550533132,0.4404433246283723,4.270645161290323,1.9899999999999984,7.540000000000003,1.2672778433137728,0.386878125089941,0.22659304192761506,0.7757972023291232,0.12722011140749237
10.43531,105.292557,2022-07-15,16.52774193548387,6.87,23.62,4.116383246270553,89.32290322580646,79.44,93.35,3.1673456818058416,27.14096774193548,25.9,28.35,0.5792784991733929,29.549032258064518,26.92,31.62,1.139248067915737,25.27838709677419,24.08,26.12,0.4662208861389811,2.4841935483870965,0.53,3.86,0.8725149936545074,25.214138036281952,24.07069434896019,25.902008550533132,0.4404433246283723,4.270645161290323,1.9899999999999984,7.540000000000003,1.2672778433137728,0.386878125089941,0.22659304192761506,0.7757972023291232,0.12722011140749237
10.458369,105.270803,2022-07-15,16.52774193548387,6.87,23.62,4.116383246270553,89.32290322580646,79.44,93.35,3.1673456818058416,27.14096774193548,25.9,28.35,0.5792784991733929,29.549032258064518,26.92,31.62,1.139248067915737,25.27838709677419,24.08,26.12,0.4662208861389811,2.4841935483870965,0.53,3.86,0.8725149936545074,25.214138036281952,24.07069434896019,25.902008550533132,0.4404433246283723,4.270645161290323,1.9899999999999984,7.540000000000003,1.2672778433137728,0.386878125089941,0.22659304192761506,0.7757972023291232,0.12722011140749237
10.467721,105.192464,2022-07-15,16.52774193548387,6.87,23.62,4.116383246270553,89.32290322580646,79.44,93.35,3.1673456818058416,27.14096774193548,25.9,28.35,0.5792784991733929,29.549032258064518,26.92,31.62,1.139248067915737,25.27838709677419,24.08,26.12,0.4662208861389811,2.4841935483870965,0.53,3.86,0.8725149936545074,25.214138036281952,24.07069434896019,25.902008550533132,0.4404433246283723,4.270645161290323,1.9899999999999984,7.540000000000003,1.2672778433137728,0.386878125089941,0.22659304192761506,0.7757972023291232,0.12722011140749237
10.469839,105.211568,2022-07-15,16.52774193548387,6.87,23.62,4.116383246270553,89.32290322580646,79.44,93.35,3.1673456818058416,27.14096774193548,25.9,28.35,0.5792784991733929,29.549032258064518,26.92,31.62,1.139248067915737,25.27838709677419,24.08,26.12,0.4662208861389811,2.4841935483870965,0.53,3.86,0.8725149936545074,25.214138036281952,24.07069434896019,25.902008550533132,0.4404433246283723,4.270645161290323,1.9899999999999984,7.540000000000003,1.2672778433137728,0.386878125089941,0.22659304192761506,0.7757972023291232,0.12722011140749237
10.470013,105.264425,2022-07-15,16.52774193548387,6.87,23.62,4.116383246270553,89.32290322580646,79.44,93.35,3.1673456818058416,27.14096774193548,25.9,28.35,0.5792784991733929,29.549032258064518,26.92,31.62,1.139248067915737,25.27838709677419,24.08,26.12,0.4662208861389811,2.4841935483870965,0.53,3.86,0.8725149936545074,25.214138036281952,24.07069434896019,25.902008550533132,0.4404433246283723,4.270645161290323,1.9899999999999984,7.540000000000003,1.2672778433137728,0.386878125089941,0.22659304192761506,0.7757972023291232,0.12722011140749237
10.470305,105.287062,2022-07-15,16.52774193548387,6.87,23.62,4.116383246270553,89.32290322580646,79.44,93.35,3.1673456818058416,27.14096774193548,25.9,28.35,0.5792784991733929,29.549032258064518,26.92,31.62,1.139248067915737,25.27838709677419,24.08,26.12,0.4662208861389811,2.4841935483870965,0.53,3.86,0.8725149936545074,25.214138036281952,24.07069434896019,25.902008550533132,0.4404433246283723,4.270645161290323,1.9899999999999984,7.540000000000003,1.2672778433137728,0.386878125089941,0.22659304192761506,0.7757972023291232,0.12722011140749237
10.476738,105.227333,2022-07-15,16.52774193548387,6.87,23.62,4.116383246270553,89.32290322580646,79.44,93.35,3.1673456818058416,27.14096774193548,25.9,28.35,0.5792784991733929,29.549032258064518,26.92,31.62,1.139248067915737,25.27838709677419,24.08,26.12,0.4662208861389811,2.4841935483870965,0.53,3.86,0.8725149936545074,25.214138036281952,24.07069434896019,25.902008550533132,0.4404433246283723,4.270645161290323,1.9899999999999984,7.540000000000003,1.2672778433137728,0.386878125089941,0.22659304192761506,0.7757972023291232,0.12722011140749237
10.48195,105.238448,2022-07-15,16.52774193548387,6.87,23.62,4.116383246270553,89.32290322580646,79.44,93.35,3.1673456818058416,27.14096774193548,25.9,28.35,0.5792784991733929,29.549032258064518,26.92,31.62,1.139248067915737,25.27838709677419,24.08,26.12,0.4662208861389811,2.4841935483870965,0.53,3.86,0.8725149936545074,25.214138036281952,24.07069434896019,25.902008550533132,0.4404433246283723,4.270645161290323,1.9899999999999984,7.540000000000003,1.2672778433137728,0.386878125089941,0.22659304192761506,0.7757972023291232,0.12722011140749237
10.485812,105.267525,2022-07-15,16.52774193548387,6.87,23.62,4.116383246270553,89.32290322580646,79.44,93.35,3.1673456818058416,27.14096774193548,25.9,28.35,0.5792784991733929,29.549032258064518,26.92,31.62,1.139248067915737,25.27838709677419,24.08,26.12,0.4662208861389811,2.4841935483870965,0.53,3.86,0.8725149936545074,25.214138036281952,24.07069434896019,25.902008550533132,0.4404433246283723,4.270645161290323,1.9899999999999984,7.540000000000003,1.2672778433137728,0.386878125089941,0.22659304192761506,0.7757972023291232,0.12722011140749237
10.485917,105.210104,2022-07-15,16.52774193548387,6.87,23.62,4.116383246270553,89.32290322580646,79.44,93.35,3.1673456818058416,27.14096774193548,25.9,28.35,0.5792784991733929,29.549032258064518,26.92,31.62,1.139248067915737,25.27838709677419,24.08,26.12,0.4662208861389811,2.4841935483870965,0.53,3.86,0.8725149936545074,25.214138036281952,24.07069434896019,25.902008550533132,0.4404433246283723,4.270645161290323,1.9899999999999984,7.540000000000003,1.2672778433137728,0.386878125089941,0.22659304192761506,0.7757972023291232,0.12722011140749237
10.492098,105.216926,2022-07-15,16.52774193548387,6.87,23.62,4.116383246270553,89.32290322580646,79.44,93.35,3.1673456818058416,27.14096774193548,25.9,28.35,0.5792784991733929,29.549032258064518,26.92,31.62,1.139248067915737,25.27838709677419,24.08,26.12,0.4662208861389811,2.4841935483870965,0.53,3.86,0.8725149936545074,25.214138036281952,24.07069434896019,25.902008550533132,0.4404433246283723,4.270645161290323,1.9899999999999984,7.540000000000003,1.2672778433137728,0.386878125089941,0.22659304192761506,0.7757972023291232,0.12722011140749237
10.494104,105.291042,2022-07-15,16.52774193548387,6.87,23.62,4.116383246270553,89.32290322580646,79.44,93.35,3.1673456818058416,27.14096774193548,25.9,28.35,0.5792784991733929,29.549032258064518,26.92,31.62,1.139248067915737,25.27838709677419,24.08,26.12,0.4662208861389811,2.4841935483870965,0.53,3.86,0.8725149936545074,25.214138036281952,24.07069434896019,25.902008550533132,0.4404433246283723,4.270645161290323,1.9899999999999984,7.540000000000003,1.2672778433137728,0.386878125089941,0.22659304192761506,0.7757972023291232,0.12722011140749237
10.494453,105.241281,2022-07-15,16.52774193548387,6.87,23.62,4.116383246270553,89.32290322580646,79.44,93.35,3.1673456818058416,27.14096774193548,25.9,28.35,0.5792784991733929,29.549032258064518,26.92,31.62,1.139248067915737,25.27838709677419,24.08,26.12,0.4662208861389811,2.4841935483870965,0.53,3.86,0.8725149936545074,25.214138036281952,24.07069434896019,25.902008550533132,0.4404433246283723,4.270645161290323,1.9899999999999984,7.540000000000003,1.2672778433137728,0.386878125089941,0.22659304192761506,0.7757972023291232,0.12722011140749237
10.501829,105.273585,2022-07-15,16.52774193548387,6.87,23.62,4.116383246270553,89.32290322580646,79.44,93.35,3.1673456818058416,27.14096774193548,25.9,28.35,0.5792784991733929,29.549032258064518,26.92,31.62,1.139248067915737,25.27838709677419,24.08,26.12,0.4662208861389811,2.4841935483870965,0.53,3.86,0.8725149936545074,25.214138036281952,24.07069434896019,25.902008550533132,0.4404433246283723,4.270645161290323,1.9899999999999984,7.540000000000003,1.2672778433137728,0.386878125089941,0.22659304192761506,0.7757972023291232,0.12722011140749237
10.50203,105.222373,2022-07-15,16.52774193548387,6.87,23.62,4.116383246270553,89.32290322580646,79.44,93.35,3.1673456818058416,27.14096774193548,25.9,28.35,0.5792784991733929,29.549032258064518,26.92,31.62,1.139248067915737,25.27838709677419,24.08,26.12,0.4662208861389811,2.4841935483870965,0.53,3.86,0.8725149936545074,25.214138036281952,24.07069434896019,25.902008550533132,0.4404433246283723,4.270645161290323,1.9899999999999984,7.540000000000003,1.2672778433137728,0.386878125089941,0.22659304192761506,0.7757972023291232,0.12722011140749237
10.502728,105.233111,2022-07-15,16.52774193548387,6.87,23.62,4.116383246270553,89.32290322580646,79.44,93.35,3.1673456818058416,27.14096774193548,25.9,28.35,0.5792784991733929,29.549032258064518,26.92,31.62,1.139248067915737,25.27838709677419,24.08,26.12,0.4662208861389811,2.4841935483870965,0.53,3.86,0.8725149936545074,25.214138036281952,24.07069434896019,25.902008550533132,0.4404433246283723,4.270645161290323,1.9899999999999984,7.540000000000003,1.2672778433137728,0.386878125089941,0.22659304192761506,0.7757972023291232,0.12722011140749237
10.50915,105.265098,2022-07-15,16.52774193548387,6.87,23.62,4.116383246270553,89.32290322580646,79.44,93.35,3.1673456818058416,27.14096774193548,25.9,28.35,0.5792784991733929,29.549032258064518,26.92,31.62,1.139248067915737,25.27838709677419,24.08,26.12,0.4662208861389811,2.4841935483870965,0.53,3.86,0.8725149936545074,25.214138036281952,24.07069434896019,25.902008550533132,0.4404433246283723,4.270645161290323,1.9899999999999984,7.540000000000003,1.2672778433137728,0.386878125089941,0.22659304192761506,0.7757972023291232,0.12722011140749237
10.510542,105.248554,2022-07-15,16.52774193548387,6.87,23.62,4.116383246270553,89.32290322580646,79.44,93.35,3.1673456818058416,27.14096774193548,25.9,28.35,0.5792784991733929,29.549032258064518,26.92,31.62,1.139248067915737,25.27838709677419,24.08,26.12,0.4662208861389811,2.4841935483870965,0.53,3.86,0.8725149936545074,25.214138036281952,24.07069434896019,25.902008550533132,0.4404433246283723,4.270645161290323,1.9899999999999984,7.540000000000003,1.2672778433137728,0.386878125089941,0.22659304192761506,0.7757972023291232,0.12722011140749237
10.375656,105.29185,2022-07-17,16.560322580645156,6.87,23.62,4.105374513481289,89.26935483870966,79.44,93.35,3.1417356364871574,27.15258064516129,25.9,28.35,0.5816770401006293,29.57741935483871,26.92,31.62,1.122784464255619,25.272580645161284,24.08,26.12,0.4706890470153616,2.4209677419354834,0.53,3.86,0.8686264828459656,25.215654359200347,24.07069434896019,25.902008550533132,0.4443273132408369,4.304838709677419,1.9899999999999984,7.540000000000003,1.2350914057012323,0.38903151628177274,0.22659304192761506,0.7757972023291232,0.12627312204737293
10.378696,105.309113,2022-07-17,16.560322580645156,6.87,23.62,4.105374513481289,89.26935483870966,79.44,93.35,3.1417356364871574,27.15258064516129,25.9,28.35,0.5816770401006293,29.57741935483871,26.92,31.62,1.122784464255619,25.272580645161284,24.08,26.12,0.4706890470153616,2.4209677419354834,0.53,3.86,0.8686264828459656,25.215654359200347,24.07069434896019,25.902008550533132,0.4443273132408369,4.304838709677419,1.9899999999999984,7.540000000000003,1.2350914057012323,0.38903151628177274,0.22659304192761506,0.7757972023291232,0.12627312204737293
10.386495,105.284636,2022-07-17,16.560322580645156,6.87,23.62,4.105374513481289,89.26935483870966,79.44,93.35,3.1417356364871574,27.15258064516129,25.9,28.35,0.5816770401006293,29.57741935483871,26.92,31.62,1.122784464255619,25.272580645161284,24.08,26.12,0.4706890470153616,2.4209677419354834,0.53,3.86,0.8686264828459656,25.215654359200347,24.07069434896019,25.902008550533132,0.4443273132408369,4.304838709677419,1.9899999999999984,7.540000000000003,1.2350914057012323,0.38903151628177274,0.22659304192761506,0.7757972023291232,0.12627312204737293
10.396712,105.324921,2022-07-17,16.560322580645156,6.87,23.62,4.105374513481289,90.14193548387094,81.27,94.19,2.9056079474397034,26.94548387096774,25.66,27.84,0.5458691720235358,29.73451612903226,26.96,31.63,1.1432095134643248,24.722580645161294,23.29,25.41,0.430206010230324,2.329032258064516,0.86,3.69,0.7918388351772735,25.17714328291257,24.130094953000818,25.85569627986475,0.42591762844237013,5.0119354838709675,2.4399999999999977,8.34,1.313206907891686,0.3528348132586993,0.1952996540418091,0.6932754681442975,0.11336075059812277
10.396951,105.281083,2022-07-17,16.560322580645156,6.87,23.62,4.105374513481289,89.26935483870966,79.44,93.35,3.1417356364871574,27.15258064516129,25.9,28.35,0.5816770401006293,29.57741935483871,26.92,31.62,1.122784464255619,25.272580645161284,24.08,26.12,0.4706890470153616,2.4209677419354834,0.53,3.86,0.8686264828459656,25.215654359200347,24.07069434896019,25.902008550533132,0.4443273132408369,4.304838709677419,1.9899999999999984,7.540000000000003,1.2350914057012323,0.38903151628177274,0.22659304192761506,0.7757972023291232,0.12627312204737293
10.415137,105.316832,2022-07-17,16.560322580645156,6.87,23.62,4.105374513481289,90.14193548387094,81.27,94.19,2.9056079474397034,26.94548387096774,25.66,27.84,0.5458691720235358,29.73451612903226,26.96,31.63,1.1432095134643248,24.722580645161294,23.29,25.41,0.430206010230324,2.329032258064516,0.86,3.69,0.7918388351772735,25.17714328291257,24.130094953000818,25.85569627986475,0.42591762844237013,5.0119354838709675,2.4399999999999977,8.34,1.313206907891686,0.3528348132586993,0.1952996540418091,0.6932754681442975,0.11336075059812277
10.421158,105.237197,2022-07-17,16.560322580645156,6.87,23.62,4.105374513481289,89.26935483870966,79.44,93.35,3.1417356364871574,27.15258064516129,25.9,28.35,0.5816770401006293,29.57741935483871,26.92,31.62,1.122784464255619,25.272580645161284,24.08,26.12,0.4706890470153616,2.4209677419354834,0.53,3.86,0.8686264828459656,25.215654359200347,24.07069434896019,25.902008550533132,0.4443273132408369,4.304838709677419,1.9899999999999984,7.540000000000003,1.2350914057012323,0.38903151628177274,0.22659304192761506,0.7757972023291232,0.12627312204737293
10.370371,105.275589,2022-07-19,17.08516129032258,6.87,23.62,3.6669807136976593,89.28161290322579,79.44,93.35,3.145285357354456,27.10967741935484,25.9,28.35,0.5971355488359933,29.526774193548388,26.92,31.62,1.1458125363104932,25.21935483870967,24.08,26.12,0.4460430724454614,2.3667741935483866,0.53,3.86,0.8669352288071643,25.175569430420175,24.07069434896019,25.902008550533132,0.4362959214904076,4.30741935483871,1.9899999999999984,7.540000000000003,1.234185032768289,0.38777174529463404,0.22659304192761506,0.7757972023291232,0.12680232702557637
10.374004,105.228649,2022-07-19,17.08516129032258,6.87,23.62,3.6669807136976593,89.28161290322579,79.44,93.35,3.145285357354456,27.10967741935484,25.9,28.35,0.5971355488359933,29.526774193548388,26.92,31.62,1.1458125363104932,25.21935483870967,24.08,26.12,0.4460430724454614,2.3667741935483866,0.53,3.86,0.8669352288071643,25.175569430420175,24.07069434896019,25.902008550533132,0.4362959214904076,4.30741935483871,1.9899999999999984,7.540000000000003,1.234185032768289,0.38777174529463404,0.22659304192761506,0.7757972023291232,0.12680232702557637
10.374524,105.255016,2022-07-19,17.08516129032258,6.87,23.62,3.6669807136976593,89.28161290322579,79.44,93.35,3.145285357354456,27.10967741935484,25.9,28.35,0.5971355488359933,29.526774193548388,26.92,31.62,1.1458125363104932,25.21935483870967,24.08,26.12,0.4460430724454614,2.3667741935483866,0.53,3.86,0.8669352288071643,25.175569430420175,24.07069434896019,25.902008550533132,0.4362959214904076,4.30741935483871,1.9899999999999984,7.540000000000003,1.234185032768289,0.38777174529463404,0.22659304192761506,0.7757972023291232,0.12680232702557637
10.375756,105.208993,2022-07-19,17.08516129032258,6.87,23.62,3.6669807136976593,89.28161290322579,79.44,93.35,3.145285357354456,27.10967741935484,25.9,28.35,0.5971355488359933,29.526774193548388,26.92,31.62,1.1458125363104932,25.21935483870967,24.08,26.12,0.4460430724454614,2.3667741935483866,0.53,3.86,0.8669352288071643,25.175569430420175,24.07069434896019,25.902008550533132,0.4362959214904076,4.30741935483871,1.9899999999999984,7.540000000000003,1.234185032768289,0.38777174529463404,0.22659304192761506,0.7757972023291232,0.12680232702557637
10.392248,105.227502,2022-07-19,17.08516129032258,6.87,23.62,3.6669807136976593,89.28161290322579,79.44,93.35,3.145285357354456,27.10967741935484,25.9,28.35,0.5971355488359933,29.526774193548388,26.92,31.62,1.1458125363104932,25.21935483870967,24.08,26.12,0.4460430724454614,2.3667741935483866,0.53,3.86,0.8669352288071643,25.175569430420175,24.07069434896019,25.902008550533132,0.4362959214904076,4.30741935483871,1.9899999999999984,7.540000000000003,1.234185032768289,0.38777174529463404,0.22659304192761506,0.7757972023291232,0.12680232702557637
10.394517,105.260713,2022-07-19,17.08516129032258,6.87,23.62,3.6669807136976593,89.28161290322579,79.44,93.35,3.145285357354456,27.10967741935484,25.9,28.35,0.5971355488359933,29.526774193548388,26.92,31.62,1.1458125363104932,25.21935483870967,24.08,26.12,0.4460430724454614,2.3667741935483866,0.53,3.86,0.8669352288071643,25.175569430420175,24.07069434896019,25.902008550533132,0.4362959214904076,4.30741935483871,1.9899999999999984,7.540000000000003,1.234185032768289,0.38777174529463404,0.22659304192761506,0.7757972023291232,0.12680232702557637
10.402927,105.235656,2022-07-19,17.08516129032258,6.87,23.62,3.6669807136976593,89.28161290322579,79.44,93.35,3.145285357354456,27.10967741935484,25.9,28.35,0.5971355488359933,29.526774193548388,26.92,31.62,1.1458125363104932,25.21935483870967,24.08,26.12,0.4460430724454614,2.3667741935483866,0.53,3.86,0.8669352288071643,25.175569430420175,24.07069434896019,25.902008550533132,0.4362959214904076,4.30741935483871,1.9899999999999984,7.540000000000003,1.234185032768289,0.38777174529463404,0.22659304192761506,0.7757972023291232,0.12680232702557637
10.404721,105.258428,2022-07-19,17.08516129032258,6.87,23.62,3.6669807136976593,89.28161290322579,79.44,93.35,3.145285357354456,27.10967741935484,25.9,28.35,0.5971355488359933,29.526774193548388,26.92,31.62,1.1458125363104932,25.21935483870967,24.08,26.12,0.4460430724454614,2.3667741935483866,0.53,3.86,0.8669352288071643,25.175569430420175,24.07069434896019,25.902008550533132,0.4362959214904076,4.30741935483871,1.9899999999999984,7.540000000000003,1.234185032768289,0.38777174529463404,0.22659304192761506,0.7757972023291232,0.12680232702557637
10.406199,105.248616,2022-07-19,17.08516129032258,6.87,23.62,3.6669807136976593,89.28161290322579,79.44,93.35,3.145285357354456,27.10967741935484,25.9,28.35,0.5971355488359933,29.526774193548388,26.92,31.62,1.1458125363104932,25.21935483870967,24.08,26.12,0.4460430724454614,2.3667741935483866,0.53,3.86,0.8669352288071643,25.175569430420175,24.07069434896019,25.902008550533132,0.4362959214904076,4.30741935483871,1.9899999999999984,7.540000000000003,1.234185032768289,0.38777174529463404,0.22659304192761506,0.7757972023291232,0.12680232702557637
10.195117,105.200047,2022-07-20,17.079032258064515,6.87,23.62,3.6662738004143356,87.20290322580645,77.54,90.96,3.221679779794692,27.481290322580644,26.4,28.46,0.5106525991347951,29.399677419354834,27.28,31.3,1.0137489791442065,25.99322580645161,24.86,26.92,0.4489872984536832,2.8958064516129025,0.47,5.44,1.192245845489683,25.14414613193178,23.8898315526181,25.904811382433476,0.486613767036818,3.406451612903226,1.5399999999999991,6.050000000000001,1.202619582645283,0.47184650525782007,0.3265190400950096,0.8589090352549394,0.13131500780657232
10.205563,105.193771,2022-07-20,17.079032258064515,6.87,23.62,3.6662738004143356,87.20290322580645,77.54,90.96,3.221679779794692,27.481290322580644,26.4,28.46,0.5106525991347951,29.399677419354834,27.28,31.3,1.0137489791442065,25.99322580645161,24.86,26.92,0.4489872984536832,2.8958064516129025,0.47,5.44,1.192245845489683,25.14414613193178,23.8898315526181,25.904811382433476,0.486613767036818,3.406451612903226,1.5399999999999991,6.050000000000001,1.202619582645283,0.47184650525782007,0.3265190400950096,0.8589090352549394,0.13131500780657232
10.208515,105.202809,2022-07-20,17.079032258064515,6.87,23.62,3.6662738004143356,87.20290322580645,77.54,90.96,3.221679779794692,27.481290322580644,26.4,28.46,0.5106525991347951,29.399677419354834,27.28,31.3,1.0137489791442065,25.99322580645161,24.86,26.92,0.4489872984536832,2.8958064516129025,0.47,5.44,1.192245845489683,25.14414613193178,23.8898315526181,25.904811382433476,0.486613767036818,3.406451612903226,1.5399999999999991,6.050000000000001,1.202619582645283,0.47184650525782007,0.3265190400950096,0.8589090352549394,0.13131500780657232
10.212886,105.174836,2022-07-20,17.079032258064515,6.87,23.62,3.6662738004143356,87.20290322580645,77.54,90.96,3.221679779794692,27.481290322580644,26.4,28.46,0.5106525991347951,29.399677419354834,27.28,31.3,1.0137489791442065,25.99322580645161,24.86,26.92,0.4489872984536832,2.8958064516129025,0.47,5.44,1.192245845489683,25.14414613193178,23.8898315526181,25.904811382433476,0.486613767036818,3.406451612903226,1.5399999999999991,6.050000000000001,1.202619582645283,0.47184650525782007,0.3265190400950096,0.8589090352549394,0.13131500780657232
10.214156,105.214175,2022-07-20,17.079032258064515,6.87,23.62,3.6662738004143356,87.20290322580645,77.54,90.96,3.221679779794692,27.481290322580644,26.4,28.46,0.5106525991347951,29.399677419354834,27.28,31.3,1.0137489791442065,25.99322580645161,24.86,26.92,0.4489872984536832,2.8958064516129025,0.47,5.44,1.192245845489683,25.14414613193178,23.8898315526181,25.904811382433476,0.486613767036818,3.406451612903226,1.5399999999999991,6.050000000000001,1.202619582645283,0.47184650525782007,0.3265190400950096,0.8589090352549394,0.13131500780657232
10.227394,105.164987,2022-07-20,17.079032258064515,6.87,23.62,3.6662738004143356,87.20290322580645,77.54,90.96,3.221679779794692,27.481290322580644,26.4,28.46,0.5106525991347951,29.399677419354834,27.28,31.3,1.0137489791442065,25.99322580645161,24.86,26.92,0.4489872984536832,2.8958064516129025,0.47,5.44,1.192245845489683,25.14414613193178,23.8898315526181,25.904811382433476,0.486613767036818,3.406451612903226,1.5399999999999991,6.050000000000001,1.202619582645283,0.47184650525782007,0.3265190400950096,0.8589090352549394,0.13131500780657232
10.232673,105.15164,2022-07-20,17.079032258064515,6.87,23.62,3.6662738004143356,87.20290322580645,77.54,90.96,3.221679779794692,27.481290322580644,26.4,28.46,0.5106525991347951,29.399677419354834,27.28,31.3,1.0137489791442065,25.99322580645161,24.86,26.92,0.4489872984536832,2.8958064516129025,0.47,5.44,1.192245845489683,25.14414613193178,23.8898315526181,25.904811382433476,0.486613767036818,3.406451612903226,1.5399999999999991,6.050000000000001,1.202619582645283,0.47184650525782007,0.3265190400950096,0.8589090352549394,0.13131500780657232
10.245058,105.178415,2022-07-20,17.079032258064515,6.87,23.62,3.6662738004143356,87.20290322580645,77.54,90.96,3.221679779794692,27.481290322580644,26.4,28.46,0.5106525991347951,29.399677419354834,27.28,31.3,1.0137489791442065,25.99322580645161,24.86,26.92,0.4489872984536832,2.8958064516129025,0.47,5.44,1.192245845489683,25.14414613193178,23.8898315526181,25.904811382433476,0.486613767036818,3.406451612903226,1.5399999999999991,6.050000000000001,1.202619582645283,0.47184650525782007,0.3265190400950096,0.8589090352549394,0.13131500780657232
10.246984,105.216849,2022-07-20,17.079032258064515,6.87,23.62,3.6662738004143356,87.20290322580645,77.54,90.96,3.221679779794692,27.481290322580644,26.4,28.46,0.5106525991347951,29.399677419354834,27.28,31.3,1.0137489791442065,25.99322580645161,24.86,26.92,0.4489872984536832,2.8958064516129025,0.47,5.44,1.192245845489683,25.14414613193178,23.8898315526181,25.904811382433476,0.486613767036818,3.406451612903226,1.5399999999999991,6.050000000000001,1.202619582645283,0.47184650525782007,0.3265190400950096,0.8589090352549394,0.13131500780657232
10.248814,105.361138,2022-07-20,17.079032258064515,6.87,23.62,3.6662738004143356,89.88709677419355,82.49,94.07,2.8019534586040407,26.879677419354838,25.84,27.68,0.4910520888930663,29.632580645161287,27.37,31.56,1.0905605771934979,24.680322580645164,22.91,25.42,0.4686458451750021,2.2770967741935486,0.89,4.11,0.8221537159012536,25.06539531784235,24.164536332806353,25.763690671297283,0.4051746062701166,4.952258064516128,2.5,8.649999999999999,1.3704972247619198,0.36012591350437156,0.2002779938145562,0.6398398187662848,0.10793640497162708
10.249044,105.347198,2022-07-20,17.079032258064515,6.87,23.62,3.6662738004143356,89.88709677419355,82.49,94.07,2.8019534586040407,26.879677419354838,25.84,27.68,0.4910520888930663,29.632580645161287,27.37,31.56,1.0905605771934979,24.680322580645164,22.91,25.42,0.4686458451750021,2.2770967741935486,0.89,4.11,0.8221537159012536,25.06539531784235,24.164536332806353,25.763690671297283,0.4051746062701166,4.952258064516128,2.5,8.649999999999999,1.3704972247619198,0.36012591350437156,0.2002779938145562,0.6398398187662848,0.10793640497162708
10.254048,105.172039,2022-07-20,17.079032258064515,6.87,23.62,3.6662738004143356,89.25548387096772,79.44,93.35,3.1503782043407136,27.100322580645162,25.9,28.35,0.5991686922296418,29.538064516129033,26.92,31.62,1.1493796906405753,25.172903225806444,24.08,26.12,0.47685930533687654,2.3409677419354837,0.53,3.86,0.8526442923529118,25.16140586009696,24.07069434896019,25.902008550533132,0.4437840992158635,4.365161290322582,1.9899999999999984,7.540000000000003,1.2650841383920832,0.38848028766838494,0.22659304192761506,0.7757972023291232,0.12688979579822315
10.258961,105.323388,2022-07-20,17.079032258064515,6.87,23.62,3.6662738004143356,90.05032258064514,81.27,94.19,2.9039777879171047,26.910322580645154,25.66,27.84,0.5526912681391041,29.711612903225813,26.96,31.63,1.1492131860234986,24.632580645161294,23.29,25.41,0.4348597678446543,2.2570967741935477,0.86,3.69,0.786048482245979,25.12529610008162,24.130094953000818,25.85569627986475,0.41916892260614896,5.079032258064518,2.4399999999999977,8.34,1.3314928678081355,0.35543231253676644,0.1952996540418091,0.6932754681442975,0.1134336443522716
10.265977,105.125368,2022-07-20,17.079032258064515,6.87,23.62,3.6662738004143356,89.25548387096772,79.44,93.35,3.1503782043407136,27.100322580645162,25.9,28.35,0.5991686922296418,29.538064516129033,26.92,31.62,1.1493796906405753,25.172903225806444,24.08,26.12,0.47685930533687654,2.3409677419354837,0.53,3.86,0.8526442923529118,25.16140586009696,24.07069434896019,25.902008550533132,0.4437840992158635,4.365161290322582,1.9899999999999984,7.540000000000003,1.2650841383920832,0.38848028766838494,0.22659304192761506,0.7757972023291232,0.12688979579822315
10.268095,105.344826,2022-07-20,17.079032258064515,6.87,23.62,3.6662738004143356,90.05032258064514,81.27,94.19,2.9039777879171047,26.910322580645154,25.66,27.84,0.5526912681391041,29.711612903225813,26.96,31.63,1.1492131860234986,24.632580645161294,23.29,25.41,0.4348597678446543,2.2570967741935477,0.86,3.69,0.786048482245979,25.12529610008162,24.130094953000818,25.85569627986475,0.41916892260614896,5.079032258064518,2.4399999999999977,8.34,1.3314928678081355,0.35543231253676644,0.1952996540418091,0.6932754681442975,0.1134336443522716
10.268524,105.337611,2022-07-20,17.079032258064515,6.87,23.62,3.6662738004143356,90.05032258064514,81.27,94.19,2.9039777879171047,26.910322580645154,25.66,27.84,0.5526912681391041,29.711612903225813,26.96,31.63,1.1492131860234986,24.632580645161294,23.29,25.41,0.4348597678446543,2.2570967741935477,0.86,3.69,0.786048482245979,25.12529610008162,24.130094953000818,25.85569627986475,0.41916892260614896,5.079032258064518,2.4399999999999977,8.34,1.3314928678081355,0.35543231253676644,0.1952996540418091,0.6932754681442975,0.1134336443522716
10.272277,105.291556,2022-07-20,17.079032258064515,6.87,23.62,3.6662738004143356,89.25548387096772,79.44,93.35,3.1503782043407136,27.100322580645162,25.9,28.35,0.5991686922296418,29.538064516129033,26.92,31.62,1.1493796906405753,25.172903225806444,24.08,26.12,0.47685930533687654,2.3409677419354837,0.53,3.86,0.8526442923529118,25.16140586009696,24.07069434896019,25.902008550533132,0.4437840992158635,4.365161290322582,1.9899999999999984,7.540000000000003,1.2650841383920832,0.38848028766838494,0.22659304192761506,0.7757972023291232,0.12688979579822315
10.277579,105.307934,2022-07-20,17.079032258064515,6.87,23.62,3.6662738004143356,89.25548387096772,79.44,93.35,3.1503782043407136,27.100322580645162,25.9,28.35,0.5991686922296418,29.538064516129033,26.92,31.62,1.1493796906405753,25.172903225806444,24.08,26.12,0.47685930533687654,2.3409677419354837,0.53,3.86,0.8526442923529118,25.16140586009696,24.07069434896019,25.902008550533132,0.4437840992158635,4.365161290322582,1.9899999999999984,7.540000000000003,1.2650841383920832,0.38848028766838494,0.22659304192761506,0.7757972023291232,0.12688979579822315
10.282365,105.276189,2022-07-20,17.079032258064515,6.87,23.62,3.6662738004143356,89.25548387096772,79.44,93.35,3.1503782043407136,27.100322580645162,25.9,28.35,0.5991686922296418,29.538064516129033,26.92,31.62,1.1493796906405753,25.172903225806444,24.08,26.12,0.47685930533687654,2.3409677419354837,0.53,3.86,0.8526442923529118,25.16140586009696,24.07069434896019,25.902008550533132,0.4437840992158635,4.365161290322582,1.9899999999999984,7.540000000000003,1.2650841383920832,0.38848028766838494,0.22659304192761506,0.7757972023291232,0.12688979579822315
10.282445,105.330149,2022-07-20,17.079032258064515,6.87,23.62,3.6662738004143356,90.05032258064514,81.27,94.19,2.9039777879171047,26.910322580645154,25.66,27.84,0.5526912681391041,29.711612903225813,26.96,31.63,1.1492131860234986,24.632580645161294,23.29,25.41,0.4348597678446543,2.2570967741935477,0.86,3.69,0.786048482245979,25.12529610008162,24.130094953000818,25.85569627986475,0.41916892260614896,5.079032258064518,2.4399999999999977,8.34,1.3314928678081355,0.35543231253676644,0.1952996540418091,0.6932754681442975,0.1134336443522716
10.298963,105.275991,2022-07-20,17.079032258064515,6.87,23.62,3.6662738004143356,89.25548387096772,79.44,93.35,3.1503782043407136,27.100322580645162,25.9,28.35,0.5991686922296418,29.538064516129033,26.92,31.62,1.1493796906405753,25.172903225806444,24.08,26.12,0.47685930533687654,2.3409677419354837,0.53,3.86,0.8526442923529118,25.16140586009696,24.07069434896019,25.902008550533132,0.4437840992158635,4.365161290322582,1.9899999999999984,7.540000000000003,1.2650841383920832,0.38848028766838494,0.22659304192761506,0.7757972023291232,0.12688979579822315
10.303589,105.234936,2022-07-20,17.079032258064515,6.87,23.62,3.6662738004143356,89.25548387096772,79.44,93.35,3.1503782043407136,27.100322580645162,25.9,28.35,0.5991686922296418,29.538064516129033,26.92,31.62,1.1493796906405753,25.172903225806444,24.08,26.12,0.47685930533687654,2.3409677419354837,0.53,3.86,0.8526442923529118,25.16140586009696,24.07069434896019,25.902008550533132,0.4437840992158635,4.365161290322582,1.9899999999999984,7.540000000000003,1.2650841383920832,0.38848028766838494,0.22659304192761506,0.7757972023291232,0.12688979579822315
10.306769,105.34023,2022-07-20,17.079032258064515,6.87,23.62,3.6662738004143356,90.05032258064514,81.27,94.19,2.9039777879171047,26.910322580645154,25.66,27.84,0.5526912681391041,29.711612903225813,26.96,31.63,1.1492131860234986,24.632580645161294,23.29,25.41,0.4348597678446543,2.2570967741935477,0.86,3.69,0.786048482245979,25.12529610008162,24.130094953000818,25.85569627986475,0.41916892260614896,5.079032258064518,2.4399999999999977,8.34,1.3314928678081355,0.35543231253676644,0.1952996540418091,0.6932754681442975,0.1134336443522716
10.3154,105.280846,2022-07-20,17.079032258064515,6.87,23.62,3.6662738004143356,89.25548387096772,79.44,93.35,3.1503782043407136,27.100322580645162,25.9,28.35,0.5991686922296418,29.538064516129033,26.92,31.62,1.1493796906405753,25.172903225806444,24.08,26.12,0.47685930533687654,2.3409677419354837,0.53,3.86,0.8526442923529118,25.16140586009696,24.07069434896019,25.902008550533132,0.4437840992158635,4.365161290322582,1.9899999999999984,7.540000000000003,1.2650841383920832,0.38848028766838494,0.22659304192761506,0.7757972023291232,0.12688979579822315
10.316024,105.309873,2022-07-20,17.079032258064515,6.87,23.62,3.6662738004143356,89.25548387096772,79.44,93.35,3.1503782043407136,27.100322580645162,25.9,28.35,0.5991686922296418,29.538064516129033,26.92,31.62,1.1493796906405753,25.172903225806444,24.08,26.12,0.47685930533687654,2.3409677419354837,0.53,3.86,0.8526442923529118,25.16140586009696,24.07069434896019,25.902008550533132,0.4437840992158635,4.365161290322582,1.9899999999999984,7.540000000000003,1.2650841383920832,0.38848028766838494,0.22659304192761506,0.7757972023291232,0.12688979579822315
10.319903,105.230831,2022-07-20,17.079032258064515,6.87,23.62,3.6662738004143356,89.25548387096772,79.44,93.35,3.1503782043407136,27.100322580645162,25.9,28.35,0.5991686922296418,29.538064516129033,26.92,31.62,1.1493796906405753,25.172903225806444,24.08,26.12,0.47685930533687654,2.3409677419354837,0.53,3.86,0.8526442923529118,25.16140586009696,24.07069434896019,25.902008550533132,0.4437840992158635,4.365161290322582,1.9899999999999984,7.540000000000003,1.2650841383920832,0.38848028766838494,0.22659304192761506,0.7757972023291232,0.12688979579822315
10.320371,105.259016,2022-07-20,17.079032258064515,6.87,23.62,3.6662738004143356,89.25548387096772,79.44,93.35,3.1503782043407136,27.100322580645162,25.9,28.35,0.5991686922296418,29.538064516129033,26.92,31.62,1.1493796906405753,25.172903225806444,24.08,26.12,0.47685930533687654,2.3409677419354837,0.53,3.86,0.8526442923529118,25.16140586009696,24.07069434896019,25.902008550533132,0.4437840992158635,4.365161290322582,1.9899999999999984,7.540000000000003,1.2650841383920832,0.38848028766838494,0.22659304192761506,0.7757972023291232,0.12688979579822315
10.325047,105.251136,2022-07-20,17.079032258064515,6.87,23.62,3.6662738004143356,89.25548387096772,79.44,93.35,3.1503782043407136,27.100322580645162,25.9,28.35,0.5991686922296418,29.538064516129033,26.92,31.62,1.1493796906405753,25.172903225806444,24.08,26.12,0.47685930533687654,2.3409677419354837,0.53,3.86,0.8526442923529118,25.16140586009696,24.07069434896019,25.902008550533132,0.4437840992158635,4.365161290322582,1.9899999999999984,7.540000000000003,1.2650841383920832,0.38848028766838494,0.22659304192761506,0.7757972023291232,0.12688979579822315
10.327284,105.359541,2022-07-20,17.079032258064515,6.87,23.62,3.6662738004143356,90.05032258064514,81.27,94.19,2.9039777879171047,26.910322580645154,25.66,27.84,0.5526912681391041,29.711612903225813,26.96,31.63,1.1492131860234986,24.632580645161294,23.29,25.41,0.4348597678446543,2.2570967741935477,0.86,3.69,0.786048482245979,25.12529610008162,24.130094953000818,25.85569627986475,0.41916892260614896,5.079032258064518,2.4399999999999977,8.34,1.3314928678081355,0.35543231253676644,0.1952996540418091,0.6932754681442975,0.1134336443522716
10.327543,105.350908,2022-07-20,17.079032258064515,6.87,23.62,3.6662738004143356,90.05032258064514,81.27,94.19,2.9039777879171047,26.910322580645154,25.66,27.84,0.5526912681391041,29.711612903225813,26.96,31.63,1.1492131860234986,24.632580645161294,23.29,25.41,0.4348597678446543,2.2570967741935477,0.86,3.69,0.786048482245979,25.12529610008162,24.130094953000818,25.85569627986475,0.41916892260614896,5.079032258064518,2.4399999999999977,8.34,1.3314928678081355,0.35543231253676644,0.1952996540418091,0.6932754681442975,0.1134336443522716
10.327617,105.33024,2022-07-20,17.079032258064515,6.87,23.62,3.6662738004143356,90.05032258064514,81.27,94.19,2.9039777879171047,26.910322580645154,25.66,27.84,0.5526912681391041,29.711612903225813,26.96,31.63,1.1492131860234986,24.632580645161294,23.29,25.41,0.4348597678446543,2.2570967741935477,0.86,3.69,0.786048482245979,25.12529610008162,24.130094953000818,25.85569627986475,0.41916892260614896,5.079032258064518,2.4399999999999977,8.34,1.3314928678081355,0.35543231253676644,0.1952996540418091,0.6932754681442975,0.1134336443522716
10.33114,105.278682,2022-07-20,17.079032258064515,6.87,23.62,3.6662738004143356,89.25548387096772,79.44,93.35,3.1503782043407136,27.100322580645162,25.9,28.35,0.5991686922296418,29.538064516129033,26.92,31.62,1.1493796906405753,25.172903225806444,24.08,26.12,0.47685930533687654,2.3409677419354837,0.53,3.86,0.8526442923529118,25.16140586009696,24.07069434896019,25.902008550533132,0.4437840992158635,4.365161290322582,1.9899999999999984,7.540000000000003,1.2650841383920832,0.38848028766838494,0.22659304192761506,0.7757972023291232,0.12688979579822315
10.337977,105.288583,2022-07-20,17.079032258064515,6.87,23.62,3.6662738004143356,89.25548387096772,79.44,93.35,3.1503782043407136,27.100322580645162,25.9,28.35,0.5991686922296418,29.538064516129033,26.92,31.62,1.1493796906405753,25.172903225806444,24.08,26.12,0.47685930533687654,2.3409677419354837,0.53,3.86,0.8526442923529118,25.16140586009696,24.07069434896019,25.902008550533132,0.4437840992158635,4.365161290322582,1.9899999999999984,7.540000000000003,1.2650841383920832,0.38848028766838494,0.22659304192761506,0.7757972023291232,0.12688979579822315
10.339092,105.325101,2022-07-20,17.079032258064515,6.87,23.62,3.6662738004143356,90.05032258064514,81.27,94.19,2.9039777879171047,26.910322580645154,25.66,27.84,0.5526912681391041,29.711612903225813,26.96,31.63,1.1492131860234986,24.632580645161294,23.29,25.41,0.4348597678446543,2.2570967741935477,0.86,3.69,0.786048482245979,25.12529610008162,24.130094953000818,25.85569627986475,0.41916892260614896,5.079032258064518,2.4399999999999977,8.34,1.3314928678081355,0.35543231253676644,0.1952996540418091,0.6932754681442975,0.1134336443522716
10.342217,105.346028,2022-07-20,17.079032258064515,6.87,23.62,3.6662738004143356,90.05032258064514,81.27,94.19,2.9039777879171047,26.910322580645154,25.66,27.84,0.5526912681391041,29.711612903225813,26.96,31.63,1.1492131860234986,24.632580645161294,23.29,25.41,0.4348597678446543,2.2570967741935477,0.86,3.69,0.786048482245979,25.12529610008162,24.130094953000818,25.85569627986475,0.41916892260614896,5.079032258064518,2.4399999999999977,8.34,1.3314928678081355,0.35543231253676644,0.1952996540418091,0.6932754681442975,0.1134336443522716
10.342299,105.365285,2022-07-20,17.079032258064515,6.87,23.62,3.6662738004143356,90.05032258064514,81.27,94.19,2.9039777879171047,26.910322580645154,25.66,27.84,0.5526912681391041,29.711612903225813,26.96,31.63,1.1492131860234986,24.632580645161294,23.29,25.41,0.4348597678446543,2.2570967741935477,0.86,3.69,0.786048482245979,25.12529610008162,24.130094953000818,25.85569627986475,0.41916892260614896,5.079032258064518,2.4399999999999977,8.34,1.3314928678081355,0.35543231253676644,0.1952996540418091,0.6932754681442975,0.1134336443522716
10.345924,105.270456,2022-07-20,17.079032258064515,6.87,23.62,3.6662738004143356,89.25548387096772,79.44,93.35,3.1503782043407136,27.100322580645162,25.9,28.35,0.5991686922296418,29.538064516129033,26.92,31.62,1.1493796906405753,25.172903225806444,24.08,26.12,0.47685930533687654,2.3409677419354837,0.53,3.86,0.8526442923529118,25.16140586009696,24.07069434896019,25.902008550533132,0.4437840992158635,4.365161290322582,1.9899999999999984,7.540000000000003,1.2650841383920832,0.38848028766838494,0.22659304192761506,0.7757972023291232,0.12688979579822315
10.400449,105.171793,2022-07-20,17.079032258064515,6.87,23.62,3.6662738004143356,89.25548387096772,79.44,93.35,3.1503782043407136,27.100322580645162,25.9,28.35,0.5991686922296418,29.538064516129033,26.92,31.62,1.1493796906405753,25.172903225806444,24.08,26.12,0.47685930533687654,2.3409677419354837,0.53,3.86,0.8526442923529118,25.16140586009696,24.07069434896019,25.902008550533132,0.4437840992158635,4.365161290322582,1.9899999999999984,7.540000000000003,1.2650841383920832,0.38848028766838494,0.22659304192761506,0.7757972023291232,0.12688979579822315
10.412311,105.176834,2022-07-20,17.079032258064515,6.87,23.62,3.6662738004143356,89.25548387096772,79.44,93.35,3.1503782043407136,27.100322580645162,25.9,28.35,0.5991686922296418,29.538064516129033,26.92,31.62,1.1493796906405753,25.172903225806444,24.08,26.12,0.47685930533687654,2.3409677419354837,0.53,3.86,0.8526442923529118,25.16140586009696,24.07069434896019,25.902008550533132,0.4437840992158635,4.365161290322582,1.9899999999999984,7.540000000000003,1.2650841383920832,0.38848028766838494,0.22659304192761506,0.7757972023291232,0.12688979579822315
10.417324,105.208881,2022-07-20,17.079032258064515,6.87,23.62,3.6662738004143356,89.25548387096772,79.44,93.35,3.1503782043407136,27.100322580645162,25.9,28.35,0.5991686922296418,29.538064516129033,26.92,31.62,1.1493796906405753,25.172903225806444,24.08,26.12,0.47685930533687654,2.3409677419354837,0.53,3.86,0.8526442923529118,25.16140586009696,24.07069434896019,25.902008550533132,0.4437840992158635,4.365161290322582,1.9899999999999984,7.540000000000003,1.2650841383920832,0.38848028766838494,0.22659304192761506,0.7757972023291232,0.12688979579822315
10.426155,105.176598,2022-07-20,17.079032258064515,6.87,23.62,3.6662738004143356,89.25548387096772,79.44,93.35,3.1503782043407136,27.100322580645162,25.9,28.35,0.5991686922296418,29.538064516129033,26.92,31.62,1.1493796906405753,25.172903225806444,24.08,26.12,0.47685930533687654,2.3409677419354837,0.53,3.86,0.8526442923529118,25.16140586009696,24.07069434896019,25.902008550533132,0.4437840992158635,4.365161290322582,1.9899999999999984,7.540000000000003,1.2650841383920832,0.38848028766838494,0.22659304192761506,0.7757972023291232,0.12688979579822315
10.427104,105.210954,2022-07-20,17.079032258064515,6.87,23.62,3.6662738004143356,89.25548387096772,79.44,93.35,3.1503782043407136,27.100322580645162,25.9,28.35,0.5991686922296418,29.538064516129033,26.92,31.62,1.1493796906405753,25.172903225806444,24.08,26.12,0.47685930533687654,2.3409677419354837,0.53,3.86,0.8526442923529118,25.16140586009696,24.07069434896019,25.902008550533132,0.4437840992158635,4.365161290322582,1.9899999999999984,7.540000000000003,1.2650841383920832,0.38848028766838494,0.22659304192761506,0.7757972023291232,0.12688979579822315
10.447684,105.190977,2022-07-20,17.079032258064515,6.87,23.62,3.6662738004143356,89.25548387096772,79.44,93.35,3.1503782043407136,27.100322580645162,25.9,28.35,0.5991686922296418,29.538064516129033,26.92,31.62,1.1493796906405753,25.172903225806444,24.08,26.12,0.47685930533687654,2.3409677419354837,0.53,3.86,0.8526442923529118,25.16140586009696,24.07069434896019,25.902008550533132,0.4437840992158635,4.365161290322582,1.9899999999999984,7.540000000000003,1.2650841383920832,0.38848028766838494,0.22659304192761506,0.7757972023291232,0.12688979579822315
10.44819,105.181879,2022-07-20,17.079032258064515,6.87,23.62,3.6662738004143356,89.25548387096772,79.44,93.35,3.1503782043407136,27.100322580645162,25.9,28.35,0.5991686922296418,29.538064516129033,26.92,31.62,1.1493796906405753,25.172903225806444,24.08,26.12,0.47685930533687654,2.3409677419354837,0.53,3.86,0.8526442923529118,25.16140586009696,24.07069434896019,25.902008550533132,0.4437840992158635,4.365161290322582,1.9899999999999984,7.540000000000003,1.2650841383920832,0.38848028766838494,0.22659304192761506,0.7757972023291232,0.12688979579822315
10.452718,105.220233,2022-07-20,17.079032258064515,6.87,23.62,3.6662738004143356,89.25548387096772,79.44,93.35,3.1503782043407136,27.100322580645162,25.9,28.35,0.5991686922296418,29.538064516129033,26.92,31.62,1.1493796906405753,25.172903225806444,24.08,26.12,0.47685930533687654,2.3409677419354837,0.53,3.86,0.8526442923529118,25.16140586009696,24.07069434896019,25.902008550533132,0.4437840992158635,4.365161290322582,1.9899999999999984,7.540000000000003,1.2650841383920832,0.38848028766838494,0.22659304192761506,0.7757972023291232,0.12688979579822315
10.452795,105.21348,2022-07-20,17.079032258064515,6.87,23.62,3.6662738004143356,89.25548387096772,79.44,93.35,3.1503782043407136,27.100322580645162,25.9,28.35,0.5991686922296418,29.538064516129033,26.92,31.62,1.1493796906405753,25.172903225806444,24.08,26.12,0.47685930533687654,2.3409677419354837,0.53,3.86,0.8526442923529118,25.16140586009696,24.07069434896019,25.902008550533132,0.4437840992158635,4.365161290322582,1.9899999999999984,7.540000000000003,1.2650841383920832,0.38848028766838494,0.22659304192761506,0.7757972023291232,0.12688979579822315
10.458467,105.196191,2022-07-20,17.079032258064515,6.87,23.62,3.6662738004143356,89.25548387096772,79.44,93.35,3.1503782043407136,27.100322580645162,25.9,28.35,0.5991686922296418,29.538064516129033,26.92,31.62,1.1493796906405753,25.172903225806444,24.08,26.12,0.47685930533687654,2.3409677419354837,0.53,3.86,0.8526442923529118,25.16140586009696,24.07069434896019,25.902008550533132,0.4437840992158635,4.365161290322582,1.9899999999999984,7.540000000000003,1.2650841383920832,0.38848028766838494,0.22659304192761506,0.7757972023291232,0.12688979579822315
10.459704,105.218744,2022-07-20,17.079032258064515,6.87,23.62,3.6662738004143356,89.25548387096772,79.44,93.35,3.1503782043407136,27.100322580645162,25.9,28.35,0.5991686922296418,29.538064516129033,26.92,31.62,1.1493796906405753,25.172903225806444,24.08,26.12,0.47685930533687654,2.3409677419354837,0.53,3.86,0.8526442923529118,25.16140586009696,24.07069434896019,25.902008550533132,0.4437840992158635,4.365161290322582,1.9899999999999984,7.540000000000003,1.2650841383920832,0.38848028766838494,0.22659304192761506,0.7757972023291232,0.12688979579822315
10.460493,105.209967,2022-07-20,17.079032258064515,6.87,23.62,3.6662738004143356,89.25548387096772,79.44,93.35,3.1503782043407136,27.100322580645162,25.9,28.35,0.5991686922296418,29.538064516129033,26.92,31.62,1.1493796906405753,25.172903225806444,24.08,26.12,0.47685930533687654,2.3409677419354837,0.53,3.86,0.8526442923529118,25.16140586009696,24.07069434896019,25.902008550533132,0.4437840992158635,4.365161290322582,1.9899999999999984,7.540000000000003,1.2650841383920832,0.38848028766838494,0.22659304192761506,0.7757972023291232,0.12688979579822315
10.463816,105.133945,2022-07-20,17.079032258064515,6.87,23.62,3.6662738004143356,89.25548387096772,79.44,93.35,3.1503782043407136,27.100322580645162,25.9,28.35,0.5991686922296418,29.538064516129033,26.92,31.62,1.1493796906405753,25.172903225806444,24.08,26.12,0.47685930533687654,2.3409677419354837,0.53,3.86,0.8526442923529118,25.16140586009696,24.07069434896019,25.902008550533132,0.4437840992158635,4.365161290322582,1.9899999999999984,7.540000000000003,1.2650841383920832,0.38848028766838494,0.22659304192761506,0.7757972023291232,0.12688979579822315
10.465667,105.225904,2022-07-20,17.079032258064515,6.87,23.62,3.6662738004143356,89.25548387096772,79.44,93.35,3.1503782043407136,27.100322580645162,25.9,28.35,0.5991686922296418,29.538064516129033,26.92,31.62,1.1493796906405753,25.172903225806444,24.08,26.12,0.47685930533687654,2.3409677419354837,0.53,3.86,0.8526442923529118,25.16140586009696,24.07069434896019,25.902008550533132,0.4437840992158635,4.365161290322582,1.9899999999999984,7.540000000000003,1.2650841383920832,0.38848028766838494,0.22659304192761506,0.7757972023291232,0.12688979579822315
10.48065,105.130089,2022-07-20,17.079032258064515,6.87,23.62,3.6662738004143356,89.25548387096772,79.44,93.35,3.1503782043407136,27.100322580645162,25.9,28.35,0.5991686922296418,29.538064516129033,26.92,31.62,1.1493796906405753,25.172903225806444,24.08,26.12,0.47685930533687654,2.3409677419354837,0.53,3.86,0.8526442923529118,25.16140586009696,24.07069434896019,25.902008550533132,0.4437840992158635,4.365161290322582,1.9899999999999984,7.540000000000003,1.2650841383920832,0.38848028766838494,0.22659304192761506,0.7757972023291232,0.12688979579822315
10.501648,105.096892,2022-07-20,17.079032258064515,6.87,23.62,3.6662738004143356,89.25548387096772,79.44,93.35,3.1503782043407136,27.100322580645162,25.9,28.35,0.5991686922296418,29.538064516129033,26.92,31.62,1.1493796906405753,25.172903225806444,24.08,26.12,0.47685930533687654,2.3409677419354837,0.53,3.86,0.8526442923529118,25.16140586009696,24.07069434896019,25.902008550533132,0.4437840992158635,4.365161290322582,1.9899999999999984,7.540000000000003,1.2650841383920832,0.38848028766838494,0.22659304192761506,0.7757972023291232,0.12688979579822315
10.510203,105.111601,2022-07-20,17.079032258064515,6.87,23.62,3.6662738004143356,89.25548387096772,79.44,93.35,3.1503782043407136,27.100322580645162,25.9,28.35,0.5991686922296418,29.538064516129033,26.92,31.62,1.1493796906405753,25.172903225806444,24.08,26.12,0.47685930533687654,2.3409677419354837,0.53,3.86,0.8526442923529118,25.16140586009696,24.07069434896019,25.902008550533132,0.4437840992158635,4.365161290322582,1.9899999999999984,7.540000000000003,1.2650841383920832,0.38848028766838494,0.22659304192761506,0.7757972023291232,0.12688979579822315
10.521154,105.115666,2022-07-20,17.079032258064515,6.87,23.62,3.6662738004143356,89.25548387096772,79.44,93.35,3.1503782043407136,27.100322580645162,25.9,28.35,0.5991686922296418,29.538064516129033,26.92,31.62,1.1493796906405753,25.172903225806444,24.08,26.12,0.47685930533687654,2.3409677419354837,0.53,3.86,0.8526442923529118,25.16140586009696,24.07069434896019,25.902008550533132,0.4437840992158635,4.365161290322582,1.9899999999999984,7.540000000000003,1.2650841383920832,0.38848028766838494,0.22659304192761506,0.7757972023291232,0.12688979579822315
10.534074,105.126326,2022-07-20,17.079032258064515,6.87,23.62,3.6662738004143356,89.25548387096772,79.44,93.35,3.1503782043407136,27.100322580645162,25.9,28.35,0.5991686922296418,29.538064516129033,26.92,31.62,1.1493796906405753,25.172903225806444,24.08,26.12,0.47685930533687654,2.3409677419354837,0.53,3.86,0.8526442923529118,25.16140586009696,24.07069434896019,25.902008550533132,0.4437840992158635,4.365161290322582,1.9899999999999984,7.540000000000003,1.2650841383920832,0.38848028766838494,0.22659304192761506,0.7757972023291232,0.12688979579822315
10.358094,105.189541,2022-07-21,17.063870967741938,6.87,23.62,3.6601751037077843,89.2625806451613,79.44,93.35,3.151889313331983,27.071290322580648,25.9,28.35,0.606192463504433,29.50483870967742,26.92,31.62,1.1633568530480314,25.15451612903225,24.08,26.12,0.46706937185706277,2.3422580645161295,0.53,3.86,0.8531864738784584,25.13409494312,24.07069434896019,25.902008550533132,0.44417152818810385,4.3503225806451615,1.9899999999999984,7.540000000000003,1.2737080332659618,0.3876183886229789,0.22659304192761506,0.7757972023291232,0.12709387887860224
10.358727,105.222371,2022-07-21,17.063870967741938,6.87,23.62,3.6601751037077843,89.2625806451613,79.44,93.35,3.151889313331983,27.071290322580648,25.9,28.35,0.606192463504433,29.50483870967742,26.92,31.62,1.1633568530480314,25.15451612903225,24.08,26.12,0.46706937185706277,2.3422580645161295,0.53,3.86,0.8531864738784584,25.13409494312,24.07069434896019,25.902008550533132,0.44417152818810385,4.3503225806451615,1.9899999999999984,7.540000000000003,1.2737080332659618,0.3876183886229789,0.22659304192761506,0.7757972023291232,0.12709387887860224
10.365734,105.267634,2022-07-21,17.063870967741938,6.87,23.62,3.6601751037077843,89.2625806451613,79.44,93.35,3.151889313331983,27.071290322580648,25.9,28.35,0.606192463504433,29.50483870967742,26.92,31.62,1.1633568530480314,25.15451612903225,24.08,26.12,0.46706937185706277,2.3422580645161295,0.53,3.86,0.8531864738784584,25.13409494312,24.07069434896019,25.902008550533132,0.44417152818810385,4.3503225806451615,1.9899999999999984,7.540000000000003,1.2737080332659618,0.3876183886229789,0.22659304192761506,0.7757972023291232,0.12709387887860224
10.368014,105.238516,2022-07-21,17.063870967741938,6.87,23.62,3.6601751037077843,89.2625806451613,79.44,93.35,3.151889313331983,27.071290322580648,25.9,28.35,0.606192463504433,29.50483870967742,26.92,31.62,1.1633568530480314,25.15451612903225,24.08,26.12,0.46706937185706277,2.3422580645161295,0.53,3.86,0.8531864738784584,25.13409494312,24.07069434896019,25.902008550533132,0.44417152818810385,4.3503225806451615,1.9899999999999984,7.540000000000003,1.2737080332659618,0.3876183886229789,0.22659304192761506,0.7757972023291232,0.12709387887860224
10.244181,105.230614,2022-07-22,16.82451612903226,6.87,23.62,3.7451300323776846,87.26129032258065,77.54,90.96,3.2519520112472025,27.401612903225804,26.4,28.46,0.5410449672695424,29.30419354838709,27.28,31.3,1.0837830225457386,25.930645161290318,24.86,26.72,0.3983266246385517,2.9167741935483864,0.47,5.44,1.2004955619129696,25.0767203157571,23.8898315526181,25.86679077514275,0.4661583164888784,3.3735483870967746,1.5399999999999991,6.050000000000001,1.2332949530453274,0.4678698859972462,0.3265190400950096,0.8589090352549394,0.13336808904868466
10.250745,105.24539,2022-07-22,16.82451612903226,6.87,23.62,3.7451300323776846,89.27258064516128,79.44,93.35,3.1578401844604382,27.030645161290323,25.9,28.35,0.6175494520298707,29.449677419354842,26.92,31.62,1.1989551469211952,25.12419354838709,24.08,26.05,0.43264955790844944,2.351612903225807,0.53,3.86,0.8572126501489826,25.095780037907694,24.07069434896019,25.86766694000002,0.42718173080931876,4.325483870967743,1.9899999999999984,7.540000000000003,1.2982937654293647,0.38651581626475584,0.22659304192761506,0.7757972023291232,0.1277271751875738
10.275776,105.258985,2022-07-22,16.82451612903226,6.87,23.62,3.7451300323776846,89.27258064516128,79.44,93.35,3.1578401844604382,27.030645161290323,25.9,28.35,0.6175494520298707,29.449677419354842,26.92,31.62,1.1989551469211952,25.12419354838709,24.08,26.05,0.43264955790844944,2.351612903225807,0.53,3.86,0.8572126501489826,25.095780037907694,24.07069434896019,25.86766694000002,0.42718173080931876,4.325483870967743,1.9899999999999984,7.540000000000003,1.2982937654293647,0.38651581626475584,0.22659304192761506,0.7757972023291232,0.1277271751875738
10.280407,105.223352,2022-07-22,16.82451612903226,6.87,23.62,3.7451300323776846,89.27258064516128,79.44,93.35,3.1578401844604382,27.030645161290323,25.9,28.35,0.6175494520298707,29.449677419354842,26.92,31.62,1.1989551469211952,25.12419354838709,24.08,26.05,0.43264955790844944,2.351612903225807,0.53,3.86,0.8572126501489826,25.095780037907694,24.07069434896019,25.86766694000002,0.42718173080931876,4.325483870967743,1.9899999999999984,7.540000000000003,1.2982937654293647,0.38651581626475584,0.22659304192761506,0.7757972023291232,0.1277271751875738
10.281994,105.246519,2022-07-22,16.82451612903226,6.87,23.62,3.7451300323776846,89.27258064516128,79.44,93.35,3.1578401844604382,27.030645161290323,25.9,28.35,0.6175494520298707,29.449677419354842,26.92,31.62,1.1989551469211952,25.12419354838709,24.08,26.05,0.43264955790844944,2.351612903225807,0.53,3.86,0.8572126501489826,25.095780037907694,24.07069434896019,25.86766694000002,0.42718173080931876,4.325483870967743,1.9899999999999984,7.540000000000003,1.2982937654293647,0.38651581626475584,0.22659304192761506,0.7757972023291232,0.1277271751875738
10.283233,105.260351,2022-07-22,16.82451612903226,6.87,23.62,3.7451300323776846,89.27258064516128,79.44,93.35,3.1578401844604382,27.030645161290323,25.9,28.35,0.6175494520298707,29.449677419354842,26.92,31.62,1.1989551469211952,25.12419354838709,24.08,26.05,0.43264955790844944,2.351612903225807,0.53,3.86,0.8572126501489826,25.095780037907694,24.07069434896019,25.86766694000002,0.42718173080931876,4.325483870967743,1.9899999999999984,7.540000000000003,1.2982937654293647,0.38651581626475584,0.22659304192761506,0.7757972023291232,0.1277271751875738
10.284315,105.252391,2022-07-22,16.82451612903226,6.87,23.62,3.7451300323776846,89.27258064516128,79.44,93.35,3.1578401844604382,27.030645161290323,25.9,28.35,0.6175494520298707,29.449677419354842,26.92,31.62,1.1989551469211952,25.12419354838709,24.08,26.05,0.43264955790844944,2.351612903225807,0.53,3.86,0.8572126501489826,25.095780037907694,24.07069434896019,25.86766694000002,0.42718173080931876,4.325483870967743,1.9899999999999984,7.540000000000003,1.2982937654293647,0.38651581626475584,0.22659304192761506,0.7757972023291232,0.1277271751875738
10.287565,105.192862,2022-07-23,16.657419354838712,6.87,23.62,3.736686446349903,89.3332258064516,79.44,93.35,3.1906459929357966,26.97451612903226,25.78,28.35,0.6488045518598401,29.36193548387097,26.92,31.62,1.2635061799632843,25.079032258064508,24.08,26.05,0.42438840121809357,2.378709677419355,0.53,3.86,0.8798267495712927,25.051531773859857,24.07069434896019,25.86766694000002,0.42900693825443115,4.282903225806452,1.9899999999999984,7.540000000000003,1.3301811507687826,0.3833593308887374,0.22659304192761506,0.7757972023291232,0.12942714793285082
10.290816,105.182958,2022-07-23,16.657419354838712,6.87,23.62,3.736686446349903,89.3332258064516,79.44,93.35,3.1906459929357966,26.97451612903226,25.78,28.35,0.6488045518598401,29.36193548387097,26.92,31.62,1.2635061799632843,25.079032258064508,24.08,26.05,0.42438840121809357,2.378709677419355,0.53,3.86,0.8798267495712927,25.051531773859857,24.07069434896019,25.86766694000002,0.42900693825443115,4.282903225806452,1.9899999999999984,7.540000000000003,1.3301811507687826,0.3833593308887374,0.22659304192761506,0.7757972023291232,0.12942714793285082
10.299014,105.215448,2022-07-23,16.657419354838712,6.87,23.62,3.736686446349903,89.3332258064516,79.44,93.35,3.1906459929357966,26.97451612903226,25.78,28.35,0.6488045518598401,29.36193548387097,26.92,31.62,1.2635061799632843,25.079032258064508,24.08,26.05,0.42438840121809357,2.378709677419355,0.53,3.86,0.8798267495712927,25.051531773859857,24.07069434896019,25.86766694000002,0.42900693825443115,4.282903225806452,1.9899999999999984,7.540000000000003,1.3301811507687826,0.3833593308887374,0.22659304192761506,0.7757972023291232,0.12942714793285082
10.303766,105.203102,2022-07-23,16.657419354838712,6.87,23.62,3.736686446349903,89.3332258064516,79.44,93.35,3.1906459929357966,26.97451612903226,25.78,28.35,0.6488045518598401,29.36193548387097,26.92,31.62,1.2635061799632843,25.079032258064508,24.08,26.05,0.42438840121809357,2.378709677419355,0.53,3.86,0.8798267495712927,25.051531773859857,24.07069434896019,25.86766694000002,0.42900693825443115,4.282903225806452,1.9899999999999984,7.540000000000003,1.3301811507687826,0.3833593308887374,0.22659304192761506,0.7757972023291232,0.12942714793285082
10.309139,105.215737,2022-07-23,16.657419354838712,6.87,23.62,3.736686446349903,89.3332258064516,79.44,93.35,3.1906459929357966,26.97451612903226,25.78,28.35,0.6488045518598401,29.36193548387097,26.92,31.62,1.2635061799632843,25.079032258064508,24.08,26.05,0.42438840121809357,2.378709677419355,0.53,3.86,0.8798267495712927,25.051531773859857,24.07069434896019,25.86766694000002,0.42900693825443115,4.282903225806452,1.9899999999999984,7.540000000000003,1.3301811507687826,0.3833593308887374,0.22659304192761506,0.7757972023291232,0.12942714793285082
10.318227,105.218967,2022-07-23,16.657419354838712,6.87,23.62,3.736686446349903,89.3332258064516,79.44,93.35,3.1906459929357966,26.97451612903226,25.78,28.35,0.6488045518598401,29.36193548387097,26.92,31.62,1.2635061799632843,25.079032258064508,24.08,26.05,0.42438840121809357,2.378709677419355,0.53,3.86,0.8798267495712927,25.051531773859857,24.07069434896019,25.86766694000002,0.42900693825443115,4.282903225806452,1.9899999999999984,7.540000000000003,1.3301811507687826,0.3833593308887374,0.22659304192761506,0.7757972023291232,0.12942714793285082
10.319027,105.191902,2022-07-23,16.657419354838712,6.87,23.62,3.736686446349903,89.3332258064516,79.44,93.35,3.1906459929357966,26.97451612903226,25.78,28.35,0.6488045518598401,29.36193548387097,26.92,31.62,1.2635061799632843,25.079032258064508,24.08,26.05,0.42438840121809357,2.378709677419355,0.53,3.86,0.8798267495712927,25.051531773859857,24.07069434896019,25.86766694000002,0.42900693825443115,4.282903225806452,1.9899999999999984,7.540000000000003,1.3301811507687826,0.3833593308887374,0.22659304192761506,0.7757972023291232,0.12942714793285082
10.321392,105.177554,2022-07-23,16.657419354838712,6.87,23.62,3.736686446349903,89.3332258064516,79.44,93.35,3.1906459929357966,26.97451612903226,25.78,28.35,0.6488045518598401,29.36193548387097,26.92,31.62,1.2635061799632843,25.079032258064508,24.08,26.05,0.42438840121809357,2.378709677419355,0.53,3.86,0.8798267495712927,25.051531773859857,24.07069434896019,25.86766694000002,0.42900693825443115,4.282903225806452,1.9899999999999984,7.540000000000003,1.3301811507687826,0.3833593308887374,0.22659304192761506,0.7757972023291232,0.12942714793285082
10.327832,105.216844,2022-07-23,16.657419354838712,6.87,23.62,3.736686446349903,89.3332258064516,79.44,93.35,3.1906459929357966,26.97451612903226,25.78,28.35,0.6488045518598401,29.36193548387097,26.92,31.62,1.2635061799632843,25.079032258064508,24.08,26.05,0.42438840121809357,2.378709677419355,0.53,3.86,0.8798267495712927,25.051531773859857,24.07069434896019,25.86766694000002,0.42900693825443115,4.282903225806452,1.9899999999999984,7.540000000000003,1.3301811507687826,0.3833593308887374,0.22659304192761506,0.7757972023291232,0.12942714793285082
10.337185,105.197822,2022-07-23,16.657419354838712,6.87,23.62,3.736686446349903,89.3332258064516,79.44,93.35,3.1906459929357966,26.97451612903226,25.78,28.35,0.6488045518598401,29.36193548387097,26.92,31.62,1.2635061799632843,25.079032258064508,24.08,26.05,0.42438840121809357,2.378709677419355,0.53,3.86,0.8798267495712927,25.051531773859857,24.07069434896019,25.86766694000002,0.42900693825443115,4.282903225806452,1.9899999999999984,7.540000000000003,1.3301811507687826,0.3833593308887374,0.22659304192761506,0.7757972023291232,0.12942714793285082
10.346876,105.206507,2022-07-23,16.657419354838712,6.87,23.62,3.736686446349903,89.3332258064516,79.44,93.35,3.1906459929357966,26.97451612903226,25.78,28.35,0.6488045518598401,29.36193548387097,26.92,31.62,1.2635061799632843,25.079032258064508,24.08,26.05,0.42438840121809357,2.378709677419355,0.53,3.86,0.8798267495712927,25.051531773859857,24.07069434896019,25.86766694000002,0.42900693825443115,4.282903225806452,1.9899999999999984,7.540000000000003,1.3301811507687826,0.3833593308887374,0.22659304192761506,0.7757972023291232,0.12942714793285082
10.262681,105.14739,2022-07-25,16.470000000000002,6.87,23.62,3.769222560379981,89.21354838709676,79.44,93.35,3.1599587057194656,26.877741935483872,24.86,28.35,0.7761181722351781,29.280322580645162,26.92,31.62,1.3371599269104935,24.95903225806451,23.04,26.05,0.5779851255966976,2.4164516129032267,0.53,3.86,0.9059464784700237,24.933827191792904,23.013919027872713,25.86766694000002,0.5998815499262732,4.321290322580645,1.9899999999999984,7.540000000000003,1.3153675849186555,0.38549381263599203,0.22659304192761506,0.7757972023291232,0.12860285669346824
10.284027,105.15814,2022-07-25,16.470000000000002,6.87,23.62,3.769222560379981,89.21354838709676,79.44,93.35,3.1599587057194656,26.877741935483872,24.86,28.35,0.7761181722351781,29.280322580645162,26.92,31.62,1.3371599269104935,24.95903225806451,23.04,26.05,0.5779851255966976,2.4164516129032267,0.53,3.86,0.9059464784700237,24.933827191792904,23.013919027872713,25.86766694000002,0.5998815499262732,4.321290322580645,1.9899999999999984,7.540000000000003,1.3153675849186555,0.38549381263599203,0.22659304192761506,0.7757972023291232,0.12860285669346824
10.297494,105.145318,2022-07-25,16.470000000000002,6.87,23.62,3.769222560379981,89.21354838709676,79.44,93.35,3.1599587057194656,26.877741935483872,24.86,28.35,0.7761181722351781,29.280322580645162,26.92,31.62,1.3371599269104935,24.95903225806451,23.04,26.05,0.5779851255966976,2.4164516129032267,0.53,3.86,0.9059464784700237,24.933827191792904,23.013919027872713,25.86766694000002,0.5998815499262732,4.321290322580645,1.9899999999999984,7.540000000000003,1.3153675849186555,0.38549381263599203,0.22659304192761506,0.7757972023291232,0.12860285669346824
10.30701,105.130668,2022-07-25,16.470000000000002,6.87,23.62,3.769222560379981,89.21354838709676,79.44,93.35,3.1599587057194656,26.877741935483872,24.86,28.35,0.7761181722351781,29.280322580645162,26.92,31.62,1.3371599269104935,24.95903225806451,23.04,26.05,0.5779851255966976,2.4164516129032267,0.53,3.86,0.9059464784700237,24.933827191792904,23.013919027872713,25.86766694000002,0.5998815499262732,4.321290322580645,1.9899999999999984,7.540000000000003,1.3153675849186555,0.38549381263599203,0.22659304192761506,0.7757972023291232,0.12860285669346824
10.320247,105.141848,2022-07-25,16.470000000000002,6.87,23.62,3.769222560379981,89.21354838709676,79.44,93.35,3.1599587057194656,26.877741935483872,24.86,28.35,0.7761181722351781,29.280322580645162,26.92,31.62,1.3371599269104935,24.95903225806451,23.04,26.05,0.5779851255966976,2.4164516129032267,0.53,3.86,0.9059464784700237,24.933827191792904,23.013919027872713,25.86766694000002,0.5998815499262732,4.321290322580645,1.9899999999999984,7.540000000000003,1.3153675849186555,0.38549381263599203,0.22659304192761506,0.7757972023291232,0.12860285669346824
10.325825,105.129268,2022-07-25,16.470000000000002,6.87,23.62,3.769222560379981,89.21354838709676,79.44,93.35,3.1599587057194656,26.877741935483872,24.86,28.35,0.7761181722351781,29.280322580645162,26.92,31.62,1.3371599269104935,24.95903225806451,23.04,26.05,0.5779851255966976,2.4164516129032267,0.53,3.86,0.9059464784700237,24.933827191792904,23.013919027872713,25.86766694000002,0.5998815499262732,4.321290322580645,1.9899999999999984,7.540000000000003,1.3153675849186555,0.38549381263599203,0.22659304192761506,0.7757972023291232,0.12860285669346824
10.399444,105.118528,2022-07-26,16.532903225806454,6.87,23.62,3.760259251141608,89.21548387096774,79.44,93.35,3.1609664086852662,26.880322580645164,24.86,28.35,0.7741904569830754,29.289677419354838,26.92,31.62,1.3309891637448608,24.925806451612896,23.04,26.05,0.6015022816225108,2.3929032258064518,0.53,3.86,0.8792929474350111,24.936733557971582,23.013919027872713,25.86766694000002,0.5986562062215893,4.363870967741936,1.9899999999999984,7.540000000000003,1.3003068556439086,0.3854751880176685,0.22659304192761506,0.7757972023291232,0.128613393524389
10.399645,105.141286,2022-07-26,16.532903225806454,6.87,23.62,3.760259251141608,89.21548387096774,79.44,93.35,3.1609664086852662,26.880322580645164,24.86,28.35,0.7741904569830754,29.289677419354838,26.92,31.62,1.3309891637448608,24.925806451612896,23.04,26.05,0.6015022816225108,2.3929032258064518,0.53,3.86,0.8792929474350111,24.936733557971582,23.013919027872713,25.86766694000002,0.5986562062215893,4.363870967741936,1.9899999999999984,7.540000000000003,1.3003068556439086,0.3854751880176685,0.22659304192761506,0.7757972023291232,0.128613393524389
10.403175,105.123726,2022-07-26,16.532903225806454,6.87,23.62,3.760259251141608,89.21548387096774,79.44,93.35,3.1609664086852662,26.880322580645164,24.86,28.35,0.7741904569830754,29.289677419354838,26.92,31.62,1.3309891637448608,24.925806451612896,23.04,26.05,0.6015022816225108,2.3929032258064518,0.53,3.86,0.8792929474350111,24.936733557971582,23.013919027872713,25.86766694000002,0.5986562062215893,4.363870967741936,1.9899999999999984,7.540000000000003,1.3003068556439086,0.3854751880176685,0.22659304192761506,0.7757972023291232,0.128613393524389
10.407581,105.1521,2022-07-26,16.532903225806454,6.87,23.62,3.760259251141608,89.21548387096774,79.44,93.35,3.1609664086852662,26.880322580645164,24.86,28.35,0.7741904569830754,29.289677419354838,26.92,31.62,1.3309891637448608,24.925806451612896,23.04,26.05,0.6015022816225108,2.3929032258064518,0.53,3.86,0.8792929474350111,24.936733557971582,23.013919027872713,25.86766694000002,0.5986562062215893,4.363870967741936,1.9899999999999984,7.540000000000003,1.3003068556439086,0.3854751880176685,0.22659304192761506,0.7757972023291232,0.128613393524389
10.407982,105.123304,2022-07-26,16.532903225806454,6.87,23.62,3.760259251141608,89.21548387096774,79.44,93.35,3.1609664086852662,26.880322580645164,24.86,28.35,0.7741904569830754,29.289677419354838,26.92,31.62,1.3309891637448608,24.925806451612896,23.04,26.05,0.6015022816225108,2.3929032258064518,0.53,3.86,0.8792929474350111,24.936733557971582,23.013919027872713,25.86766694000002,0.5986562062215893,4.363870967741936,1.9899999999999984,7.540000000000003,1.3003068556439086,0.3854751880176685,0.22659304192761506,0.7757972023291232,0.128613393524389
10.408214,105.131329,2022-07-26,16.532903225806454,6.87,23.62,3.760259251141608,89.21548387096774,79.44,93.35,3.1609664086852662,26.880322580645164,24.86,28.35,0.7741904569830754,29.289677419354838,26.92,31.62,1.3309891637448608,24.925806451612896,23.04,26.05,0.6015022816225108,2.3929032258064518,0.53,3.86,0.8792929474350111,24.936733557971582,23.013919027872713,25.86766694000002,0.5986562062215893,4.363870967741936,1.9899999999999984,7.540000000000003,1.3003068556439086,0.3854751880176685,0.22659304192761506,0.7757972023291232,0.128613393524389
10.414613,105.125615,2022-07-26,16.532903225806454,6.87,23.62,3.760259251141608,89.21548387096774,79.44,93.35,3.1609664086852662,26.880322580645164,24.86,28.35,0.7741904569830754,29.289677419354838,26.92,31.62,1.3309891637448608,24.925806451612896,23.04,26.05,0.6015022816225108,2.3929032258064518,0.53,3.86,0.8792929474350111,24.936733557971582,23.013919027872713,25.86766694000002,0.5986562062215893,4.363870967741936,1.9899999999999984,7.540000000000003,1.3003068556439086,0.3854751880176685,0.22659304192761506,0.7757972023291232,0.128613393524389
10.415236,105.156765,2022-07-26,16.532903225806454,6.87,23.62,3.760259251141608,89.21548387096774,79.44,93.35,3.1609664086852662,26.880322580645164,24.86,28.35,0.7741904569830754,29.289677419354838,26.92,31.62,1.3309891637448608,24.925806451612896,23.04,26.05,0.6015022816225108,2.3929032258064518,0.53,3.86,0.8792929474350111,24.936733557971582,23.013919027872713,25.86766694000002,0.5986562062215893,4.363870967741936,1.9899999999999984,7.540000000000003,1.3003068556439086,0.3854751880176685,0.22659304192761506,0.7757972023291232,0.128613393524389
10.419552,105.116409,2022-07-26,16.532903225806454,6.87,23.62,3.760259251141608,89.21548387096774,79.44,93.35,3.1609664086852662,26.880322580645164,24.86,28.35,0.7741904569830754,29.289677419354838,26.92,31.62,1.3309891637448608,24.925806451612896,23.04,26.05,0.6015022816225108,2.3929032258064518,0.53,3.86,0.8792929474350111,24.936733557971582,23.013919027872713,25.86766694000002,0.5986562062215893,4.363870967741936,1.9899999999999984,7.540000000000003,1.3003068556439086,0.3854751880176685,0.22659304192761506,0.7757972023291232,0.128613393524389
10.420174,105.16361,2022-07-26,16.532903225806454,6.87,23.62,3.760259251141608,89.21548387096774,79.44,93.35,3.1609664086852662,26.880322580645164,24.86,28.35,0.7741904569830754,29.289677419354838,26.92,31.62,1.3309891637448608,24.925806451612896,23.04,26.05,0.6015022816225108,2.3929032258064518,0.53,3.86,0.8792929474350111,24.936733557971582,23.013919027872713,25.86766694000002,0.5986562062215893,4.363870967741936,1.9899999999999984,7.540000000000003,1.3003068556439086,0.3854751880176685,0.22659304192761506,0.7757972023291232,0.128613393524389
10.421066,105.136822,2022-07-26,16.532903225806454,6.87,23.62,3.760259251141608,89.21548387096774,79.44,93.35,3.1609664086852662,26.880322580645164,24.86,28.35,0.7741904569830754,29.289677419354838,26.92,31.62,1.3309891637448608,24.925806451612896,23.04,26.05,0.6015022816225108,2.3929032258064518,0.53,3.86,0.8792929474350111,24.936733557971582,23.013919027872713,25.86766694000002,0.5986562062215893,4.363870967741936,1.9899999999999984,7.540000000000003,1.3003068556439086,0.3854751880176685,0.22659304192761506,0.7757972023291232,0.128613393524389
10.422463,105.151846,2022-07-26,16.532903225806454,6.87,23.62,3.760259251141608,89.21548387096774,79.44,93.35,3.1609664086852662,26.880322580645164,24.86,28.35,0.7741904569830754,29.289677419354838,26.92,31.62,1.3309891637448608,24.925806451612896,23.04,26.05,0.6015022816225108,2.3929032258064518,0.53,3.86,0.8792929474350111,24.936733557971582,23.013919027872713,25.86766694000002,0.5986562062215893,4.363870967741936,1.9899999999999984,7.540000000000003,1.3003068556439086,0.3854751880176685,0.22659304192761506,0.7757972023291232,0.128613393524389
10.42324,105.126544,2022-07-26,16.532903225806454,6.87,23.62,3.760259251141608,89.21548387096774,79.44,93.35,3.1609664086852662,26.880322580645164,24.86,28.35,0.7741904569830754,29.289677419354838,26.92,31.62,1.3309891637448608,24.925806451612896,23.04,26.05,0.6015022816225108,2.3929032258064518,0.53,3.86,0.8792929474350111,24.936733557971582,23.013919027872713,25.86766694000002,0.5986562062215893,4.363870967741936,1.9899999999999984,7.540000000000003,1.3003068556439086,0.3854751880176685,0.22659304192761506,0.7757972023291232,0.128613393524389
10.429142,105.151556,2022-07-26,16.532903225806454,6.87,23.62,3.760259251141608,89.21548387096774,79.44,93.35,3.1609664086852662,26.880322580645164,24.86,28.35,0.7741904569830754,29.289677419354838,26.92,31.62,1.3309891637448608,24.925806451612896,23.04,26.05,0.6015022816225108,2.3929032258064518,0.53,3.86,0.8792929474350111,24.936733557971582,23.013919027872713,25.86766694000002,0.5986562062215893,4.363870967741936,1.9899999999999984,7.540000000000003,1.3003068556439086,0.3854751880176685,0.22659304192761506,0.7757972023291232,0.128613393524389
10.429212,105.141436,2022-07-26,16.532903225806454,6.87,23.62,3.760259251141608,89.21548387096774,79.44,93.35,3.1609664086852662,26.880322580645164,24.86,28.35,0.7741904569830754,29.289677419354838,26.92,31.62,1.3309891637448608,24.925806451612896,23.04,26.05,0.6015022816225108,2.3929032258064518,0.53,3.86,0.8792929474350111,24.936733557971582,23.013919027872713,25.86766694000002,0.5986562062215893,4.363870967741936,1.9899999999999984,7.540000000000003,1.3003068556439086,0.3854751880176685,0.22659304192761506,0.7757972023291232,0.128613393524389
10.429339,105.125493,2022-07-26,16.532903225806454,6.87,23.62,3.760259251141608,89.21548387096774,79.44,93.35,3.1609664086852662,26.880322580645164,24.86,28.35,0.7741904569830754,29.289677419354838,26.92,31.62,1.3309891637448608,24.925806451612896,23.04,26.05,0.6015022816225108,2.3929032258064518,0.53,3.86,0.8792929474350111,24.936733557971582,23.013919027872713,25.86766694000002,0.5986562062215893,4.363870967741936,1.9899999999999984,7.540000000000003,1.3003068556439086,0.3854751880176685,0.22659304192761506,0.7757972023291232,0.128613393524389
10.43062,105.165627,2022-07-26,16.532903225806454,6.87,23.62,3.760259251141608,89.21548387096774,79.44,93.35,3.1609664086852662,26.880322580645164,24.86,28.35,0.7741904569830754,29.289677419354838,26.92,31.62,1.3309891637448608,24.925806451612896,23.04,26.05,0.6015022816225108,2.3929032258064518,0.53,3.86,0.8792929474350111,24.936733557971582,23.013919027872713,25.86766694000002,0.5986562062215893,4.363870967741936,1.9899999999999984,7.540000000000003,1.3003068556439086,0.3854751880176685,0.22659304192761506,0.7757972023291232,0.128613393524389
10.438048,105.153225,2022-07-26,16.532903225806454,6.87,23.62,3.760259251141608,89.21548387096774,79.44,93.35,3.1609664086852662,26.880322580645164,24.86,28.35,0.7741904569830754,29.289677419354838,26.92,31.62,1.3309891637448608,24.925806451612896,23.04,26.05,0.6015022816225108,2.3929032258064518,0.53,3.86,0.8792929474350111,24.936733557971582,23.013919027872713,25.86766694000002,0.5986562062215893,4.363870967741936,1.9899999999999984,7.540000000000003,1.3003068556439086,0.3854751880176685,0.22659304192761506,0.7757972023291232,0.128613393524389
10.406597,105.221367,2022-07-28,16.537419354838708,6.73,23.62,4.019790531970007,88.99290322580647,79.44,92.59,3.064938239180294,26.921935483870964,24.86,28.35,0.7658030545893081,29.399032258064516,26.92,31.62,1.3220642579637436,24.908064516129027,23.04,26.05,0.5967623364122854,2.317096774193548,0.53,3.85,0.8077695038065729,24.93641694560688,23.013919027872713,25.86766694000002,0.5990055829836034,4.490967741935484,2.150000000000002,7.540000000000003,1.2804569618762993,0.39411504305396844,0.2532125702380937,0.7757972023291232,0.1251438164465532
10.407515,105.229231,2022-07-28,16.537419354838708,6.73,23.62,4.019790531970007,88.99290322580647,79.44,92.59,3.064938239180294,26.921935483870964,24.86,28.35,0.7658030545893081,29.399032258064516,26.92,31.62,1.3220642579637436,24.908064516129027,23.04,26.05,0.5967623364122854,2.317096774193548,0.53,3.85,0.8077695038065729,24.93641694560688,23.013919027872713,25.86766694000002,0.5990055829836034,4.490967741935484,2.150000000000002,7.540000000000003,1.2804569618762993,0.39411504305396844,0.2532125702380937,0.7757972023291232,0.1251438164465532
10.410742,105.220616,2022-07-28,16.537419354838708,6.73,23.62,4.019790531970007,88.99290322580647,79.44,92.59,3.064938239180294,26.921935483870964,24.86,28.35,0.7658030545893081,29.399032258064516,26.92,31.62,1.3220642579637436,24.908064516129027,23.04,26.05,0.5967623364122854,2.317096774193548,0.53,3.85,0.8077695038065729,24.93641694560688,23.013919027872713,25.86766694000002,0.5990055829836034,4.490967741935484,2.150000000000002,7.540000000000003,1.2804569618762993,0.39411504305396844,0.2532125702380937,0.7757972023291232,0.1251438164465532
10.412925,105.251545,2022-07-28,16.537419354838708,6.73,23.62,4.019790531970007,88.99290322580647,79.44,92.59,3.064938239180294,26.921935483870964,24.86,28.35,0.7658030545893081,29.399032258064516,26.92,31.62,1.3220642579637436,24.908064516129027,23.04,26.05,0.5967623364122854,2.317096774193548,0.53,3.85,0.8077695038065729,24.93641694560688,23.013919027872713,25.86766694000002,0.5990055829836034,4.490967741935484,2.150000000000002,7.540000000000003,1.2804569618762993,0.39411504305396844,0.2532125702380937,0.7757972023291232,0.1251438164465532
10.413742,105.22261,2022-07-28,16.537419354838708,6.73,23.62,4.019790531970007,88.99290322580647,79.44,92.59,3.064938239180294,26.921935483870964,24.86,28.35,0.7658030545893081,29.399032258064516,26.92,31.62,1.3220642579637436,24.908064516129027,23.04,26.05,0.5967623364122854,2.317096774193548,0.53,3.85,0.8077695038065729,24.93641694560688,23.013919027872713,25.86766694000002,0.5990055829836034,4.490967741935484,2.150000000000002,7.540000000000003,1.2804569618762993,0.39411504305396844,0.2532125702380937,0.7757972023291232,0.1251438164465532
10.413908,105.234515,2022-07-28,16.537419354838708,6.73,23.62,4.019790531970007,88.99290322580647,79.44,92.59,3.064938239180294,26.921935483870964,24.86,28.35,0.7658030545893081,29.399032258064516,26.92,31.62,1.3220642579637436,24.908064516129027,23.04,26.05,0.5967623364122854,2.317096774193548,0.53,3.85,0.8077695038065729,24.93641694560688,23.013919027872713,25.86766694000002,0.5990055829836034,4.490967741935484,2.150000000000002,7.540000000000003,1.2804569618762993,0.39411504305396844,0.2532125702380937,0.7757972023291232,0.1251438164465532
10.417011,105.261676,2022-07-28,16.537419354838708,6.73,23.62,4.019790531970007,88.99290322580647,79.44,92.59,3.064938239180294,26.921935483870964,24.86,28.35,0.7658030545893081,29.399032258064516,26.92,31.62,1.3220642579637436,24.908064516129027,23.04,26.05,0.5967623364122854,2.317096774193548,0.53,3.85,0.8077695038065729,24.93641694560688,23.013919027872713,25.86766694000002,0.5990055829836034,4.490967741935484,2.150000000000002,7.540000000000003,1.2804569618762993,0.39411504305396844,0.2532125702380937,0.7757972023291232,0.1251438164465532
10.420483,105.223648,2022-07-28,16.537419354838708,6.73,23.62,4.019790531970007,88.99290322580647,79.44,92.59,3.064938239180294,26.921935483870964,24.86,28.35,0.7658030545893081,29.399032258064516,26.92,31.62,1.3220642579637436,24.908064516129027,23.04,26.05,0.5967623364122854,2.317096774193548,0.53,3.85,0.8077695038065729,24.93641694560688,23.013919027872713,25.86766694000002,0.5990055829836034,4.490967741935484,2.150000000000002,7.540000000000003,1.2804569618762993,0.39411504305396844,0.2532125702380937,0.7757972023291232,0.1251438164465532
10.430085,105.221996,2022-07-28,16.537419354838708,6.73,23.62,4.019790531970007,88.99290322580647,79.44,92.59,3.064938239180294,26.921935483870964,24.86,28.35,0.7658030545893081,29.399032258064516,26.92,31.62,1.3220642579637436,24.908064516129027,23.04,26.05,0.5967623364122854,2.317096774193548,0.53,3.85,0.8077695038065729,24.93641694560688,23.013919027872713,25.86766694000002,0.5990055829836034,4.490967741935484,2.150000000000002,7.540000000000003,1.2804569618762993,0.39411504305396844,0.2532125702380937,0.7757972023291232,0.1251438164465532
10.432459,105.260003,2022-07-28,16.537419354838708,6.73,23.62,4.019790531970007,88.99290322580647,79.44,92.59,3.064938239180294,26.921935483870964,24.86,28.35,0.7658030545893081,29.399032258064516,26.92,31.62,1.3220642579637436,24.908064516129027,23.04,26.05,0.5967623364122854,2.317096774193548,0.53,3.85,0.8077695038065729,24.93641694560688,23.013919027872713,25.86766694000002,0.5990055829836034,4.490967741935484,2.150000000000002,7.540000000000003,1.2804569618762993,0.39411504305396844,0.2532125702380937,0.7757972023291232,0.1251438164465532
10.436907,105.236241,2022-07-28,16.537419354838708,6.73,23.62,4.019790531970007,88.99290322580647,79.44,92.59,3.064938239180294,26.921935483870964,24.86,28.35,0.7658030545893081,29.399032258064516,26.92,31.62,1.3220642579637436,24.908064516129027,23.04,26.05,0.5967623364122854,2.317096774193548,0.53,3.85,0.8077695038065729,24.93641694560688,23.013919027872713,25.86766694000002,0.5990055829836034,4.490967741935484,2.150000000000002,7.540000000000003,1.2804569618762993,0.39411504305396844,0.2532125702380937,0.7757972023291232,0.1251438164465532
10.443488,105.236111,2022-07-28,16.537419354838708,6.73,23.62,4.019790531970007,88.99290322580647,79.44,92.59,3.064938239180294,26.921935483870964,24.86,28.35,0.7658030545893081,29.399032258064516,26.92,31.62,1.3220642579637436,24.908064516129027,23.04,26.05,0.5967623364122854,2.317096774193548,0.53,3.85,0.8077695038065729,24.93641694560688,23.013919027872713,25.86766694000002,0.5990055829836034,4.490967741935484,2.150000000000002,7.540000000000003,1.2804569618762993,0.39411504305396844,0.2532125702380937,0.7757972023291232,0.1251438164465532
10.451085,105.243664,2022-07-28,16.537419354838708,6.73,23.62,4.019790531970007,88.99290322580647,79.44,92.59,3.064938239180294,26.921935483870964,24.86,28.35,0.7658030545893081,29.399032258064516,26.92,31.62,1.3220642579637436,24.908064516129027,23.04,26.05,0.5967623364122854,2.317096774193548,0.53,3.85,0.8077695038065729,24.93641694560688,23.013919027872713,25.86766694000002,0.5990055829836034,4.490967741935484,2.150000000000002,7.540000000000003,1.2804569618762993,0.39411504305396844,0.2532125702380937,0.7757972023291232,0.1251438164465532
10.467229,105.24767,2022-07-28,16.537419354838708,6.73,23.62,4.019790531970007,88.99290322580647,79.44,92.59,3.064938239180294,26.921935483870964,24.86,28.35,0.7658030545893081,29.399032258064516,26.92,31.62,1.3220642579637436,24.908064516129027,23.04,26.05,0.5967623364122854,2.317096774193548,0.53,3.85,0.8077695038065729,24.93641694560688,23.013919027872713,25.86766694000002,0.5990055829836034,4.490967741935484,2.150000000000002,7.540000000000003,1.2804569618762993,0.39411504305396844,0.2532125702380937,0.7757972023291232,0.1251438164465532
10.505349,105.165087,2022-07-28,16.537419354838708,6.73,23.62,4.019790531970007,88.99290322580647,79.44,92.59,3.064938239180294,26.921935483870964,24.86,28.35,0.7658030545893081,29.399032258064516,26.92,31.62,1.3220642579637436,24.908064516129027,23.04,26.05,0.5967623364122854,2.317096774193548,0.53,3.85,0.8077695038065729,24.93641694560688,23.013919027872713,25.86766694000002,0.5990055829836034,4.490967741935484,2.150000000000002,7.540000000000003,1.2804569618762993,0.39411504305396844,0.2532125702380937,0.7757972023291232,0.1251438164465532
10.51191,105.170596,2022-07-28,16.537419354838708,6.73,23.62,4.019790531970007,88.99290322580647,79.44,92.59,3.064938239180294,26.921935483870964,24.86,28.35,0.7658030545893081,29.399032258064516,26.92,31.62,1.3220642579637436,24.908064516129027,23.04,26.05,0.5967623364122854,2.317096774193548,0.53,3.85,0.8077695038065729,24.93641694560688,23.013919027872713,25.86766694000002,0.5990055829836034,4.490967741935484,2.150000000000002,7.540000000000003,1.2804569618762993,0.39411504305396844,0.2532125702380937,0.7757972023291232,0.1251438164465532
10.521024,105.146349,2022-07-28,16.537419354838708,6.73,23.62,4.019790531970007,88.99290322580647,79.44,92.59,3.064938239180294,26.921935483870964,24.86,28.35,0.7658030545893081,29.399032258064516,26.92,31.62,1.3220642579637436,24.908064516129027,23.04,26.05,0.5967623364122854,2.317096774193548,0.53,3.85,0.8077695038065729,24.93641694560688,23.013919027872713,25.86766694000002,0.5990055829836034,4.490967741935484,2.150000000000002,7.540000000000003,1.2804569618762993,0.39411504305396844,0.2532125702380937,0.7757972023291232,0.1251438164465532
10.522164,105.178664,2022-07-28,16.537419354838708,6.73,23.62,4.019790531970007,88.99290322580647,79.44,92.59,3.064938239180294,26.921935483870964,24.86,28.35,0.7658030545893081,29.399032258064516,26.92,31.62,1.3220642579637436,24.908064516129027,23.04,26.05,0.5967623364122854,2.317096774193548,0.53,3.85,0.8077695038065729,24.93641694560688,23.013919027872713,25.86766694000002,0.5990055829836034,4.490967741935484,2.150000000000002,7.540000000000003,1.2804569618762993,0.39411504305396844,0.2532125702380937,0.7757972023291232,0.1251438164465532
10.534615,105.134916,2022-07-28,16.537419354838708,6.73,23.62,4.019790531970007,88.99290322580647,79.44,92.59,3.064938239180294,26.921935483870964,24.86,28.35,0.7658030545893081,29.399032258064516,26.92,31.62,1.3220642579637436,24.908064516129027,23.04,26.05,0.5967623364122854,2.317096774193548,0.53,3.85,0.8077695038065729,24.93641694560688,23.013919027872713,25.86766694000002,0.5990055829836034,4.490967741935484,2.150000000000002,7.540000000000003,1.2804569618762993,0.39411504305396844,0.2532125702380937,0.7757972023291232,0.1251438164465532
10.542192,105.18792,2022-07-28,16.537419354838708,6.73,23.62,4.019790531970007,88.99290322580647,79.44,92.59,3.064938239180294,26.921935483870964,24.86,28.35,0.7658030545893081,29.399032258064516,26.92,31.62,1.3220642579637436,24.908064516129027,23.04,26.05,0.5967623364122854,2.317096774193548,0.53,3.85,0.8077695038065729,24.93641694560688,23.013919027872713,25.86766694000002,0.5990055829836034,4.490967741935484,2.150000000000002,7.540000000000003,1.2804569618762993,0.39411504305396844,0.2532125702380937,0.7757972023291232,0.1251438164465532
10.546629,105.163964,2022-07-28,16.537419354838708,6.73,23.62,4.019790531970007,88.99290322580647,79.44,92.59,3.064938239180294,26.921935483870964,24.86,28.35,0.7658030545893081,29.399032258064516,26.92,31.62,1.3220642579637436,24.908064516129027,23.04,26.05,0.5967623364122854,2.317096774193548,0.53,3.85,0.8077695038065729,24.93641694560688,23.013919027872713,25.86766694000002,0.5990055829836034,4.490967741935484,2.150000000000002,7.540000000000003,1.2804569618762993,0.39411504305396844,0.2532125702380937,0.7757972023291232,0.1251438164465532
10.546679,105.126512,2022-07-28,16.537419354838708,6.73,23.62,4.019790531970007,88.99290322580647,79.44,92.59,3.064938239180294,26.921935483870964,24.86,28.35,0.7658030545893081,29.399032258064516,26.92,31.62,1.3220642579637436,24.908064516129027,23.04,26.05,0.5967623364122854,2.317096774193548,0.53,3.85,0.8077695038065729,24.93641694560688,23.013919027872713,25.86766694000002,0.5990055829836034,4.490967741935484,2.150000000000002,7.540000000000003,1.2804569618762993,0.39411504305396844,0.2532125702380937,0.7757972023291232,0.1251438164465532
10.546857,105.181035,2022-07-28,16.537419354838708,6.73,23.62,4.019790531970007,88.99290322580647,79.44,92.59,3.064938239180294,26.921935483870964,24.86,28.35,0.7658030545893081,29.399032258064516,26.92,31.62,1.3220642579637436,24.908064516129027,23.04,26.05,0.5967623364122854,2.317096774193548,0.53,3.85,0.8077695038065729,24.93641694560688,23.013919027872713,25.86766694000002,0.5990055829836034,4.490967741935484,2.150000000000002,7.540000000000003,1.2804569618762993,0.39411504305396844,0.2532125702380937,0.7757972023291232,0.1251438164465532
10.547628,105.146859,2022-07-28,16.537419354838708,6.73,23.62,4.019790531970007,88.99290322580647,79.44,92.59,3.064938239180294,26.921935483870964,24.86,28.35,0.7658030545893081,29.399032258064516,26.92,31.62,1.3220642579637436,24.908064516129027,23.04,26.05,0.5967623364122854,2.317096774193548,0.53,3.85,0.8077695038065729,24.93641694560688,23.013919027872713,25.86766694000002,0.5990055829836034,4.490967741935484,2.150000000000002,7.540000000000003,1.2804569618762993,0.39411504305396844,0.2532125702380937,0.7757972023291232,0.1251438164465532
10.555822,105.1711,2022-07-28,16.537419354838708,6.73,23.62,4.019790531970007,88.99290322580647,79.44,92.59,3.064938239180294,26.921935483870964,24.86,28.35,0.7658030545893081,29.399032258064516,26.92,31.62,1.3220642579637436,24.908064516129027,23.04,26.05,0.5967623364122854,2.317096774193548,0.53,3.85,0.8077695038065729,24.93641694560688,23.013919027872713,25.86766694000002,0.5990055829836034,4.490967741935484,2.150000000000002,7.540000000000003,1.2804569618762993,0.39411504305396844,0.2532125702380937,0.7757972023291232,0.1251438164465532
10.560601,105.1792,2022-07-28,16.537419354838708,6.73,23.62,4.019790531970007,88.99290322580647,79.44,92.59,3.064938239180294,26.921935483870964,24.86,28.35,0.7658030545893081,29.399032258064516,26.92,31.62,1.3220642579637436,24.908064516129027,23.04,26.05,0.5967623364122854,2.317096774193548,0.53,3.85,0.8077695038065729,24.93641694560688,23.013919027872713,25.86766694000002,0.5990055829836034,4.490967741935484,2.150000000000002,7.540000000000003,1.2804569618762993,0.39411504305396844,0.2532125702380937,0.7757972023291232,0.1251438164465532
10.565735,105.172074,2022-07-28,16.537419354838708,6.73,23.62,4.019790531970007,88.99290322580647,79.44,92.59,3.064938239180294,26.921935483870964,24.86,28.35,0.7658030545893081,29.399032258064516,26.92,31.62,1.3220642579637436,24.908064516129027,23.04,26.05,0.5967623364122854,2.317096774193548,0.53,3.85,0.8077695038065729,24.93641694560688,23.013919027872713,25.86766694000002,0.5990055829836034,4.490967741935484,2.150000000000002,7.540000000000003,1.2804569618762993,0.39411504305396844,0.2532125702380937,0.7757972023291232,0.1251438164465532
10.354744,105.336739,2022-08-04,16.987419354838714,6.73,23.62,4.185543451623915,89.26322580645164,81.27,93.09,2.717885073286229,26.781290322580645,24.56,27.84,0.7419970521438873,29.779032258064515,26.96,31.63,1.345082692837998,24.29064516129032,22.77,25.41,0.538318382131897,2.13258064516129,0.86,3.41,0.7100066684917893,24.850985057037352,22.978376643113545,25.81221997293908,0.5200659696290821,5.4883870967741935,2.6700000000000017,8.34,1.419173082204162,0.3811771790818422,0.22683948783158558,0.6932754681442975,0.10927684525198861
10.359519,105.360913,2022-08-04,16.987419354838714,6.73,23.62,4.185543451623915,89.26322580645164,81.27,93.09,2.717885073286229,26.781290322580645,24.56,27.84,0.7419970521438873,29.779032258064515,26.96,31.63,1.345082692837998,24.29064516129032,22.77,25.41,0.538318382131897,2.13258064516129,0.86,3.41,0.7100066684917893,24.850985057037352,22.978376643113545,25.81221997293908,0.5200659696290821,5.4883870967741935,2.6700000000000017,8.34,1.419173082204162,0.3811771790818422,0.22683948783158558,0.6932754681442975,0.10927684525198861
10.363786,105.288188,2022-08-04,16.987419354838714,6.73,23.62,4.185543451623915,88.63419354838706,79.44,92.59,2.9564285059723865,26.945483870967742,24.86,28.35,0.7544356519714994,29.524516129032254,26.92,31.62,1.3309682110298926,24.823225806451614,23.04,26.05,0.5908789903774807,2.1719354838709677,0.53,3.51,0.7361206920451454,24.89228512914177,23.013919027872713,25.85984372975028,0.5531318004475175,4.701290322580646,2.150000000000002,7.540000000000003,1.3347000192999365,0.40746846297179357,0.25866298156386003,0.7757972023291232,0.12184478876435426
10.369692,105.29684,2022-08-04,16.987419354838714,6.73,23.62,4.185543451623915,88.63419354838706,79.44,92.59,2.9564285059723865,26.945483870967742,24.86,28.35,0.7544356519714994,29.524516129032254,26.92,31.62,1.3309682110298926,24.823225806451614,23.04,26.05,0.5908789903774807,2.1719354838709677,0.53,3.51,0.7361206920451454,24.89228512914177,23.013919027872713,25.85984372975028,0.5531318004475175,4.701290322580646,2.150000000000002,7.540000000000003,1.3347000192999365,0.40746846297179357,0.25866298156386003,0.7757972023291232,0.12184478876435426
10.374447,105.330923,2022-08-04,16.987419354838714,6.73,23.62,4.185543451623915,89.26322580645164,81.27,93.09,2.717885073286229,26.781290322580645,24.56,27.84,0.7419970521438873,29.779032258064515,26.96,31.63,1.345082692837998,24.29064516129032,22.77,25.41,0.538318382131897,2.13258064516129,0.86,3.41,0.7100066684917893,24.850985057037352,22.978376643113545,25.81221997293908,0.5200659696290821,5.4883870967741935,2.6700000000000017,8.34,1.419173082204162,0.3811771790818422,0.22683948783158558,0.6932754681442975,0.10927684525198861
10.38045,105.349866,2022-08-04,16.987419354838714,6.73,23.62,4.185543451623915,89.26322580645164,81.27,93.09,2.717885073286229,26.781290322580645,24.56,27.84,0.7419970521438873,29.779032258064515,26.96,31.63,1.345082692837998,24.29064516129032,22.77,25.41,0.538318382131897,2.13258064516129,0.86,3.41,0.7100066684917893,24.850985057037352,22.978376643113545,25.81221997293908,0.5200659696290821,5.4883870967741935,2.6700000000000017,8.34,1.419173082204162,0.3811771790818422,0.22683948783158558,0.6932754681442975,0.10927684525198861
10.548566,105.198194,2022-08-05,17.306451612903228,6.73,23.62,3.757213748362541,88.55193548387096,79.44,91.96,2.8796991547111523,26.943870967741937,24.86,28.35,0.7551401383266335,29.52290322580645,26.92,31.62,1.3320689547888183,24.8341935483871,23.04,26.05,0.5975475372831984,2.193870967741936,0.53,3.51,0.7586349260959528,24.87553736820574,23.013919027872713,25.85984372975028,0.5472730040424428,4.6887096774193555,2.150000000000002,7.540000000000003,1.3466176072771843,0.41030692234541616,0.2667648831371851,0.7757972023291232,0.11934446560441644
10.557257,105.1886,2022-08-05,17.306451612903228,6.73,23.62,3.757213748362541,88.55193548387096,79.44,91.96,2.8796991547111523,26.943870967741937,24.86,28.35,0.7551401383266335,29.52290322580645,26.92,31.62,1.3320689547888183,24.8341935483871,23.04,26.05,0.5975475372831984,2.193870967741936,0.53,3.51,0.7586349260959528,24.87553736820574,23.013919027872713,25.85984372975028,0.5472730040424428,4.6887096774193555,2.150000000000002,7.540000000000003,1.3466176072771843,0.41030692234541616,0.2667648831371851,0.7757972023291232,0.11934446560441644
10.565493,105.106594,2022-08-05,17.306451612903228,6.73,23.62,3.757213748362541,88.55193548387096,79.44,91.96,2.8796991547111523,26.943870967741937,24.86,28.35,0.7551401383266335,29.52290322580645,26.92,31.62,1.3320689547888183,24.8341935483871,23.04,26.05,0.5975475372831984,2.193870967741936,0.53,3.51,0.7586349260959528,24.87553736820574,23.013919027872713,25.85984372975028,0.5472730040424428,4.6887096774193555,2.150000000000002,7.540000000000003,1.3466176072771843,0.41030692234541616,0.2667648831371851,0.7757972023291232,0.11934446560441644
10.56984,105.190938,2022-08-05,17.306451612903228,6.73,23.62,3.757213748362541,88.55193548387096,79.44,91.96,2.8796991547111523,26.943870967741937,24.86,28.35,0.7551401383266335,29.52290322580645,26.92,31.62,1.3320689547888183,24.8341935483871,23.04,26.05,0.5975475372831984,2.193870967741936,0.53,3.51,0.7586349260959528,24.87553736820574,23.013919027872713,25.85984372975028,0.5472730040424428,4.6887096774193555,2.150000000000002,7.540000000000003,1.3466176072771843,0.41030692234541616,0.2667648831371851,0.7757972023291232,0.11934446560441644
10.571202,105.135919,2022-08-05,17.306451612903228,6.73,23.62,3.757213748362541,88.55193548387096,79.44,91.96,2.8796991547111523,26.943870967741937,24.86,28.35,0.7551401383266335,29.52290322580645,26.92,31.62,1.3320689547888183,24.8341935483871,23.04,26.05,0.5975475372831984,2.193870967741936,0.53,3.51,0.7586349260959528,24.87553736820574,23.013919027872713,25.85984372975028,0.5472730040424428,4.6887096774193555,2.150000000000002,7.540000000000003,1.3466176072771843,0.41030692234541616,0.2667648831371851,0.7757972023291232,0.11934446560441644
10.571793,105.16066,2022-08-05,17.306451612903228,6.73,23.62,3.757213748362541,88.55193548387096,79.44,91.96,2.8796991547111523,26.943870967741937,24.86,28.35,0.7551401383266335,29.52290322580645,26.92,31.62,1.3320689547888183,24.8341935483871,23.04,26.05,0.5975475372831984,2.193870967741936,0.53,3.51,0.7586349260959528,24.87553736820574,23.013919027872713,25.85984372975028,0.5472730040424428,4.6887096774193555,2.150000000000002,7.540000000000003,1.3466176072771843,0.41030692234541616,0.2667648831371851,0.7757972023291232,0.11934446560441644
10.576126,105.183375,2022-08-05,17.306451612903228,6.73,23.62,3.757213748362541,88.55193548387096,79.44,91.96,2.8796991547111523,26.943870967741937,24.86,28.35,0.7551401383266335,29.52290322580645,26.92,31.62,1.3320689547888183,24.8341935483871,23.04,26.05,0.5975475372831984,2.193870967741936,0.53,3.51,0.7586349260959528,24.87553736820574,23.013919027872713,25.85984372975028,0.5472730040424428,4.6887096774193555,2.150000000000002,7.540000000000003,1.3466176072771843,0.41030692234541616,0.2667648831371851,0.7757972023291232,0.11934446560441644
10.58174,105.119446,2022-08-05,17.306451612903228,6.73,23.62,3.757213748362541,88.55193548387096,79.44,91.96,2.8796991547111523,26.943870967741937,24.86,28.35,0.7551401383266335,29.52290322580645,26.92,31.62,1.3320689547888183,24.8341935483871,23.04,26.05,0.5975475372831984,2.193870967741936,0.53,3.51,0.7586349260959528,24.87553736820574,23.013919027872713,25.85984372975028,0.5472730040424428,4.6887096774193555,2.150000000000002,7.540000000000003,1.3466176072771843,0.41030692234541616,0.2667648831371851,0.7757972023291232,0.11934446560441644
10.585739,105.193578,2022-08-05,17.306451612903228,6.73,23.62,3.757213748362541,88.55193548387096,79.44,91.96,2.8796991547111523,26.943870967741937,24.86,28.35,0.7551401383266335,29.52290322580645,26.92,31.62,1.3320689547888183,24.8341935483871,23.04,26.05,0.5975475372831984,2.193870967741936,0.53,3.51,0.7586349260959528,24.87553736820574,23.013919027872713,25.85984372975028,0.5472730040424428,4.6887096774193555,2.150000000000002,7.540000000000003,1.3466176072771843,0.41030692234541616,0.2667648831371851,0.7757972023291232,0.11934446560441644
10.588345,105.091229,2022-08-05,17.306451612903228,6.73,23.62,3.757213748362541,88.55193548387096,79.44,91.96,2.8796991547111523,26.943870967741937,24.86,28.35,0.7551401383266335,29.52290322580645,26.92,31.62,1.3320689547888183,24.8341935483871,23.04,26.05,0.5975475372831984,2.193870967741936,0.53,3.51,0.7586349260959528,24.87553736820574,23.013919027872713,25.85984372975028,0.5472730040424428,4.6887096774193555,2.150000000000002,7.540000000000003,1.3466176072771843,0.41030692234541616,0.2667648831371851,0.7757972023291232,0.11934446560441644
10.590564,105.128439,2022-08-05,17.306451612903228,6.73,23.62,3.757213748362541,88.55193548387096,79.44,91.96,2.8796991547111523,26.943870967741937,24.86,28.35,0.7551401383266335,29.52290322580645,26.92,31.62,1.3320689547888183,24.8341935483871,23.04,26.05,0.5975475372831984,2.193870967741936,0.53,3.51,0.7586349260959528,24.87553736820574,23.013919027872713,25.85984372975028,0.5472730040424428,4.6887096774193555,2.150000000000002,7.540000000000003,1.3466176072771843,0.41030692234541616,0.2667648831371851,0.7757972023291232,0.11934446560441644
10.592696,105.11414,2022-08-05,17.306451612903228,6.73,23.62,3.757213748362541,88.55193548387096,79.44,91.96,2.8796991547111523,26.943870967741937,24.86,28.35,0.7551401383266335,29.52290322580645,26.92,31.62,1.3320689547888183,24.8341935483871,23.04,26.05,0.5975475372831984,2.193870967741936,0.53,3.51,0.7586349260959528,24.87553736820574,23.013919027872713,25.85984372975028,0.5472730040424428,4.6887096774193555,2.150000000000002,7.540000000000003,1.3466176072771843,0.41030692234541616,0.2667648831371851,0.7757972023291232,0.11934446560441644
10.59278,105.103464,2022-08-05,17.306451612903228,6.73,23.62,3.757213748362541,88.55193548387096,79.44,91.96,2.8796991547111523,26.943870967741937,24.86,28.35,0.7551401383266335,29.52290322580645,26.92,31.62,1.3320689547888183,24.8341935483871,23.04,26.05,0.5975475372831984,2.193870967741936,0.53,3.51,0.7586349260959528,24.87553736820574,23.013919027872713,25.85984372975028,0.5472730040424428,4.6887096774193555,2.150000000000002,7.540000000000003,1.3466176072771843,0.41030692234541616,0.2667648831371851,0.7757972023291232,0.11934446560441644
10.593644,105.075243,2022-08-05,17.306451612903228,6.73,23.62,3.757213748362541,88.55193548387096,79.44,91.96,2.8796991547111523,26.943870967741937,24.86,28.35,0.7551401383266335,29.52290322580645,26.92,31.62,1.3320689547888183,24.8341935483871,23.04,26.05,0.5975475372831984,2.193870967741936,0.53,3.51,0.7586349260959528,24.87553736820574,23.013919027872713,25.85984372975028,0.5472730040424428,4.6887096774193555,2.150000000000002,7.540000000000003,1.3466176072771843,0.41030692234541616,0.2667648831371851,0.7757972023291232,0.11934446560441644
10.608536,105.076041,2022-08-05,17.306451612903228,6.73,23.62,3.757213748362541,88.55193548387096,79.44,91.96,2.8796991547111523,26.943870967741937,24.86,28.35,0.7551401383266335,29.52290322580645,26.92,31.62,1.3320689547888183,24.8341935483871,23.04,26.05,0.5975475372831984,2.193870967741936,0.53,3.51,0.7586349260959528,24.87553736820574,23.013919027872713,25.85984372975028,0.5472730040424428,4.6887096774193555,2.150000000000002,7.540000000000003,1.3466176072771843,0.41030692234541616,0.2667648831371851,0.7757972023291232,0.11934446560441644
10.612095,105.141919,2022-08-05,17.306451612903228,6.73,23.62,3.757213748362541,88.55193548387096,79.44,91.96,2.8796991547111523,26.943870967741937,24.86,28.35,0.7551401383266335,29.52290322580645,26.92,31.62,1.3320689547888183,24.8341935483871,23.04,26.05,0.5975475372831984,2.193870967741936,0.53,3.51,0.7586349260959528,24.87553736820574,23.013919027872713,25.85984372975028,0.5472730040424428,4.6887096774193555,2.150000000000002,7.540000000000003,1.3466176072771843,0.41030692234541616,0.2667648831371851,0.7757972023291232,0.11934446560441644
10.612317,105.116551,2022-08-05,17.306451612903228,6.73,23.62,3.757213748362541,88.55193548387096,79.44,91.96,2.8796991547111523,26.943870967741937,24.86,28.35,0.7551401383266335,29.52290322580645,26.92,31.62,1.3320689547888183,24.8341935483871,23.04,26.05,0.5975475372831984,2.193870967741936,0.53,3.51,0.7586349260959528,24.87553736820574,23.013919027872713,25.85984372975028,0.5472730040424428,4.6887096774193555,2.150000000000002,7.540000000000003,1.3466176072771843,0.41030692234541616,0.2667648831371851,0.7757972023291232,0.11934446560441644
10.619493,105.095029,2022-08-05,17.306451612903228,6.73,23.62,3.757213748362541,88.55193548387096,79.44,91.96,2.8796991547111523,26.943870967741937,24.86,28.35,0.7551401383266335,29.52290322580645,26.92,31.62,1.3320689547888183,24.8341935483871,23.04,26.05,0.5975475372831984,2.193870967741936,0.53,3.51,0.7586349260959528,24.87553736820574,23.013919027872713,25.85984372975028,0.5472730040424428,4.6887096774193555,2.150000000000002,7.540000000000003,1.3466176072771843,0.41030692234541616,0.2667648831371851,0.7757972023291232,0.11934446560441644
10.623506,105.132794,2022-08-05,17.306451612903228,6.73,23.62,3.757213748362541,88.55193548387096,79.44,91.96,2.8796991547111523,26.943870967741937,24.86,28.35,0.7551401383266335,29.52290322580645,26.92,31.62,1.3320689547888183,24.8341935483871,23.04,26.05,0.5975475372831984,2.193870967741936,0.53,3.51,0.7586349260959528,24.87553736820574,23.013919027872713,25.85984372975028,0.5472730040424428,4.6887096774193555,2.150000000000002,7.540000000000003,1.3466176072771843,0.41030692234541616,0.2667648831371851,0.7757972023291232,0.11934446560441644
10.625462,105.098238,2022-08-05,17.306451612903228,6.73,23.62,3.757213748362541,88.55193548387096,79.44,91.96,2.8796991547111523,26.943870967741937,24.86,28.35,0.7551401383266335,29.52290322580645,26.92,31.62,1.3320689547888183,24.8341935483871,23.04,26.05,0.5975475372831984,2.193870967741936,0.53,3.51,0.7586349260959528,24.87553736820574,23.013919027872713,25.85984372975028,0.5472730040424428,4.6887096774193555,2.150000000000002,7.540000000000003,1.3466176072771843,0.41030692234541616,0.2667648831371851,0.7757972023291232,0.11934446560441644
10.628311,105.12253,2022-08-05,17.306451612903228,6.73,23.62,3.757213748362541,88.55193548387096,79.44,91.96,2.8796991547111523,26.943870967741937,24.86,28.35,0.7551401383266335,29.52290322580645,26.92,31.62,1.3320689547888183,24.8341935483871,23.04,26.05,0.5975475372831984,2.193870967741936,0.53,3.51,0.7586349260959528,24.87553736820574,23.013919027872713,25.85984372975028,0.5472730040424428,4.6887096774193555,2.150000000000002,7.540000000000003,1.3466176072771843,0.41030692234541616,0.2667648831371851,0.7757972023291232,0.11934446560441644
10.634849,105.13078,2022-08-05,17.306451612903228,6.73,23.62,3.757213748362541,88.55193548387096,79.44,91.96,2.8796991547111523,26.943870967741937,24.86,28.35,0.7551401383266335,29.52290322580645,26.92,31.62,1.3320689547888183,24.8341935483871,23.04,26.05,0.5975475372831984,2.193870967741936,0.53,3.51,0.7586349260959528,24.87553736820574,23.013919027872713,25.85984372975028,0.5472730040424428,4.6887096774193555,2.150000000000002,7.540000000000003,1.3466176072771843,0.41030692234541616,0.2667648831371851,0.7757972023291232,0.11934446560441644
10.636733,105.155635,2022-08-05,17.306451612903228,6.73,23.62,3.757213748362541,88.55193548387096,79.44,91.96,2.8796991547111523,26.943870967741937,24.86,28.35,0.7551401383266335,29.52290322580645,26.92,31.62,1.3320689547888183,24.8341935483871,23.04,26.05,0.5975475372831984,2.193870967741936,0.53,3.51,0.7586349260959528,24.87553736820574,23.013919027872713,25.85984372975028,0.5472730040424428,4.6887096774193555,2.150000000000002,7.540000000000003,1.3466176072771843,0.41030692234541616,0.2667648831371851,0.7757972023291232,0.11934446560441644
10.649258,105.142121,2022-08-05,17.306451612903228,6.73,23.62,3.757213748362541,88.55193548387096,79.44,91.96,2.8796991547111523,26.943870967741937,24.86,28.35,0.7551401383266335,29.52290322580645,26.92,31.62,1.3320689547888183,24.8341935483871,23.04,26.05,0.5975475372831984,2.193870967741936,0.53,3.51,0.7586349260959528,24.87553736820574,23.013919027872713,25.85984372975028,0.5472730040424428,4.6887096774193555,2.150000000000002,7.540000000000003,1.3466176072771843,0.41030692234541616,0.2667648831371851,0.7757972023291232,0.11934446560441644
10.663484,105.168203,2022-08-05,17.306451612903228,6.73,23.62,3.757213748362541,88.55193548387096,79.44,91.96,2.8796991547111523,26.943870967741937,24.86,28.35,0.7551401383266335,29.52290322580645,26.92,31.62,1.3320689547888183,24.8341935483871,23.04,26.05,0.5975475372831984,2.193870967741936,0.53,3.51,0.7586349260959528,24.87553736820574,23.013919027872713,25.85984372975028,0.5472730040424428,4.6887096774193555,2.150000000000002,7.540000000000003,1.3466176072771843,0.41030692234541616,0.2667648831371851,0.7757972023291232,0.11934446560441644
10.585209,105.164803,2022-08-09,17.333870967741937,6.73,23.0,3.1787476509644432,89.31677419354837,85.56,91.96,1.5969979641184724,26.866774193548387,24.86,27.81,0.6296665123328239,29.43322580645161,27.03,31.1,1.099484885538485,24.84709677419355,23.04,26.05,0.5745359616942325,2.38741935483871,1.28,3.51,0.626114324003344,24.95109860511982,23.013919027872713,25.85984372975028,0.5164544161399117,4.586129032258065,2.66,6.539999999999999,1.123148447429626,0.37932209911867,0.2667648831371851,0.5332377150662087,0.06599268276086966
10.594603,105.175686,2022-08-09,17.333870967741937,6.73,23.0,3.1787476509644432,89.31677419354837,85.56,91.96,1.5969979641184724,26.866774193548387,24.86,27.81,0.6296665123328239,29.43322580645161,27.03,31.1,1.099484885538485,24.84709677419355,23.04,26.05,0.5745359616942325,2.38741935483871,1.28,3.51,0.626114324003344,24.95109860511982,23.013919027872713,25.85984372975028,0.5164544161399117,4.586129032258065,2.66,6.539999999999999,1.123148447429626,0.37932209911867,0.2667648831371851,0.5332377150662087,0.06599268276086966
10.603991,105.147312,2022-08-09,17.333870967741937,6.73,23.0,3.1787476509644432,89.31677419354837,85.56,91.96,1.5969979641184724,26.866774193548387,24.86,27.81,0.6296665123328239,29.43322580645161,27.03,31.1,1.099484885538485,24.84709677419355,23.04,26.05,0.5745359616942325,2.38741935483871,1.28,3.51,0.626114324003344,24.95109860511982,23.013919027872713,25.85984372975028,0.5164544161399117,4.586129032258065,2.66,6.539999999999999,1.123148447429626,0.37932209911867,0.2667648831371851,0.5332377150662087,0.06599268276086966
10.605148,105.164514,2022-08-09,17.333870967741937,6.73,23.0,3.1787476509644432,89.31677419354837,85.56,91.96,1.5969979641184724,26.866774193548387,24.86,27.81,0.6296665123328239,29.43322580645161,27.03,31.1,1.099484885538485,24.84709677419355,23.04,26.05,0.5745359616942325,2.38741935483871,1.28,3.51,0.626114324003344,24.95109860511982,23.013919027872713,25.85984372975028,0.5164544161399117,4.586129032258065,2.66,6.539999999999999,1.123148447429626,0.37932209911867,0.2667648831371851,0.5332377150662087,0.06599268276086966
10.615175,105.153736,2022-08-09,17.333870967741937,6.73,23.0,3.1787476509644432,89.31677419354837,85.56,91.96,1.5969979641184724,26.866774193548387,24.86,27.81,0.6296665123328239,29.43322580645161,27.03,31.1,1.099484885538485,24.84709677419355,23.04,26.05,0.5745359616942325,2.38741935483871,1.28,3.51,0.626114324003344,24.95109860511982,23.013919027872713,25.85984372975028,0.5164544161399117,4.586129032258065,2.66,6.539999999999999,1.123148447429626,0.37932209911867,0.2667648831371851,0.5332377150662087,0.06599268276086966
10.619835,105.201297,2022-08-09,17.333870967741937,6.73,23.0,3.1787476509644432,89.31677419354837,85.56,91.96,1.5969979641184724,26.866774193548387,24.86,27.81,0.6296665123328239,29.43322580645161,27.03,31.1,1.099484885538485,24.84709677419355,23.04,26.05,0.5745359616942325,2.38741935483871,1.28,3.51,0.626114324003344,24.95109860511982,23.013919027872713,25.85984372975028,0.5164544161399117,4.586129032258065,2.66,6.539999999999999,1.123148447429626,0.37932209911867,0.2667648831371851,0.5332377150662087,0.06599268276086966
10.621354,105.162316,2022-08-09,17.333870967741937,6.73,23.0,3.1787476509644432,89.31677419354837,85.56,91.96,1.5969979641184724,26.866774193548387,24.86,27.81,0.6296665123328239,29.43322580645161,27.03,31.1,1.099484885538485,24.84709677419355,23.04,26.05,0.5745359616942325,2.38741935483871,1.28,3.51,0.626114324003344,24.95109860511982,23.013919027872713,25.85984372975028,0.5164544161399117,4.586129032258065,2.66,6.539999999999999,1.123148447429626,0.37932209911867,0.2667648831371851,0.5332377150662087,0.06599268276086966
10.633572,105.172813,2022-08-09,17.333870967741937,6.73,23.0,3.1787476509644432,89.31677419354837,85.56,91.96,1.5969979641184724,26.866774193548387,24.86,27.81,0.6296665123328239,29.43322580645161,27.03,31.1,1.099484885538485,24.84709677419355,23.04,26.05,0.5745359616942325,2.38741935483871,1.28,3.51,0.626114324003344,24.95109860511982,23.013919027872713,25.85984372975028,0.5164544161399117,4.586129032258065,2.66,6.539999999999999,1.123148447429626,0.37932209911867,0.2667648831371851,0.5332377150662087,0.06599268276086966
