date,latitude,longitude,NDVI,NDVI_mean,VCI,ET,ET_mean,ET_min,ET_max,Gpp,Gpp_mean,Gpp_min,Gpp_max,Fpar_500m,Fpar_500m_mean,Fpar_500m_min,Fpar_500m_max,SAVI,SAVI_mean,SAVI_min,SAVI_max,NDVI_min,NDVI_max,EVI,EVI_mean,EVI_min,EVI_max,NDRE,NDRE_mean,NDRE_min,NDRE_max,CIredge,CIredge_mean,CIredge_min,CIredge_max,LAI,LAI_mean,LAI_min,LAI_max
2022-03-18,10.282741,105.414218,0.4113480270804248,0.4113480270804248,0.4215846316170928,134.734096692112,134.734096692112,124,151,536.4783715012724,536.4783715012724,453,590,39.31424936386768,39.31424936386768,29,46,0.2870080224252518,0.2870080224252518,-0.033472188619404056,0.6812913785444071,-0.08710803836584091,0.8898208737373352,0.3022365677714318,0.3022365677714318,-0.036233642773694674,0.8464465519214946,0.2155262582858115,0.2155262582858115,-0.2394514859889174,0.6277489630746698,0.6011673033534943,0.6011673033534943,-0.38638299069506055,3.372718412067659,1.370257161976975,1.370257161976975,-0.4331568828076124,3.101371921181679
2022-03-18,10.292251,105.405536,0.40332896824793985,0.40332896824793985,0.37525669842447107,128.09240506329115,128.09240506329115,119,152,514.6506329113924,514.6506329113924,397,584,33.46962025316456,33.46962025316456,30,47,0.2964949670130255,0.2964949670130255,-0.08989310143532117,0.5426521903778425,-0.3151618540287018,0.742401659488678,0.3849582738626701,0.3849582738626701,-0.15004452609323954,0.7723833401140532,0.21327504804756034,0.21327504804756034,-0.3404605175112762,0.49239693614518276,0.6011708520979421,0.6011708520979421,-0.5079754503226719,1.940086540872481,1.3412442071210464,1.3412442071210464,-1.2582555878758428,2.568009204030037
2022-03-18,10.303175,105.416814,0.29069138350881923,0.29069138350881923,0.39955664996672163,145.0152091254753,145.0152091254753,124,164,526.4372623574145,526.4372623574145,459,549,31.84030418250951,31.84030418250951,24,45,0.17050980524916512,0.17050980524916512,-0.11325967278824782,0.6595965396652922,-0.32453826551273757,0.8715370090345742,0.18591916443321202,0.18591916443321202,-0.16295022984537819,0.7822063911436372,0.14767970207206668,0.14767970207206668,-0.5099631054096464,0.6786654877086017,0.46762990380061115,0.46762990380061115,-0.6754643256946277,4.224043554295608,0.933721425534905,0.933721425534905,-1.2921794446250843,3.0352208986870894
2022-03-18,10.320924,105.404264,0.4140517130442553,0.4140517130442553,0.4748313892321607,134.69873417721521,134.69873417721521,130,151,564.6253164556963,564.6253164556963,510,642,40.33924050632912,40.33924050632912,38,47,0.27074218300204067,0.27074218300204067,-0.008777966126146921,0.6360467460761777,-0.01027189993496611,0.8889431927501623,0.28395602965515404,0.28395602965515404,-0.015468602701737172,0.7423361296059471,0.22348473762348692,0.22348473762348692,-0.26831841356956143,0.6074040290392875,0.6655680790359306,0.6655680790359306,-0.42310891444744514,3.0942957848137,1.3800390977941093,1.3800390977941093,-0.1551637339647074,3.098196471370087
2022-03-18,10.335158,105.395026,0.4111584947590162,0.4111584947590162,0.4962834416180129,133.12101910828025,133.12101910828025,123,165,503.92611464968155,503.92611464968155,373,565,44.73248407643311,44.73248407643311,37,47,0.27584306272412157,0.27584306272412157,-0.004887772901289841,0.6212028481961075,-0.005952393693098161,0.8667604755899888,0.3001658016538943,0.3001658016538943,-0.012349093234525734,0.727854831696894,0.2353557286728506,0.2353557286728506,-0.1396415006495952,0.5922546983855959,0.7015633804563836,0.7015633804563836,-0.24506215431782652,2.9050227975192136,1.3695714340381182,1.3695714340381182,-0.13953576038162913,3.0179394006845794
2022-03-20,10.430707,105.315671,6393.829299363055,6393.829299363055,0.6451372109506989,132.37324840764327,132.37324840764327,128,158,463.47515923566874,463.47515923566874,411,579,61.399999999999984,61.399999999999984,57,68,0.27621268598003323,,,,,,0.300637193734631,,,,0.2356438230222222,,,,0.7029051212542596,,,,1.371165331592314,,,
2022-03-20,10.434624,105.327551,6707.604086845466,6707.604086845466,0.6656048281476716,131.0485312899106,131.0485312899106,125,147,569.1213282247766,569.1213282247766,437,630,58.065134099616856,58.065134099616856,47,70,0.2765823092359449,,,,,,0.3011085858153677,,,,0.23593191737159377,,,,0.7042468620521356,,,,1.37275922914651,,,
2022-03-20,10.436532,105.313783,6663.737106918238,6663.737106918238,0.6814262767875423,139.70440251572327,139.70440251572327,127,158,506.99119496855343,506.99119496855343,389,579,65.78238993710691,65.78238993710691,59,68,0.2769519324918566,,,,,,0.3015799778961044,,,,0.23622001172096538,,,,0.7055886028500117,,,,1.3743531267007059,,,
2022-03-20,10.439647,105.334052,5379.751600512164,5379.751600512164,0.490385440003725,132.9001280409731,132.9001280409731,126,152,577.9372599231755,577.9372599231755,520,630,58.69014084507042,58.69014084507042,47,70,0.2773215557477683,,,,,,0.3020513699768412,,,,0.23650810607033695,,,,0.7069303436478878,,,,1.375947024254902,,,
2022-03-20,10.442271,105.339057,5361.1196473551645,5361.1196473551645,0.49715995818873004,137.80730478589422,137.80730478589422,126,152,594.0894206549118,594.0894206549118,450,638,54.74685138539042,54.74685138539042,53,62,0.27769117900367996,,,,,,0.3025227620575779,,,,0.23679620041970856,,,,0.7082720844457638,,,,1.3775409218090977,,,
2022-03-20,10.443677,105.348236,4913.3964421855135,4913.3964421855135,0.48563067700765644,130.12833545108003,130.12833545108003,125,143,447.4853875476492,447.4853875476492,261,638,57.227445997458695,57.227445997458695,39,60,0.2780608022595916,,,,,,0.3029941541383146,,,,0.23708429476908013,,,,0.7096138252436398,,,,1.3791348193632935,,,
2022-03-20,10.444036,105.331928,5346.015267175571,5346.015267175571,0.4777260463327607,136.2735368956743,136.2735368956743,128,153,522.2608142493639,522.2608142493639,422,590,56.08015267175573,56.08015267175573,47,62,0.27843042551550334,,,,,,0.3034655462190513,,,,0.23737238911845174,,,,0.7109555660415159,,,,1.3807287169174896,,,
2022-03-20,10.446006,105.338972,5459.138539042821,5459.138539042821,0.5124331160536659,139.06423173803523,139.06423173803523,128,152,526.6498740554156,526.6498740554156,429,598,55.895465994962215,55.895465994962215,53,60,0.278800048771415,,,,,,0.303936938299788,,,,0.2376604834678233,,,,0.712297306839392,,,,1.3823226144716854,,,
2022-03-20,10.447125,105.31374,6052.293450881612,6052.293450881612,0.6020572301431778,140.20906801007555,140.20906801007555,131,155,434.4156171284635,434.4156171284635,376,552,60.58060453400503,60.58060453400503,54,68,0.2791696720273267,,,,,,0.3044083303805247,,,,0.23794857781719492,,,,0.7136390476372679,,,,1.3839165120258814,,,
2022-03-20,10.454342,105.322838,6276.931385006353,6276.931385006353,0.7054441728055574,159.49428208386277,159.49428208386277,135,190,403.8742058449809,403.8742058449809,333,586,50.29987293519695,50.29987293519695,47,54,0.27953929528323834,,,,,,0.3048797224612615,,,,0.2382366721665665,,,,0.714980788435144,,,,1.3855104095800772,,,
2022-03-21,10.459704,105.218744,8184.008816120908,8184.008816120908,0.8881993745974549,138.3198992443325,138.3198992443325,130,178,581.896725440806,581.896725440806,478,672,80.59949622166246,80.59949622166246,79,83,0.27990891853915006,,,,,,0.3053511145419982,,,,0.2385247665159381,,,,0.7163225292330201,,,,1.387104307134273,,,
2022-03-22,10.370371,105.275589,6413.891139240506,6413.891139240506,0.6924436796772734,131.61392405063293,131.61392405063293,128,144,327.84936708860766,327.84936708860766,102,406,53.424050632911396,53.424050632911396,50,69,0.28027854179506173,,,,,,0.3058225066227349,,,,0.23881286086530967,,,,0.7176642700308962,,,,1.388698204688469,,,
2022-03-22,10.375756,105.208993,6753.863979848866,6753.863979848866,0.6933782361982785,154.03652392947103,154.03652392947103,145,162,401.25566750629724,401.25566750629724,165,485,61.22292191435768,61.22292191435768,54,67,0.2806481650509734,,,,,,0.3062938987034716,,,,0.23910095521468128,,,,0.7190060108287721,,,,1.3902921022426649,,,
2022-03-22,10.380497,105.274972,6437.340937896073,6437.340937896073,0.6818311599141323,145.86311787072245,145.86311787072245,129,174,374.73003802281374,374.73003802281374,102,579,63.06210392902409,63.06210392902409,36,69,0.28101778830688506,,,,,,0.30676529078420833,,,,0.23938904956405288,,,,0.7203477516266482,,,,1.3918859997968607,,,
2022-03-22,10.387459,105.205582,6781.233502538071,6781.233502538071,0.694564330135705,145.89213197969545,145.89213197969545,137,151,543.3248730964466,543.3248730964466,456,637,65.97969543147208,65.97969543147208,62,72,0.28138741156279673,,,,,,0.30723668286494504,,,,0.23967714391342446,,,,0.7216894924245243,,,,1.3934798973510567,,,
2022-03-22,10.387619,105.243467,6732.069095477385,6732.069095477385,0.6704015935688112,146.60301507537687,146.60301507537687,128,161,388.45854271356785,388.45854271356785,283,432,63.10929648241205,63.10929648241205,39,73,0.28175703481870845,,,,,,0.3077080749456818,,,,0.23996523826279606,,,,0.7230312332224003,,,,1.3950737949052525,,,
2022-03-22,10.394517,105.260713,6630.720606826802,6630.720606826802,0.6865113482825096,139.27939317319849,139.27939317319849,126,161,481.25284450063214,481.25284450063214,371,525,49.38685208596714,49.38685208596714,25,68,0.2821266580746201,,,,,,0.3081794670264185,,,,0.24025333261216764,,,,0.7243729740202763,,,,1.3966676924594486,,,
2022-03-22,10.395256,105.268561,5518.602301790282,5518.602301790282,0.5553864234934444,130.69053708439895,130.69053708439895,127,157,437.6572890025575,437.6572890025575,365,509,43.80306905370844,43.80306905370844,25,54,0.2824962813305318,,,,,,0.30865085910715523,,,,0.24054142696153924,,,,0.7257147148181524,,,,1.3982615900136444,,,
2022-03-22,10.399256,105.204494,7214.393900889454,7214.393900889454,0.761075193322198,140.56035578144855,140.56035578144855,132,151,336.84371029224906,336.84371029224906,131,637,65.43583227445998,65.43583227445998,60,83,0.28286590458644345,,,,,,0.30912225118789194,,,,0.24082952131091082,,,,0.7270564556160284,,,,1.3998554875678402,,,
2022-03-22,10.402927,105.235656,6411.264817150064,6411.264817150064,0.6585648416501471,166.38713745271122,166.38713745271122,126,182,429.9684741488021,429.9684741488021,397,534,59.89659520807062,59.89659520807062,56,62,0.2832355278423552,,,,,,0.30959364326862865,,,,0.24111761566028242,,,,0.7283981964139045,,,,1.4014493851220362,,,
2022-03-22,10.404721,105.258428,6562.042038216559,6562.042038216559,0.7040499185857378,156.38216560509554,156.38216560509554,126,175,456.35159235668783,456.35159235668783,157,539,65.10445859872611,65.10445859872611,62,73,0.28360515109826684,,,,,,0.31006503534936536,,,,0.241405710009654,,,,0.7297399372117805,,,,1.403043282676232,,,
2022-03-22,10.406199,105.248616,6580.457861635219,6580.457861635219,0.6935382798374463,147.2893081761006,147.2893081761006,126,175,459.4666666666667,459.4666666666667,157,554,68.55471698113206,68.55471698113206,61,73,0.2839747743541785,,,,,,0.3105364274301021,,,,0.2416938043590256,,,,0.7310816780096566,,,,1.404637180230428,,,
2022-03-24,10.396044,105.180167,5325.56855345912,5325.56855345912,0.5352428905502703,262.5547169811321,262.5547169811321,189,287,522.5761006289308,522.5761006289308,451,618,49.554716981132074,49.554716981132074,30,73,0.28434439761009017,,,,,,0.31100781951083883,,,,0.24198189870839718,,,,0.7324234188075326,,,,1.4062310777846239,,,
2022-03-24,10.395734,105.143745,5051.857142857142,5051.857142857142,0.4819123025917044,150.69132653061223,150.69132653061223,89,226,387.21556122448976,387.21556122448976,232,523,44.49489795918367,44.49489795918367,30,51,0.2847140208660019,,,,,,0.31147921159157554,,,,0.24226999305776878,,,,0.7337651596054087,,,,1.4078249753388197,,,
2022-03-24,10.395094,105.169245,4094.5474083438676,4094.5474083438676,0.34052982307551233,188.44627054361567,188.44627054361567,104,205,512.8836915297093,512.8836915297093,370,589,44.227560050568904,44.227560050568904,38,51,0.28508364412191356,,,,,,0.31195060367231225,,,,0.24255808740714035,,,,0.7351069004032847,,,,1.4094188728930157,,,
2022-03-24,10.394341,105.126836,5067.86523929471,5067.86523929471,0.493751299433083,71.46347607052897,71.46347607052897,60,162,503.88413098236776,503.88413098236776,326,613,47.36649874055416,47.36649874055416,38,65,0.2854532673778252,,,,,,0.31242199575304896,,,,0.24284618175651196,,,,0.7364486412011607,,,,1.4110127704472115,,,
2022-03-24,10.389594,105.147461,4609.118251928021,4609.118251928021,0.37161391212690936,175.7634961439589,175.7634961439589,124,226,337.0128534704371,337.0128534704371,232,523,45.00385604113111,45.00385604113111,28,48,0.2858228906337369,,,,,,0.3128933878337857,,,,0.24313427610588356,,,,0.7377903819990368,,,,1.4126066680014076,,,
2022-03-24,10.391781,105.161155,5047.55979643766,5047.55979643766,0.49425644826538667,106.44910941475828,106.44910941475828,66,216,465.34223918575066,465.34223918575066,410,539,45.92875318066158,45.92875318066158,33,47,0.28619251388964856,,,,,,0.31336477991452244,,,,0.24342237045525514,,,,0.7391321227969129,,,,1.4142005655556034,,,
2022-03-24,10.387123,105.119326,5210.032663316582,5210.032663316582,0.4901662434732898,151.32663316582915,151.32663316582915,56,217,477.2839195979899,477.2839195979899,254,627,45.9962311557789,45.9962311557789,34,53,0.2865621371455603,,,,,,0.31383617199525915,,,,0.24371046480462674,,,,0.740473863594789,,,,1.4157944631097992,,,
2022-03-24,10.386546,105.19302,4646.725786163523,4646.725786163523,0.41350652673051225,192.95597484276732,192.95597484276732,162,228,404.14591194968546,404.14591194968546,312,523,58.94213836477987,58.94213836477987,51,67,0.28693176040147195,,,,,,0.31430756407599586,,,,0.24399855915399832,,,,0.7418156043926649,,,,1.4173883606639952,,,
2022-03-24,10.379507,105.154892,4034.5959079283894,4034.5959079283894,0.32519789395307086,212.960358056266,212.960358056266,71,258,433.22634271099747,433.22634271099747,299,496,48.66624040920717,48.66624040920717,33,54,0.2873013836573836,,,,,,0.31477895615673257,,,,0.24428665350336992,,,,0.743157345190541,,,,1.418982258218191,,,
2022-03-24,10.378511,105.144998,4634.782278481013,4634.782278481013,0.4178059634122572,238.20379746835448,238.20379746835448,93,282,413.99113924050636,413.99113924050636,357,480,39.02151898734178,39.02151898734178,21,50,0.2876710069132953,,,,,,0.3152503482374693,,,,0.2445747478527415,,,,0.7444990859884171,,,,1.4205761557723868,,,
2022-03-24,10.389374,105.169781,3656.1758793969852,3656.1758793969852,0.2836005054906198,191.86180904522618,191.86180904522618,169,219,456.177135678392,456.177135678392,315,589,46.00879396984926,46.00879396984926,43,54,0.288040630169207,,,,,,0.315721740318206,,,,0.2448628422021131,,,,0.745840826786293,,,,1.4221700533265829,,,
2022-03-25,10.417429,105.363577,5218.129559748428,5218.129559748428,0.5794367931297019,130.17484276729556,130.17484276729556,88,158,255.0817610062893,255.0817610062893,37,448,52.47044025157233,52.47044025157233,19,61,0.28841025342511867,,,,,,0.31619313239894276,,,,0.24515093655148468,,,,0.7471825675841691,,,,1.4237639508807787,,,
2022-03-25,10.494104,105.291042,4613.316326530613,4613.316326530613,0.5074409129547541,130.69132653061226,130.69132653061226,62,170,573.483418367347,573.483418367347,435,662,59.6811224489796,59.6811224489796,43,78,0.28877987668103033,,,,,,0.31666452447967947,,,,0.24543903090085628,,,,0.7485243083820452,,,,1.4253578484349747,,,
2022-03-25,10.485812,105.267525,2986.6010165184243,2986.6010165184243,0.2604655651300424,92.34434561626429,92.34434561626429,66,134,576.607369758577,576.607369758577,392,666,41.409148665819565,41.409148665819565,22,67,0.289149499936942,,,,,,0.3171359165604162,,,,0.24572712525022786,,,,0.7498660491799212,,,,1.4269517459891705,,,
2022-03-25,10.470305,105.287062,3059.042767295597,3059.042767295597,0.1906769173888084,89.7818574514039,89.7818574514039,72,123,541.7948164146868,541.7948164146868,478,586,33.47732181425486,33.47732181425486,30,39,0.2895191231928537,,,,,,0.3176073086411529,,,,0.24601521959959946,,,,0.7512077899777972,,,,1.4285456435433663,,,
2022-03-25,10.470013,105.264425,3392.997442455243,3392.997442455243,0.1843228136939858,99.83631713554988,99.83631713554988,79,118,464.4987212276214,464.4987212276214,346,602,36.776214833759596,36.776214833759596,29,57,0.2898887464487654,,,,,,0.3180787007218896,,,,0.24630331394897104,,,,0.7525495307756733,,,,1.4301395410975624,,,
2022-03-25,10.458369,105.270803,3703.460858585859,3703.460858585859,0.3083860890785558,98.16919191919195,98.16919191919195,84,170,558.5580808080808,558.5580808080808,386,666,31.59848484848485,31.59848484848485,26,39,0.29025836970467706,,,,,,0.3185500928026263,,,,0.24659140829834264,,,,0.7538912715735494,,,,1.4317334386517582,,,
2022-03-25,10.443492,105.281103,3138.9987261146493,3138.9987261146493,0.14317220826306587,97.49808917197451,97.49808917197451,68,128,560.2573248407642,560.2573248407642,515,672,29.788535031847136,29.788535031847136,25,54,0.2906279929605887,,,,,,0.31902148488336307,,,,0.24687950264771424,,,,0.7552330123714254,,,,1.4333273362059542,,,
2022-03-25,10.43531,105.292557,2928.256637168142,2928.256637168142,0.1594474564172314,87.28950695322378,87.28950695322378,68,115,514.0316055625791,514.0316055625791,448,534,44.28950695322377,44.28950695322377,25,62,0.2909976162165004,,,,,,0.3194928769640998,,,,0.24716759699708582,,,,0.7565747531693015,,,,1.43492123376015,,,
2022-03-25,10.434116,105.27315,4108.944091486658,4108.944091486658,0.2727725179788532,107.24396442185513,107.24396442185513,98,123,401.6048284625158,401.6048284625158,322,515,41.52096569250316,41.52096569250316,34,62,0.2913672394724121,,,,,,0.3199642690448365,,,,0.24745569134645742,,,,0.7579164939671775,,,,1.4365151313143458,,,
2022-03-25,10.419561,105.277369,3962.477272727273,3962.477272727273,0.2739756685682346,108.6439393939394,108.6439393939394,65,204,392.23737373737373,392.23737373737373,350,458,42.94318181818183,42.94318181818183,34,47,0.2917368627283238,,,,,,0.3204356611255732,,,,0.247743785695829,,,,0.7592582347650536,,,,1.4381090288685419,,,
2022-03-25,10.411649,105.370659,2937.395437262357,2937.395437262357,0.14819416818391104,120.8656527249683,120.8656527249683,67,158,515.7122940430924,515.7122940430924,333,586,35.83016476552598,35.83016476552598,31,61,0.29210648598423544,,,,,,0.3209070532063099,,,,0.2480318800452006,,,,0.7605999755629296,,,,1.4397029264227377,,,
2022-03-25,10.405902,105.36283,4701.823076923076,4701.823076923076,0.4146221766160819,113.40128205128204,113.40128205128204,88,164,486.775641025641,486.775641025641,419,565,47.94230769230768,47.94230769230768,31,55,0.2924761092401471,,,,,,0.3213784452870466,,,,0.24831997439457218,,,,0.7619417163608057,,,,1.4412968239769337,,,
2022-03-25,10.400189,105.331053,3816.91381495564,3816.91381495564,0.30481532205757583,108.72750316856781,108.72750316856781,66,192,459.37642585551333,459.37642585551333,403,530,53.45627376425855,53.45627376425855,38,61,0.29284573249605883,,,,,,0.3218498373677834,,,,0.24860806874394378,,,,0.7632834571586817,,,,1.4428907215311295,,,
2022-03-25,10.399353,105.356462,5298.207547169812,5298.207547169812,0.4763051822648696,138.43018867924525,138.43018867924525,88,167,451.4616352201258,451.4616352201258,349,526,49.92452830188679,49.92452830188679,30,55,0.2932153557519705,,,,,,0.3223212294485201,,,,0.24889616309331536,,,,0.7646251979565577,,,,1.4444846190853253,,,
2022-03-25,10.391491,105.34899,4333.895465994963,4333.895465994963,0.3832771666536813,121.92317380352644,121.92317380352644,69,173,405.506297229219,405.506297229219,344,541,37.56423173803527,37.56423173803527,29,55,0.29358497900788216,,,,,,0.3227926215292568,,,,0.24918425744268696,,,,0.7659669387544338,,,,1.4460785166395214,,,
2022-03-25,10.391149,105.359279,4737.0453400503775,4737.0453400503775,0.46597927141226825,105.90554156171282,105.90554156171282,90,175,405.2657430730478,405.2657430730478,341,526,48.99244332493703,48.99244332493703,37,55,0.29395460226379383,,,,,,0.3232640136099935,,,,0.24947235179205854,,,,0.7673086795523099,,,,1.4476724141937172,,,
2022-03-25,10.384444,105.3447,4007.7782002534864,4007.7782002534864,0.3949130130534971,118.79721166032954,118.79721166032954,87,185,474.3891001267428,474.3891001267428,411,603,30.134347275031693,30.134347275031693,23,45,0.2943242255197055,,,,,,0.3237354056907302,,,,0.24976044614143014,,,,0.7686504203501858,,,,1.449266311747913,,,
2022-03-25,10.381544,105.174719,4365.327044025158,4365.327044025158,0.3952579799187819,191.5345911949686,191.5345911949686,167,227,437.11572327044024,437.11572327044024,181,509,52.427672955974856,52.427672955974856,49,67,0.2946938487756172,,,,,,0.32420679777146694,,,,0.2500485404908017,,,,0.7699921611480619,,,,1.450860209302109,,,
2022-03-25,10.377238,105.165363,5791.424710424712,5791.424710424712,0.5886114584702433,243.1261261261261,243.1261261261261,184,280,350.4903474903475,350.4903474903475,45,450,49.9009009009009,49.9009009009009,20,61,0.2950634720315289,,,,,,0.32467818985220365,,,,0.2503366348401733,,,,0.771333901945938,,,,1.4524541068563048,,,
2022-03-25,10.37346,105.184697,5934.945638432365,5934.945638432365,0.6020506398131337,201.85082174462707,201.85082174462707,152,331,407.52338811630847,407.52338811630847,224,509,47.93552465233881,47.93552465233881,31,64,0.29543309528744055,,,,,,0.3251495819329404,,,,0.2506247291895449,,,,0.7726756427438141,,,,1.4540480044105009,,,
2022-03-25,10.412537,105.321768,4338.116603295311,4338.116603295311,0.33088887838248043,130.19011406844106,130.19011406844106,80,230,434.4740177439798,434.4740177439798,366,509,49.39923954372624,49.39923954372624,43,60,0.2958027185433522,,,,,,0.3256209740136771,,,,0.25091282353891653,,,,0.77401738354169,,,,1.4556419019646967,,,
2022-03-26,10.44819,105.181879,4696.926582278481,4696.926582278481,0.4342490916935987,166.74936708860758,166.74936708860758,129,251,501.42151898734176,501.42151898734176,400,589,38.651898734177216,38.651898734177216,32,47,0.29617234179926394,,,,,,0.32609236609441383,,,,0.2512009178882881,,,,0.7753591243395661,,,,1.4572357995188925,,,
2022-03-26,10.445632,105.21046,4761.8740554156175,4761.8740554156175,0.5094233649521837,112.04282115869017,112.04282115869017,84,137,617.7808564231739,617.7808564231739,138,667,36.30352644836272,36.30352644836272,26,51,0.2965419650551756,,,,,,0.32656375817515054,,,,0.2514890122376597,,,,0.7767008651374422,,,,1.4588296970730885,,,
2022-03-26,10.452516,105.191857,3827.9399744572165,3827.9399744572165,0.36586398218434096,178.2554278416348,178.2554278416348,87,251,518.2975734355045,518.2975734355045,429,646,38.74074074074075,38.74074074074075,24,47,0.29691158831108727,,,,,,0.32703515025588725,,,,0.2517771065870313,,,,0.7780426059353182,,,,1.4604235946272843,,,
2022-03-26,10.437524,105.202166,5097.627848101266,5097.627848101266,0.579502458618926,126.06455696202535,126.06455696202535,63,154,172.75569620253168,172.75569620253168,138,630,51.23164556962025,51.23164556962025,42,55,0.29728121156699894,,,,,,0.327506542336624,,,,0.2520652009364029,,,,0.7793843467331942,,,,1.4620174921814804,,,
2022-03-26,10.452718,105.220233,4930.658690176322,4930.658690176322,0.48925375742939364,190.65743073047858,190.65743073047858,70,241,552.6889168765744,552.6889168765744,427,637,45.19395465994962,45.19395465994962,27,70,0.29765083482291066,,,,,,0.32797793441736073,,,,0.25235329528577444,,,,0.7807260875310703,,,,1.4636113897356762,,,
2022-03-26,10.458467,105.196191,3154.8419071518197,3154.8419071518197,0.27702195601851054,115.3626097867001,115.3626097867001,63,208,535.693851944793,535.693851944793,429,646,45.345043914680055,45.345043914680055,40,51,0.2980204580788223,,,,,,0.32844932649809744,,,,0.25264138963514604,,,,0.7820678283289464,,,,1.465205287289872,,,
2022-03-26,10.452537,105.205118,4713.828644501278,4713.828644501278,0.417414612864527,128.97953964194375,128.97953964194375,63,172,526.856777493606,526.856777493606,376,653,35.1777493606138,35.1777493606138,30,43,0.298390081334734,,,,,,0.32892071857883415,,,,0.25292948398451764,,,,0.7834095691268224,,,,1.466799184844068,,,
2022-03-26,10.437524,105.185343,3716.6248415716095,3716.6248415716095,0.4400385299955342,77.83650190114068,77.83650190114068,62,138,478.1875792141951,478.1875792141951,314,552,42.533586818757925,42.533586818757925,32,56,0.29875970459064566,,,,,,0.32939211065957086,,,,0.25321757833388925,,,,0.7847513099246984,,,,1.4683930823982638,,,
2022-03-26,10.447684,105.190977,4308.55303030303,4308.55303030303,0.44087860987772975,150.47348484848482,150.47348484848482,67,251,505.40277777777777,505.40277777777777,442,646,29.747474747474747,29.747474747474747,24,47,0.2991293278465573,,,,,,0.32986350274030757,,,,0.25350567268326085,,,,0.7860930507225745,,,,1.4699869799524599,,,
2022-03-26,10.426155,105.176598,4430.09090909091,4430.09090909091,0.40305407147166805,108.1638924455826,108.1638924455826,63,166,385.82970550576186,385.82970550576186,334,466,22.66837387964149,22.66837387964149,12,49,0.29949895110246905,,,,,,0.3303348948210443,,,,0.2537937670326324,,,,0.7874347915204505,,,,1.4715808775066557,,,
2022-03-26,10.417324,105.208881,4102.676767676767,4102.676767676767,0.3523860175368824,150.67929292929293,150.67929292929293,87,197,471.29671717171715,471.29671717171715,318,602,44.12878787878788,44.12878787878788,30,51,0.2998685743583807,,,,,,0.33080628690178104,,,,0.254081861382004,,,,0.7887765323183266,,,,1.4731747750608515,,,
2022-03-26,10.414226,105.195214,4906.2294043092525,4906.2294043092525,0.42396101306630773,127.25221799746517,127.25221799746517,62,185,420.6273764258556,420.6273764258556,318,501,41.59315589353612,41.59315589353612,35,52,0.3002381976142924,,,,,,0.33127767898251775,,,,0.2543699557313756,,,,0.7901182731162026,,,,1.4747686726150475,,,
2022-03-26,10.412311,105.176834,4491.560453400503,4491.560453400503,0.36686154141860117,79.01133501259446,79.01133501259446,63,169,448.7178841309823,448.7178841309823,408,480,46.49244332493702,46.49244332493702,41,67,0.30060782087020405,,,,,,0.33174907106325446,,,,0.2546580500807472,,,,0.7914600139140786,,,,1.4763625701692433,,,
2022-03-26,10.405702,105.208668,4639.934673366834,4639.934673366834,0.4391119781807121,154.4748743718593,154.4748743718593,76,202,438.66834170854275,438.66834170854275,275,522,51.595477386934675,51.595477386934675,48,57,0.30097744412611577,,,,,,0.3322204631439912,,,,0.25494614443011876,,,,0.7928017547119547,,,,1.4779564677234394,,,
2022-03-26,10.402793,105.189574,5314.390428211587,5314.390428211587,0.5355628181372443,109.51133501259446,109.51133501259446,66,189,396.20277078085644,396.20277078085644,318,507,38.113350125944585,38.113350125944585,31,51,0.30134706738202743,,,,,,0.3326918552247279,,,,0.25523423877949036,,,,0.7941434955098308,,,,1.4795503652776352,,,
2022-03-26,10.400449,105.171793,5473.288776796974,5473.288776796974,0.5460075460906699,137.1172761664565,137.1172761664565,100,271,468.5094577553594,468.5094577553594,394,589,51.06683480453972,51.06683480453972,30,67,0.3017166906379391,,,,,,0.33316324730546465,,,,0.25552233312886197,,,,0.7954852363077068,,,,1.481144262831831,,,
2022-03-26,10.427104,105.210954,4428.83712121212,4428.83712121212,0.4016498542655914,134.3611111111111,134.3611111111111,63,178,377.99116161616155,377.99116161616155,158,602,39.743686868686865,39.743686868686865,23,55,0.30208631389385077,,,,,,0.33363463938620136,,,,0.25581042747823357,,,,0.7968269771055828,,,,1.482738160386027,,,
2022-03-27,10.420483,105.223648,3919.436781609196,3919.436781609196,0.3461797836201812,170.3039591315453,170.3039591315453,106,213,577.2068965517242,577.2068965517242,528,666,39.12005108556833,39.12005108556833,29,45,0.3024559371497625,,,,,,0.33410603146693807,,,,0.2560985218276051,,,,0.7981687179034589,,,,1.4843320579402228,,,
2022-03-27,10.420702,105.15698,4684.335435056746,4684.335435056746,0.38237598633376335,102.14565217391305,102.14565217391305,63,176,413.7956521739131,413.7956521739131,219,494,38.90869565217391,38.90869565217391,25,51,0.30282556040567415,,,,,,0.3345774235476748,,,,0.2563866161769767,,,,0.799510458701335,,,,1.4859259554944186,,,
2022-03-27,10.421066,105.136822,3315.6192307692313,3315.6192307692313,0.2996695040883816,97.3551282051282,97.3551282051282,56,154,585.4538461538463,585.4538461538463,504,658,36.346153846153854,36.346153846153854,26,39,0.3031951836615858,,,,,,0.3350488156284115,,,,0.2566747105263483,,,,0.800852199499211,,,,1.4875198530486147,,,
2022-03-27,10.422463,105.151846,4254.1119496855345,4254.1119496855345,0.3141179028607756,81.4344262295082,81.4344262295082,69,106,419.46106557377055,419.46106557377055,355,474,49.868852459016395,49.868852459016395,23,62,0.3035648069174975,,,,,,0.3355202077091482,,,,0.25696280487571993,,,,0.802193940297087,,,,1.4891137506028105,,,
2022-03-27,10.42324,105.126544,2741.758576874206,2741.758576874206,0.28389120616959695,65.96060991105465,65.96060991105465,56,107,613.7941550190598,613.7941550190598,496,658,29.163913595933924,29.163913595933924,19,51,0.30393443017340915,,,,,,0.3359915997898849,,,,0.2572508992250915,,,,0.8035356810949631,,,,1.4907076481570065,,,
2022-03-27,10.426536,105.115181,3289.5952080706184,3289.5952080706184,0.36749774543854413,62.931904161412355,62.931904161412355,56,154,515.860025220681,515.860025220681,474,570,26.85119798234552,26.85119798234552,21,34,0.3043040534293209,,,,,,0.3364629918706217,,,,0.2575389935744631,,,,0.8048774218928392,,,,1.4923015457112023,,,
2022-03-27,10.429142,105.151556,5108.269861286255,5108.269861286255,0.4292128817184639,100.03783102143757,100.03783102143757,69,147,332.0857503152585,332.0857503152585,277,408,60.5031525851198,60.5031525851198,41,73,0.30467367668523254,,,,,,0.3369343839513584,,,,0.2578270879238347,,,,0.8062191626907151,,,,1.4938954432653981,,,
2022-03-27,10.429339,105.125493,2267.0604534005042,2267.0604534005042,0.26021854011082896,64.57304785894208,64.57304785894208,56,88,584.4244332493704,584.4244332493704,424,621,21.52644836272041,21.52644836272041,19,25,0.3050432999411442,,,,,,0.3374057760320951,,,,0.2581151822732063,,,,0.8075609034885912,,,,1.4954893408195942,,,
2022-03-27,10.433791,105.231265,5308.934673366834,5308.934673366834,0.54776696317308,127.26256281407036,127.26256281407036,65,151,528.2185929648242,528.2185929648242,362,600,40.4748743718593,40.4748743718593,35,54,0.3054129231970559,,,,,,0.3378771681128318,,,,0.2584032766225779,,,,0.8089026442864673,,,,1.49708323837379,,,
2022-03-27,10.43062,105.165627,7003.832051282051,7003.832051282051,0.7927072653235455,210.56410256410257,210.56410256410257,63,233,361.05641025641023,361.05641025641023,261,416,55.199999999999996,55.199999999999996,31,72,0.3057825464529676,,,,,,0.3383485601935685,,,,0.25869137097194944,,,,0.8102443850843433,,,,1.498677135927986,,,
2022-03-27,10.420174,105.16361,4804.921914357682,4804.921914357682,0.42183632584157865,110.3727959697733,110.3727959697733,63,227,379.38539042821156,379.38539042821156,219,494,36.206549118387905,36.206549118387905,25,61,0.30615216970887926,,,,,,0.3388199522743053,,,,0.25897946532132105,,,,0.8115861258822193,,,,1.5002710334821818,,,
2022-03-27,10.435839,105.132981,2848.786075949367,2848.786075949367,0.3357981811101534,90.88227848101266,90.88227848101266,56,118,510.5341772151898,510.5341772151898,424,606,30.343037974683543,30.343037974683543,21,44,0.30652179296479093,,,,,,0.339291344355042,,,,0.25926755967069265,,,,0.8129278666800954,,,,1.5018649310363776,,,
2022-03-27,10.438048,105.153225,5573.835025380712,5573.835025380712,0.5583329621166437,106.02791878172592,106.02791878172592,63,158,333.26522842639594,333.26522842639594,139,466,49.257614213197975,49.257614213197975,41,63,0.3068914162207026,,,,,,0.3397627364357787,,,,0.25955565402006425,,,,0.8142696074779714,,,,1.5034588285905737,,,
2022-03-27,10.451085,105.243664,5544.112232030265,5544.112232030265,0.5845821384894994,81.91603053435115,81.91603053435115,66,185,615.1068702290077,615.1068702290077,504,629,44.48854961832061,44.48854961832061,35,46,0.3072610394766143,,,,,,0.3402341285165154,,,,0.2598437483694358,,,,0.8156113482758475,,,,1.5050527261447695,,,
2022-03-27,10.454948,105.23029,4246.274683544304,4246.274683544304,0.40467011045834994,103.35443037974684,103.35443037974684,71,236,484.573417721519,484.573417721519,331,614,35.52911392405064,35.52911392405064,28,70,0.307630662732526,,,,,,0.3407055205972521,,,,0.2601318427188074,,,,0.8169530890737235,,,,1.5066466236989653,,,
2022-03-27,10.455571,105.240074,5040.376574307305,5040.376574307305,0.531117055251797,134.8445945945946,134.8445945945946,72,196,550.0777027027027,550.0777027027027,434,629,37.93750000000001,37.93750000000001,28,48,0.30800028598843765,,,,,,0.34117691267798883,,,,0.260419937068179,,,,0.8182948298715996,,,,1.5082405212531613,,,
2022-03-27,10.467229,105.24767,4862.88122605364,4862.88122605364,0.4504806791479188,150.1736909323116,150.1736909323116,89,181,417.2260536398467,417.2260536398467,384,483,41.99872286079182,41.99872286079182,31,63,0.3083699092443493,,,,,,0.34164830475872554,,,,0.2607080314175506,,,,0.8196365706694756,,,,1.5098344188073571,,,
2022-03-27,10.430085,105.221996,4499.501282051282,4499.501282051282,0.446348746066759,102.56538461538464,102.56538461538464,61,206,473.12564102564113,473.12564102564113,158,666,44.597435897435915,44.597435897435915,23,58,0.308739532500261,,,,,,0.3421196968394623,,,,0.2609961257669222,,,,0.8209783114673517,,,,1.5114283163615532,,,
2022-03-27,10.419552,105.116409,4131.708333333333,4131.708333333333,0.41774296461599414,70.27904040404042,70.27904040404042,56,77,494.66414141414134,494.66414141414134,416,557,41.99747474747475,41.99747474747475,21,59,0.3091091557561727,,,,,,0.342591088920199,,,,0.26128422011629376,,,,0.8223200522652278,,,,1.513022213915749,,,
2022-03-27,10.428426,105.156744,5552.112244897959,5552.112244897959,0.49302951682550855,108.17474489795917,108.17474489795917,69,233,320.6798469387755,320.6798469387755,139,408,54.18750000000001,54.18750000000001,48,73,0.30947877901208437,,,,,,0.3430624810009357,,,,0.26157231446566537,,,,0.8236617930631038,,,,1.514616111469945,,,
2022-03-27,10.41636,105.142144,4612.906918238995,4612.906918238995,0.35781668387923626,111.56603773584906,111.56603773584906,59,190,485.4754716981132,485.4754716981132,422,547,32.22767295597485,32.22767295597485,23,39,0.30984840226799604,,,,,,0.34353387308167244,,,,0.26186040881503697,,,,0.8250035338609798,,,,1.5162100090241408,,,
2022-03-27,10.375656,105.29185,4423.374045801525,4423.374045801525,0.3862610944119286,126.79516539440202,126.79516539440202,88,167,390.60305343511436,390.60305343511436,291,581,36.07888040712467,36.07888040712467,19,47,0.3102180255239077,,,,,,0.34400526516240915,,,,0.2621485031644086,,,,0.8263452746588559,,,,1.5178039065783366,,,
2022-03-27,10.386495,105.284636,3578.0591194968556,3578.0591194968556,0.2612083486942486,94.22641509433964,94.22641509433964,68,137,439.4817610062894,439.4817610062894,320,579,37.25786163522013,37.25786163522013,29,48,0.3105876487798194,,,,,,0.34447665724314586,,,,0.2624365975137801,,,,0.827687015456732,,,,1.5193978041325327,,,
2022-03-27,10.396712,105.324921,3452.92095357591,3452.92095357591,0.24617989017768557,91.22961104140528,91.22961104140528,67,103,455.2045169385194,455.2045169385194,403,501,45.664993726474286,45.664993726474286,23,57,0.3109572720357311,,,,,,0.3449480493238826,,,,0.2627246918631517,,,,0.8290287562546079,,,,1.5209917016867285,,,
2022-03-27,10.396951,105.281083,4061.099871959026,4061.099871959026,0.3165340308384798,107.84122919334187,107.84122919334187,74,116,470.5313700384122,470.5313700384122,430,501,25.800256081946223,25.800256081946223,22,44,0.31132689529164276,,,,,,0.34541944140461933,,,,0.26301278621252333,,,,0.830370497052484,,,,1.5225855992409243,,,
2022-03-27,10.399444,105.118528,4142.837939698492,4142.837939698492,0.3698328376286073,82.00502512562815,82.00502512562815,60,133,420.1645728643216,420.1645728643216,334,525,55.23994974874372,55.23994974874372,42,59,0.3116965185475544,,,,,,0.34589083348535604,,,,0.26330088056189493,,,,0.8317122378503601,,,,1.5241794967951203,,,
2022-03-27,10.399645,105.141286,4901.269377382465,4901.269377382465,0.4844603099587625,157.83481575603557,157.83481575603557,89,242,338.79288437102923,338.79288437102923,299,445,44.77890724269377,44.77890724269377,30,62,0.31206614180346615,,,,,,0.34636222556609275,,,,0.2635889749112665,,,,0.833053978648236,,,,1.5257733943493161,,,
2022-03-27,10.400025,105.152916,4804.188442211056,4804.188442211056,0.4286123998415441,161.87688442211058,161.87688442211058,89,201,379.2902010050251,379.2902010050251,291,437,47.38944723618091,47.38944723618091,30,52,0.3124357650593778,,,,,,0.34683361764682946,,,,0.2638770692606381,,,,0.8343957194461121,,,,1.5273672919035122,,,
2022-03-27,10.40466,105.311554,3701.7202531645576,3701.7202531645576,0.24983520011448257,89.87088607594939,89.87088607594939,75,131,396.15696202531655,396.15696202531655,296,517,34.88860759493671,34.88860759493671,22,60,0.3128053883152895,,,,,,0.34730500972756617,,,,0.2641651636100097,,,,0.8357374602439882,,,,1.528961189457708,,,
2022-03-27,10.403175,105.123726,4008.8063694267507,4008.8063694267507,0.3562812077887746,84.68280254777069,84.68280254777069,60,194,424.9439490445859,424.9439490445859,334,525,55.036942675159224,55.036942675159224,42,59,0.31317501157120115,,,,,,0.34777640180830294,,,,0.2644532579593813,,,,0.8370792010418642,,,,1.5305550870119038,,,
2022-03-27,10.407581,105.1521,5311.992307692307,5311.992307692307,0.48343344233134133,118.76282051282051,118.76282051282051,78,205,460.87307692307695,460.87307692307695,240,590,40.53461538461538,40.53461538461538,26,47,0.3135446348271128,,,,,,0.34824779388903965,,,,0.26474135230875284,,,,0.8384209418397403,,,,1.5321489845660998,,,
2022-03-27,10.408003,105.139183,5006.250945775537,5006.250945775537,0.46847744142086717,179.95712484237077,179.95712484237077,88,242,446.3669609079446,446.3669609079446,326,582,48.27112232030266,48.27112232030266,30,60,0.31391425808302453,,,,,,0.34871918596977636,,,,0.26502944665812445,,,,0.8397626826376163,,,,1.5337428821202956,,,
2022-03-27,10.408214,105.131329,5156.243622448978,5156.243622448978,0.4710196654117443,126.2410714285714,126.2410714285714,64,226,359.5344387755101,359.5344387755101,326,496,51.929846938775505,51.929846938775505,36,59,0.3142838813389362,,,,,,0.34919057805051307,,,,0.26531754100749605,,,,0.8411044234354924,,,,1.5353367796744917,,,
2022-03-27,10.409187,105.288345,3430.182741116751,3430.182741116751,0.1933438224943851,81.93401015228426,81.93401015228426,62,152,486.63324873096445,486.63324873096445,429,528,42.34517766497462,42.34517766497462,37,45,0.31465350459484787,,,,,,0.3496619701312498,,,,0.26560563535686765,,,,0.8424461642333685,,,,1.5369306772286875,,,
2022-03-27,10.410742,105.220616,5027.093081761008,5027.093081761008,0.49049315109237873,139.12075471698114,139.12075471698114,118,213,536.1182389937107,536.1182389937107,362,614,40.744654088050325,40.744654088050325,26,51,0.31502312785075953,,,,,,0.3501333622119865,,,,0.26589372970623926,,,,0.8437879050312445,,,,1.5385245747828833,,,
2022-03-27,10.413742,105.22261,4579.848020434227,4579.848020434227,0.43458456259054273,159.45721583652616,159.45721583652616,137,213,569.5862068965517,569.5862068965517,485,614,32.85057471264367,32.85057471264367,26,45,0.31539275110667125,,,,,,0.3506047542927232,,,,0.2661818240556108,,,,0.8451296458291205,,,,1.5401184723370793,,,
2022-03-27,10.413908,105.234515,4239.893670886076,4239.893670886076,0.37245745801147545,134.33797468354433,134.33797468354433,87,191,496.65443037974677,496.65443037974677,440,594,28.218987341772156,28.218987341772156,26,38,0.3157623743625829,,,,,,0.35107614637345996,,,,0.2664699184049824,,,,0.8464713866269966,,,,1.5417123698912751,,,
2022-03-27,10.415236,105.156765,4786.037735849056,4786.037735849056,0.4220533999652433,144.00422832980973,144.00422832980973,66,205,251.0021141649049,251.0021141649049,219,458,26.30866807610994,26.30866807610994,25,36,0.3161319976184946,,,,,,0.3515475384541967,,,,0.266758012754354,,,,0.8478131274248726,,,,1.543306267445471,,,
2022-03-27,10.406597,105.221367,4960.651074589128,4960.651074589128,0.4952355861130335,137.2629582806574,137.2629582806574,116,152,489.17446270543616,489.17446270543616,456,571,48.02402022756005,48.02402022756005,31,57,0.31650162087440625,,,,,,0.3520189305349334,,,,0.2670461071037256,,,,0.8491548682227487,,,,1.544900164999667,,,
2022-03-27,10.417011,105.261676,3674.620253164558,3674.620253164558,0.29670132217074585,112.2746835443038,112.2746835443038,65,174,457.01012658227853,457.01012658227853,400,552,28.265822784810126,28.265822784810126,23,40,0.316871244130318,,,,,,0.3524903226156701,,,,0.26733420145309716,,,,0.8504966090206247,,,,1.5464940625538628,,,
2022-03-28,10.3037,105.354593,5180.663278271917,5180.663278271917,0.5306996906954256,130.18170266836083,130.18170266836083,64,196,402.0775095298601,402.0775095298601,280,446,57.31766200762388,57.31766200762388,45,60,0.31724086738622964,,,,,,0.3529617146964068,,,,0.26762229580246877,,,,0.8518383498185007,,,,1.5480879601080588,,,
2022-03-28,10.34297,105.382435,3764.7999999999993,3764.7999999999993,0.3390170324229263,93.28461538461539,93.28461538461539,72,100,449.1243589743589,449.1243589743589,410,526,32.66025641025641,32.66025641025641,23,39,0.3176104906421413,,,,,,0.35343310677714357,,,,0.26791039015184037,,,,0.8531800906163768,,,,1.5496818576622546,,,
2022-03-28,10.314233,105.359823,3939.5829081632646,3939.5829081632646,0.36104675068997105,126.04719387755102,126.04719387755102,98,210,427.81760204081627,427.81760204081627,349,486,48.54209183673469,48.54209183673469,23,59,0.317980113898053,,,,,,0.3539044988578803,,,,0.268198484501212,,,,0.8545218314142529,,,,1.5512757552164504,,,
2022-03-28,10.292156,105.361294,4915.876729559749,4915.876729559749,0.5027318828485217,135.95220125786162,135.95220125786162,77,199,392.5421383647799,392.5421383647799,312,506,47.81635220125786,47.81635220125786,45,65,0.31834973715396464,,,,,,0.354375890938617,,,,0.2684865788505836,,,,0.8558635722121288,,,,1.5528696527706465,,,
2022-03-28,10.257715,105.375007,3568.6262626262633,3568.6262626262633,0.34627235654699795,142.97727272727275,142.97727272727275,77,186,477.1843434343435,477.1843434343435,421,554,41.91540404040405,41.91540404040405,35,50,0.31871936040987636,,,,,,0.3548472830193537,,,,0.2687746731999551,,,,0.8572053130100049,,,,1.5544635503248423,,,
2022-03-28,10.275826,105.364451,4235.477329974812,4235.477329974812,0.4181672543091129,151.88916876574308,151.88916876574308,107,213,509.35264483627213,509.35264483627213,424,624,44.429471032745596,44.429471032745596,12,60,0.31908898366578803,,,,,,0.3553186751000904,,,,0.26906276754932673,,,,0.858547053807881,,,,1.5560574478790383,,,
2022-04-01,10.549477,105.273725,6827.968592964825,6827.968592964825,0.8001209229964384,207.6997487437186,207.6997487437186,187,217,384.18090452261305,384.18090452261305,282,493,58.4962311557789,58.4962311557789,52,66,0.3194586069216997,,,,,,0.3557900671808271,,,,0.26935086189869833,,,,0.8598887946057571,,,,1.5576513454332341,,,
2022-04-01,10.542998,105.261159,5021.936224489796,5021.936224489796,0.4506419975719638,210.23596938775512,210.23596938775512,186,236,475.29081632653066,475.29081632653066,416,595,47.49234693877551,47.49234693877551,27,67,0.31982823017761136,,,,,,0.35626145926156383,,,,0.26963895624806994,,,,0.861230535403633,,,,1.55924524298743,,,
2022-04-01,10.536277,105.293087,4995.345710627402,4995.345710627402,0.5701973949499946,185.39180537772086,185.39180537772086,176,200,467.8066581306018,467.8066581306018,334,656,47.41741357234316,47.41741357234316,37,52,0.3201978534335231,,,,,,0.3567328513423006,,,,0.2699270505974415,,,,0.8625722762015091,,,,1.560839140541626,,,
2022-04-01,10.524439,105.254678,4473.7162849872775,4473.7162849872775,0.38202312526835075,219.86259541984734,219.86259541984734,188,231,550.7569974554707,550.7569974554707,411,618,36.498727735368966,36.498727735368966,20,62,0.32056747668943475,,,,,,0.3572042434230373,,,,0.2702151449468131,,,,0.8639140169993852,,,,1.5624330380958218,,,
2022-04-01,10.510542,105.248554,6066.792884371029,6066.792884371029,0.5881736492219122,228.412960609911,228.412960609911,191,308,617.0152477763659,617.0152477763659,382,678,47.53240152477764,47.53240152477764,29,64,0.3209370999453464,,,,,,0.357675635503774,,,,0.2705032392961847,,,,0.8652557577972613,,,,1.5640269356500176,,,
2022-04-01,10.50915,105.265098,5062.571788413099,5062.571788413099,0.48581440223326255,215.11209068010078,215.11209068010078,195,222,652.537783375315,652.537783375315,587,674,44.65869017632242,44.65869017632242,23,65,0.3213067232012581,,,,,,0.3581470275845107,,,,0.2707913336455563,,,,0.8665974985951372,,,,1.5656208332042136,,,
2022-04-01,10.524082,105.268907,3400.7139240506326,3400.7139240506326,0.19191528962320845,194.45316455696198,194.45316455696198,164,207,523.6075949367088,523.6075949367088,467,602,22.884810126582273,22.884810126582273,20,32,0.3216763464571698,,,,,,0.35861841966524743,,,,0.27107942799492785,,,,0.8679392393930133,,,,1.5672147307584094,,,
2022-04-01,10.501829,105.273585,4369.758490566038,4369.758490566038,0.38960555161899607,170.82264150943396,170.82264150943396,167,197,582.5761006289307,582.5761006289307,563,653,41.32955974842767,41.32955974842767,20,57,0.32204596971308147,,,,,,0.3590898117459842,,,,0.27136752234429945,,,,0.8692809801908894,,,,1.5688086283126055,,,
2022-04-01,10.494453,105.241281,5436.544654088049,5436.544654088049,0.48957445523616533,175.1006289308176,175.1006289308176,170,217,531.3962264150944,531.3962264150944,405,650,39.237735849056605,39.237735849056605,30,54,0.32241559296899314,,,,,,0.3595612038267209,,,,0.27165561669367105,,,,0.8706227209887654,,,,1.5704025258668013,,,
2022-04-01,10.482003,105.203866,4345.948362720404,4345.948362720404,0.35516784455637523,179.15869017632238,179.15869017632238,169,199,421.64609571788407,421.64609571788407,392,602,34.90050377833753,34.90050377833753,34,36,0.3227852162249048,,,,,,0.3600325959074576,,,,0.27194371104304266,,,,0.8719644617866414,,,,1.5719964234209973,,,
2022-04-01,10.48195,105.238448,5161.636363636363,5161.636363636363,0.508483224581441,191.59343434343435,191.59343434343435,178,204,645.9305555555555,645.9305555555555,514,680,33.665404040404034,33.665404040404034,30,40,0.32315483948081647,,,,,,0.36050398798819433,,,,0.2722318053924142,,,,0.8733062025845175,,,,1.5735903209751931,,,
2022-04-01,10.468679,105.203699,5658.7141057934505,5658.7141057934505,0.5199677626484728,179.40554156171282,179.40554156171282,170,184,579.890428211587,579.890428211587,376,653,40.66498740554157,40.66498740554157,35,51,0.3235244627367282,,,,,,0.36097538006893104,,,,0.2725198997417858,,,,0.8746479433823935,,,,1.575184218529389,,,
2022-04-01,10.50203,105.222373,5240.86153846154,5240.86153846154,0.4931954506169644,170.7064102564103,170.7064102564103,166,187,486.8705128205128,486.8705128205128,362,594,36.31410256410256,36.31410256410256,12,51,0.32389408599263986,,,,,,0.36144677214966775,,,,0.2728079940911574,,,,0.8759896841802696,,,,1.576778116083585,,,
2022-04-02,10.485464,105.251956,4641.358942065492,4641.358942065492,0.4492096147217741,206.82241813602016,206.82241813602016,189,217,604.2808564231738,604.2808564231738,491,664,33.71788413098237,33.71788413098237,26,42,0.3242637092485515,,,,,,0.36191816423040446,,,,0.273096088440529,,,,0.8773314249781456,,,,1.5783720136377808,,,
2022-04-03,10.505489,105.203926,6405.865311308767,6405.865311308767,0.7003053556585056,179.50405405405408,179.50405405405408,171,188,519.204054054054,519.204054054054,211,651,63.89324324324324,63.89324324324324,38,65,0.3246333325044632,,,,,,0.3623895563111412,,,,0.2733841827899006,,,,0.8786731657760216,,,,1.5799659111919766,,,
2022-04-03,10.527792,105.204924,6212.5951776649745,6212.5951776649745,0.5988534314283062,190.91624365482235,190.91624365482235,176,246,542.9670050761422,542.9670050761422,414,616,43.37944162436549,43.37944162436549,42,60,0.3250029557603749,,,,,,0.36286094839187794,,,,0.27367227713927217,,,,0.8800149065738977,,,,1.5815598087461726,,,
2022-04-03,10.522871,105.184845,6688.008928571428,6688.008928571428,0.6930635414760589,186.84693877551018,186.84693877551018,175,206,358.4783163265306,358.4783163265306,125,480,70.03316326530613,70.03316326530613,59,83,0.3253725790162866,,,,,,0.36333234047261465,,,,0.2739603714886438,,,,0.8813566473717738,,,,1.5831537063003684,,,
2022-04-03,10.514912,105.216308,5554.837595907929,5554.837595907929,0.5942411551680834,184.1445012787724,184.1445012787724,171,194,467.7902813299233,467.7902813299233,109,667,48.717391304347835,48.717391304347835,26,56,0.32574220227219824,,,,,,0.36380373255335136,,,,0.2742484658380154,,,,0.8826983881696499,,,,1.5847476038545645,,,
2022-04-03,10.476738,105.227333,4554.280409731114,4554.280409731114,0.4306032435831591,178.0857874519846,178.0857874519846,165,190,469.5646606914212,469.5646606914212,368,653,23.20486555697823,23.20486555697823,15,51,0.3261118255281099,,,,,,0.36427512463408807,,,,0.274536560187387,,,,0.8840401289675259,,,,1.5863415014087603,,,
2022-04-03,10.464233,105.183189,4862.4229797979815,4862.4229797979815,0.5469506003175183,170.79797979797982,170.79797979797982,167,175,378.5202020202021,378.5202020202021,189,566,44.96717171717172,44.96717171717172,27,58,0.32648144878402163,,,,,,0.36474651671482483,,,,0.27482465453675853,,,,0.8853818697654019,,,,1.587935398962956,,,
2022-04-03,10.467778,105.163448,3887.0433673469383,3887.0433673469383,0.4540810186519666,172.6734693877551,172.6734693877551,170,176,369.4655612244898,369.4655612244898,269,474,46.14413265306122,46.14413265306122,37,72,0.3268510720399333,,,,,,0.36521790879556154,,,,0.27511274888613013,,,,0.886723610563278,,,,1.5895292965171521,,,
2022-04-03,10.461453,105.172294,5598.282636248415,5598.282636248415,0.6365581823678758,169.5272496831432,169.5272496831432,167,172,440.7262357414449,440.7262357414449,379,531,51.40177439797212,51.40177439797212,37,57,0.32722069529584497,,,,,,0.36568930087629825,,,,0.27540084323550174,,,,0.888065351361154,,,,1.591123194071348,,,
2022-04-03,10.458071,105.162504,4600.09228824273,4600.09228824273,0.531993041269193,174.87357774968396,174.87357774968396,167,251,394.709228824273,394.709228824273,336,437,34.66118836915297,34.66118836915297,11,51,0.32759031855175663,,,,,,0.36616069295703496,,,,0.27568893758487334,,,,0.88940709215903,,,,1.592717091625544,,,
2022-04-03,10.44784,105.141425,3882.330817610063,3882.330817610063,0.4557717757959243,187.87044025157232,187.87044025157232,169,213,461.50440251572337,461.50440251572337,400,621,39.68930817610063,39.68930817610063,11,47,0.3279599418076683,,,,,,0.36663208503777167,,,,0.27597703193424494,,,,0.8907488329569061,,,,1.5943109891797398,,,
2022-04-04,10.474439,105.216928,4979.746173469388,4979.746173469388,0.33989086584203776,164.58418367346937,164.58418367346937,163,175,549.2372448979592,549.2372448979592,368,653,23.346938775510203,23.346938775510203,18,33,0.32832956506358,,,,,,0.3671034771185084,,,,0.2762651262836165,,,,0.8920905737547822,,,,1.5959048867339356,,,
2022-04-04,10.498551,105.167513,5013.752538071065,5013.752538071065,0.42761187199894546,195.48984771573603,195.48984771573603,175,201,448.1624365482233,448.1624365482233,314,531,56.963197969543145,56.963197969543145,51,66,0.3286991883194917,,,,,,0.3675748691992451,,,,0.2765532206329881,,,,0.8934323145526581,,,,1.5974987842881316,,,
2022-04-05,10.195117,105.200047,3357.7205128205132,3357.7205128205132,0.2718614952480531,134.47625698324023,134.47625698324023,130,135,526.1773743016761,526.1773743016761,458,558,31.497206703910617,31.497206703910617,25,40,0.32906881157540335,,,,,,0.36804626127998186,,,,0.2768413149823597,,,,0.8947740553505342,,,,1.5990926818423274,,,
2022-04-05,10.208515,105.202809,3806.2195431472082,3806.2195431472082,0.3372975537638897,147.36802030456855,147.36802030456855,144,168,560.5761421319797,560.5761421319797,301,621,35.52157360406092,35.52157360406092,34,47,0.329438434831315,,,,,,0.36851765336071857,,,,0.2771294093317313,,,,0.8961157961484103,,,,1.6006865793965233,,,
2022-04-05,10.22418,105.198785,5991.485534591196,5991.485534591196,0.6283221019657708,190.48427672955975,190.48427672955975,161,218,304.49182389937107,304.49182389937107,251,365,55.83270440251573,55.83270440251573,35,62,0.32980805808722674,,,,,,0.3689890454414553,,,,0.27741750368110285,,,,0.8974575369462863,,,,1.6022804769507193,,,
2022-04-05,10.227343,105.230821,5477.105926860025,5477.105926860025,0.5661555742542221,140.8499369482976,140.8499369482976,131,155,426.3379571248423,426.3379571248423,328,606,51.47919293820932,51.47919293820932,45,56,0.3301776813431384,,,,,,0.369460437522192,,,,0.27770559803047445,,,,0.8987992777441624,,,,1.603874374504915,,,
2022-04-05,10.228207,105.177659,5835.362944162436,5835.362944162436,0.620897260243809,193.98223350253807,193.98223350253807,185,227,270.5558375634518,270.5558375634518,64,526,64.4010152284264,64.4010152284264,28,67,0.3305473045990501,,,,,,0.3699318296029287,,,,0.27799369237984606,,,,0.9001410185420384,,,,1.6054682720591111,,,
2022-04-05,10.236082,105.210347,5401.792884371031,5401.792884371031,0.5541893903905859,151.66709021601017,151.66709021601017,146,169,526.8259212198221,526.8259212198221,272,611,51.29097839898349,51.29097839898349,47,54,0.33091692785496174,,,,,,0.37040322168366546,,,,0.27828178672921766,,,,0.9014827593399145,,,,1.607062169613307,,,
2022-04-06,10.550361,105.218667,5483.7532133676095,5483.7532133676095,0.5873868080692357,180.75064267352187,180.75064267352187,178,192,463.9344473007713,463.9344473007713,320,565,44.41002570694088,44.41002570694088,31,61,0.33128655111087346,,,,,,0.3708746137644021,,,,0.2785698810785892,,,,0.9028245001377905,,,,1.608656067167503,,,
2022-04-06,10.46658,105.139698,3448.1269230769226,3448.1269230769226,0.35756384698967897,175.22179487179486,175.22179487179486,168,239,496.11794871794865,496.11794871794865,424,578,31.456410256410255,31.456410256410255,12,37,0.33165617436678513,,,,,,0.3713460058451389,,,,0.2788579754279608,,,,0.9041662409356666,,,,1.6102499647216988,,,
2022-04-06,10.540457,105.207852,5211.178841309825,5211.178841309825,0.5506181941483127,191.7405541561713,191.7405541561713,178,222,486.15113350125944,486.15113350125944,346,624,39.18136020151134,39.18136020151134,31,51,0.3320257976226968,,,,,,0.3718173979258756,,,,0.2791460697773324,,,,0.9055079817335426,,,,1.6118438622758946,,,
2022-04-07,10.445962,105.123164,3539.6354430379747,3539.6354430379747,0.3972473812696856,200.52151898734178,200.52151898734178,168,246,569.1088607594936,569.1088607594936,520,578,28.863291139240506,28.863291139240506,19,35,0.33239542087860846,,,,,,0.3722887900066123,,,,0.279434164126704,,,,0.9068497225314187,,,,1.6134377598300906,,,
2022-04-09,10.297494,105.145318,3657.1643312101914,3657.1643312101914,0.25558688232341786,176.25859872611463,176.25859872611463,166,194,127.85987261146498,127.85987261146498,64,174,35.53248407643312,35.53248407643312,32,39,0.3327650441345201,,,,,,0.372760182087349,,,,0.27972225847607557,,,,0.9081914633292947,,,,1.6150316573842864,,,
2022-04-09,10.30701,105.130668,3889.8480204342277,3889.8480204342277,0.2615540604289664,218.01277139208173,218.01277139208173,193,236,266.5964240102171,266.5964240102171,226,464,36.95530012771392,36.95530012771392,30,43,0.33313466739043185,,,,,,0.3732315741680857,,,,0.2800103528254472,,,,0.9095332041271708,,,,1.6166255549384823,,,
2022-04-10,10.558195,105.203328,4543.035805626599,4543.035805626599,0.507706262872854,227.81841432225062,227.81841432225062,186,240,245.58823529411765,245.58823529411765,139,370,47.87468030690537,47.87468030690537,26,51,0.3335042906463435,,,,,,0.3737029662488225,,,,0.2802984471748188,,,,0.9108749449250468,,,,1.6182194524926783,,,
2022-04-10,10.570816,105.208925,4145.625157232704,4145.625157232704,0.4599650872166357,229.29433962264147,229.29433962264147,201,258,399.8918238993711,399.8918238993711,291,530,43.5383647798742,43.5383647798742,28,52,0.3338739139022552,,,,,,0.3741743583295592,,,,0.2805865415241904,,,,0.9122166857229228,,,,1.619813350046874,,,
2022-04-10,10.567359,105.177342,4060.4981036662452,4060.4981036662452,0.37668332117577014,222.63843236409605,222.63843236409605,187,255,240.12642225031604,240.12642225031604,189,254,53.174462705436156,53.174462705436156,41,64,0.33424353715816685,,,,,,0.3746457504102959,,,,0.280874635873562,,,,0.9135584265207989,,,,1.62140724760107,,,
2022-04-10,10.565735,105.172074,4248.804785894206,4248.804785894206,0.384736976324704,217.69647355163724,217.69647355163724,184,287,246.4785894206549,246.4785894206549,189,370,46.476070528967256,46.476070528967256,30,49,0.33461316041407857,,,,,,0.3751171424910326,,,,0.28116273022293353,,,,0.914900167318675,,,,1.623001145155266,,,
2022-04-10,10.56526,105.088832,3385.0276381909553,3385.0276381909553,0.23252936902921298,201.22487437185936,201.22487437185936,191,210,381.9861809045226,381.9861809045226,197,496,36.81532663316583,36.81532663316583,31,46,0.33498278366999024,,,,,,0.37558853457176933,,,,0.28145082457230514,,,,0.9162419081165509,,,,1.6245950427094618,,,
2022-04-10,10.564704,105.19729,4180.260050251257,4180.260050251257,0.47146429897222747,235.84924623115577,235.84924623115577,183,249,272.141959798995,272.141959798995,187,406,58.32663316582915,58.32663316582915,49,68,0.3353524069259019,,,,,,0.3760599266525061,,,,0.28173891892167674,,,,0.917583648914427,,,,1.6261889402636578,,,
2022-04-10,10.562531,105.169469,4709.002512562814,4709.002512562814,0.45228662538585945,246.03517587939706,246.03517587939706,196,289,303.5603015075377,303.5603015075377,189,422,46.40075376884422,46.40075376884422,30,50,0.33572203018181357,,,,,,0.37653131873324275,,,,0.28202701327104834,,,,0.9189253897123031,,,,1.6277828378178536,,,
2022-04-10,10.559295,105.124493,3747.764030612245,3747.764030612245,0.2963131900021165,194.31249999999997,194.31249999999997,177,230,424.81122448979585,424.81122448979585,283,488,18.896683673469386,18.896683673469386,7,30,0.3360916534377253,,,,,,0.3770027108139795,,,,0.2823151076204199,,,,0.920267130510179,,,,1.6293767353720496,,,
2022-04-10,10.555822,105.1711,3483.3749999999995,3483.3749999999995,0.2765233771618913,252.3926767676767,252.3926767676767,176,289,358.8421717171717,358.8421717171717,246,472,46.91287878787879,46.91287878787879,38,50,0.33646127669363696,,,,,,0.3774741028947162,,,,0.2826032019697915,,,,0.9216088713080551,,,,1.6309706329262454,,,
2022-04-10,10.548566,105.198194,5237.907711757269,5237.907711757269,0.5756772991206234,233.80151706700383,233.80151706700383,194,256,251.597977243995,251.597977243995,219,429,39.80025284450063,39.80025284450063,32,55,0.3368308999495486,,,,,,0.37794549497545293,,,,0.2828912963191631,,,,0.9229506121059312,,,,1.6325645304804413,,,
2022-04-10,10.547628,105.146859,2939.233799237611,2939.233799237611,0.22030039589424016,192.97101449275357,192.97101449275357,176,256,442.3043478260868,442.3043478260868,307,504,27.16563146997929,27.16563146997929,21,31,0.3372005232054603,,,,,,0.37841688705618964,,,,0.2831793906685347,,,,0.9242923529038073,,,,1.6341584280346373,,,
2022-04-10,10.546857,105.181035,3725.5701643489256,3725.5701643489256,0.2920659614279009,186.3944374209861,186.3944374209861,178,200,333.724399494311,333.724399494311,158,451,44.419721871049305,44.419721871049305,41,50,0.33757014646137196,,,,,,0.37888827913692635,,,,0.2834674850179063,,,,0.9256340937016834,,,,1.635752325588833,,,
2022-04-10,10.546679,105.126512,2056.0528967254404,2056.0528967254404,0.19409868217760362,209.07304785894206,209.07304785894206,176,283,470.2342569269521,470.2342569269521,314,688,20.931989924433246,20.931989924433246,12,26,0.3379397697172837,,,,,,0.3793596712176631,,,,0.28375557936727785,,,,0.9269758344995593,,,,1.637346223143029,,,
2022-04-10,10.546629,105.163964,3048.598991172762,3048.598991172762,0.1531261344323844,205.47919293820937,205.47919293820937,173,250,408.4010088272384,408.4010088272384,370,459,42.22698612862548,42.22698612862548,38,48,0.33830939297319534,,,,,,0.37983106329839983,,,,0.28404367371664946,,,,0.9283175752974354,,,,1.638940120697225,,,
2022-04-10,10.545098,105.112895,2028.940880503145,2028.940880503145,0.3057664434944671,251.12578616352206,251.12578616352206,178,274,551.1257861635221,551.1257861635221,446,688,17.18867924528302,17.18867924528302,12,26,0.338679016229107,,,,,,0.38030245537913654,,,,0.28433176806602106,,,,0.9296593160953115,,,,1.6405340182514208,,,
2022-04-10,10.571202,105.135919,2948.6436781609195,2948.6436781609195,0.1516844362095799,210.38952745849295,210.38952745849295,175,328,214.6602809706258,214.6602809706258,189,291,21.900383141762457,21.900383141762457,9,35,0.33904863948501873,,,,,,0.38077384745987325,,,,0.28461986241539267,,,,0.9310010568931875,,,,1.6421279158056168,,,
2022-04-10,10.552114,105.091399,3894.837803320562,3894.837803320562,0.40268174657044403,224.82375478927207,224.82375478927207,201,290,511.2401021711366,511.2401021711366,403,664,25.86590038314176,25.86590038314176,23,35,0.3394182627409304,,,,,,0.38124523954060996,,,,0.2849079567647642,,,,0.9323427976910635,,,,1.6437218133598126,,,
2022-04-10,10.571793,105.16066,3568.089171974522,3568.089171974522,0.24921490372658892,197.40636942675158,197.40636942675158,176,243,258.8114649681529,258.8114649681529,166,320,33.97070063694268,33.97070063694268,30,38,0.33978788599684207,,,,,,0.3817166316213467,,,,0.2851960511141358,,,,0.9336845384889396,,,,1.6453157109140086,,,
2022-04-10,10.619493,105.095029,4513.86136071887,4513.86136071887,0.3360135457474977,236.16302952503207,236.16302952503207,190,278,172.28112965340176,172.28112965340176,109,290,45.81899871630295,45.81899871630295,44,48,0.34015750925275373,,,,,,0.3821880237020834,,,,0.2854841454635074,,,,0.9350262792868156,,,,1.6469096084682044,,,
2022-04-10,10.580993,105.154027,2389.1268844221104,2389.1268844221104,-0.03754281592015074,203.19849246231158,203.19849246231158,188,220,242.82663316582918,242.82663316582918,109,283,28.973618090452263,28.973618090452263,23,37,0.3405271325086654,,,,,,0.38265941578282014,,,,0.285772239812879,,,,0.9363680200846917,,,,1.6485035060224003,,,
2022-04-10,10.676956,105.147011,5470.2893401015235,5470.2893401015235,0.6415647896859048,237.84644670050764,237.84644670050764,204,255,324.1802030456853,324.1802030456853,195,390,46.83629441624365,46.83629441624365,35,53,0.3408967557645771,,,,,,0.38313080786355685,,,,0.28606033416225063,,,,0.9377097608825677,,,,1.6500974035765963,,,
2022-04-10,10.663484,105.168203,5981.840909090909,5981.840909090909,0.6304827048141523,232.63888888888886,232.63888888888886,214,259,327.65656565656565,327.65656565656565,154,450,54.22979797979798,54.22979797979798,46,64,0.3412663790204888,,,,,,0.38360219994429356,,,,0.2863484285116222,,,,0.9390515016804437,,,,1.651691301130792,,,
2022-04-10,10.653314,105.174185,4679.722998729352,4679.722998729352,0.34341411610565614,229.86531130876747,229.86531130876747,222,248,225.48411689961878,225.48411689961878,147,363,51.73062261753494,51.73062261753494,45,60,0.34163600227640045,,,,,,0.3840735920250303,,,,0.2866365228609938,,,,0.9403932424783198,,,,1.653285198684988,,,
2022-04-10,10.649258,105.142121,5905.262148337595,5905.262148337595,0.6375187303632818,262.7685421994885,262.7685421994885,220,277,291.111253196931,291.111253196931,93,355,48.846547314578004,48.846547314578004,23,63,0.3420056255323121,,,,,,0.384544984105767,,,,0.2869246172103654,,,,0.9417349832761959,,,,1.654879096239184,,,
2022-04-10,10.64683,105.119494,5050.719496855347,5050.719496855347,0.3214679525251058,258.2704402515723,258.2704402515723,212,289,339.7698113207548,339.7698113207548,275,437,52.23899371069183,52.23899371069183,44,55,0.3423752487882238,,,,,,0.38501637618650375,,,,0.28721271155973693,,,,0.9430767240740718,,,,1.6564729937933798,,,
2022-04-10,10.64394,105.165296,3831.5163316582916,3831.5163316582916,0.13244435683428668,225.63442211055278,225.63442211055278,215,234,262.8140703517588,262.8140703517588,131,398,56.09673366834171,56.09673366834171,54,61,0.3427448720441355,,,,,,0.38548776826724046,,,,0.28750080590910854,,,,0.9444184648719479,,,,1.6580668913475756,,,
2022-04-10,10.636733,105.155635,5214.299242424243,5214.299242424243,0.4258794380253099,220.06944444444443,220.06944444444443,189,241,242.90530303030303,242.90530303030303,189,371,47.757575757575765,47.757575757575765,41,61,0.3431144953000472,,,,,,0.38595916034797717,,,,0.28778890025848014,,,,0.945760205669824,,,,1.6596607889017716,,,
2022-04-10,10.634849,105.13078,5229.206549118388,5229.206549118388,0.44535201410197695,244.5818639798489,244.5818639798489,231,282,321.2833753148615,321.2833753148615,282,363,53.58942065491184,53.58942065491184,43,59,0.34348411855595884,,,,,,0.3864305524287139,,,,0.28807699460785174,,,,0.9471019464677001,,,,1.6612546864559674,,,
2022-04-10,10.628311,105.12253,6491.88427672956,6491.88427672956,0.6549361993851799,255.18993710691822,255.18993710691822,237,272,386.4100628930817,386.4100628930817,298,482,60.869182389937116,60.869182389937116,58,68,0.34385374181187056,,,,,,0.3869019445094506,,,,0.28836508895722335,,,,0.9484436872655762,,,,1.6628485840101634,,,
2022-04-10,10.626774,105.140369,3029.531969309463,3029.531969309463,0.09028787936673324,256.8810741687979,256.8810741687979,189,301,409.2813299232737,409.2813299232737,349,486,32.407928388746804,32.407928388746804,32,43,0.3442233650677822,,,,,,0.3873733365901873,,,,0.2886531833065949,,,,0.9497854280634521,,,,1.6644424815643593,,,
2022-04-10,10.539297,105.225673,2419.0012578616347,2419.0012578616347,0.08842728070123086,173.76352201257862,173.76352201257862,162,191,395.8729559748427,395.8729559748427,253,587,34.66540880503145,34.66540880503145,11,54,0.3445929883236939,,,,,,0.387844728670924,,,,0.2889412776559665,,,,0.9511271688613282,,,,1.6660363791185553,,,
2022-04-10,10.612095,105.141919,5327.757614213198,5327.757614213198,0.49850947363332965,214.45304568527922,214.45304568527922,203,230,383.3172588832488,383.3172588832488,357,488,46.23730964467006,46.23730964467006,38,53,0.34496261157960556,,,,,,0.3883161207516608,,,,0.2892293720053381,,,,0.9524689096592043,,,,1.667630276672751,,,
2022-04-10,10.603094,105.127872,4907.53670886076,4907.53670886076,0.3932065984109716,220.54177215189873,220.54177215189873,189,296,304.58101265822785,304.58101265822785,234,365,45.851898734177226,45.851898734177226,42,47,0.3453322348355172,,,,,,0.3887875128323975,,,,0.2895174663547097,,,,0.9538106504570802,,,,1.669224174226947,,,
2022-04-10,10.593644,105.075243,3867.4594594594596,3867.4594594594596,0.26929021741166465,207.5109395109395,207.5109395109395,189,237,230.8648648648649,230.8648648648649,101,459,51.97039897039897,51.97039897039897,38,60,0.34570185809142895,,,,,,0.3892589049131342,,,,0.28980556070408126,,,,0.9551523912549563,,,,1.670818071781143,,,
2022-04-10,10.590564,105.128439,3160.120603015075,3160.120603015075,0.04175510883985591,208.31155778894473,208.31155778894473,189,263,296.2751256281407,296.2751256281407,234,373,35.641959798994975,35.641959798994975,30,43,0.3460714813473406,,,,,,0.3897302969938709,,,,0.29009365505345286,,,,0.9564941320528324,,,,1.6724119693353388,,,
2022-04-10,10.585739,105.193578,4250.711907810499,4250.711907810499,0.36876649013822127,246.1293213828425,246.1293213828425,210,291,440.8668373879641,440.8668373879641,291,595,59.43918053777208,59.43918053777208,48,83,0.3464411046032523,,,,,,0.3902016890746076,,,,0.29038174940282446,,,,0.9578358728507084,,,,1.6740058668895346,,,
2022-04-10,10.581404,105.200348,3394.7025316455697,3394.7025316455697,0.2987131974506609,227.19240506329115,227.19240506329115,210,291,490.63797468354426,490.63797468354426,414,587,55.84050632911392,55.84050632911392,51,83,0.34681072785916395,,,,,,0.3906730811553444,,,,0.29066984375219607,,,,0.9591776136485844,,,,1.6755997644437306,,,
2022-04-10,10.576126,105.183375,5349.015247776367,5349.015247776367,0.6015530902770176,259.16645489199493,259.16645489199493,175,315,391.0864040660737,391.0864040660737,246,517,50.37738246505719,50.37738246505719,28,64,0.3471803511150756,,,,,,0.3911444732360811,,,,0.29095793810156767,,,,0.9605193544464605,,,,1.6771936619979264,,,
2022-04-10,10.536087,105.175145,3887.359296482412,3887.359296482412,0.2716252981479631,180.214824120603,180.214824120603,177,185,298.44974874371854,298.44974874371854,246,422,39.03015075376884,39.03015075376884,39,41,0.34754997437098734,,,,,,0.3916158653168178,,,,0.2912460324509392,,,,0.9618610952443365,,,,1.6787875595521222,,,
2022-04-10,10.554634,105.1522,3748.5786163522016,3748.5786163522016,0.19627213616181205,186.29182389937108,186.29182389937108,176,208,307.4503144654089,307.4503144654089,141,482,27.499371069182388,27.499371069182388,21,37,0.347919597626899,,,,,,0.3920872573975545,,,,0.2915341268003108,,,,0.9632028360422127,,,,1.6803814571063183,,,
2022-04-10,10.534074,105.126326,1959.2362002567397,1959.2362002567397,0.28674827683000764,232.05905006418485,232.05905006418485,182,303,480.29396662387677,480.29396662387677,408,571,22.342747111681646,22.342747111681646,21,26,0.34828922088281067,,,,,,0.3925586494782912,,,,0.2918222211496824,,,,0.9645445768400887,,,,1.681975354660514,,,
2022-04-10,10.356519,105.30945,3053.4592875318062,3053.4592875318062,0.2403958202908196,144.4300254452926,144.4300254452926,132,178,423.6081424936387,423.6081424936387,341,467,31.19338422391857,31.19338422391857,27,35,0.3486588441387224,,,,,,0.39303004155902793,,,,0.29211031549905403,,,,0.9658863176379646,,,,1.68356925221471,,,
2022-04-10,10.328521,105.30163,3456.54797979798,3456.54797979798,0.26632711778675433,144.54545454545453,144.54545454545453,135,176,275.9419191919192,275.9419191919192,184,290,37.83712121212122,37.83712121212122,32,39,0.34902846739463406,,,,,,0.39350143363976464,,,,0.2923984098484256,,,,0.9672280584358408,,,,1.685163149768906,,,
2022-04-10,10.316024,105.309873,3396.0817369093234,3396.0817369093234,0.20716165486595634,138.8786717752235,138.8786717752235,132,156,268.7790549169859,268.7790549169859,101,432,22.111111111111114,22.111111111111114,12,25,0.3493980906505457,,,,,,0.3939728257205014,,,,0.2926865041977972,,,,0.9685697992337168,,,,1.686757047323102,,,
2022-04-10,10.309795,105.31553,3119.064267352185,3119.064267352185,0.1907661078346064,136.8560411311054,136.8560411311054,114,147,310.82904884318765,310.82904884318765,232,450,30.75192802056555,30.75192802056555,24,35,0.3497677139064574,,,,,,0.3944442178012381,,,,0.2929745985471688,,,,0.9699115400315929,,,,1.6883509448772978,,,
2022-04-10,10.306886,105.290958,2429.6256345177667,2429.6256345177667,0.07917937482182402,143.58375634517765,143.58375634517765,133,165,400.2880710659899,400.2880710659899,306,515,34.09771573604061,34.09771573604061,32,35,0.35013733716236906,,,,,,0.3949156098819748,,,,0.2932626928965404,,,,0.9712532808294689,,,,1.6899448424314936,,,
2022-04-10,10.298963,105.275991,2246.5896464646466,2246.5896464646466,-0.0035603889970677776,149.1199494949495,149.1199494949495,136,157,359.19191919191917,359.19191919191917,283,435,30.27020202020201,30.27020202020201,24,40,0.3505069604182808,,,,,,0.39538700196271154,,,,0.293550787245912,,,,0.9725950216273449,,,,1.6915387399856896,,,
2022-04-10,10.291025,105.299533,1933.4666666666672,1933.4666666666672,0.10232798155368848,145.67169811320755,145.67169811320755,134,151,561.9672955974844,561.9672955974844,445,637,21.68679245283019,21.68679245283019,17,26,0.35087658367419244,,,,,,0.39585839404344825,,,,0.29383888159528354,,,,0.973936762425221,,,,1.6931326375398854,,,
2022-04-10,10.290802,105.32462,2794.761421319797,2794.761421319797,0.2451850942349992,117.07994923857869,117.07994923857869,102,141,487.4631979695432,487.4631979695432,328,651,26.45939086294417,26.45939086294417,18,27,0.3512462069301041,,,,,,0.396329786124185,,,,0.29412697594465514,,,,0.9752785032230971,,,,1.6947265350940812,,,
2022-04-10,10.28697,105.341571,3126.971032745592,3126.971032745592,0.2983525194571234,122.61335012594459,122.61335012594459,106,141,498.8513853904283,498.8513853904283,203,635,31.848866498740556,31.848866498740556,25,37,0.3516158301860158,,,,,,0.3968011782049217,,,,0.29441507029402675,,,,0.976620244020973,,,,1.6963204326482773,,,
2022-04-10,10.282445,105.330149,2587.4388398486763,2587.4388398486763,0.23317478827261004,116.69356872635561,116.69356872635561,100,186,522.016393442623,522.016393442623,426,573,29.69482976040353,29.69482976040353,24,32,0.35198545344192744,,,,,,0.39727257028565843,,,,0.2947031646433983,,,,0.9779619848188491,,,,1.697914330202473,,,
2022-04-10,10.277579,105.307934,2943.320302648171,2943.320302648171,0.22850736336944186,136.74148802017652,136.74148802017652,127,167,518.7591424968473,518.7591424968473,402,645,24.766708701134924,24.766708701134924,23,35,0.35235507669783916,,,,,,0.39774396236639514,,,,0.2949912589927699,,,,0.9793037256167252,,,,1.699508227756669,,,
2022-04-10,10.272277,105.291556,3029.6045627376425,3029.6045627376425,0.25582781009286737,132.82002534854246,132.82002534854246,129,151,513.0177439797211,513.0177439797211,325,608,27.00887198986058,27.00887198986058,24,35,0.35272469995375083,,,,,,0.39821535444713185,,,,0.2952793533421415,,,,0.9806454664146012,,,,1.701102125310865,,,
2022-04-10,10.27049,105.316832,2820.3775510204073,2820.3775510204073,0.23159014428112795,107.35459183673467,107.35459183673467,102,112,550.3201530612243,550.3201530612243,421,574,26.572704081632644,26.572704081632644,26,27,0.3530943232096625,,,,,,0.39868674652786856,,,,0.2955674476915131,,,,0.9819872072124772,,,,1.702696022865061,,,
2022-04-10,10.258961,105.323388,3058.105527638191,3058.105527638191,0.2566865983555123,113.49999999999999,113.49999999999999,100,127,416.02135678391954,416.02135678391954,326,587,25.02010050251256,25.02010050251256,20,30,0.3534639464655742,,,,,,0.3991581386086053,,,,0.2958555420408847,,,,0.9833289480103533,,,,1.7042899204192568,,,
2022-04-10,10.252308,105.334358,2351.250629722922,2351.250629722922,0.1438381626007201,117.31486146095716,117.31486146095716,104,142,575.39798488665,575.39798488665,312,587,27.95088161209068,27.95088161209068,25,30,0.3538335697214859,,,,,,0.39962953068934204,,,,0.29614363639025626,,,,0.9846706888082293,,,,1.7058838179734526,,,
2022-04-10,10.534615,105.134916,2656.0460947503198,2656.0460947503198,0.2414170496035579,223.20486555697826,223.20486555697826,182,278,504.32522407170285,504.32522407170285,299,571,24.096030729833544,24.096030729833544,21,38,0.35420319297739755,,,,,,0.40010092277007875,,,,0.29643173073962786,,,,0.9860124296061055,,,,1.7074777155276486,,,
2022-04-10,10.248814,105.361138,3958.8037735849057,3958.8037735849057,0.3902762934169561,108.53836477987421,108.53836477987421,86,126,609.8339622641508,609.8339622641508,443,622,22.66163522012579,22.66163522012579,22,24,0.3545728162333092,,,,,,0.40057231485081546,,,,0.29671982508899947,,,,0.9873541704039814,,,,1.7090716130818444,,,
2022-04-10,10.359519,105.360913,3564.3433962264157,3564.3433962264157,0.3230851380944025,126.17484276729562,126.17484276729562,119,156,431.85283018867926,431.85283018867926,174,565,32.26792452830189,32.26792452830189,25,42,0.3549424394892209,,,,,,0.40104370693155217,,,,0.29700791943837107,,,,0.9886959112018574,,,,1.7106655106360402,,,
2022-04-10,10.363786,105.288188,2824.4066496163687,2824.4066496163687,0.16218277059855668,150.41815856777495,150.41815856777495,134,168,369.7813299232737,369.7813299232737,312,520,24.138107416879798,24.138107416879798,17,38,0.3553120627451326,,,,,,0.4015150990122889,,,,0.2972960137877426,,,,0.9900376519997336,,,,1.7122594081902363,,,
2022-04-10,10.249044,105.347198,2150.2283163265306,2150.2283163265306,0.11321537931654914,145.59566326530611,145.59566326530611,87,205,477.7704081632653,477.7704081632653,318,603,25.191326530612248,25.191326530612248,22,27,0.3556816860010443,,,,,,0.40198649109302564,,,,0.2975841081371142,,,,0.9913793927976096,,,,1.713853305744432,,,
2022-04-10,10.369819,105.304833,1747.9822784810128,1747.9822784810128,0.08635242994008778,141.92784810126582,141.92784810126582,131,160,477.79620253164563,477.79620253164563,440,552,24.07974683544304,24.07974683544304,22,27,0.35605130925695594,,,,,,0.4024578831737623,,,,0.2978722024864858,,,,0.9927211335954856,,,,1.7154472032986279,,,
2022-04-10,10.364433,105.327337,2144.6111817026685,2144.6111817026685,0.07935988206954048,132.1194409148666,132.1194409148666,128,135,487.22744599745874,487.22744599745874,352,528,33.51080050825922,33.51080050825922,22,35,0.3564209325128676,,,,,,0.40292927525449906,,,,0.29816029683585743,,,,0.9940628743933617,,,,1.717041100852824,,,
2022-04-10,10.533759,105.243145,2953.7097989949752,2953.7097989949752,0.11740708556909481,170.5891959798995,170.5891959798995,161,182,421.56155778894475,421.56155778894475,382,456,42.80778894472362,42.80778894472362,35,51,0.35679055576877927,,,,,,0.4034006673352358,,,,0.29844839118522903,,,,0.9954046151912377,,,,1.7186349984070197,,,
2022-04-10,10.531488,105.186775,2127.2201257861634,2127.2201257861634,0.07673307604057036,183.96226415094338,183.96226415094338,177,200,203.09308176100632,203.09308176100632,102,422,36.950943396226414,36.950943396226414,36,42,0.357160179024691,,,,,,0.4038720594159725,,,,0.2987364855346006,,,,0.9967463559891138,,,,1.7202288959612158,,,
2022-04-10,10.527277,105.237319,2690.4699872286083,2690.4699872286083,0.0843396383765136,169.54661558109837,169.54661558109837,160,195,395.9667943805875,395.9667943805875,346,470,34.04214559386973,34.04214559386973,21,39,0.35752980228060266,,,,,,0.4043434514967092,,,,0.2990245798839722,,,,0.9980880967869898,,,,1.7218227935154116,,,
2022-04-10,10.5263,105.091077,3493.0913705583753,3493.0913705583753,0.24141910690083004,272.5774111675127,272.5774111675127,181,299,495.0774111675127,495.0774111675127,277,587,36.56218274111675,36.56218274111675,27,47,0.3578994255365143,,,,,,0.4048148435774459,,,,0.2993126742333438,,,,0.9994298375848658,,,,1.7234166910696076,,,
2022-04-10,10.522164,105.178664,2481.503176620077,2481.503176620077,0.04489698742810076,178.4980940279543,178.4980940279543,175,189,275.4790343074969,275.4790343074969,182,480,36.64675984752224,36.64675984752224,29,42,0.35826904879242605,,,,,,0.40528623565818267,,,,0.29960076858271534,,,,1.000771578382742,,,,1.7250105886238034,,,
2022-04-10,10.521024,105.146349,3060.426582278481,3060.426582278481,0.10517985545753397,207.44683544303788,207.44683544303788,175,268,419.36835443037967,419.36835443037967,248,504,35.58227848101265,35.58227848101265,29,45,0.35863867204833766,,,,,,0.4057576277389194,,,,0.29988886293208694,,,,1.002113319180618,,,,1.7266044861779992,,,
2022-04-10,10.513536,105.127422,3843.8128140703525,3843.8128140703525,0.3253716138265199,220.77512562814073,220.77512562814073,179,338,510.30904522613065,510.30904522613065,461,534,29.02763819095478,29.02763819095478,23,35,0.3590082953042494,,,,,,0.4062290198196561,,,,0.30017695728145855,,,,1.003455059978494,,,,1.7281983837321953,,,
2022-04-10,10.522821,105.229739,2397.3222079589214,2397.3222079589214,0.10182326364699701,166.40821566110398,166.40821566110398,158,172,382.66238767650833,382.66238767650833,346,440,32.87034659820282,32.87034659820282,30,35,0.35937791856016105,,,,,,0.4067004119003928,,,,0.30046505163083015,,,,1.00479680077637,,,,1.729792281286391,,,
2022-04-10,10.505349,105.165087,3043.904214559387,3043.904214559387,-0.019342468546645064,199.92464878671777,199.92464878671777,185,248,367.4814814814815,367.4814814814815,342,410,29.62196679438059,29.62196679438059,24,39,0.3597475418160727,,,,,,0.4071718039811295,,,,0.30075314598020175,,,,1.006138541574246,,,,1.7313861788405869,,,
2022-04-10,10.499686,105.158111,3062.964467005076,3062.964467005076,0.13893919666819152,238.511421319797,238.511421319797,180,281,430.4238578680204,430.4238578680204,379,474,23.581218274111677,23.581218274111677,15,31,0.36011716507198444,,,,,,0.4076431960618663,,,,0.30104124032957336,,,,1.007480282372122,,,,1.732980076394783,,,
2022-04-10,10.492507,105.122386,1897.5216836734696,1897.5216836734696,0.13214437268588242,201.43112244897964,201.43112244897964,183,235,560.3265306122448,560.3265306122448,483,592,27.14030612244898,27.14030612244898,27,29,0.3604867883278961,,,,,,0.40811458814260293,,,,0.3013293346789449,,,,1.0088220231699982,,,,1.7345739739489787,,,
2022-04-10,10.374447,105.330923,2229.8809218950064,2229.8809218950064,0.14851847662327722,132.79385403329064,132.79385403329064,126,138,559.2317541613318,559.2317541613318,416,618,25.519846350832267,25.519846350832267,17,26,0.36085641158380777,,,,,,0.4085859802233397,,,,0.3016174290283165,,,,1.0101637639678742,,,,1.7361678715031745,,,
2022-04-10,10.479304,105.102943,2438.477329974811,2438.477329974811,0.24745964758423877,232.6637279596977,232.6637279596977,186,258,485.6775818639799,485.6775818639799,371,592,23.06926952141058,23.06926952141058,18,35,0.36122603483971943,,,,,,0.4090573723040764,,,,0.3019055233776881,,,,1.0115055047657502,,,,1.7377617690573706,,,
2022-04-10,10.475484,105.13594,2664.579013906448,2664.579013906448,0.1356813542354631,200.5398230088496,200.5398230088496,183,234,463.89759797724406,463.89759797724406,408,520,29.943109987357776,29.943109987357776,22,35,0.3615956580956311,,,,,,0.4095287643848131,,,,0.30219361772705966,,,,1.0128472455636264,,,,1.7393556666115666,,,
2022-04-10,10.455882,105.126628,2489.9999999999995,2489.9999999999995,0.2894337442291669,227.8329081632653,227.8329081632653,180,280,578.3163265306123,578.3163265306123,520,621,17.0140306122449,17.0140306122449,17,18,0.3619652813515428,,,,,,0.4100001564655498,,,,0.30248171207643126,,,,1.0141889863615023,,,,1.7409495641657624,,,
2022-04-10,10.38045,105.349866,2679.8602015113356,2679.8602015113356,0.2399484685808812,125.79848866498743,125.79848866498743,112,136,509.17002518891695,509.17002518891695,419,645,27.54156171284635,27.54156171284635,24,34,0.3623349046074545,,,,,,0.41047154854628654,,,,0.30276980642580287,,,,1.0155307271593785,,,,1.7425434617199582,,,
2022-04-10,10.510203,105.111601,2805.395465994962,2805.395465994962,0.1582050796192198,214.74937027707807,214.74937027707807,184,280,448.00125944584386,448.00125944584386,366,506,38.5617128463476,38.5617128463476,25,45,0.36270452786336616,,,,,,0.4109429406270233,,,,0.30305790077517447,,,,1.0168724679572545,,,,1.7441373592741543,,,
2022-04-12,10.630244,105.19128,5453.666666666666,5453.666666666666,0.5810008729041297,230.235368956743,230.235368956743,211,249,428.824427480916,428.824427480916,398,450,57.65267175572518,57.65267175572518,50,61,0.3630741511192779,,,,,,0.41141433270776,,,,0.3033459951245461,,,,1.0182142087551305,,,,1.74573125682835,,,
2022-04-12,10.368598,105.136423,2555.5672955974837,2555.5672955974837,0.1378551334698327,187.9459119496855,187.9459119496855,173,199,465.491823899371,465.491823899371,349,533,28.739622641509428,28.739622641509428,24,30,0.3634437743751895,,,,,,0.4118857247884967,,,,0.3036340894739177,,,,1.0195559495530064,,,,1.7473251543825459,,,
2022-04-12,10.467721,105.192464,2281.4839948783615,2281.4839948783615,0.22981108246683157,202.22279129321382,202.22279129321382,184,212,382.94366197183103,382.94366197183103,232,486,25.416133162612038,25.416133162612038,19,38,0.3638133976311012,,,,,,0.41235711686923343,,,,0.3039221838232892,,,,1.0208976903508826,,,,1.748919051936742,,,
2022-04-12,10.557185,105.227883,3902.65306122449,3902.65306122449,0.36167347366248814,215.9209183673469,215.9209183673469,172,281,484.48086734693874,484.48086734693874,390,514,39.3469387755102,39.3469387755102,26,48,0.3641830208870129,,,,,,0.41282850894997014,,,,0.30421027817266083,,,,1.0222394311487586,,,,1.7505129494909377,,,
2022-04-12,10.61225,105.175364,3496.696428571428,3496.696428571428,0.3907142780353957,258.2066326530612,258.2066326530612,228,282,370.39795918367344,370.39795918367344,349,435,41.576530612244895,41.576530612244895,34,53,0.36455264414292454,,,,,,0.4132999010307069,,,,0.30449837252203243,,,,1.0235811719466348,,,,1.7521068470451335,,,
2022-04-12,10.599524,105.186221,2814.3312342569266,2814.3312342569266,0.24541670212053018,266.8841309823677,266.8841309823677,191,311,354.6473551637279,354.6473551637279,283,384,43.26700251889168,43.26700251889168,35,54,0.36492226739883626,,,,,,0.41377129311144356,,,,0.304786466871404,,,,1.0249229127445108,,,,1.7537007445993296,,,
2022-04-12,10.603991,105.147312,5271.020151133503,5271.020151133503,0.5651284876083486,227.45717884130985,227.45717884130985,217,235,399.0012594458439,399.0012594458439,349,494,51.89294710327457,51.89294710327457,46,55,0.36529189065474793,,,,,,0.4142426851921803,,,,0.3050745612207756,,,,1.0262646535423867,,,,1.7552946421535254,,,
2022-04-12,10.605148,105.164514,5112.048933500628,5112.048933500628,0.5317599562243157,228.79924717691347,228.79924717691347,181,252,377.6097867001255,377.6097867001255,298,443,54.14805520702635,54.14805520702635,41,56,0.3656615139106596,,,,,,0.41471407727291704,,,,0.3053626555701472,,,,1.027606394340263,,,,1.7568885397077214,,,
2022-04-12,10.368014,105.238516,2334.1168341708535,2334.1168341708535,0.07083519377793335,166.21608040201002,166.21608040201002,153,264,376.81407035175874,376.81407035175874,208,510,32.73115577889447,32.73115577889447,24,34,0.36603113716657126,,,,,,0.41518546935365375,,,,0.3056507499195188,,,,1.0289481351381389,,,,1.7584824372619172,,,
2022-04-12,10.595261,105.15779,5252.313375796178,5252.313375796178,0.5447286990069269,222.68662420382162,222.68662420382162,186,251,357.37961783439494,357.37961783439494,203,582,49.41656050955414,49.41656050955414,47,55,0.36640076042248293,,,,,,0.41565686143439046,,,,0.3059388442688904,,,,1.0302898759360148,,,,1.7600763348161133,,,
2022-04-12,10.364419,105.164984,2770.8403041825095,2770.8403041825095,0.12191053623014184,171.58555133079847,171.58555133079847,159,178,71.73003802281369,71.73003802281369,45,205,38.297845373891,38.297845373891,35,49,0.36677038367839465,,,,,,0.41612825351512717,,,,0.30622693861826195,,,,1.031631616733891,,,,1.761670232370309,,,
2022-04-12,10.345924,105.270456,2587.3388116308474,2587.3388116308474,0.11190803380190398,163.51580278128952,163.51580278128952,151,181,607.4032869785083,607.4032869785083,478,659,24.735777496839443,24.735777496839443,16,27,0.3671400069343063,,,,,,0.41659964559586393,,,,0.30651503296763355,,,,1.032973357531767,,,,1.7632641299245049,,,
2022-04-12,10.358094,105.189541,1907.6798975672218,1907.6798975672218,0.06546015364414041,167.82586427656852,167.82586427656852,153,303,207.93982074263766,207.93982074263766,158,246,49.29321382842511,49.29321382842511,23,60,0.367509630190218,,,,,,0.41707103767660064,,,,0.30680312731700515,,,,1.034315098329643,,,,1.764858027478701,,,
2022-04-12,10.346876,105.206507,2676.78104993598,2676.78104993598,0.15066990531442767,208.5134443021767,208.5134443021767,172,266,223.94878361075544,223.94878361075544,66,325,45.039692701664535,45.039692701664535,27,50,0.3678792534461297,,,,,,0.41754242975733735,,,,0.3070912216663767,,,,1.0356568391275192,,,,1.7664519250328967,,,
2022-04-12,10.342809,105.315657,2814.407828282828,2814.407828282828,0.1351745753111008,136.08333333333334,136.08333333333334,128,156,395.4911616161616,395.4911616161616,339,480,27.6729797979798,27.6729797979798,23,38,0.3682488767020413,,,,,,0.41801382183807406,,,,0.3073793160157483,,,,1.0369985799253951,,,,1.7680458225870925,,,
2022-04-12,10.342299,105.365285,4741.492385786802,4741.492385786802,0.5048680198847446,128.79822335025383,128.79822335025383,102,151,357.72842639593915,357.72842639593915,258,459,31.177664974619287,31.177664974619287,15,39,0.36861849995795304,,,,,,0.4184852139188108,,,,0.3076674103651199,,,,1.0383403207232713,,,,1.7696397201412886,,,
2022-04-12,10.342217,105.346028,3821.564943253468,3821.564943253468,0.37906696374706245,147.36822194199243,147.36822194199243,132,168,203.24590163934428,203.24590163934428,54,426,34.62925598991173,34.62925598991173,20,43,0.3689881232138647,,,,,,0.4189566059995475,,,,0.3079555047144915,,,,1.0396820615211473,,,,1.7712336176954844,,,
2022-04-12,10.340626,105.172116,3827.1488549618325,3827.1488549618325,0.26875311735712104,188.2442748091603,188.2442748091603,161,224,138.38676844783714,138.38676844783714,66,285,48.26208651399491,48.26208651399491,40,57,0.36935774646977637,,,,,,0.4194279980802842,,,,0.3082435990638631,,,,1.0410238023190233,,,,1.7728275152496802,,,
2022-04-12,10.339092,105.325101,2901.72010178117,2901.72010178117,0.18037899796819418,145.2417302798982,145.2417302798982,117,157,387.9847328244274,387.9847328244274,317,456,24.75445292620865,24.75445292620865,20,33,0.3697273697256881,,,,,,0.41989939016102096,,,,0.3085316934132347,,,,1.0423655431168992,,,,1.7744214128038762,,,
2022-04-12,10.33791,105.357013,4800.882202304738,4800.882202304738,0.5042770462869635,126.60819462227913,126.60819462227913,102,159,434.20358514724705,434.20358514724705,341,467,27.42381562099872,27.42381562099872,15,34,0.37009699298159976,,,,,,0.42037078224175767,,,,0.30881978776260627,,,,1.0437072839147754,,,,1.776015310358072,,,
2022-04-12,10.331447,105.158675,3628.5376884422108,3628.5376884422108,0.24072867096144535,227.75628140703515,227.75628140703515,182,267,328.29522613065325,328.29522613065325,94,486,56.36180904522613,56.36180904522613,46,70,0.3704666162375114,,,,,,0.4208421743224944,,,,0.30910788211197787,,,,1.0450490247126514,,,,1.777609207912268,,,
2022-04-12,10.327543,105.350908,3418.6213836477987,3418.6213836477987,0.2407662025147968,109.16603773584905,109.16603773584905,106,126,509.2943396226416,509.2943396226416,378,579,34.12704402515723,34.12704402515723,34,35,0.3708362394934231,,,,,,0.4213135664032311,,,,0.3093959764613495,,,,1.0463907655105276,,,,1.7792031054664639,,,
2022-04-12,10.35853,105.127583,2297.5618686868693,2297.5618686868693,0.12634761375112435,182.8030303030303,182.8030303030303,171,202,427.439393939394,427.439393939394,110,490,25.577020202020204,25.577020202020204,19,44,0.37120586274933476,,,,,,0.4217849584839678,,,,0.309684070810721,,,,1.0477325063084035,,,,1.78079700302066,,,
2022-04-13,10.332664,105.264027,2299.5977301387134,2299.5977301387134,0.1255519120731537,159.62421185372,159.62421185372,147,211,512.7452711223203,512.7452711223203,458,586,20.379571248423705,20.379571248423705,17,25,0.3715754860052465,,,,,,0.42225635056470456,,,,0.3099721651600926,,,,1.0490742471062795,,,,1.7823909005748557,,,
2022-04-13,10.33114,105.278682,2432.4788189987166,2432.4788189987166,0.13828320711049596,157.87676508344035,157.87676508344035,133,195,444.60205391527603,444.60205391527603,368,621,25.720154043645703,25.720154043645703,12,35,0.37194510926115815,,,,,,0.4227277426454413,,,,0.31026025950946423,,,,1.0504159879041557,,,,1.7839847981290515,,,
2022-04-13,10.331036,105.232626,2958.741444866921,2958.741444866921,0.2016953704691389,163.8681875792142,163.8681875792142,155,177,419.4714828897339,419.4714828897339,261,555,32.847908745247146,32.847908745247146,31,34,0.3723147325170698,,,,,,0.423199134726178,,,,0.31054835385883583,,,,1.0517577287020317,,,,1.7855786956832476,,,
2022-04-13,10.319903,105.230831,3460.8382541720157,3460.8382541720157,0.31357291303962215,156.2105263157895,156.2105263157895,151,162,466.6803594351733,466.6803594351733,438,539,31.65982028241335,31.65982028241335,31,37,0.37268435577298153,,,,,,0.4236705268069147,,,,0.31083644820820744,,,,1.0530994694999078,,,,1.7871725932374434,,,
2022-04-13,10.303589,105.234936,3031.1066838046268,3031.1066838046268,0.24304738179184135,157.1478149100257,157.1478149100257,150,171,467.97814910025704,467.97814910025704,424,546,19.854755784061695,19.854755784061695,17,28,0.37305397902889315,,,,,,0.4241419188876514,,,,0.31112454255757904,,,,1.0544412102977838,,,,1.7887664907916392,,,
2022-04-13,10.304295,105.27046,3023.1430379746835,3023.1430379746835,0.19875126881700414,153.43544303797464,153.43544303797464,148,156,432.9329113924049,432.9329113924049,394,478,25.568354430379745,25.568354430379745,22,35,0.37342360228480487,,,,,,0.4246133109683881,,,,0.3114126369069506,,,,1.0557829510956598,,,,1.7903603883458352,,,
2022-04-13,10.29466,105.248528,2990.3737244897966,2990.3737244897966,0.24192531366282133,161.19260204081633,161.19260204081633,148,179,443.73596938775523,443.73596938775523,299,566,15.721938775510205,15.721938775510205,11,18,0.37379322554071653,,,,,,0.4250847030491248,,,,0.3117007312563222,,,,1.0571246918935358,,,,1.791954285900031,,,
2022-04-13,10.307585,105.254064,2320.685421994885,2320.685421994885,0.16147081697361226,148.90153452685422,148.90153452685422,145,153,525.2071611253197,525.2071611253197,494,624,27.603580562659847,27.603580562659847,17,35,0.3741628487966282,,,,,,0.4255560951298616,,,,0.3119888256056938,,,,1.058466432691412,,,,1.793548183454227,,,
2022-04-16,10.327832,105.216844,2914.5931122448983,2914.5931122448983,0.17862123022884974,78.48979591836735,78.48979591836735,75,90,380.2857142857143,380.2857142857143,261,506,8.815051020408164,8.815051020408164,6,13,0.3745324720525399,,,,,,0.4260274872105983,,,,0.31227691995506535,,,,1.059808173489288,,,,1.7951420810084229,,,
2022-04-16,10.28859,105.207594,2820.618686868687,2820.618686868687,0.18995931517903775,98.81565656565657,98.81565656565657,69,158,381.69191919191917,381.69191919191917,296,555,14.965909090909092,14.965909090909092,9,21,0.3749020953084516,,,,,,0.426498879291335,,,,0.31256501430443695,,,,1.061149914287164,,,,1.796735978562619,,,
2022-04-16,10.309139,105.215737,1865.4098984771572,1865.4098984771572,0.08001886469012948,82.11548223350252,82.11548223350252,71,119,409.98730964467006,409.98730964467006,267,482,7.411167512690354,7.411167512690354,6,13,0.37527171856436325,,,,,,0.4269702713720717,,,,0.31285310865380855,,,,1.06249165508504,,,,1.7983298761168147,,,
2022-04-16,10.318227,105.218967,2613.9035989717227,2613.9035989717227,0.19078181312689244,79.55012853470437,79.55012853470437,71,85,411.0424164524422,411.0424164524422,347,482,7.500000000000001,7.500000000000001,6,12,0.3756413418202749,,,,,,0.42744166345280843,,,,0.31314120300318016,,,,1.063833395882916,,,,1.7999237736710105,,,
2022-04-16,10.321392,105.177554,3173.6863979848863,3173.6863979848863,0.1956456899800778,113.46095717884131,113.46095717884131,91,129,176.35138539042822,176.35138539042822,64,232,24.20151133501259,24.20151133501259,11,28,0.3760109650761866,,,,,,0.4279130555335452,,,,0.31342929735255176,,,,1.065175136680792,,,,1.8015176712252066,,,
2022-04-20,10.281994,105.246519,1631.1471698113207,1631.1471698113207,-0.02433216952428931,71.24276729559747,71.24276729559747,61,90,370.32327044025146,370.32327044025146,330,587,7.255345911949685,7.255345911949685,5,13,0.3763805883320983,,,,,,0.42838444761428185,,,,0.3137173917019233,,,,1.0665168774786682,,,,1.8031115687794024,,,
2022-04-20,10.280379,105.241273,1189.3911949685535,1189.3911949685535,-0.06308390810523976,64.03899371069183,64.03899371069183,61,90,429.114465408805,429.114465408805,330,494,5.849056603773585,5.849056603773585,5,12,0.37675021158801,,,,,,0.4288558396950186,,,,0.3140054860512949,,,,1.0678586182765442,,,,1.8047054663335982,,,
2022-04-20,10.283233,105.260351,1750.5516372795971,1750.5516372795971,0.061779112952572574,120.25882352941177,120.25882352941177,76,125,458.04705882352937,458.04705882352937,122,499,15.458823529411765,15.458823529411765,12,17,0.37711983484392164,,,,,,0.4293272317757553,,,,0.3142935804006665,,,,1.0692003590744203,,,,1.8062993638877942,,,
2022-04-20,10.275776,105.258985,2011.4203262233377,2011.4203262233377,0.0801243558334415,89.14178168130488,89.14178168130488,63,125,410.15056461731496,410.15056461731496,184,499,17.0276035131744,17.0276035131744,12,22,0.37748945809983336,,,,,,0.42979862385649203,,,,0.31458167475003807,,,,1.0705420998722963,,,,1.80789326144199,,,
2022-04-20,10.257436,105.217205,1780.3583227445997,1780.3583227445997,0.05957808960902439,71.64803049555273,71.64803049555273,62,88,363.405336721728,363.405336721728,286,574,14.881829733163913,14.881829733163913,13,25,0.377859081355745,,,,,,0.4302700159372288,,,,0.31486976909940967,,,,1.0718838406701723,,,,1.8094871589961858,,,
2022-04-20,10.265814,105.21507,2811.5316455696207,2811.5316455696207,0.17266955729479,101.51518987341774,101.51518987341774,64,116,483.8278481012659,483.8278481012659,286,554,16.093670886075948,16.093670886075948,5,24,0.3782287046116567,,,,,,0.43074140801796545,,,,0.3151578634487813,,,,1.0732255814680485,,,,1.8110810565503819,,,
2022-04-20,10.275419,105.234563,1715.5926395939084,1715.5926395939084,0.025907446973654675,77.28680203045685,77.28680203045685,57,109,418.3870558375635,418.3870558375635,365,509,7.624365482233501,7.624365482233501,6,10,0.37859832786756836,,,,,,0.4312128000987022,,,,0.3154459577981529,,,,1.0745673222659244,,,,1.8126749541045777,,,
2022-04-20,10.244181,105.230614,2643.3367088607592,2643.3367088607592,0.16900925767277486,98.17721518987341,98.17721518987341,61,141,499.7670886075948,499.7670886075948,350,595,18.335443037974684,18.335443037974684,9,34,0.37896795112348003,,,,,,0.43168419217943893,,,,0.3157340521475245,,,,1.0759090630638006,,,,1.8142688516587737,,,
2022-04-20,10.23625,105.234527,1758.1781170483462,1758.1781170483462,0.04338785126903465,121.35750636132315,121.35750636132315,80,147,507.97582697201017,507.97582697201017,371,595,26.324427480916025,26.324427480916025,9,41,0.37933757437939175,,,,,,0.43215558426017564,,,,0.3160221464968961,,,,1.0772508038616766,,,,1.8158627492129695,,,
2022-04-22,10.284175,105.143442,3476.5345911949685,3476.5345911949685,0.2416981682399318,117.71572327044025,117.71572327044025,92,165,125.9798742138365,125.9798742138365,64,290,31.95220125786164,31.95220125786164,17,39,0.3797071976353034,,,,,,0.43262697634091235,,,,0.31631024084626763,,,,1.0785925446595526,,,,1.8174566467671656,,,
2022-04-22,10.284027,105.15814,2654.390088945362,2654.390088945362,0.15246588187418494,116.10673443456162,116.10673443456162,79,147,325.836086404066,325.836086404066,246,450,16.856416772554002,16.856416772554002,10,23,0.3800768208912151,,,,,,0.43309836842164906,,,,0.31659833519563924,,,,1.0799342854574285,,,,1.8190505443213614,,,
2022-04-22,10.283009,105.129752,2435.001262626263,2435.001262626263,0.11485983796540282,78.32449494949495,78.32449494949495,74,92,169.36742424242428,169.36742424242428,138,205,13.55176767676768,13.55176767676768,11,21,0.38044644414712675,,,,,,0.4335697605023858,,,,0.31688642954501084,,,,1.0812760262553047,,,,1.8206444418755572,,,
2022-04-22,10.281814,105.114918,3562.491761723701,3562.491761723701,0.15071550776915482,109.54752851711025,109.54752851711025,93,122,122.0570342205323,122.0570342205323,43,238,22.880861850443598,22.880861850443598,18,30,0.3808160674030384,,,,,,0.4340411525831225,,,,0.3171745238943824,,,,1.0826177670531807,,,,1.8222383394297532,,,
2022-04-22,10.279364,105.19089,2468.8331210191086,2468.8331210191086,0.12131766275753297,85.06369426751596,85.06369426751596,73,114,446.6535031847135,446.6535031847135,123,518,11.547770700636944,11.547770700636944,6,14,0.38118569065895014,,,,,,0.43451254466385925,,,,0.317462618243754,,,,1.0839595078510569,,,,1.823832236983949,,,
2022-04-22,10.270486,105.19207,2358.6186224489797,2358.6186224489797,0.03913229126146806,86.19770408163265,86.19770408163265,83,93,340.0663265306123,340.0663265306123,222,498,16.346938775510207,16.346938775510207,10,23,0.3815553139148618,,,,,,0.43498393674459596,,,,0.3177507125931256,,,,1.0853012486489328,,,,1.8254261345381448,,,
2022-04-22,10.265977,105.125368,2729.9116517285534,2729.9116517285534,0.14114159368141702,86.56978233034572,86.56978233034572,78,99,159.17285531370038,159.17285531370038,43,224,17.69910371318822,17.69910371318822,11,27,0.38192493717077347,,,,,,0.43545532882533267,,,,0.3180388069424972,,,,1.0866429894468088,,,,1.8270200320923409,,,
2022-04-22,10.286013,105.107472,4036.1259445843825,4036.1259445843825,0.24695317976220235,93.46725440806046,93.46725440806046,80,108,205.50755667506297,205.50755667506297,96,230,33.9647355163728,33.9647355163728,20,41,0.3822945604266852,,,,,,0.4359267209060694,,,,0.3183269012918688,,,,1.0879847302446848,,,,1.8286139296465367,,,
2022-04-22,10.262681,105.14739,3888.7344345616257,3888.7344345616257,0.3943432556841028,93.23747980613894,93.23747980613894,77,133,271.18901453957994,271.18901453957994,123,296,30.872374798061383,30.872374798061383,20,33,0.3826641836825968,,,,,,0.4363981129868061,,,,0.3186149956412404,,,,1.089326471042561,,,,1.8302078272007325,,,
2022-04-22,10.255579,105.190922,2014.8314465408807,2014.8314465408807,0.06706128394230963,92.388679245283,92.388679245283,76,108,364.3496855345911,364.3496855345911,195,430,14.514465408805034,14.514465408805034,6,24,0.3830338069385085,,,,,,0.43686950506754285,,,,0.31890308999061195,,,,1.090668211840437,,,,1.8318017247549285,,,
2022-04-22,10.254048,105.172039,2927.856780735108,2927.856780735108,0.21393391190849984,124.61723700887201,124.61723700887201,83,238,327.2686945500634,327.2686945500634,275,504,12.158428390367558,12.158428390367558,11,14,0.3834034301944202,,,,,,0.4373408971482795,,,,0.31919118433998356,,,,1.0920099526383131,,,,1.8333956223091246,,,
2022-04-22,10.24991,105.206339,2302.1056603773586,2302.1056603773586,0.1686073582878489,65.49308176100628,65.49308176100628,60,76,447.8566037735848,447.8566037735848,338,574,21.462893081761003,21.462893081761003,6,29,0.38377305345033186,,,,,,0.43781228922901627,,,,0.31947927868935516,,,,1.093351693436189,,,,1.8349895198633204,,,
2022-04-22,10.245058,105.178415,2547.420785804816,2547.420785804816,0.1401570729681092,78.53485424588087,78.53485424588087,73,82,277.425855513308,277.425855513308,94,381,18.98859315589354,18.98859315589354,6,34,0.3841426767062436,,,,,,0.438283681309753,,,,0.3197673730387267,,,,1.094693434234065,,,,1.8365834174175162,,,
2022-04-22,10.227394,105.164987,3689.2786885245905,3689.2786885245905,0.24228386937562646,103.69735182849935,103.69735182849935,90,151,284.12862547288773,284.12862547288773,110,408,26.277427490542244,26.277427490542244,21,33,0.38451229996215525,,,,,,0.4387550733904897,,,,0.3200554673880983,,,,1.0960351750319413,,,,1.8381773149717122,,,
2022-04-22,10.262836,105.117192,3251.2427672955973,3251.2427672955973,0.2359240990157744,81.9132075471698,81.9132075471698,78,99,281.3823899371069,281.3823899371069,43,499,19.345911949685537,19.345911949685537,16,23,0.3848819232180669,,,,,,0.43922646547122646,,,,0.3203435617374699,,,,1.0973769158298172,,,,1.839771212525908,,,
2022-07-05,10.262288,105.409359,3060.4779874213837,3060.4779874213837,0.3491354485275318,222.8817610062893,222.8817610062893,212,235,470.2880503144654,470.2880503144654,426,539,28.833962264150948,28.833962264150948,16,47,0.3852515464739786,,,,,,0.4396978575519631,,,,0.3206316560868415,,,,1.0987186566276934,,,,1.8413651100801038,,,
2022-07-05,10.270666,105.424059,2747.781407035176,2747.781407035176,0.30780140052554195,211.56407035175877,211.56407035175877,202,240,570.2261306532663,570.2261306532663,506,602,17.782663316582916,17.782663316582916,12,31,0.38562116972989025,,,,,,0.4401692496326999,,,,0.3209197504362131,,,,1.1000603974255694,,,,1.8429590076342999,,,
2022-07-05,10.282741,105.414218,3461.4783715012727,3461.4783715012727,0.35440499497145356,213.7455470737914,213.7455470737914,200,223,536.4783715012724,536.4783715012724,453,590,22.001272264631044,22.001272264631044,12,25,0.38599079298580197,,,,,,0.4406406417134366,,,,0.3212078447855847,,,,1.1014021382234453,,,,1.8445529051884957,,,
2022-07-05,10.292251,105.405536,2683.174683544304,2683.174683544304,0.2352341633330162,228.26202531645572,228.26202531645572,215,256,514.6506329113924,514.6506329113924,397,584,19.89746835443038,19.89746835443038,15,29,0.38636041624171363,,,,,,0.4411120337941733,,,,0.3214959391349563,,,,1.1027438790213213,,,,1.8461468027426915,,,
2022-07-05,10.303175,105.416814,3271.3561470215463,3271.3561470215463,0.3434069399383535,207.0506970849176,207.0506970849176,202,216,526.4372623574145,526.4372623574145,459,549,16.434727503168567,16.434727503168567,14,29,0.3867300394976253,,,,,,0.44158342587491,,,,0.3217840334843279,,,,1.1040856198191975,,,,1.8477407002968875,,,
2022-07-10,10.447125,105.31374,5063.675062972292,5063.675062972292,0.46186211533612653,258.5528967254408,258.5528967254408,222,279,434.4156171284635,434.4156171284635,376,552,43.10075566750629,43.10075566750629,25,49,0.38709966275353697,,,,,,0.4420548179556467,,,,0.3220721278336995,,,,1.1054273606170735,,,,1.8493345978510833,,,
2022-07-10,10.446006,105.338972,5934.8715365239295,5934.8715365239295,0.5921057960180958,232.77707808564227,232.77707808564227,204,301,526.6498740554156,526.6498740554156,429,598,85.84382871536522,85.84382871536522,76,95,0.38746928600944863,,,,,,0.4425262100363835,,,,0.32236022218307103,,,,1.1067691014149497,,,,1.8509284954052794,,,
2022-07-10,10.444036,105.331928,6326.917302798982,6326.917302798982,0.6220061027959243,222.5916030534351,222.5916030534351,213,234,522.2608142493639,522.2608142493639,422,590,58.67557251908397,58.67557251908397,27,90,0.38783890926536035,,,,,,0.44299760211712014,,,,0.32264831653244264,,,,1.1081108422128256,,,,1.8525223929594752,,,
2022-07-10,10.434624,105.327551,4231.971902937421,4231.971902937421,0.31142206461806937,218.41123882503194,218.41123882503194,207,230,569.1213282247766,569.1213282247766,437,630,30.06896551724138,30.06896551724138,27,37,0.388208532521272,,,,,,0.4434689941978569,,,,0.32293641088181424,,,,1.1094525830107016,,,,1.8541162905136712,,,
2022-07-10,10.439647,105.334052,6913.035851472471,6913.035851472471,0.7065588826537691,220.81946222791294,220.81946222791294,213,233,577.9372599231755,577.9372599231755,520,630,48.53777208706786,48.53777208706786,25,76,0.3885781557771837,,,,,,0.4439403862785936,,,,0.32322450523118584,,,,1.1107943238085776,,,,1.855710188067867,,,
2022-07-10,10.436532,105.313783,5899.269182389938,5899.269182389938,0.5663102830990315,228.33207547169812,228.33207547169812,220,253,506.99119496855343,506.99119496855343,389,579,55.818867924528305,55.818867924528305,39,73,0.3889477790330954,,,,,,0.4444117783593303,,,,0.32351259958055745,,,,1.1121360646064538,,,,1.8573040856220628,,,
2022-07-10,10.442271,105.339057,7342.62846347607,7342.62846347607,0.7881566141250043,237.20780856423175,237.20780856423175,213,301,594.0894206549118,594.0894206549118,450,638,77.02267002518892,77.02267002518892,27,95,0.3893174022890071,,,,,,0.4448831704400671,,,,0.323800693929929,,,,1.1134778054043297,,,,1.8588979831762589,,,
2022-07-12,10.34297,105.382435,5152.743589743589,5152.743589743589,0.5389630916195788,207.93461538461537,207.93461538461537,204,220,449.1243589743589,449.1243589743589,410,526,46.71282051282051,46.71282051282051,32,50,0.38968702554491874,,,,,,0.44535456252080374,,,,0.3240887882793006,,,,1.114819546202206,,,,1.8604918807304547,,,
2022-07-12,10.368598,105.136423,6004.41006289308,6004.41006289308,0.5893267151432431,267.2716981132075,267.2716981132075,233,313,465.491823899371,465.491823899371,349,533,55.12075471698113,55.12075471698113,52,56,0.3900566488008304,,,,,,0.4458259546015405,,,,0.3243768826286722,,,,1.1161612870000819,,,,1.8620857782846505,,,
2022-07-12,10.364419,105.164984,7994.006337135614,7994.006337135614,0.868305544077506,254.89100126742707,254.89100126742707,231,288,71.73003802281369,71.73003802281369,45,205,73.84157160963244,73.84157160963244,60,91,0.3904262720567421,,,,,,0.4462973466822772,,,,0.32466497697804375,,,,1.1175030277979578,,,,1.8636796758388465,,,
2022-07-12,10.35853,105.127583,6454.522727272728,6454.522727272728,0.664952190939352,277.1035353535354,277.1035353535354,223,424,427.439393939394,427.439393939394,110,490,55.29166666666667,55.29166666666667,39,83,0.3907958953126538,,,,,,0.44676873876301393,,,,0.32495307132741535,,,,1.118844768595834,,,,1.8652735733930423,,,
2022-07-12,10.35091,105.142796,5525.008905852417,5525.008905852417,0.5095211410733392,298.4020356234097,298.4020356234097,259,343,419.9987277353691,419.9987277353691,117,560,57.558524173028005,57.558524173028005,45,89,0.39116551856856546,,,,,,0.44724013084375064,,,,0.32524116567678696,,,,1.12018650939371,,,,1.8668674709472382,,,
2022-07-12,10.334417,105.375498,4757.117721518987,4757.117721518987,0.5152899702217609,238.78481012658227,238.78481012658227,205,281,525.6392405063291,525.6392405063291,432,549,42.64810126582278,42.64810126582278,25,58,0.39153514182447713,,,,,,0.44771152292448735,,,,0.32552926002615856,,,,1.1215282501915862,,,,1.8684613685014342,,,
2022-07-12,10.331447,105.158675,8693.507537688442,8693.507537688442,0.9877871224796536,272.571608040201,272.571608040201,227,418,328.29522613065325,328.29522613065325,94,486,91.26381909547739,91.26381909547739,88,94,0.3919047650803888,,,,,,0.4481829150052241,,,,0.32581735437553017,,,,1.1228699909894622,,,,1.8700552660556302,,,
2022-07-12,10.31856,105.374468,3579.347169811321,3579.347169811321,0.373291078530481,233.7685534591195,233.7685534591195,203,327,644.1345911949686,644.1345911949686,595,651,27.90314465408805,27.90314465408805,17,43,0.39227438833630046,,,,,,0.44865430708596077,,,,0.32610544872490177,,,,1.1242117317873381,,,,1.8716491636098258,,,
2022-07-12,10.314233,105.359823,4937.25,4937.25,0.5006031793303954,223.0714285714286,223.0714285714286,212,277,427.81760204081627,427.81760204081627,349,486,47.25,47.25,31,57,0.3926440115922122,,,,,,0.44912569916669753,,,,0.3263935430742733,,,,1.125553472585214,,,,1.8732430611640218,,,
2022-07-12,10.3037,105.354593,5448.292249047013,5448.292249047013,0.5707600976271535,219.44091486658192,219.44091486658192,206,268,402.0775095298601,402.0775095298601,280,446,46.35196950444726,46.35196950444726,31,70,0.39301363484812385,,,,,,0.44959709124743424,,,,0.3266816374236449,,,,1.1268952133830903,,,,1.8748369587182179,,,
2022-07-12,10.303437,105.381252,5182.605793450883,5182.605793450883,0.5698843513703981,225.41435768261965,225.41435768261965,198,274,567.1309823677583,567.1309823677583,373,608,30.70025188916877,30.70025188916877,24,41,0.3933832581040355,,,,,,0.45006848332817095,,,,0.3269697317730165,,,,1.1282369541809663,,,,1.8764308562724137,,,
2022-07-12,10.275826,105.364451,4313.969773299749,4313.969773299749,0.4290296947586663,241.2921914357683,241.2921914357683,209,307,509.35264483627213,509.35264483627213,424,624,41.9080604534005,41.9080604534005,39,49,0.39375288135994724,,,,,,0.4505398754089077,,,,0.3272578261223881,,,,1.1295786949788424,,,,1.8780247538266095,,,
2022-07-12,10.257715,105.375007,4322.654040404042,4322.654040404042,0.44025594581994976,216.80303030303034,216.80303030303034,207,308,477.1843434343435,477.1843434343435,421,554,55.74242424242425,55.74242424242425,40,100,0.3941225046158589,,,,,,0.4510112674896444,,,,0.3275459204717597,,,,1.1309204357767184,,,,1.8796186513808055,,,
2022-07-12,10.320676,105.364971,5206.804785894206,5206.804785894206,0.6126125554219971,224.47229219143577,224.47229219143577,203,327,455.67002518891684,455.67002518891684,389,651,50.89294710327456,50.89294710327456,36,54,0.39449212787177057,,,,,,0.45148265957038114,,,,0.3278340148211313,,,,1.1322621765745944,,,,1.8812125489350013,,,
2022-07-13,10.548011,105.248097,6214.411167512691,6214.411167512691,0.6815593455560961,262.80583756345175,262.80583756345175,235,294,383.3984771573604,383.3984771573604,318,416,74.29060913705584,74.29060913705584,59,79,0.39486175112768224,,,,,,0.45195405165111785,,,,0.3281221091705029,,,,1.1336039173724706,,,,1.8828064464891971,,,
2022-07-13,10.533759,105.243145,6747.324120603015,6747.324120603015,0.7226960813616878,267.1118090452261,267.1118090452261,240,334,421.56155778894475,421.56155778894475,382,456,71.51758793969849,71.51758793969849,60,91,0.3952313743835939,,,,,,0.45242544373185456,,,,0.3284102035198745,,,,1.1349456581703465,,,,1.8844003440433932,,,
2022-07-14,10.44784,105.141425,4374.394968553459,4374.394968553459,0.5054698134861512,268.23899371069183,268.23899371069183,256,307,461.50440251572337,461.50440251572337,400,621,35.74842767295598,35.74842767295598,32,37,0.3956009976395056,,,,,,0.45289683581259127,,,,0.32869829786924604,,,,1.1362873989682225,,,,1.885994241597589,,,
2022-07-14,10.461453,105.172294,3696.067173637516,3696.067173637516,0.4433978360060594,258.93662864385294,258.93662864385294,245,277,440.7262357414449,440.7262357414449,379,531,53.320659062103935,53.320659062103935,42,60,0.3959706208954173,,,,,,0.453368227893328,,,,0.32898639221861764,,,,1.1376291397660987,,,,1.8875881391517848,,,
2022-07-14,10.467778,105.163448,4093.4744897959176,4093.4744897959176,0.47488685635538025,257.6198979591837,257.6198979591837,249,267,369.4655612244898,369.4655612244898,269,474,60.27551020408163,60.27551020408163,45,64,0.39634024415132896,,,,,,0.45383961997406475,,,,0.32927448656798924,,,,1.1389708805639747,,,,1.8891820367059808,,,
2022-07-14,10.396044,105.180167,5378.743396226414,5378.743396226414,0.542042433044033,263.2641509433962,263.2641509433962,244,284,522.5761006289308,522.5761006289308,451,618,31.226415094339618,31.226415094339618,19,38,0.3967098674072406,,,,,,0.4543110120548014,,,,0.32956258091736085,,,,1.1403126213618506,,,,1.8907759342601769,,,
2022-07-14,10.524439,105.254678,6615.234096692113,6615.234096692113,0.6624583102426195,258.81170483460556,258.81170483460556,238,312,550.7569974554707,550.7569974554707,411,618,68.44274809160306,68.44274809160306,58,80,0.3970794906631523,,,,,,0.45478240413553817,,,,0.3298506752667324,,,,1.1416543621597268,,,,1.8923698318143727,,,
2022-07-14,10.535058,105.252744,5874.354797979799,5874.354797979799,0.539912218590706,251.1313131313131,251.1313131313131,239,299,524.1742424242425,524.1742424242425,448,563,62.45075757575758,62.45075757575758,53,72,0.397449113919064,,,,,,0.4552537962162749,,,,0.330138769616104,,,,1.1429961029576028,,,,1.8939637293685685,,,
2022-07-14,10.536277,105.293087,7161.852752880923,7161.852752880923,0.851398921321116,276.3636363636364,276.3636363636364,231,335,467.8066581306018,467.8066581306018,334,656,55.04993597951344,55.04993597951344,30,73,0.3978187371749757,,,,,,0.4557251882970116,,,,0.3304268639654756,,,,1.144337843755479,,,,1.8955576269227645,,,
2022-07-14,10.522871,105.184845,6360.802295918367,6360.802295918367,0.6425778468920533,279.5433673469388,279.5433673469388,266,292,358.4783163265306,358.4783163265306,125,480,73.20918367346941,73.20918367346941,55,80,0.39818836043088734,,,,,,0.45619658037774835,,,,0.3307149583148472,,,,1.145679584553355,,,,1.8971515244769603,,,
2022-07-14,10.395734,105.143745,3338.8150510204077,3338.8150510204077,0.25971454813654427,266.3252551020408,266.3252551020408,253,361,387.21556122448976,387.21556122448976,232,523,40.1875,40.1875,37,48,0.39855798368679907,,,,,,0.456667972458485,,,,0.3310030526642188,,,,1.147021325351231,,,,1.8987454220311561,,,
2022-07-14,10.391295,105.178235,5399.206675224647,5399.206675224647,0.5498050709916453,274.01668806161746,274.01668806161746,244,284,503.49679075738123,503.49679075738123,451,618,31.64313222079589,31.64313222079589,19,38,0.39892760694271073,,,,,,0.45713936453922177,,,,0.33129114701359036,,,,1.1483630661491069,,,,1.9003393195853522,,,
2022-07-14,10.391781,105.161155,3663.0076335877866,3663.0076335877866,0.2944795361642374,258.0903307888042,258.0903307888042,251,273,465.34223918575066,465.34223918575066,410,539,37.93384223918575,37.93384223918575,37,42,0.3992972301986224,,,,,,0.4576107566199585,,,,0.33157924136296196,,,,1.149704806946983,,,,1.901933217139548,,,
2022-07-14,10.389374,105.169781,5353.899497487437,5353.899497487437,0.5084632966631694,266.20603015075375,266.20603015075375,250,306,456.177135678392,456.177135678392,315,589,37.61180904522614,37.61180904522614,37,39,0.39966685345453407,,,,,,0.4580821487006952,,,,0.33186733571233357,,,,1.151046547744859,,,,1.9035271146937438,,,
2022-07-14,10.381544,105.174719,5781.001257861636,5781.001257861636,0.5777746681951862,333.17861635220123,333.17861635220123,262,379,437.11572327044024,437.11572327044024,181,509,35.93836477987422,35.93836477987422,31,49,0.40003647671044573,,,,,,0.4585535407814319,,,,0.3321554300617051,,,,1.1523882885427352,,,,1.9051210122479398,,,
2022-07-14,10.379507,105.154892,4882.976982097187,4882.976982097187,0.4523172953123249,301.78388746803074,301.78388746803074,269,349,433.22634271099747,433.22634271099747,299,496,44.70716112531969,44.70716112531969,41,47,0.40040609996635745,,,,,,0.4590249328621686,,,,0.3324435244110767,,,,1.1537300293406112,,,,1.9067149098021359,,,
2022-07-14,10.378511,105.144998,3958.1227848101266,3958.1227848101266,0.32748153798100627,314.70000000000005,314.70000000000005,287,366,413.99113924050636,413.99113924050636,357,480,42.174683544303804,42.174683544303804,40,43,0.4007757232222691,,,,,,0.4594963249429054,,,,0.3327316187604483,,,,1.1550717701384872,,,,1.9083088073563315,,,
2022-07-14,10.375619,105.124248,4944.229591836735,4944.229591836735,0.4877507701977418,292.15433673469386,292.15433673469386,267,332,441.6479591836735,441.6479591836735,371,568,34.91836734693878,34.91836734693878,30,51,0.4011453464781808,,,,,,0.45996771702364203,,,,0.3330197131098199,,,,1.1564135109363634,,,,1.9099027049105275,,,
2022-07-14,10.37346,105.184697,6070.55120101138,6070.55120101138,0.6218218637625391,282.3982300884956,282.3982300884956,253,308,407.52338811630847,407.52338811630847,224,509,37.24399494310999,37.24399494310999,28,51,0.4015149697340925,,,,,,0.4604391091043788,,,,0.33330780745919153,,,,1.1577552517342393,,,,1.9114966024647235,,,
2022-07-14,10.395094,105.169245,4436.255372945639,4436.255372945639,0.38593647620921234,262.80404551201013,262.80404551201013,250,284,512.8836915297093,512.8836915297093,370,589,38.423514538558784,38.423514538558784,36,39,0.4018845929900041,,,,,,0.4609105011851155,,,,0.33359590180856313,,,,1.1590969925321155,,,,1.9130905000189193,,,
2022-07-15,10.492098,105.216926,4334.428571428572,4334.428571428572,0.2978032414077041,252.4702907711757,252.4702907711757,231,277,482.850821744627,482.850821744627,370,629,34.878634639696585,34.878634639696585,28,57,0.40225421624591584,,,,,,0.4613818932658522,,,,0.3338839961579347,,,,1.1604387333299915,,,,1.9146843975731151,,,
2022-07-15,10.48195,105.238448,2045.6022727272725,2045.6022727272725,0.111447902336518,264.854797979798,264.854797979798,252,290,645.9305555555555,645.9305555555555,514,680,53.77020202020202,53.77020202020202,39,64,0.4026238395018275,,,,,,0.461853285346589,,,,0.3341720905073063,,,,1.1617804741278674,,,,1.9162782951273112,,,
2022-07-15,10.485812,105.267525,3939.620076238882,3939.620076238882,0.38435294767578815,254.30495552731895,254.30495552731895,245,260,576.607369758577,576.607369758577,392,666,35.89961880559086,35.89961880559086,29,41,0.4029934627577392,,,,,,0.46232467742732564,,,,0.3344601848566779,,,,1.1631222149257434,,,,1.917872192681507,,,
2022-07-15,10.485917,105.210104,5781.331234256926,5781.331234256926,0.4935600215465029,276.4596977329975,276.4596977329975,240,378,471.32241813602013,471.32241813602013,363,645,34.3375314861461,34.3375314861461,28,47,0.4033630860136509,,,,,,0.4627960695080624,,,,0.33474827920604944,,,,1.1644639557236196,,,,1.9194660902357028,,,
2022-07-15,10.494104,105.291042,3081.5229591836737,3081.5229591836737,0.3496841907322565,257.9119897959184,257.9119897959184,250,278,573.483418367347,573.483418367347,435,662,43.16836734693878,43.16836734693878,39,50,0.4037327092695625,,,,,,0.4632674615887991,,,,0.33503637355542104,,,,1.1658056965214956,,,,1.9210599877898988,,,
2022-07-15,10.476738,105.227333,4053.8476312419975,4053.8476312419975,0.36716164274843166,264.29065300896286,264.29065300896286,251,281,469.5646606914212,469.5646606914212,368,653,43.85659411011523,43.85659411011523,35,52,0.40410233252547423,,,,,,0.4637388536695358,,,,0.33532446790479264,,,,1.1671474373193718,,,,1.9226538853440946,,,
2022-07-15,10.501829,105.273585,5219.851572327044,5219.851572327044,0.5072745618202034,261.8125786163522,261.8125786163522,254,304,582.5761006289307,582.5761006289307,563,653,43.359748427672955,43.359748427672955,39,54,0.4044719557813859,,,,,,0.46421024575027253,,,,0.33561256225416425,,,,1.1684891781172477,,,,1.9242477828982905,,,
2022-07-15,10.50203,105.222373,4325.001282051283,4325.001282051283,0.3581143247837974,245.9448717948718,245.9448717948718,231,257,486.8705128205128,486.8705128205128,362,594,60.32564102564103,60.32564102564103,46,69,0.40484157903729756,,,,,,0.46468163783100924,,,,0.33590065660353585,,,,1.1698309189151237,,,,1.9258416804524865,,,
2022-07-15,10.510542,105.248554,7441.373570520966,7441.373570520966,0.7858216142153105,293.24396442185514,293.24396442185514,249,313,617.0152477763659,617.0152477763659,382,678,72.34180432020331,72.34180432020331,61,82,0.4052112022932093,,,,,,0.465153029911746,,,,0.3361887509529074,,,,1.1711726597129997,,,,1.9274355780066825,,,
2022-07-15,10.502728,105.233111,6005.140328697851,6005.140328697851,0.5908807734965719,253.1567635903919,253.1567635903919,239,258,579.5865992414666,579.5865992414666,448,653,65.50442477876106,65.50442477876106,62,69,0.40558082554912095,,,,,,0.46562442199248266,,,,0.336476845302279,,,,1.1725144005108759,,,,1.9290294755608783,,,
2022-07-15,10.50915,105.265098,7287.021410579346,7287.021410579346,0.7818750676763492,285.85642317380353,285.85642317380353,234,329,652.537783375315,652.537783375315,587,674,57.21032745591941,57.21032745591941,52,66,0.4059504488050326,,,,,,0.4660958140732194,,,,0.3367649396516506,,,,1.1738561413087518,,,,1.9306233731150741,,,
2022-07-15,10.494453,105.241281,3237.4012578616353,3237.4012578616353,0.17537425642628474,284.1433962264151,284.1433962264151,258,308,531.3962264150944,531.3962264150944,405,650,47.86540880503144,47.86540880503144,45,60,0.40632007206094434,,,,,,0.46656720615395614,,,,0.3370530340010222,,,,1.175197882106628,,,,1.9322172706692702,,,
2022-07-15,10.470305,105.287062,3943.0767295597475,3943.0767295597475,0.31664252252919955,256.7105831533477,256.7105831533477,245,305,541.7948164146868,541.7948164146868,478,586,32.4622030237581,32.4622030237581,13,39,0.40668969531685595,,,,,,0.46703859823469285,,,,0.33734112835039376,,,,1.176539622904504,,,,1.933811168223466,,,
2022-07-15,10.391149,105.359279,4279.783375314861,4279.783375314861,0.4019934441700186,260.6813602015113,260.6813602015113,232,279,405.2657430730478,405.2657430730478,341,526,40.77078085642317,40.77078085642317,35,51,0.40705931857276767,,,,,,0.46750999031542956,,,,0.33762922269976536,,,,1.17788136370238,,,,1.9354050657776618,,,
2022-07-15,10.469839,105.211568,5128.848484848485,5128.848484848485,0.3583949164817846,251.1338383838384,251.1338383838384,242,260,447.02525252525254,447.02525252525254,376,624,65.26136363636363,65.26136363636363,54,75,0.40742894182867934,,,,,,0.46798138239616627,,,,0.33791731704913697,,,,1.1792231045002561,,,,1.9369989633318578,,,
2022-07-15,10.470013,105.264425,3609.37084398977,3609.37084398977,0.2157221431084624,260.3184143222507,260.3184143222507,234,268,464.4987212276214,464.4987212276214,346,602,46.75831202046036,46.75831202046036,29,54,0.407798565084591,,,,,,0.46845277447690303,,,,0.33820541139850857,,,,1.180564845298132,,,,1.9385928608860536,,,
2022-07-15,10.390554,105.336857,5193.272727272727,5193.272727272727,0.5047853994021332,257.8156565656565,257.8156565656565,242,402,373.5669191919193,373.5669191919193,246,530,36.02525252525252,36.02525252525252,29,44,0.4081681883405027,,,,,,0.4689241665576397,,,,0.3384935057478802,,,,1.1819065860960083,,,,1.9401867584402495,,,
2022-07-15,10.391491,105.34899,2957.641057934509,2957.641057934509,0.1950737445593742,248.34634760705288,248.34634760705288,237,310,405.506297229219,405.506297229219,344,541,36.84382871536524,36.84382871536524,30,47,0.40853781159641434,,,,,,0.46939555863837645,,,,0.3387816000972517,,,,1.1832483268938843,,,,1.9417806559944455,,,
2022-07-15,10.399353,105.356462,4670.962264150943,4670.962264150943,0.37438138759910133,275.2729559748427,275.2729559748427,227,317,451.4616352201258,451.4616352201258,349,526,33.3874213836478,33.3874213836478,23,45,0.40890743485232606,,,,,,0.46986695071911316,,,,0.3390696944466233,,,,1.1845900676917602,,,,1.9433745535486415,,,
2022-07-15,10.405902,105.36283,3019.0730769230768,3019.0730769230768,0.11773285587120817,230.35512820512818,230.35512820512818,226,241,486.775641025641,486.775641025641,419,565,35.728205128205126,35.728205128205126,25,48,0.4092770581082377,,,,,,0.4703383427998499,,,,0.33935778879599493,,,,1.1859318084896362,,,,1.9449684511028371,,,
2022-07-15,10.384444,105.3447,3701.425855513309,3701.425855513309,0.355701633568674,272.45500633713567,272.45500633713567,237,380,474.3891001267428,474.3891001267428,411,603,40.83016476552599,40.83016476552599,30,51,0.4096466813641494,,,,,,0.47080973488058664,,,,0.3396458831453665,,,,1.1872735492875124,,,,1.9465623486570331,,,
2022-07-15,10.419561,105.277369,2994.819444444445,2994.819444444445,0.13846076414571465,281.6426767676768,281.6426767676768,249,306,392.23737373737373,392.23737373737373,350,458,31.876262626262623,31.876262626262623,28,35,0.4100163046200611,,,,,,0.4712811269613233,,,,0.3399339774947381,,,,1.1886152900853884,,,,1.9481562462112292,,,
2022-07-15,10.420981,105.295797,3413.5069708491765,3413.5069708491765,0.21588157452704457,252.01013941698358,252.01013941698358,249,259,513.7338403041825,513.7338403041825,435,619,40.533586818757925,40.533586818757925,26,45,0.4103859278759728,,,,,,0.47175251904206006,,,,0.3402220718441097,,,,1.1899570308832645,,,,1.949750143765425,,,
2022-07-15,10.43531,105.292557,2743.5726927939318,2743.5726927939318,0.13356428430067238,257.06953223767385,257.06953223767385,237,262,514.0316055625791,514.0316055625791,448,534,27.868520859671303,27.868520859671303,27,29,0.41075555113188444,,,,,,0.47222391112279677,,,,0.3405101661934813,,,,1.1912987716811405,,,,1.9513440413196208,,,
2022-07-15,10.458369,105.270803,4316.83585858586,4316.83585858586,0.38949252458701084,241.61237373737376,241.61237373737376,230,316,558.5580808080808,558.5580808080808,386,666,36.98989898989899,36.98989898989899,31,49,0.41112517438779617,,,,,,0.4726953032035335,,,,0.3407982605428529,,,,1.1926405124790165,,,,1.9529379388738168,,,
2022-07-15,10.467721,105.192464,5262.394366197183,5262.394366197183,0.5699833652038102,250.943661971831,250.943661971831,248,257,382.94366197183103,382.94366197183103,232,486,60.00256081946223,60.00256081946223,40,71,0.4114947976437078,,,,,,0.4731666952842702,,,,0.3410863548922245,,,,1.1939822532768924,,,,1.9545318364280126,,,
2022-07-15,10.409367,105.355252,3970.4669211195924,3970.4669211195924,0.29541935871972874,238.61195928753176,238.61195928753176,227,254,467.94402035623403,467.94402035623403,392,541,34.38040712468193,34.38040712468193,23,47,0.4118644208996195,,,,,,0.4736380873650069,,,,0.34137444924159605,,,,1.1953239940747686,,,,1.9561257339822085,,,
2022-07-17,10.421158,105.237197,3176.4980891719742,3176.4980891719742,0.2116645725205682,318.37834394904456,318.37834394904456,245,390,505.43949044585986,505.43949044585986,448,584,32.98343949044586,32.98343949044586,31,35,0.41223404415553117,,,,,,0.47410947944574366,,,,0.34166254359096765,,,,1.1966657348726446,,,,1.9577196315364045,,,
2022-07-17,10.415137,105.316832,2091.8377358490566,2091.8377358490566,0.05827283054237566,253.62264150943395,253.62264150943395,233,272,492.0855345911949,492.0855345911949,459,594,29.179874213836477,29.179874213836477,25,35,0.41260366741144283,,,,,,0.4745808715264803,,,,0.34195063794033925,,,,1.1980074756705208,,,,1.9593135290906003,,,
2022-07-17,10.396951,105.281083,3165.4417413572337,3165.4417413572337,0.18906737749200206,256.90012804097313,256.90012804097313,242,273,470.5313700384122,470.5313700384122,430,501,21.19334186939821,21.19334186939821,19,40,0.41297329066735455,,,,,,0.4750522636072171,,,,0.3422387322897108,,,,1.1993492164683968,,,,1.9609074266447961,,,
2022-07-17,10.386495,105.284636,2345.5044025157235,2345.5044025157235,0.09288750991236933,249.03773584905662,249.03773584905662,236,265,439.4817610062894,439.4817610062894,320,579,21.698113207547177,21.698113207547177,13,31,0.41334291392326616,,,,,,0.4755236556879538,,,,0.3425268266390824,,,,1.2006909572662727,,,,1.9625013241989921,,,
2022-07-17,10.378696,105.309113,2852.868090452261,2852.868090452261,0.16119472114308975,273.1947236180904,273.1947236180904,236,341,468.5678391959799,468.5678391959799,426,573,41.12311557788944,41.12311557788944,24,47,0.4137125371791779,,,,,,0.4759950477686905,,,,0.342814920988454,,,,1.2020326980641487,,,,1.9640952217531882,,,
2022-07-17,10.375656,105.29185,3461.6437659033068,3461.6437659033068,0.25291509046768373,258.36641221374043,258.36641221374043,241,291,390.60305343511436,390.60305343511436,291,581,42.986005089058516,42.986005089058516,30,51,0.41408216043508955,,,,,,0.47646643984942727,,,,0.3431030153378256,,,,1.2033744388620249,,,,1.9656891193073838,,,
2022-07-17,10.396712,105.324921,3152.9096612296116,3152.9096612296116,0.20518268270198953,265.0163111668758,265.0163111668758,238,317,455.2045169385194,455.2045169385194,403,501,42.59974905897114,42.59974905897114,41,46,0.4144517836910012,,,,,,0.4769378319301639,,,,0.3433911096871972,,,,1.204716179659901,,,,1.9672830168615798,,,
2022-07-19,10.406199,105.248616,4487.815094339622,4487.815094339622,0.3870631036699082,264.2805031446541,264.2805031446541,239,290,459.4666666666667,459.4666666666667,157,554,31.909433962264146,31.909433962264146,31,34,0.41482140694691294,,,,,,0.4774092240109007,,,,0.34367920403656876,,,,1.206057920457777,,,,1.9688769144157758,,,
2022-07-19,10.394517,105.260713,2889.4045512010116,2889.4045512010116,0.21541756426973482,253.3944374209861,253.3944374209861,239,270,481.25284450063214,481.25284450063214,371,525,25.611883691529712,25.611883691529712,19,29,0.4151910302028246,,,,,,0.4778806160916374,,,,0.34396729838594037,,,,1.207399661255653,,,,1.9704708119699716,,,
2022-07-19,10.402927,105.235656,3000.433795712485,3000.433795712485,0.1722392437744131,251.3165195460278,251.3165195460278,236,281,429.9684741488021,429.9684741488021,397,534,36.641866330390926,36.641866330390926,35,38,0.4155606534587363,,,,,,0.4783520081723741,,,,0.34425539273531197,,,,1.208741402053529,,,,1.9720647095241675,,,
2022-07-19,10.392248,105.227502,5242.586901763226,5242.586901763226,0.4436201303972086,317.88287153652396,317.88287153652396,270,384,412.2329974811083,412.2329974811083,318,491,37.9647355163728,37.9647355163728,36,38,0.415930276714648,,,,,,0.4788234002531108,,,,0.3445434870846836,,,,1.2100831428514052,,,,1.9736586070783635,,,
2022-07-19,10.404721,105.258428,3759.242038216561,3759.242038216561,0.32871389196945405,297.1987261146497,297.1987261146497,244,375,456.35159235668783,456.35159235668783,157,539,28.029299363057316,28.029299363057316,27,31,0.4162998999705596,,,,,,0.47929479233384753,,,,0.3448315814340551,,,,1.2114248836492811,,,,1.9752525046325593,,,
2022-07-19,10.374524,105.255016,4267.790343074969,4267.790343074969,0.38375621686871514,265.2236340533673,265.2236340533673,249,296,413.0406607369759,413.0406607369759,309,530,50.33545108005084,50.33545108005084,35,56,0.41666952322647133,,,,,,0.4797661844145843,,,,0.3451196757834267,,,,1.2127666244471573,,,,1.9768464021867551,,,
2022-07-19,10.374004,105.228649,5372.185044359949,5372.185044359949,0.5389111302280453,250.78200253485423,250.78200253485423,234,283,356.59822560202787,356.59822560202787,302,419,49.62484157160962,49.62484157160962,38,57,0.417039146482383,,,,,,0.48023757649532095,,,,0.34540777013279833,,,,1.2141083652450333,,,,1.9784402997409511,,,
2022-07-19,10.370371,105.275589,2967.10253164557,2967.10253164557,0.19041532080011964,271.032911392405,271.032911392405,246,308,327.84936708860766,327.84936708860766,102,406,52.303797468354425,52.303797468354425,33,58,0.41740876973829466,,,,,,0.4807089685760577,,,,0.34569586448216993,,,,1.2154501060429093,,,,1.980034197295147,,,
2022-07-19,10.375756,105.208993,5520.508816120906,5520.508816120906,0.5122143120694211,320.4647355163728,320.4647355163728,245,406,401.25566750629724,401.25566750629724,165,485,36.55037783375315,36.55037783375315,33,37,0.4177783929942064,,,,,,0.4811803606567944,,,,0.34598395883154154,,,,1.2167918468407852,,,,1.9816280948493428,,,
2022-07-20,10.327617,105.33024,4482.878940731401,4482.878940731401,0.51699184617086,251.8171500630517,251.8171500630517,243,269,287.30895334174033,287.30895334174033,232,386,57.326607818411105,57.326607818411105,47,65,0.418148016250118,,,,,,0.48165175273753114,,,,0.3462720531809131,,,,1.2181335876386614,,,,1.9832219924035388,,,
2022-07-20,10.33114,105.278682,3496.300385109115,3496.300385109115,0.27793075637206116,236.83440308087293,236.83440308087293,232,256,444.60205391527603,444.60205391527603,368,621,27.91784338896021,27.91784338896021,25,55,0.4185176395060297,,,,,,0.4821231448182679,,,,0.3465601475302847,,,,1.2194753284365376,,,,1.9848158899577348,,,
2022-07-20,10.337977,105.288583,4157.4548919949175,4157.4548919949175,0.40515027148037924,262.856416772554,262.856416772554,249,294,437.70648030495556,437.70648030495556,277,541,32.55019059720457,32.55019059720457,31,35,0.4188872627619414,,,,,,0.48259453689900456,,,,0.3468482418796563,,,,1.2208170692344136,,,,1.9864097875119306,,,
2022-07-20,10.339092,105.325101,5485.9631043257,5485.9631043257,0.5751577266229582,251.04325699745544,251.04325699745544,244,256,387.9847328244274,387.9847328244274,317,456,64.44656488549619,64.44656488549619,55,69,0.41925688601785305,,,,,,0.4830659289797413,,,,0.34713633622902784,,,,1.2221588100322895,,,,1.9880036850661265,,,
2022-07-20,10.342217,105.346028,6247.041614123583,6247.041614123583,0.8266892180998816,246.67591424968478,246.67591424968478,238,259,203.24590163934428,203.24590163934428,54,426,37.68095838587642,37.68095838587642,19,42,0.41962650927376477,,,,,,0.48353732106047803,,,,0.34742443057839945,,,,1.2235005508301655,,,,1.9895975826203225,,,
2022-07-20,10.342299,105.365285,4911.4733502538065,4911.4733502538065,0.5302799355685239,236.96700507614216,236.96700507614216,227,247,357.72842639593915,357.72842639593915,258,459,38.26522842639594,38.26522842639594,31,42,0.41999613252967644,,,,,,0.48400871314121474,,,,0.34771252492777105,,,,1.2248422916280417,,,,1.9911914801745183,,,
2022-07-20,10.345924,105.270456,4918.666245259166,4918.666245259166,0.4425963843258394,269.7661188369153,269.7661188369153,232,317,607.4032869785083,607.4032869785083,478,659,48.151706700379265,48.151706700379265,36,62,0.4203657557855881,,,,,,0.48448010522195145,,,,0.34800061927714265,,,,1.2261840324259177,,,,1.9927853777287141,,,
2022-07-20,10.400449,105.171793,6203.822194199243,6203.822194199243,0.6395352455199235,262.8259773013871,262.8259773013871,248,284,468.5094577553594,468.5094577553594,394,589,39.08070617906683,39.08070617906683,37,40,0.4207353790414998,,,,,,0.48495149730268816,,,,0.34828871362651426,,,,1.2275257732237939,,,,1.9943792752829101,,,
2022-07-20,10.412311,105.176834,6344.605793450882,6344.605793450882,0.6248913562735571,267.7594458438287,267.7594458438287,243,322,448.7178841309823,448.7178841309823,408,480,38.759445843828715,38.759445843828715,30,54,0.42110500229741143,,,,,,0.4854228893834249,,,,0.34857680797588586,,,,1.2288675140216698,,,,1.995973172837106,,,
2022-07-20,10.417324,105.208881,4060.7853535353534,4060.7853535353534,0.3468941562636774,268.8901515151515,268.8901515151515,252,324,471.29671717171715,471.29671717171715,318,602,39.91161616161616,39.91161616161616,13,41,0.42147462555332316,,,,,,0.4858942814641616,,,,0.3488649023252574,,,,1.2302092548195458,,,,1.9975670703913018,,,
2022-07-20,10.426155,105.176598,4763.375160051218,4763.375160051218,0.4473402758586247,269.8002560819462,269.8002560819462,258,281,385.82970550576186,385.82970550576186,334,466,35.3854033290653,35.3854033290653,25,47,0.4218442488092348,,,,,,0.48636567354489835,,,,0.349152996674629,,,,1.2315509956174218,,,,1.9991609679454978,,,
2022-07-20,10.427104,105.210954,4883.200757575757,4883.200757575757,0.46037246663266873,284.26262626262616,284.26262626262616,256,297,377.99116161616155,377.99116161616155,158,602,40.25757575757576,40.25757575757576,36,44,0.4222138720651465,,,,,,0.48683706562563506,,,,0.3494410910240006,,,,1.232892736415298,,,,2.000754865499694,,,
2022-07-20,10.44819,105.181879,5308.288607594936,5308.288607594936,0.5291351113650837,260.2607594936709,260.2607594936709,245,276,501.42151898734176,501.42151898734176,400,589,40.35822784810127,40.35822784810127,35,46,0.4225834953210582,,,,,,0.48730845770637177,,,,0.34972918537337216,,,,1.234234477213174,,,,2.0023487630538894,,,
2022-07-20,10.452718,105.220233,4522.7858942065495,4522.7858942065495,0.42495896118763804,255.04156171284635,255.04156171284635,245,285,552.6889168765744,552.6889168765744,427,637,37.731738035264485,37.731738035264485,33,46,0.4229531185769698,,,,,,0.48777984978710853,,,,0.35001727972274377,,,,1.23557621801105,,,,2.0039426606080855,,,
2022-07-20,10.452795,105.21348,4950.779874213837,4950.779874213837,0.4468352433218779,249.85786163522013,249.85786163522013,245,272,491.41635220125784,491.41635220125784,376,653,40.80503144654088,40.80503144654088,35,48,0.42332274183288154,,,,,,0.4882512418678452,,,,0.35030537407211537,,,,1.236917958808926,,,,2.0055365581622815,,,
2022-07-20,10.458467,105.196191,4709.697616060225,4709.697616060225,0.4644480585489059,254.13550815558347,254.13550815558347,243,289,535.693851944793,535.693851944793,429,646,41.08657465495609,41.08657465495609,39,43,0.4236923650887932,,,,,,0.48872263394858195,,,,0.350593468421487,,,,1.238259699606802,,,,2.007130455716477,,,
2022-07-20,10.459704,105.218744,5249.336272040302,5249.336272040302,0.5190249555129289,299.2367758186398,299.2367758186398,264,404,581.896725440806,581.896725440806,478,672,53.76826196473552,53.76826196473552,36,65,0.4240619883447049,,,,,,0.48919402602931866,,,,0.3508815627708586,,,,1.239601440404678,,,,2.008724353270673,,,
2022-07-20,10.460493,105.209967,4490.635668789809,4490.635668789809,0.3828163479399013,254.63821656050956,254.63821656050956,244,281,461.37324840764336,461.37324840764336,376,573,51.166878980891724,51.166878980891724,41,62,0.4244316116006166,,,,,,0.4896654181100554,,,,0.3511696571202301,,,,1.2409431812025542,,,,2.010318250824869,,,
2022-07-20,10.463816,105.133945,4042.869398207427,4042.869398207427,0.4269124970212555,249.70422535211267,249.70422535211267,243,259,499.52496798975676,499.52496798975676,466,557,36.207426376440466,36.207426376440466,35,40,0.42480123485652826,,,,,,0.4901368101907921,,,,0.35145775146960173,,,,1.2422849220004304,,,,2.011912148379065,,,
2022-07-20,10.465667,105.225904,4766.122474747474,4766.122474747474,0.5189659206408888,287.3434343434343,287.3434343434343,261,404,588.655303030303,588.655303030303,368,672,62.44949494949494,62.44949494949494,47,66,0.42517085811243993,,,,,,0.4906082022715288,,,,0.35174584581897334,,,,1.2436266627983064,,,,2.0135060459332608,,,
2022-07-20,10.48065,105.130089,5864.69871794872,5864.69871794872,0.5877198599746527,276.3205128205129,276.3205128205129,249,308,465.09999999999997,465.09999999999997,438,549,63.35000000000001,63.35000000000001,56,71,0.42554048136835165,,,,,,0.49107959435226556,,,,0.35203394016834494,,,,1.2449684035961823,,,,2.015099943487457,,,
2022-07-20,10.501648,105.096892,5358.208070617907,5358.208070617907,0.5873096593315685,282.43631778058005,282.43631778058005,250,347,462.2875157629256,462.2875157629256,336,594,70.41740226986128,70.41740226986128,58,87,0.42591010462426326,,,,,,0.4915509864330022,,,,0.3523220345177165,,,,1.2463101443940583,,,,2.0166938410416524,,,
2022-07-20,10.510203,105.111601,6906.362720403023,6906.362720403023,0.7669824690238106,323.4433249370277,323.4433249370277,257,354,448.00125944584386,448.00125944584386,366,506,62.21410579345087,62.21410579345087,47,87,0.426279727880175,,,,,,0.492022378513739,,,,0.3526101288670881,,,,1.2476518851919345,,,,2.0182877385958484,,,
2022-07-20,10.521154,105.115666,6260.098591549296,6260.098591549296,0.6767243209158991,285.9449423815621,285.9449423815621,251,368,387.97439180537776,387.97439180537776,262,579,80.24455825864277,80.24455825864277,62,93,0.42664935113608665,,,,,,0.4924937705944757,,,,0.3528982232164597,,,,1.2489936259898105,,,,2.0198816361500445,,,
2022-07-20,10.534074,105.126326,4349.637997432606,4349.637997432606,0.5242868627525646,322.62387676508354,322.62387676508354,254,361,480.29396662387677,480.29396662387677,408,571,49.59306803594351,49.59306803594351,45,59,0.4270189743919983,,,,,,0.4929651626752124,,,,0.3531863175658313,,,,1.2503353667876866,,,,2.0214755337042405,,,
2022-07-20,10.447684,105.190977,4530.436868686869,4530.436868686869,0.47198442970865084,258.780303030303,258.780303030303,254,289,505.40277777777777,505.40277777777777,442,646,49.771464646464636,49.771464646464636,39,100,0.42738859764791004,,,,,,0.49343655475594916,,,,0.3534744119152029,,,,1.2516771075855626,,,,2.0230694312584365,,,
2022-07-20,10.327284,105.359541,3549.555555555556,3549.555555555556,0.35798072076137327,286.4240102171137,286.4240102171137,228,346,418.4048531289912,418.4048531289912,312,488,37.4610472541507,37.4610472541507,12,41,0.42775822090382165,,,,,,0.4939079468366858,,,,0.35376250626457445,,,,1.2530188483834386,,,,2.024663328812632,,,
2022-07-20,10.327543,105.350908,4495.322012578616,4495.322012578616,0.39509602639335206,259.99245283018865,259.99245283018865,228,307,509.2943396226416,509.2943396226416,378,579,39.432704402515725,39.432704402515725,34,57,0.4281278441597334,,,,,,0.4943793389174226,,,,0.35405060061394605,,,,1.2543605891813145,,,,2.026257226366828,,,
2022-07-20,10.320371,105.259016,3399.6108998732575,3399.6108998732575,0.22741569467946737,254.90240811153362,254.90240811153362,233,298,435.82889733840307,435.82889733840307,373,536,37.75158428390368,37.75158428390368,34,54,0.42849746741564504,,,,,,0.4948507309981593,,,,0.35433869496331766,,,,1.2557023299791907,,,,2.0278511239210237,,,
2022-07-20,10.195117,105.200047,4417.220512820513,4417.220512820513,0.4074730419070752,255.31983240223465,255.31983240223465,250,259,526.1773743016761,526.1773743016761,458,558,42.82262569832403,42.82262569832403,33,48,0.4288670906715567,,,,,,0.495322123078896,,,,0.3546267893126892,,,,1.257044070777067,,,,2.0294450214752198,,,
2022-07-20,10.205563,105.193771,2463.311557788945,2463.311557788945,0.14498710590103153,273.01005025125625,273.01005025125625,250,318,447.61306532663315,447.61306532663315,301,589,32.15703517587939,32.15703517587939,28,45,0.4292367139274684,,,,,,0.4957935151596327,,,,0.3549148836620608,,,,1.258385811574943,,,,2.031038919029416,,,
2022-07-20,10.208515,105.202809,2461.76269035533,2461.76269035533,0.15971018534262427,266.76903553299496,266.76903553299496,246,310,560.5761421319797,560.5761421319797,301,621,33.88578680203046,33.88578680203046,29,38,0.4296063371833801,,,,,,0.4962649072403694,,,,0.3552029780114324,,,,1.2597275523728189,,,,2.032632816583612,,,
2022-07-20,10.212886,105.174836,6504.697616060226,6504.697616060226,0.6826319133536639,317.5232120451694,317.5232120451694,245,372,412.84441656210794,412.84441656210794,323,606,72.79673776662483,72.79673776662483,51,87,0.42997596043929176,,,,,,0.4967362993211062,,,,0.355491072360804,,,,1.2610692931706948,,,,2.0342267141378074,,,
2022-07-20,10.214156,105.214175,2352.676844783715,2352.676844783715,0.12603461107953515,245.20229007633586,245.20229007633586,242,303,572.3791348600508,572.3791348600508,464,621,35.06234096692113,35.06234096692113,23,48,0.4303455836952035,,,,,,0.49720769140184284,,,,0.3557791667101756,,,,1.2624110339685708,,,,2.0358206116920035,,,
2022-07-20,10.227394,105.164987,7684.698612862546,7684.698612862546,0.8509705195803907,296.4653215636822,296.4653215636822,251,316,284.12862547288773,284.12862547288773,110,408,83.84615384615384,83.84615384615384,55,91,0.4307152069511151,,,,,,0.4976790834825796,,,,0.3560672610595472,,,,1.263752774766447,,,,2.0374145092461995,,,
2022-07-20,10.232673,105.15164,7183.027883396706,7183.027883396706,0.7889877719075387,308.31558935361215,308.31558935361215,262,376,376.35994930291514,376.35994930291514,230,462,47.06844106463878,47.06844106463878,39,76,0.4310848302070268,,,,,,0.4981504755633163,,,,0.3563553554089188,,,,1.2650945155643232,,,,2.039008406800395,,,
2022-07-20,10.245058,105.178415,4623.925221799746,4623.925221799746,0.4322983599817152,273.1089987325729,273.1089987325729,246,327,277.425855513308,277.425855513308,94,381,53.09632446134347,53.09632446134347,40,61,0.4314544534629385,,,,,,0.49862186764405303,,,,0.3566434497582904,,,,1.2664362563621991,,,,2.040602304354591,,,
2022-07-20,10.246984,105.216849,2976.1607594936713,2976.1607594936713,0.18247325713069104,270.4303797468355,270.4303797468355,242,310,415.94177215189876,415.94177215189876,272,566,62.48481012658229,62.48481012658229,54,69,0.43182407671885015,,,,,,0.49909325972478974,,,,0.356931544107662,,,,1.267777997160075,,,,2.042196201908787,,,
2022-07-20,10.248814,105.361138,3786.0566037735853,3786.0566037735853,0.3665343509351362,257.10566037735845,257.10566037735845,243,327,609.8339622641508,609.8339622641508,443,622,35.758490566037736,35.758490566037736,16,39,0.43219369997476187,,,,,,0.49956465180552645,,,,0.35721963845703353,,,,1.269119737957951,,,,2.043790099462983,,,
2022-07-20,10.249044,105.347198,4049.713010204083,4049.713010204083,0.35958624361617464,294.5102040816327,294.5102040816327,231,379,477.7704081632653,477.7704081632653,318,603,22.716836734693878,22.716836734693878,6,40,0.4325633232306735,,,,,,0.5000360438862632,,,,0.35750773280640513,,,,1.2704614787558273,,,,2.0453839970171788,,,
2022-07-20,10.254048,105.172039,5411.0050697084935,5411.0050697084935,0.551734244651666,256.95817490494295,256.95817490494295,242,283,327.2686945500634,327.2686945500634,275,504,66.5982256020279,66.5982256020279,53,74,0.4329329464865852,,,,,,0.5005074359669999,,,,0.35779582715577674,,,,1.2718032195537032,,,,2.046977894571375,,,
2022-07-20,10.325047,105.251136,4281.179617834396,4281.179617834396,0.3504238542834335,261.3936305732484,261.3936305732484,235,320,464.46369426751596,464.46369426751596,373,488,37.20127388535032,37.20127388535032,34,39,0.43330256974249687,,,,,,0.5009788280477366,,,,0.35808392150514834,,,,1.2731449603515794,,,,2.0485717921255704,,,
2022-07-20,10.258961,105.323388,3532.871859296483,3532.871859296483,0.3185235737090676,237.36809045226133,237.36809045226133,232,256,416.02135678391954,416.02135678391954,326,587,38.53140703517588,38.53140703517588,30,54,0.43367219299840853,,,,,,0.5014502201284734,,,,0.35837201585451994,,,,1.2744867011494554,,,,2.0501656896797664,,,
2022-07-20,10.268095,105.344826,5331.686548223351,5331.686548223351,0.5777628942214762,278.6522842639594,278.6522842639594,231,341,393.4162436548224,393.4162436548224,133,651,36.90736040609138,36.90736040609138,34,39,0.43404181625432026,,,,,,0.50192161220921,,,,0.3586601102038915,,,,1.2758284419473314,,,,2.0517595872339625,,,
2022-07-20,10.268524,105.337611,5013.9735849056615,5013.9735849056615,0.517932296310191,269.82767295597483,269.82767295597483,231,339,277.7685534591195,277.7685534591195,133,478,35.78490566037737,35.78490566037737,19,39,0.4344114395102319,,,,,,0.5023930042899468,,,,0.3589482045532631,,,,1.2771701827452073,,,,2.0533534847881585,,,
2022-07-20,10.272277,105.291556,3644.683143219265,3644.683143219265,0.33332180827910896,253.5868187579214,253.5868187579214,237,275,513.0177439797211,513.0177439797211,325,608,28.2509505703422,28.2509505703422,18,39,0.4347810627661436,,,,,,0.5028643963706835,,,,0.3592362989026347,,,,1.2785119235430835,,,,2.054947382342354,,,
2022-07-20,10.277579,105.307934,3639.8297604035297,3639.8297604035297,0.31939719301829667,241.42370744010088,241.42370744010088,230,310,518.7591424968473,518.7591424968473,402,645,34.00882723833543,34.00882723833543,13,38,0.4351506860220553,,,,,,0.5033357884514202,,,,0.3595243932520063,,,,1.2798536643409597,,,,2.05654127989655,,,
2022-07-20,10.282365,105.276189,4535.508883248732,4535.508883248732,0.36105901829278697,267.4467005076143,267.4467005076143,240,332,346.0000000000001,346.0000000000001,165,475,45.50507614213199,45.50507614213199,37,53,0.4355203092779669,,,,,,0.5038071805321569,,,,0.35981248760137785,,,,1.2811954051388357,,,,2.058135177450746,,,
2022-07-20,10.282445,105.330149,3204.4262295081962,3204.4262295081962,0.3085900310945439,268.8448928121059,268.8448928121059,246,345,522.016393442623,522.016393442623,426,573,36.7061790668348,36.7061790668348,35,40,0.43588993253387864,,,,,,0.5042785726128937,,,,0.36010058195074945,,,,1.2825371459367116,,,,2.0597290750049417,,,
2022-07-20,10.298963,105.275991,4063.3446969696965,4063.3446969696965,0.321221893805551,240.58964646464645,240.58964646464645,236,243,359.19191919191917,359.19191919191917,283,435,41.43939393939394,41.43939393939394,36,47,0.4362595557897903,,,,,,0.5047499646936304,,,,0.36038867630012106,,,,1.2838788867345876,,,,2.0613229725591378,,,
2022-07-20,10.303589,105.234936,2351.7467866323905,2351.7467866323905,0.15694885445388393,248.9498714652956,248.9498714652956,236,275,467.97814910025704,467.97814910025704,424,546,32.34832904884319,32.34832904884319,16,54,0.436629179045702,,,,,,0.5052213567743671,,,,0.36067677064949266,,,,1.2852206275324636,,,,2.062916870113334,,,
2022-07-20,10.306769,105.34023,4129.7169811320755,4129.7169811320755,0.32824223071417064,239.451572327044,239.451572327044,231,242,296.3471698113208,296.3471698113208,179,490,48.62641509433962,48.62641509433962,31,65,0.4369988023016137,,,,,,0.5056927488551038,,,,0.36096486499886427,,,,1.2865623683303398,,,,2.06451076766753,,,
2022-07-20,10.3154,105.280846,2613.6115384615387,2613.6115384615387,0.13188529217670739,254.56025641025641,254.56025641025641,231,265,513.1794871794872,513.1794871794872,320,557,35.01025641025641,35.01025641025641,30,48,0.4373684255575253,,,,,,0.5061641409358405,,,,0.36125295934823587,,,,1.287904109128216,,,,2.0661046652217254,,,
2022-07-20,10.316024,105.309873,6128.3933588761165,6128.3933588761165,0.657790656618875,260.92592592592587,260.92592592592587,230,303,268.7790549169859,268.7790549169859,101,432,58.38058748403575,58.38058748403575,51,67,0.43773804881343703,,,,,,0.5066355330165773,,,,0.3615410536976074,,,,1.289245849926092,,,,2.0676985627759215,,,
2022-07-20,10.319903,105.230831,3008.160462130937,3008.160462130937,0.25662068347775174,283.86521181001285,283.86521181001285,234,410,466.6803594351733,466.6803594351733,438,539,39.84724005134789,39.84724005134789,19,41,0.4381076720693487,,,,,,0.5071069250973139,,,,0.361829148046979,,,,1.290587590723968,,,,2.069292460330117,,,
2022-07-20,10.265977,105.125368,4394.492957746479,4394.492957746479,0.3764982459518162,280.45966709346993,280.45966709346993,249,327,159.17285531370038,159.17285531370038,43,224,46.381562099871964,46.381562099871964,44,57,0.43847729532526036,,,,,,0.5075783171780507,,,,0.36211724239635057,,,,1.2919293315218439,,,,2.070886357884313,,,
2022-07-21,10.365734,105.267634,3536.808805031447,3536.808805031447,0.3029803147790423,235.77358490566039,235.77358490566039,210,295,448.3157232704402,448.3157232704402,379,595,25.250314465408803,25.250314465408803,16,31,0.4388469185811721,,,,,,0.5080497092587875,,,,0.3624053367457222,,,,1.29327107231972,,,,2.072480255438509,,,
2022-07-21,10.368014,105.238516,5574.968592964824,5574.968592964824,0.5570185127121963,237.56155778894467,237.56155778894467,211,308,376.81407035175874,376.81407035175874,208,510,46.64447236180904,46.64447236180904,36,55,0.43921654183708375,,,,,,0.5085211013395241,,,,0.3626934310950938,,,,1.294612813117596,,,,2.074074152992705,,,
2022-07-21,10.358094,105.189541,6260.903969270166,6260.903969270166,0.642808841098204,287.4647887323944,287.4647887323944,215,318,207.93982074263766,207.93982074263766,158,246,71.9641485275288,71.9641485275288,36,90,0.4395861650929954,,,,,,0.5089924934202609,,,,0.3629815254444654,,,,1.2959545539154722,,,,2.0756680505469007,,,
2022-07-21,10.358727,105.222371,5341.2506393861895,5341.2506393861895,0.53347703353302,245.7608695652174,245.7608695652174,193,281,355.68797953964196,355.68797953964196,181,493,43.90920716112532,43.90920716112532,33,57,0.43995578834890714,,,,,,0.5094638855009976,,,,0.363269619793837,,,,1.2972962947133482,,,,2.0772619481010968,,,
2022-07-22,10.244181,105.230614,4604.869620253164,4604.869620253164,0.4263518501448021,212.25949367088606,212.25949367088606,188,296,499.7670886075948,499.7670886075948,350,595,39.34556962025315,39.34556962025315,18,50,0.44032541160481875,,,,,,0.5099352775817343,,,,0.3635577141432086,,,,1.2986380355112241,,,,2.078855845655293,,,
2022-07-22,10.250745,105.24539,4413.996163682865,4413.996163682865,0.39176765791596513,237.2084398976982,237.2084398976982,189,409,406.4948849104859,406.4948849104859,150,485,44.106138107416875,44.106138107416875,25,51,0.4406950348607305,,,,,,0.510406669662471,,,,0.36384580849258014,,,,1.2999797763091,,,,2.0804497432094884,,,
2022-07-22,10.275776,105.258985,3124.521957340025,3124.521957340025,0.23744231166263827,254.46800501882058,254.46800501882058,186,357,410.15056461731496,410.15056461731496,184,499,26.441656210790462,26.441656210790462,16,39,0.44106465811664214,,,,,,0.5108780617432077,,,,0.36413390284195174,,,,1.3013215171069763,,,,2.0820436407636844,,,
2022-07-22,10.280407,105.223352,3518.2075471698113,3518.2075471698113,0.2742409858128988,236.70691823899372,236.70691823899372,209,269,550.1949685534591,550.1949685534591,445,582,24.722012578616354,24.722012578616354,12,44,0.4414342813725538,,,,,,0.5113494538239445,,,,0.36442199719132334,,,,1.3026632579048525,,,,2.0836375383178805,,,
2022-07-22,10.281994,105.246519,3843.9345911949686,3843.9345911949686,0.2961476580956946,279.0540880503145,279.0540880503145,227,305,370.32327044025146,370.32327044025146,330,587,33.08805031446541,33.08805031446541,18,39,0.4418039046284655,,,,,,0.5118208459046811,,,,0.3647100915406949,,,,1.3040049987027285,,,,2.0852314358720765,,,
2022-07-22,10.283233,105.260351,3091.4534005037785,3091.4534005037785,0.24538665606964596,288.17647058823525,288.17647058823525,210,357,458.04705882352937,458.04705882352937,122,499,25.26078431372549,25.26078431372549,13,32,0.44217352788437714,,,,,,0.5122922379854179,,,,0.3649981858900665,,,,1.3053467395006044,,,,2.086825333426272,,,
2022-07-22,10.284315,105.252391,3820.5541561712844,3820.5541561712844,0.31619313243819336,243.72493573264785,243.72493573264785,191,281,495.228791773779,495.228791773779,330,550,30.506426735218508,30.506426735218508,18,39,0.44254315114028886,,,,,,0.5127636300661547,,,,0.3652862802394381,,,,1.3066884802984804,,,,2.088419230980468,,,
2022-07-23,10.346876,105.206507,6249.816901408451,6249.816901408451,0.6344880473006974,251.91805377720874,251.91805377720874,190,360,223.94878361075544,223.94878361075544,66,325,61.55697823303458,61.55697823303458,45,77,0.4429127743962005,,,,,,0.5132350221468913,,,,0.3655743745888097,,,,1.3080302210963564,,,,2.0900131285346637,,,
2022-07-23,10.337185,105.197822,6528.17528373266,6528.17528373266,0.6685855540951663,274.26355611601514,274.26355611601514,221,360,294.5422446406053,294.5422446406053,261,326,62.98234552332913,62.98234552332913,54,65,0.4432823976521122,,,,,,0.5137064142276281,,,,0.3658624689381813,,,,1.3093719618942325,,,,2.0916070260888597,,,
2022-07-23,10.327832,105.216844,4422.748724489797,4422.748724489797,0.39238832392916806,299.40943877551024,299.40943877551024,193,365,380.2857142857143,380.2857142857143,261,506,38.55484693877552,38.55484693877552,27,47,0.4436520209080239,,,,,,0.5141778063083647,,,,0.3661505632875529,,,,1.3107137026921087,,,,2.0932009236430558,,,
2022-07-23,10.319027,105.191902,5207.62641509434,5207.62641509434,0.497006206226081,288.39119496855346,288.39119496855346,232,314,140.925786163522,140.925786163522,94,384,30.847798742138366,30.847798742138366,15,53,0.4440216441639356,,,,,,0.5146491983891015,,,,0.36643865763692446,,,,1.3120554434899847,,,,2.094794821197252,,,
2022-07-23,10.318227,105.218967,3890.8971722365045,3890.8971722365045,0.3544629603203335,302.6426735218509,302.6426735218509,225,337,411.0424164524422,411.0424164524422,347,482,33.35218508997429,33.35218508997429,16,40,0.44439126741984725,,,,,,0.5151205904698382,,,,0.36672675198629606,,,,1.3133971842878607,,,,2.0963887187514474,,,
2022-07-23,10.321392,105.177554,3897.4571788413095,3897.4571788413095,0.29695448918094086,248.53400503778337,248.53400503778337,204,280,176.35138539042822,176.35138539042822,64,232,18.979848866498745,18.979848866498745,11,63,0.44476089067575897,,,,,,0.5155919825505749,,,,0.3670148463356676,,,,1.3147389250857366,,,,2.0979826163056434,,,
2022-07-23,10.303766,105.203102,3822.7648546144123,3822.7648546144123,0.34299946533787873,241.47914032869787,241.47914032869787,191,300,278.25031605562583,278.25031605562583,166,549,16.682680151706702,16.682680151706702,12,29,0.4451305139316706,,,,,,0.5160633746313117,,,,0.3673029406850392,,,,1.3160806658836128,,,,2.0995765138598395,,,
2022-07-23,10.299014,105.215448,2645.9632446134356,2645.9632446134356,0.18261770946707828,236.9885931558936,236.9885931558936,192,288,444.0063371356148,444.0063371356148,267,504,24.72496831432193,24.72496831432193,18,29,0.4455001371875823,,,,,,0.5165347667120483,,,,0.3675910350344108,,,,1.3174224066814888,,,,2.101170411414035,,,
2022-07-23,10.290816,105.182958,3381.1634980988592,3381.1634980988592,0.24282779443550123,266.0278833967047,266.0278833967047,197,320,460.3003802281369,460.3003802281369,355,478,31.768060836501906,31.768060836501906,13,47,0.44586976044349397,,,,,,0.5170061587927851,,,,0.3678791293837824,,,,1.318764147479365,,,,2.102764308968231,,,
2022-07-23,10.287565,105.192862,3198.508196721312,3198.508196721312,0.24334643260272126,238.2673392181589,238.2673392181589,197,264,389.8764186633039,389.8764186633039,282,518,27.880201765447666,27.880201765447666,12,47,0.44623938369940563,,,,,,0.5174775508735218,,,,0.368167223733154,,,,1.320105888277241,,,,2.104358206522427,,,
2022-07-23,10.309139,105.215737,2076.323604060914,2076.323604060914,0.10744170895842653,264.5190355329949,264.5190355329949,192,342,409.98730964467006,409.98730964467006,267,482,19.7246192893401,19.7246192893401,16,24,0.44660900695531736,,,,,,0.5179489429542585,,,,0.36845531808252563,,,,1.321447629075117,,,,2.105952104076623,,,
2022-07-25,10.325825,105.129268,6087.514465408804,6087.514465408804,0.621473806865457,302.39622641509436,302.39622641509436,198,361,354.24025157232705,354.24025157232705,110,509,55.96603773584906,55.96603773584906,32,92,0.44697863021122897,,,,,,0.5184203350349952,,,,0.36874341243189723,,,,1.322789369872993,,,,2.1075460016308187,,,
2022-07-25,10.30701,105.130668,5895.191570881228,5895.191570881228,0.5540104000281743,238.36909323116222,238.36909323116222,210,260,266.5964240102171,266.5964240102171,226,464,35.31673052362708,35.31673052362708,29,61,0.4473482534671407,,,,,,0.518891727115732,,,,0.3690315067812688,,,,1.324131110670869,,,,2.1091398991850148,,,
2022-07-25,10.320247,105.141848,5199.835427135678,5199.835427135678,0.46644656681565205,289.02261306532665,289.02261306532665,247,311,155.9711055276382,155.9711055276382,117,299,48.75628140703518,48.75628140703518,30,92,0.44771787672305235,,,,,,0.5193631191964687,,,,0.3693196011306404,,,,1.3254728514687453,,,,2.1107337967392104,,,
2022-07-25,10.284027,105.15814,3121.072426937738,3121.072426937738,0.21496978927458496,259.2299872935197,259.2299872935197,192,365,325.836086404066,325.836086404066,246,450,29.91994917407878,29.91994917407878,26,41,0.448087499978964,,,,,,0.5198345112772054,,,,0.36960769548001193,,,,1.3268145922666212,,,,2.1123276942934064,,,
2022-07-25,10.262681,105.14739,4213.6925031766195,4213.6925031766195,0.4450630068566361,224.35702746365104,224.35702746365104,199,256,271.18901453957994,271.18901453957994,123,296,33.97415185783522,33.97415185783522,25,53,0.44845712323487574,,,,,,0.5203059033579421,,,,0.36989578982938354,,,,1.3281563330644972,,,,2.1139215918476024,,,
2022-07-25,10.297494,105.145318,4812.309554140127,4812.309554140127,0.4205493395851761,302.98216560509553,302.98216560509553,263,349,127.85987261146498,127.85987261146498,64,174,47.52866242038217,47.52866242038217,21,56,0.4488267464907874,,,,,,0.5207772954386789,,,,0.37018388417875514,,,,1.3294980738623732,,,,2.1155154894017985,,,
2022-07-26,10.421066,105.136822,3627.7461538461544,3627.7461538461544,0.3374588542960933,239.13333333333333,239.13333333333333,204,278,585.4538461538463,585.4538461538463,504,658,28.030769230769234,28.030769230769234,12,33,0.4491963697466991,,,,,,0.5212486875194156,,,,0.37047197852812674,,,,1.3308398146602494,,,,2.117109386955994,,,
2022-07-26,10.43062,105.165627,5996.497435897435,5996.497435897435,0.636237167829634,220.97564102564095,220.97564102564095,203,280,361.05641025641023,361.05641025641023,261,416,77.95384615384614,77.95384615384614,43,98,0.4495659930026108,,,,,,0.5217200796001522,,,,0.37076007287749835,,,,1.3321815554581253,,,,2.11870328451019,,,
2022-07-26,10.429339,105.125493,2849.3841309823683,2849.3841309823683,0.3229646321527185,219.22544080604538,219.22544080604538,209,254,584.4244332493704,584.4244332493704,424,621,16.897984886649876,16.897984886649876,12,25,0.4499356162585224,,,,,,0.522191471680889,,,,0.37104816722686995,,,,1.3335232962560015,,,,2.120297182064386,,,
2022-07-26,10.429212,105.141436,4537.986163522012,4537.986163522012,0.44835494701320455,243.36477987421378,243.36477987421378,204,265,512.5119496855345,512.5119496855345,371,629,20.161006289308176,20.161006289308176,12,33,0.45030523951443413,,,,,,0.5226628637616257,,,,0.3713362615762415,,,,1.3348650370538775,,,,2.1218910796185817,,,
2022-07-26,10.438048,105.153225,6042.408629441626,6042.408629441626,0.6299755138483487,257.3946700507614,257.3946700507614,205,329,333.26522842639594,333.26522842639594,139,466,32.56091370558376,32.56091370558376,13,49,0.4506748627703458,,,,,,0.5231342558423624,,,,0.3716243559256131,,,,1.3362067778517535,,,,2.1234849771727777,,,
2022-07-26,10.42324,105.126544,3306.8614993646765,3306.8614993646765,0.3486136956329557,219.5959339263024,219.5959339263024,205,254,613.7941550190598,613.7941550190598,496,658,15.820838627700128,15.820838627700128,12,39,0.45104448602625746,,,,,,0.5236056479230992,,,,0.3719124502749847,,,,1.3375485186496294,,,,2.1250788747269738,,,
2022-07-26,10.422463,105.151846,5227.093081761006,5227.093081761006,0.4515426462149263,230.54713114754102,230.54713114754102,209,260,419.46106557377055,419.46106557377055,355,474,35.11065573770492,35.11065573770492,18,47,0.4514141092821692,,,,,,0.5240770400038359,,,,0.37220054462435626,,,,1.3388902594475056,,,,2.12667277228117,,,
2022-07-26,10.420174,105.16361,4016.968513853905,4016.968513853905,0.3074348738143581,209.10075566750626,209.10075566750626,204,234,379.38539042821156,379.38539042821156,219,494,32.27455919395466,32.27455919395466,18,56,0.4517837325380808,,,,,,0.5245484320845726,,,,0.37248863897372786,,,,1.3402320002453816,,,,2.1282666698353654,,,
2022-07-26,10.429142,105.151556,6419.152585119798,6419.152585119798,0.6251055552053506,267.2421185372005,267.2421185372005,226,329,332.0857503152585,332.0857503152585,277,408,23.28499369482976,23.28499369482976,13,37,0.4521533557939925,,,,,,0.5250198241653093,,,,0.37277673332309946,,,,1.3415737410432578,,,,2.1298605673895614,,,
2022-07-26,10.415236,105.156765,3442.6855345911945,3442.6855345911945,0.23800116011936887,241.05496828752644,241.05496828752644,205,267,251.0021141649049,251.0021141649049,219,458,21.957716701902747,21.957716701902747,16,44,0.4525229790499042,,,,,,0.525491216246046,,,,0.37306482767247107,,,,1.3429154818411337,,,,2.1314544649437575,,,
2022-07-26,10.414613,105.125615,4715.355974842768,4715.355974842768,0.4740544807025466,227.011320754717,227.011320754717,205,264,460.6641509433963,460.6641509433963,334,568,45.54842767295598,45.54842767295598,33,65,0.45289260230581585,,,,,,0.5259626083267828,,,,0.37335292202184267,,,,1.3442572226390097,,,,2.133048362497953,,,
2022-07-26,10.408214,105.131329,4763.510204081632,4763.510204081632,0.41515665493255294,249.04081632653063,249.04081632653063,210,271,359.5344387755101,359.5344387755101,326,496,44.87500000000001,44.87500000000001,30,65,0.45326222556172757,,,,,,0.5264340004075194,,,,0.3736410163712143,,,,1.3455989634368857,,,,2.134642260052149,,,
2022-07-26,10.407982,105.123304,4405.925692695214,4405.925692695214,0.40751596994955797,221.94332493702777,221.94332493702777,207,241,437.5327455919395,437.5327455919395,334,525,38.6095717884131,38.6095717884131,31,65,0.45363184881763924,,,,,,0.5269053924882562,,,,0.3739291107205858,,,,1.3469407042347619,,,,2.136236157606345,,,
2022-07-26,10.407581,105.1521,2910.4884615384613,2910.4884615384613,0.15353248715544215,247.84743589743587,247.84743589743587,211,263,460.87307692307695,460.87307692307695,240,590,18.406410256410254,18.406410256410254,13,21,0.4540014720735509,,,,,,0.527376784568993,,,,0.3742172050699574,,,,1.348282445032638,,,,2.137830055160541,,,
2022-07-26,10.403175,105.123726,4204.527388535032,4204.527388535032,0.38131235827897286,217.03694267515925,217.03694267515925,211,231,424.9439490445859,424.9439490445859,334,525,34.20254777070063,34.20254777070063,19,55,0.4543710953294626,,,,,,0.5278481766497296,,,,0.374505299419329,,,,1.349624185830514,,,,2.1394239527147367,,,
2022-07-26,10.399645,105.141286,2933.4472681067346,2933.4472681067346,0.24050000603757893,207.35069885641678,207.35069885641678,197,237,338.79288437102923,338.79288437102923,299,445,17.296060991105463,17.296060991105463,10,25,0.45474071858537424,,,,,,0.5283195687304664,,,,0.3747933937687006,,,,1.35096592662839,,,,2.1410178502689328,,,
2022-07-26,10.399444,105.118528,4684.287688442211,4684.287688442211,0.44154323361137626,223.79396984924625,223.79396984924625,212,249,420.1645728643216,420.1645728643216,334,525,40.788944723618094,40.788944723618094,19,55,0.45511034184128596,,,,,,0.528790960811203,,,,0.3750814881180722,,,,1.352307667426266,,,,2.1426117478231284,,,
2022-07-26,10.419552,105.116409,4436.174242424242,4436.174242424242,0.45484062879652326,256.9646464646465,256.9646464646465,197,336,494.66414141414134,494.66414141414134,416,557,28.1540404040404,28.1540404040404,12,43,0.4554799650971976,,,,,,0.5292623528919398,,,,0.3753695824674438,,,,1.3536494082241421,,,,2.1442056453773244,,,
2022-07-28,10.521024,105.146349,6704.6544303797455,6704.6544303797455,0.6710565688888219,249.5911392405063,249.5911392405063,216,349,419.36835443037967,419.36835443037967,248,504,64.62405063291139,64.62405063291139,60,77,0.4558495883531093,,,,,,0.5297337449726764,,,,0.3756576768168154,,,,1.3549911490220181,,,,2.1457995429315204,,,
2022-07-28,10.522164,105.178664,7053.526048284626,7053.526048284626,0.7633626403552967,255.80686149936471,255.80686149936471,218,271,275.4790343074969,275.4790343074969,182,480,59.19949174078781,59.19949174078781,25,84,0.456219211609021,,,,,,0.5302051370534132,,,,0.375945771166187,,,,1.3563328898198943,,,,2.1473934404857165,,,
2022-07-28,10.534615,105.134916,4241.961587708066,4241.961587708066,0.45264706641224184,253.1830985915493,253.1830985915493,227,273,504.32522407170285,504.32522407170285,299,571,37.880921895006395,37.880921895006395,24,49,0.4565888348649326,,,,,,0.53067652913415,,,,0.3762338655155586,,,,1.3576746306177703,,,,2.148987338039912,,,
2022-07-28,10.542192,105.18792,4527.8805031446545,4527.8805031446545,0.4348608879993726,290.3182389937107,290.3182389937107,216,323,237.86666666666667,237.86666666666667,125,422,45.444025157232694,45.444025157232694,38,72,0.45695845812084435,,,,,,0.5311479212148866,,,,0.37652195986493014,,,,1.3590163714156462,,,,2.150581235594108,,,
2022-07-28,10.546629,105.163964,5348.711223203027,5348.711223203027,0.48784679538519043,330.9319041614124,330.9319041614124,231,374,408.4010088272384,408.4010088272384,370,459,26.168978562421188,26.168978562421188,12,48,0.457328081376756,,,,,,0.5316193132956234,,,,0.37681005421430175,,,,1.3603581122135222,,,,2.152175133148304,,,
2022-07-28,10.555822,105.1711,5456.397727272728,5456.397727272728,0.5348790923618211,280.0265151515151,280.0265151515151,222,342,358.8421717171717,358.8421717171717,246,472,37.965909090909086,37.965909090909086,22,89,0.4576977046326677,,,,,,0.53209070537636,,,,0.3770981485636733,,,,1.3616998530113984,,,,2.1537690307024997,,,
2022-07-28,10.546857,105.181035,5894.05183312263,5894.05183312263,0.6053120345162396,285.7901390644754,285.7901390644754,242,378,333.724399494311,333.724399494311,158,451,46.68015170670038,46.68015170670038,38,67,0.4580673278885794,,,,,,0.5325620974570968,,,,0.3773862429130449,,,,1.3630415938092746,,,,2.1553629282566957,,,
2022-07-28,10.547628,105.146859,4662.106734434561,4662.106734434561,0.4827013637989478,217.9813664596273,217.9813664596273,198,253,442.3043478260868,442.3043478260868,307,504,41.923395445134574,41.923395445134574,26,46,0.45843695114449107,,,,,,0.5330334895378335,,,,0.3776743372624165,,,,1.3643833346071506,,,,2.1569568258108918,,,
2022-07-28,10.51191,105.170596,7181.77106918239,7181.77106918239,0.7704369127152391,245.67798742138368,245.67798742138368,218,262,366.48553459119495,366.48553459119495,322,445,69.26289308176099,69.26289308176099,58,76,0.45880657440040273,,,,,,0.5335048816185702,,,,0.3779624316117881,,,,1.3657250754050265,,,,2.158550723365088,,,
2022-07-28,10.560601,105.1792,7074.335868187579,7074.335868187579,0.8212661087599604,272.5044359949303,272.5044359949303,225,440,209.88846641318122,209.88846641318122,117,350,39.02915082382763,39.02915082382763,6,89,0.45917619765631446,,,,,,0.533976273699307,,,,0.3782505259611597,,,,1.3670668162029025,,,,2.1601446209192834,,,
2022-07-28,10.565735,105.172074,6783.7984886649865,6783.7984886649865,0.786286912372008,244.74433249370279,244.74433249370279,198,290,246.4785894206549,246.4785894206549,189,370,43.42821158690176,43.42821158690176,29,52,0.45954582091222607,,,,,,0.5344476657800437,,,,0.3785386203105313,,,,1.3684085570007785,,,,2.1617385184734794,,,
2022-07-28,10.546679,105.126512,5374.5428211586905,5374.5428211586905,0.5655262424923181,233.0793450881612,233.0793450881612,203,304,470.2342569269521,470.2342569269521,314,688,26.63476070528968,26.63476070528968,13,49,0.4599154441681378,,,,,,0.5349190578607804,,,,0.37882671465990286,,,,1.3697502977986546,,,,2.163332416027675,,,
2022-07-28,10.505349,105.165087,5909.673052362708,5909.673052362708,0.5799922238112887,264.2579821200511,264.2579821200511,221,298,367.4814814814815,367.4814814814815,342,410,50.272030651341005,50.272030651341005,35,71,0.46028506742404945,,,,,,0.5353904499415172,,,,0.37911480900927447,,,,1.3710920385965308,,,,2.164926313581871,,,
2022-07-28,10.436907,105.236241,4928.3583227446,4928.3583227446,0.45018573508707244,209.7395171537484,209.7395171537484,197,247,554.9059720457434,554.9059720457434,478,651,28.429479034307494,28.429479034307494,19,32,0.4606546906799611,,,,,,0.5358618420222538,,,,0.37940290335864607,,,,1.3724337793944068,,,,2.166520211136067,,,
2022-07-28,10.451085,105.243664,4600.742749054223,4600.742749054223,0.45616620516475426,247.42748091603053,247.42748091603053,190,248,615.1068702290077,615.1068702290077,504,629,39.23664122137405,39.23664122137405,38,47,0.46102431393587284,,,,,,0.5363332341029905,,,,0.3796909977080176,,,,1.3737755201922828,,,,2.168114108690263,,,
2022-07-28,10.443488,105.236111,4497.153944020356,4497.153944020356,0.4143573428617939,210.9618320610687,210.9618320610687,189,248,526.5229007633587,526.5229007633587,462,614,25.11704834605598,25.11704834605598,20,38,0.46139393719178445,,,,,,0.5368046261837273,,,,0.3799790920573892,,,,1.3751172609901587,,,,2.1697080062444587,,,
2022-07-28,10.432459,105.260003,2355.281368821293,2355.281368821293,0.06787260969979957,203.26235741444873,203.26235741444873,187,248,446.15462610899885,446.15462610899885,416,515,22.316856780735108,22.316856780735108,13,29,0.4617635604476962,,,,,,0.537276018264464,,,,0.3802671864067608,,,,1.376459001788035,,,,2.1713019037986547,,,
2022-07-28,10.430085,105.221996,4519.6461538461535,4519.6461538461535,0.4489261284644923,241.6192307692308,241.6192307692308,201,318,473.12564102564113,473.12564102564113,158,666,38.6948717948718,38.6948717948718,30,45,0.46213318370360784,,,,,,0.5377474103452007,,,,0.38055528075613243,,,,1.377800742585911,,,,2.1728958013528508,,,
2022-07-28,10.420483,105.223648,4664.358876117497,4664.358876117497,0.4474004527683743,221.82758620689654,221.82758620689654,213,241,577.2068965517242,577.2068965517242,528,666,43.72924648786718,43.72924648786718,39,51,0.4625028069595195,,,,,,0.5382188024259374,,,,0.38084337510550403,,,,1.379142483383787,,,,2.1744896989070464,,,
2022-07-28,10.417011,105.261676,2103.6050632911392,2103.6050632911392,0.0939633307713971,233.71518987341776,233.71518987341776,189,289,457.01012658227853,457.01012658227853,400,552,14.700000000000001,14.700000000000001,9,25,0.46287243021543123,,,,,,0.5386901945066742,,,,0.38113146945487564,,,,1.380484224181663,,,,2.1760835964612424,,,
2022-07-28,10.413908,105.234515,3211.1822784810124,3211.1822784810124,0.24119525464588842,196.68101265822784,196.68101265822784,188,217,496.65443037974677,496.65443037974677,440,594,27.562025316455696,27.562025316455696,16,32,0.4632420534713429,,,,,,0.5391615865874109,,,,0.3814195638042472,,,,1.381825964979539,,,,2.1776774940154384,,,
2022-07-28,10.413742,105.22261,4035.98595146871,4035.98595146871,0.36126171255512846,213.65134099616859,213.65134099616859,189,252,569.5862068965517,569.5862068965517,485,614,29.32950191570881,29.32950191570881,16,51,0.46361167672725456,,,,,,0.5396329786681476,,,,0.3817076581536188,,,,1.383167705777415,,,,2.1792713915696345,,,
2022-07-28,10.412925,105.251545,3383.323270440251,3383.323270440251,0.24627071225355984,229.22138364779875,229.22138364779875,191,307,459.2754716981132,459.2754716981132,157,562,23.78616352201258,23.78616352201258,5,33,0.4639812999831663,,,,,,0.5401043707488843,,,,0.38199575250299034,,,,1.3845094465752912,,,,2.18086528912383,,,
2022-07-28,10.410742,105.220616,3669.733333333334,3669.733333333334,0.31284278101051244,231.42138364779876,231.42138364779876,189,257,536.1182389937107,536.1182389937107,362,614,20.342138364779878,20.342138364779878,16,51,0.4643509232390779,,,,,,0.540575762829621,,,,0.38228384685236194,,,,1.3858511873731674,,,,2.182459186678026,,,
2022-07-28,10.407515,105.229231,3608.650955414013,3608.650955414013,0.24877075579667907,210.7936305732484,210.7936305732484,188,242,473.2433121019108,473.2433121019108,413,594,21.266242038216557,21.266242038216557,18,29,0.4647205464949896,,,,,,0.5410471549103577,,,,0.38257194120173355,,,,1.3871929281710433,,,,2.1840530842322217,,,
2022-07-28,10.406597,105.221367,3998.390644753476,3998.390644753476,0.3540115136509145,246.34386852085962,246.34386852085962,191,257,489.17446270543616,489.17446270543616,456,571,21.41719342604299,21.41719342604299,11,26,0.4650901697509013,,,,,,0.5415185469910945,,,,0.38286003555110515,,,,1.3885346689689193,,,,2.1856469817864177,,,
2022-07-28,10.467229,105.24767,3672.6909323116215,3672.6909323116215,0.27903311131848235,202.2375478927203,202.2375478927203,190,236,417.2260536398467,417.2260536398467,384,483,30.8352490421456,30.8352490421456,24,47,0.46545979300681295,,,,,,0.5419899390718312,,,,0.38314812990047675,,,,1.3898764097667953,,,,2.1872408793406137,,,
2022-08-04,10.38045,105.349866,1646.7846347607056,1646.7846347607056,0.11679887838117331,303.9219143576827,303.9219143576827,224,396,509.17002518891695,509.17002518891695,419,645,18.964735516372798,18.964735516372798,17,23,0.46582941626272467,,,,,,0.5424613311525679,,,,0.38343622424984836,,,,1.3912181505646712,,,,2.1888347768948098,,,
2022-08-04,10.374447,105.330923,1375.335467349552,1375.335467349552,0.038154723140931934,276.8130601792574,276.8130601792574,239,329,559.2317541613318,559.2317541613318,416,618,17.52496798975672,17.52496798975672,10,25,0.4661990395186363,,,,,,0.5429327232333047,,,,0.38372431859921996,,,,1.3925598913625474,,,,2.1904286744490054,,,
2022-08-04,10.369692,105.29684,1570.2349246231156,1570.2349246231156,0.027299062374764982,276.81407035175874,276.81407035175874,222,313,464.320351758794,464.320351758794,328,531,22.236180904522612,22.236180904522612,21,35,0.466568662774548,,,,,,0.5434041153140413,,,,0.3840124129485915,,,,1.3939016321604236,,,,2.1920225720032014,,,
2022-08-04,10.359519,105.360913,4497.584905660377,4497.584905660377,0.4560731584948361,225.98993710691826,225.98993710691826,218,239,431.85283018867926,431.85283018867926,174,565,14.533333333333337,14.533333333333337,6,35,0.46693828603045967,,,,,,0.5438755073947781,,,,0.3843005072979631,,,,1.3952433729582996,,,,2.1936164695573974,,,
2022-08-04,10.354744,105.336739,2343.680769230769,2343.680769230769,0.1414653257503591,231.42948717948715,231.42948717948715,216,291,445.09743589743584,445.09743589743584,392,483,20.31282051282051,20.31282051282051,13,26,0.46730790928637134,,,,,,0.5443468994755147,,,,0.38458860164733466,,,,1.3965851137561756,,,,2.195210367111593,,,
2022-08-04,10.363786,105.288188,2756.4411764705883,2756.4411764705883,0.1513365924401437,260.0997442455243,260.0997442455243,224,298,369.7813299232737,369.7813299232737,312,520,33.88235294117647,33.88235294117647,21,36,0.46767753254228306,,,,,,0.5448182915562515,,,,0.38487669599670626,,,,1.3979268545540515,,,,2.196804264665789,,,
2022-08-05,10.663484,105.168203,6575.70707070707,6575.70707070707,0.727947641277993,255.42676767676772,255.42676767676772,227,320,327.65656565656565,327.65656565656565,154,450,27.89520202020202,27.89520202020202,22,49,0.4680471557981947,,,,,,0.5452896836369883,,,,0.38516479034607787,,,,1.3992685953519277,,,,2.198398162219985,,,
2022-08-05,10.649258,105.142121,5541.170076726343,5541.170076726343,0.5805159234103457,258.92199488491053,258.92199488491053,246,335,291.111253196931,291.111253196931,93,355,26.26982097186701,26.26982097186701,21,32,0.4684167790541064,,,,,,0.5457610757177249,,,,0.38545288469544947,,,,1.4006103361498037,,,,2.199992059774181,,,
2022-08-05,10.636733,105.155635,6063.93181818182,6063.93181818182,0.5814372915296826,238.8876262626263,238.8876262626263,218,263,242.90530303030303,242.90530303030303,189,371,30.272727272727273,30.272727272727273,23,54,0.4687864023100181,,,,,,0.5462324677984617,,,,0.3857409790448211,,,,1.4019520769476799,,,,2.2015859573283767,,,
2022-08-05,10.634849,105.13078,6225.489924433249,6225.489924433249,0.6553105068263233,286.15994962216627,286.15994962216627,233,450,321.2833753148615,321.2833753148615,282,363,47.1095717884131,47.1095717884131,41,53,0.4691560255659297,,,,,,0.5467038598791985,,,,0.3860290733941927,,,,1.4032938177455558,,,,2.2031798548825727,,,
2022-08-05,10.628311,105.12253,6781.469182389936,6781.469182389936,0.7085353965653762,319.90817610062896,319.90817610062896,243,450,386.4100628930817,386.4100628930817,298,482,62.63773584905661,62.63773584905661,41,100,0.46952564882184145,,,,,,0.5471752519599351,,,,0.3863171677435642,,,,1.4046355585434318,,,,2.2047737524367683,,,
2022-08-05,10.625462,105.098238,6175.02641509434,6175.02641509434,0.6553624058732237,240.22641509433961,240.22641509433961,234,264,262.9119496855346,262.9119496855346,139,398,36.51572327044025,36.51572327044025,33,74,0.4698952720777531,,,,,,0.5476466440406718,,,,0.38660526209293583,,,,1.4059772993413078,,,,2.2063676499909644,,,
2022-08-05,10.623506,105.132794,5929.016560509554,5929.016560509554,0.5706009635199971,248.0789808917198,248.0789808917198,223,275,362.3859872611465,362.3859872611465,262,467,58.54012738853504,58.54012738853504,45,89,0.4702648953336648,,,,,,0.5481180361214085,,,,0.38689335644230743,,,,1.407319040139184,,,,2.2079615475451604,,,
2022-08-05,10.619493,105.095029,5901.462130937099,5901.462130937099,0.5673634564565162,269.614890885751,269.614890885751,233,301,172.28112965340176,172.28112965340176,109,290,52.973042362002566,52.973042362002566,33,74,0.4706345185895765,,,,,,0.5485894282021453,,,,0.387181450791679,,,,1.4086607809370602,,,,2.2095554450993564,,,
2022-08-05,10.612317,105.116551,6138.881012658228,6138.881012658228,0.6491214981897782,241.04936708860757,241.04936708860757,225,298,234.13544303797465,234.13544303797465,45,526,64.28101265822784,64.28101265822784,41,88,0.4710041418454881,,,,,,0.549060820282882,,,,0.3874695451410506,,,,1.4100025217349361,,,,2.211149342653552,,,
2022-08-05,10.608536,105.076041,0.6442076396372988,0.6442076396372988,0.42142505649332,234.3358490566037,234.3358490566037,231,252,322.3584905660377,322.3584905660377,226,394,21.713207547169812,21.713207547169812,17,28,0.47137376510139983,0.47137376510139983,0.09413536600711314,0.677847085411234,0.17080293595790863,0.8395928144454956,0.5495322123636187,0.5495322123636187,0.09830012287007368,0.8920047545896594,0.3877576394904222,0.3877576394904222,-0.01719506560856165,0.5833500025711277,1.411344262532812,1.411344262532812,-0.03380878690809275,2.800192037302067,2.212743240207748,2.212743240207748,0.4999650222957134,2.919646802663803
2022-08-05,10.593644,105.075243,0.6953539896167662,0.6953539896167662,0.674789022592404,247.3719433719434,247.3719433719434,231,258,230.8648648648649,230.8648648648649,101,459,15.346203346203346,15.346203346203346,12,21,0.5093542804516242,0.5093542804516242,0.029680357544798742,0.660729084907564,0.047726619988679886,0.8367975354194641,0.6089090421042084,0.6089090421042084,0.03411108421022173,1.6581415944315938,0.44646904394620474,0.44646904394620474,-0.1585393619770793,0.5909580292434676,1.6618941593997607,1.6618941593997607,-0.27368834789786944,2.8894738021649813,2.39779073443346,2.39779073443346,0.05467491111904382,2.909533483147621
2022-08-05,10.59278,105.103464,4281.553459119497,4281.553459119497,0.31447033889965736,249.79874213836482,249.79874213836482,229,280,254.54591194968552,254.54591194968552,147,410,70.87044025157232,70.87044025157232,44,76,0.5093542804516242,,,,,,0.6089090421042084,,,,0.44646904394620474,,,,1.6618941593997607,,,,2.39779073443346,,,
2022-08-05,10.612095,105.141919,5579.195431472081,5579.195431472081,0.5437567696927443,269.55076142131986,269.55076142131986,252,356,383.3172588832488,383.3172588832488,357,488,47.30837563451778,47.30837563451778,22,57,0.5093542804516242,,,,,,0.6089090421042084,,,,0.44646904394620474,,,,1.6618941593997607,,,,2.39779073443346,,,
2022-08-05,10.590564,105.128439,5472.167085427136,5472.167085427136,0.4573207773518275,274.36180904522615,274.36180904522615,222,392,296.2751256281407,296.2751256281407,234,373,34.80653266331658,34.80653266331658,28,59,0.5093542804516242,,,,,,0.6089090421042084,,,,0.44646904394620474,,,,1.6618941593997607,,,,2.39779073443346,,,
2022-08-05,10.548566,105.198194,6009.553729456386,6009.553729456386,0.7054562410669293,243.58533501896335,243.58533501896335,222,255,251.597977243995,251.597977243995,219,429,40.98609355246524,40.98609355246524,30,47,0.5093542804516242,,,,,,0.6089090421042084,,,,0.44646904394620474,,,,1.6618941593997607,,,,2.39779073443346,,,
2022-08-05,10.592696,105.11414,3457.2812105926864,3457.2812105926864,0.19785145110266392,275.8221941992434,275.8221941992434,243,306,317.06809583858774,317.06809583858774,125,526,72.1172761664565,72.1172761664565,51,75,0.5093542804516242,,,,,,0.6089090421042084,,,,0.44646904394620474,,,,1.6618941593997607,,,,2.39779073443346,,,
2022-08-05,10.565493,105.106594,4830.219667943806,4830.219667943806,0.4718324708661969,257.874840357599,257.874840357599,235,274,416.38697318007667,416.38697318007667,189,592,37.6360153256705,37.6360153256705,23,55,0.5093542804516242,,,,,,0.6089090421042084,,,,0.44646904394620474,,,,1.6618941593997607,,,,2.39779073443346,,,
2022-08-05,10.56984,105.190938,6520.664564943254,6520.664564943254,0.7573371579699123,250.11727616645655,250.11727616645655,230,275,333.8675914249685,333.8675914249685,234,462,61.25094577553595,61.25094577553595,27,90,0.5093542804516242,,,,,,0.6089090421042084,,,,0.44646904394620474,,,,1.6618941593997607,,,,2.39779073443346,,,
2022-08-05,10.571202,105.135919,4510.106002554278,4510.106002554278,0.3654469781507233,247.4776500638569,247.4776500638569,213,294,214.6602809706258,214.6602809706258,189,291,53.3103448275862,53.3103448275862,49,57,0.5093542804516242,,,,,,0.6089090421042084,,,,0.44646904394620474,,,,1.6618941593997607,,,,2.39779073443346,,,
2022-08-05,10.557257,105.1886,6036.904040404041,6036.904040404041,0.7041697654184632,246.74747474747474,246.74747474747474,219,261,264.3068181818182,264.3068181818182,133,406,44.099747474747474,44.099747474747474,40,45,0.5093542804516242,,,,,,0.6089090421042084,,,,0.44646904394620474,,,,1.6618941593997607,,,,2.39779073443346,,,
2022-08-05,10.576126,105.183375,6578.027954256671,6578.027954256671,0.7794639277593602,224.05717916137232,224.05717916137232,213,269,391.0864040660737,391.0864040660737,246,517,35.165184243964426,35.165184243964426,23,56,0.5093542804516242,,,,,,0.6089090421042084,,,,0.44646904394620474,,,,1.6618941593997607,,,,2.39779073443346,,,
2022-08-05,10.58174,105.119446,4841.378653113088,4841.378653113088,0.34880344386548257,270.33418043202033,270.33418043202033,241,355,302.66836086404066,302.66836086404066,189,386,35.598475222363405,35.598475222363405,28,51,0.5093542804516242,,,,,,0.6089090421042084,,,,0.44646904394620474,,,,1.6618941593997607,,,,2.39779073443346,,,
2022-08-05,10.585739,105.193578,5102.727272727272,5102.727272727272,0.5109175099289774,242.7349551856594,242.7349551856594,212,272,440.8668373879641,440.8668373879641,291,595,41.88604353393085,41.88604353393085,13,67,0.5093542804516242,,,,,,0.6089090421042084,,,,0.44646904394620474,,,,1.6618941593997607,,,,2.39779073443346,,,
2022-08-05,10.588345,105.091229,4329.091823899371,4329.091823899371,0.3590920396213153,240.88050314465406,240.88050314465406,222,253,364.49308176100624,364.49308176100624,147,606,41.80125786163523,41.80125786163523,23,58,0.5093542804516242,,,,,,0.6089090421042084,,,,0.44646904394620474,,,,1.6618941593997607,,,,2.39779073443346,,,
2022-08-05,10.571793,105.16066,5401.3796178343955,5401.3796178343955,0.5513949079559641,252.93757961783442,252.93757961783442,236,301,258.8114649681529,258.8114649681529,166,320,34.54012738853504,34.54012738853504,25,46,0.5093542804516242,,,,,,0.6089090421042084,,,,0.44646904394620474,,,,1.6618941593997607,,,,2.39779073443346,,,
2022-08-09,10.621354,105.162316,6073.359848484848,6073.359848484848,0.7104460252830676,245.17550505050508,245.17550505050508,221,274,355.5997474747475,355.5997474747475,306,493,56.42676767676768,56.42676767676768,50,62,0.5093542804516242,,,,,,0.6089090421042084,,,,0.44646904394620474,,,,1.6618941593997607,,,,2.39779073443346,,,
2022-08-09,10.585209,105.164803,5684.660668380464,5684.660668380464,0.6248352807472514,269.5745501285347,269.5745501285347,244,421,403.07069408740364,403.07069408740364,267,478,39.087403598971726,39.087403598971726,34,52,0.5093542804516242,,,,,,0.6089090421042084,,,,0.44646904394620474,,,,1.6618941593997607,,,,2.39779073443346,,,
2022-08-09,10.594603,105.175686,6460.50819672131,6460.50819672131,0.7113985476543917,236.9167717528373,236.9167717528373,223,288,370.4817150063051,370.4817150063051,291,611,51.162673392181574,51.162673392181574,30,71,0.5093542804516242,,,,,,0.6089090421042084,,,,0.44646904394620474,,,,1.6618941593997607,,,,2.39779073443346,,,
2022-08-09,10.603991,105.147312,6900.482367758187,6900.482367758187,0.8035624210290143,285.6007556675063,285.6007556675063,252,338,399.0012594458439,399.0012594458439,349,494,63.49748110831234,63.49748110831234,30,72,0.5093542804516242,,,,,,0.6089090421042084,,,,0.44646904394620474,,,,1.6618941593997607,,,,2.39779073443346,,,
2022-08-09,10.605148,105.164514,7146.062735257215,7146.062735257215,0.8227362071930884,284.73023839397746,284.73023839397746,262,302,377.6097867001255,377.6097867001255,298,443,64.58845671267254,64.58845671267254,29,74,0.5093542804516242,,,,,,0.6089090421042084,,,,0.44646904394620474,,,,1.6618941593997607,,,,2.39779073443346,,,
2022-08-09,10.615175,105.153736,6436.968474148802,6436.968474148802,0.7391445001475948,227.71122320302646,227.71122320302646,218,256,513.7881462799495,513.7881462799495,306,656,63.983606557377044,63.983606557377044,52,79,0.5093542804516242,,,,,,0.6089090421042084,,,,0.44646904394620474,,,,1.6618941593997607,,,,2.39779073443346,,,
2022-08-09,10.619835,105.201297,6113.407035175878,6113.407035175878,0.6894346120184874,222.10552763819098,222.10552763819098,216,231,415.1143216080402,415.1143216080402,275,450,55.47110552763819,55.47110552763819,20,66,0.5093542804516242,,,,,,0.6089090421042084,,,,0.44646904394620474,,,,1.6618941593997607,,,,2.39779073443346,,,
2022-08-09,10.633572,105.172813,6990.620204603581,6990.620204603581,0.8290444918406739,232.57544757033244,232.57544757033244,220,261,331.6176470588235,331.6176470588235,274,398,67.86189258312021,67.86189258312021,51,72,0.5093542804516242,,,,,,0.6089090421042084,,,,0.44646904394620474,,,,1.6618941593997607,,,,2.39779073443346,,,
