date,latitude,longitude,RVI_mean,RVI_stdDev,RVI_min,RVI_max,VH_mean,VH_stdDev,VH_min,VH_max,VV_mean,VV_stdDev,VV_min,VV_max,VVVH_ratio_mean,VVVH_ratio_stdDev,VVVH_ratio_min,VVVH_ratio_max
2022-03-18,10.282741,105.414218,0.7611680596979916,0.18150448885684248,0.24754387395604413,1.6069766984769112,-17.06743041882599,1.9930567175435125,-22.15762589323183,-5.337650102919006,-10.657433454360257,1.8426530812786894,-16.92425542536916,0.03288872118974373,4.587385637766008,1.505177204408093,1.4891462357800151,15.158751723786434
2022-03-18,10.292251,105.405536,0.6562115780925218,0.19411657786248282,0.15322876050965425,1.5994669986768912,-16.813497713598146,2.2732276282251695,-22.440188196568158,-7.426419514567404,-9.541487885911753,2.3874504816058533,-15.874421158440565,2.403276658820535,5.761125745046381,2.535492491727745,1.5008330920918493,25.104759881210278
2022-03-18,10.303175,105.416814,0.6799002555294196,0.2043292715789957,0.138390416098834,1.8191721356862736,-16.499689064405295,2.8622253217672196,-26.88302716073541,-6.0866375251868945,-9.412554749234893,2.3840987971147083,-17.733701581828,-0.7010673987753031,5.531490191637327,2.5681102584554716,1.1988023681392967,27.903735625329194
2022-03-18,10.320924,105.404264,0.8230598400598913,0.20375238802361476,0.22477639621100012,1.8217799896003735,-16.157668956637064,2.0236024612059875,-23.042964586291088,-6.169058824249321,-10.15719317347647,1.7817733715662996,-15.041803070374156,-3.5895595570948853,4.216073888441403,1.573678037561577,1.1956548116863674,16.795462812942134
2022-03-18,10.335158,105.395026,0.8480485702078779,0.23757148775782802,0.1742400765025369,1.8359272885275308,-15.515857988359219,2.0509073866100684,-22.621998587726544,-8.29927292063361,-9.645068260646557,2.3832111427400617,-16.31822142805177,2.4320584030392913,4.158376627257332,1.767057220889221,1.1787355223681657,21.956831059137887
2022-03-20,10.430707,105.315671,0.9642183036915545,0.22257652259158678,0.2186934292643196,1.951424500452501,-16.530452511004384,1.501800983479502,-24.08719850296557,-8.09846621953694,-11.440407081491834,1.8490735080765643,-17.585583226554313,-0.20976369405654682,3.398106119151408,1.1801933480376732,1.0497846568352867,17.290444360655563
2022-03-20,10.434624,105.327551,0.9864686654083297,0.22004984026606833,0.34962228183295135,1.9132141603826496,-16.92062407275067,1.1982031309938406,-21.513262570555334,-13.21997242874978,-11.971079531439198,1.414619238560311,-15.908740833457877,-7.274346294372971,3.2747475948881113,1.0389902895120597,1.0907225562244354,10.440918407800995
2022-03-20,10.436532,105.313783,0.9604484515411941,0.21248874374903826,0.056529975899809015,1.7565359359363317,-16.279181797070123,1.8482615575224768,-27.260627617259487,-12.079116635772344,-11.168812937408894,1.9310094774603395,-21.106160956778744,4.623482704315904,3.448986796192158,2.0926042196113364,1.2772093175923422,69.75891925178608
2022-03-20,10.439647,105.334052,0.977803975871111,0.21746783364063255,0.2994614962139792,2.0302875874293735,-17.202792219042305,1.1260953644858596,-21.103642215774293,-12.304200143892466,-12.203253663254655,1.4865102944754618,-16.892605514126195,-2.7559931543963145,3.3113564803002067,1.0628254870858909,0.9701642391778382,12.357309873125772
2022-03-20,10.442271,105.339057,0.9157362841798923,0.1938196422188891,0.3895991583684848,2.0302875874293735,-16.43144759375906,1.212210692919785,-21.103642215774293,-13.089333304835563,-11.071355474487316,1.521286123076575,-16.892605514126195,-6.274699430186484,3.5638011718424605,0.9632891808492232,0.9701642391778382,9.266962630901734
2022-03-20,10.443677,105.348236,0.8248371749280781,0.22691031600498343,0.10541800404727528,1.6570665741164559,-15.652999579283229,2.324644956003015,-26.978219997017,-6.241629449473839,-9.601850950262525,2.8266887585738862,-20.63632492018263,8.77272198968417,4.465470761599662,2.8080970595169945,1.4139042223652303,36.94418264840395
2022-03-20,10.444036,105.331928,0.9566742395509017,0.2239115816876269,0.3197833436536331,2.0302875874293735,-15.906662203530226,1.6453790125804109,-21.035320058855632,-1.3946288507971047,-10.768320153058793,1.914633397830695,-16.892605514126195,1.321910305391397,3.44080231266626,1.201117975962327,0.9701642391778382,11.508468872389175
2022-03-20,10.446006,105.338972,0.8327959664117945,0.22700070931588645,0.07156299357173444,1.559277726341187,-15.571263293401786,1.6137285793559863,-19.94143067409903,-3.173029818624052,-9.56340749636795,2.8334074120021473,-16.15297219190955,11.682053890515938,4.491245986654201,3.338228224780609,1.5652902830760738,54.89481099599917
2022-03-20,10.447125,105.31374,0.9667294001452079,0.20469798600352623,0.11522881158783792,1.6919275847407673,-15.413013709853082,1.0892660213411025,-18.768261235673023,-10.04890256017893,-10.350938350460455,1.4985930786698596,-14.24519321807046,-0.4459407859311444,3.3662290975482567,1.285558171164098,1.364167376946496,33.71354034534006
2022-03-20,10.454342,105.322838,0.9448565260405966,0.24742938892300823,0.17363192865897484,1.97705389574986,-16.202119460266253,1.8344110577942454,-27.392440792009857,-6.347714840354964,-10.95926382987927,2.5408377667292403,-19.78441135560822,5.187167214038773,3.587147589841542,1.5465575191106968,1.0232124215727938,22.037237626129684
2022-03-21,10.459704,105.218744,1.0466749268146116,0.18311903726769033,0.5285881606559606,1.7167777901231154,-16.541914102547064,0.8150237113277566,-19.379470140281907,-13.844597176313691,-11.978208744181586,1.002554195558431,-15.574173248326453,-8.631269153353383,2.9432690465413325,0.7146854047910156,1.3299462650394307,6.567328021566225
2022-03-22,10.370371,105.275589,0.895238506100547,0.23690543303322917,0.0901067995580281,1.827415013073655,-16.76428711439213,1.5524366498453468,-21.511660692196017,-4.839863983373603,-11.20579831352585,2.354846259671739,-16.514736731513015,7.750699589318819,3.892692745261862,2.0870896269251142,1.1888842826524255,43.391766432943065
2022-03-22,10.375756,105.208993,0.9186776368087817,0.19580852298673632,0.3997722353340143,1.7849090689986837,-16.88312219496887,1.1120676042140103,-20.81700164982974,-12.134017187468558,-11.538699538295608,1.4174547515837166,-15.675917663247919,-6.335357073548914,3.5563733555718837,0.998652525859184,1.241010519512885,9.005697360793338
2022-03-22,10.380497,105.274972,0.9380694210331386,0.20114423583079125,0.3344970683130736,1.832998567521118,-17.014421236374474,1.421560041701527,-22.108260894390256,-9.749741221298777,-11.787527985022537,1.67875462625671,-16.89042495015427,-5.658013423866093,3.464633690724969,0.9854775453613454,1.182216653562069,10.958251294017883
2022-03-22,10.387459,105.205582,0.9383858678398224,0.2239472176177312,0.09502385692261754,2.1165663910782975,-17.12391784873054,1.2921685461521033,-21.86267612256074,-7.864911988494559,-11.870727559743615,1.835911044289081,-16.315903125215698,4.956967644265623,3.5466248319133653,1.432235793773144,0.88985330999335,41.09469210723988
2022-03-22,10.387619,105.243467,0.9982982012986099,0.2168579710797067,0.3925062814514422,1.8818555163416586,-16.57655279003722,1.071778551005777,-21.176555284080646,-12.5362269101992,-11.702289717207368,1.5350330390235531,-15.583048853301944,-6.417087992736165,3.2088015347765366,0.9669704147531798,1.1255616944365794,9.19091971014698
2022-03-22,10.394517,105.260713,1.0115798531124707,0.2345707078104372,0.340149491167081,2.262338418499575,-17.309561287919717,1.1423949646314877,-21.385264617332886,-12.99547541305748,-12.503052214993186,1.4990963176265086,-17.096412208596263,-6.96416973761241,3.1733436906255696,0.9986379404616218,0.7680820726427278,10.759535450944435
2022-03-22,10.395256,105.268561,1.0708466207431069,0.23795544336149949,0.43790734432918665,1.9986371097760778,-17.480745168039753,1.2107997437543028,-21.85446722238225,-12.912020491044931,-13.017759489379692,1.4357849956935251,-16.855744928507914,-6.559092075575752,2.928390334694258,0.9191538530513826,1.0013638195921168,8.13435239622995
2022-03-22,10.399256,105.204494,0.9591645409922634,0.1969578300462035,0.3678800586845545,1.8023891246126404,-16.58886457760216,1.172353400218105,-20.654920808409727,-8.077624360319646,-11.492013359796095,1.391623788882902,-15.19309977335056,-1.498975696895493,3.3631498841669436,0.9869767723342552,1.2192765953687486,9.873109062510707
2022-03-22,10.402927,105.235656,0.8906180824609755,0.2198637503826964,0.16812820193233113,1.8292879465808132,-17.037621487869643,1.6052798780113555,-23.00061010498467,-3.01132334953677,-11.477798434245354,2.0550242258355187,-16.372518165708048,9.731301271528377,3.813921548584264,1.4629916599659107,1.1866431730863045,22.791368455899715
2022-03-22,10.404721,105.258428,0.9218761024567157,0.19382927641000566,0.39186948798104976,1.7988905510673465,-16.89044317202501,1.3167028945917951,-21.06923403000126,-12.400704685021733,-11.568659211692857,1.5898291172123709,-16.155331291516276,-5.682401042994814,3.5335066404028836,0.9760615010355155,1.2235927570060645,9.207480099071745
2022-03-22,10.406199,105.248616,0.8453991782714584,0.2533740219910482,0.07665891364979524,1.8674777667703744,-16.940639881368313,1.37366233310634,-21.613437243021036,-7.5515669351906425,-10.987671946609835,2.3954594579801,-17.544206483590944,4.811316764510543,4.437175626709282,2.8612964329381736,1.1419264374523828,51.1791897322391
2022-03-24,10.378511,105.144998,1.0291155123944815,0.24453601305428416,0.3404957151591729,2.2000931711995197,-16.900267056253604,1.2944690107444243,-21.134090384030387,-8.650275267742668,-12.185868899178052,1.6677848365446875,-17.067088936715614,-3.7791329436050747,3.12367851622656,1.0535049955706668,0.8181048204513756,10.747578080769987
2022-03-24,10.379507,105.154892,0.924063037877141,0.2168412390164615,0.26332430423288095,1.882289361368365,-17.000860550747543,1.9477273343213777,-24.609105704467463,-8.066096864896192,-11.665911496620202,2.2876442012633693,-18.245924354100346,-2.4398570583318997,3.5915507187528015,1.217149908804715,1.1250717780671755,14.190394261755825
2022-03-24,10.386546,105.19302,0.8804952875313546,0.19125195917579124,0.3355357545922866,1.7378120322904465,-16.919989540312706,1.188177670550196,-22.178908453992882,-12.782423612703088,-11.331884427498792,1.3557888014217505,-15.748037602680833,-4.673790306005058,3.7672187058528976,1.0905110041294377,1.3017449100798184,10.921233267257753
2022-03-24,10.387123,105.119326,0.9838270216055034,0.2144678914714025,0.26471077568586904,1.7872851959228224,-16.481477200075403,1.0962434320198788,-20.938869255357773,-11.770611495068238,-11.52014133083037,1.5029613394706203,-15.634315897135044,-3.4548497266901874,3.2790644090233125,1.039069711080376,1.238031182222541,14.110831773417415
2022-03-24,10.389374,105.169781,0.813098203488829,0.1966815689497433,0.20020644465987406,1.8066060130372372,-17.899300567667147,1.538942203114629,-22.987043625160567,-11.624653069938999,-11.848988263529371,1.6134254673785433,-16.861927780879927,-2.5286982197897396,4.220804247894159,1.347267465291199,1.2140964721329937,18.979376821737702
2022-03-24,10.389594,105.147461,0.9361313059675138,0.23595188714904097,0.357633282105695,1.9397251235831148,-17.68914435014835,1.5875920085476465,-23.197340148361853,-9.79686728053644,-12.416307179000276,1.7378835206423822,-17.02086148263295,-3.3706974347743786,3.5534768297363897,1.1752338958551738,1.0621478535118873,10.184641363489876
2022-03-24,10.391781,105.161155,0.8588567681823436,0.23058804601004934,0.18556227197450909,1.9700210883324096,-17.094826363671455,2.1232138935529123,-25.68205567139124,-3.966197880139224,-11.312696765945322,2.527114315089065,-17.553649055356463,1.1059415222843048,4.037442628728358,1.565494261841791,1.0304351175174142,20.55610597691693
2022-03-24,10.394341,105.126836,0.963209246742539,0.20432618554911822,0.31801503768849587,1.8290156062793275,-16.795892672188085,1.0969592441799478,-23.305092690953355,-11.26454655665945,-11.717350235328674,1.1979287201982385,-16.73177421993245,-3.6439614643811282,3.3586046099575375,1.02739239078202,1.1869687641085767,11.578021558584616
2022-03-24,10.395094,105.169245,0.9155651737283103,0.20727262519390066,0.3274323386872545,1.7370473877433292,-17.46630395757617,1.2875043421543644,-22.987043625160567,-12.22687735275914,-12.086473386906155,1.5097730386657298,-16.772968899926106,-3.1449093769557734,3.615154685877879,1.1678754719403703,1.3027581332692177,11.216264331241213
2022-03-24,10.395734,105.143745,0.9139351740548095,0.23346617678638834,0.2998691516251274,1.914327110585624,-17.083434444932017,1.5877379511443748,-23.717083199545947,-9.455027901911585,-11.669508446719888,1.8658532263510896,-16.708485835728172,-3.3210562016340366,3.6765723128435606,1.2469424325242744,1.0895070533563798,12.339151354256282
2022-03-24,10.396044,105.180167,0.9765564228445011,0.2287510164381747,0.298463774387046,1.9703512660536597,-16.73879687349062,1.2709640052427031,-20.446600018275394,-11.355914710273762,-11.72001466868777,1.8512713452835698,-15.9472220577601,-3.1289726031642973,3.344279152728261,1.1291676801450308,1.0300948713634421,12.401961454835803
2022-03-25,10.37346,105.184697,0.8901989392993519,0.23110317683998535,0.19347321239639606,1.7910764094084461,-16.6727846524123,1.4225760708103308,-20.32011006714836,-7.575146356593877,-11.099524184125414,2.0622787255151773,-15.619755176100199,1.379511310107903,3.839016745572664,1.4692704361078655,1.2332938890759626,19.674696773032494
2022-03-25,10.377238,105.165363,1.063888748241355,0.21941849061316757,0.32958516822445877,1.9130177981259724,-17.02782034509436,0.9070446361317205,-20.27961939788261,-13.399118321076397,-12.535288944399758,1.2393295005081506,-15.954605931372523,-7.598026075240638,2.935835748278069,0.904637889862326,1.0909371590366144,11.13646846291294
2022-03-25,10.381544,105.174719,1.054884739544908,0.22968221641417366,0.4169720698751271,1.868253092130776,-16.732483807666164,0.9937991972988206,-20.3241307116823,-13.302391442319728,-12.179709210877782,1.1934855801041717,-16.54506275137863,-7.4544589395817225,2.9902777199912585,0.9528097597404152,1.141037537605747,8.59296866381938
2022-03-25,10.384444,105.3447,0.8097754578407533,0.22119051561582442,0.2731062133242506,2.1496251718579535,-16.881266057495015,2.4090050671994674,-23.37975695349731,-8.780745025009693,-10.776042708318554,2.1745087783959565,-16.269306879017222,-1.9470252271878943,4.329124959406645,1.5566844337227754,0.8607895238511462,13.646316359162883
2022-03-25,10.391149,105.359279,0.8891236931547206,0.20669278513500072,0.22857970125204063,1.7909612315242316,-16.442871190228615,1.3769298101714873,-22.837023387192392,-10.39661153736283,-10.88768493763682,1.4168362228577311,-15.660015728331246,-0.8240676367982723,3.7838187340202305,1.322453751541367,1.2334375136617133,16.499366645813613
2022-03-25,10.391491,105.34899,0.8539049520351677,0.19782238820493536,0.3101901078033308,2.024611989252387,-16.353773869163735,2.0708213312364525,-25.639460484661477,-5.5079802325719305,-10.586301429895027,1.9795855298426257,-17.353806133490565,-1.3385874289416742,3.9362869109097374,1.1805228912769568,0.9756872038859407,11.895317740229522
2022-03-25,10.399353,105.356462,0.9153694676932048,0.23779415178061133,0.28084858304008103,1.9271730438082553,-16.738270127913797,1.9049737068719044,-22.238351285445788,-9.71877999986539,-11.321014342310212,2.0146543419777325,-15.787521836621664,-4.379427971199663,3.7104624985686545,1.4426263534350432,1.0755790523593383,13.242550048504762
2022-03-25,10.400189,105.331053,0.8442099151734342,0.20925562747521412,0.17777123881554077,1.60708569064471,-17.014603786527047,1.7906059506387324,-24.404627952290028,-12.49290081294498,-11.144055995103624,1.5925421238469102,-18.22017311700543,-6.493684092571932,4.133886800796916,1.8780331611726073,1.4889774224766639,21.500827617849282
2022-03-25,10.405902,105.36283,0.8019593512261233,0.21001672340329386,0.16202012137666474,1.734482901064865,-16.677741166826195,2.4190381118988364,-26.537679802335926,-8.22757908701282,-10.512135393140689,2.368729841483716,-19.7021202094349,-0.2054745109695828,4.4344585485501655,1.9424658837690616,1.3061628324754586,23.688291590035234
2022-03-25,10.411649,105.370659,0.6045007416370028,0.2247862392242779,0.11306100508169659,1.6360040262862081,-18.04378647109877,2.801318678382772,-25.628488659529236,-10.028936265201729,-10.243117295788226,1.7014042182787,-19.86575092431758,-4.652144061684462,6.711229217843805,3.3520229820267167,1.4449817578262039,34.37913002904623
2022-03-25,10.412537,105.321768,0.7436718302745338,0.2311224138545407,0.08110705209212676,2.108159077098732,-16.982509268876793,2.8775356897675173,-26.978085745379687,-4.304521355036159,-10.335381359665474,2.4290301299764425,-18.381848640294564,-1.2662742277590049,5.1652330551989865,3.480461062386846,0.8973900231024486,48.317536475823765
2022-03-25,10.417429,105.363577,0.8646341142394526,0.22205493093695897,0.15046871950553575,1.5500698204297145,-16.527335456942062,1.317294441241307,-23.452631286692764,-11.96060961198598,-10.778448032961911,1.5993165075919828,-17.054890974858555,-2.8436373525293366,4.040670870054862,1.871125415715635,1.580528920233483,25.583598326247735
2022-03-25,10.419561,105.277369,0.7523798968781994,0.18013298273401487,0.26062410032498784,1.5860319207518878,-19.44090919806186,2.385586396598664,-25.716125620184908,-13.655790020417697,-12.969008607575374,2.535858001686498,-19.682422576715226,-4.686740685378588,4.64722321414138,1.4758199340385167,1.522017336261256,14.347774802914081
2022-03-25,10.434116,105.27315,0.8421060072249269,0.22480766978957245,0.3163633972530208,1.9045926745963384,-18.288858283256133,1.6524399312316331,-23.763904083866365,-12.864154573086058,-12.407365276972522,1.5027411808357203,-17.68696468725841,-7.435617215545729,4.098078870975648,1.386391267289121,1.1001865928355339,11.64368771713778
2022-03-25,10.43531,105.292557,0.714843777396866,0.20616448960756611,0.2281264634400451,1.5603694987677428,-19.603028491867647,2.013960267093921,-24.565975459096542,-10.150056249555927,-12.803901201309907,1.8662693475473036,-17.864376736974272,-1.2431966114138364,5.104034688145144,1.8883178713976665,1.5634953792411899,16.53413409247567
2022-03-25,10.443492,105.281103,0.7137373479975061,0.20667494946693934,0.23124230940132207,1.659051118760175,-18.61614610229344,2.2530386716160824,-24.45693529146628,-11.752344566494214,-11.80260144849562,2.1351780839228014,-18.58153812487771,-2.9976923547553174,5.140807909059921,2.000838467643654,1.411016728037433,16.29787256646872
2022-03-25,10.458369,105.270803,0.7134344000705894,0.23207626034730158,0.11106456306235905,2.0380499478043,-16.938877817761576,3.0568357925952223,-25.464857402710237,-4.534045815624706,-10.064557579356247,3.4770269276097405,-17.182007375428803,5.6715334389114584,5.368777144379097,2.777999419510909,0.9626604364183585,35.015087888601634
2022-03-25,10.470013,105.264425,0.6942946850345313,0.1907169047859236,0.23096881462318344,1.556031931646188,-18.142013144225732,1.7848254983269274,-23.859826208314722,-12.978446922800124,-11.209359590346923,2.03258101866308,-17.609481317600142,-4.150313075323787,5.215952716115435,1.7780759661738004,1.5706413336699598,16.318355322236222
2022-03-25,10.470305,105.287062,0.7300085928014306,0.19746901777491335,0.2204674229601282,1.5760611766616233,-18.606156760861012,1.9298356026943297,-24.50274882232541,-10.661286873474658,-11.944965975850263,1.6390390630930851,-17.901466452091178,-4.404374984831217,4.899424108509371,1.7067323689874858,1.5379725477869512,17.14327008631749
2022-03-25,10.485812,105.267525,0.8194657018483349,0.20650305804410818,0.3093268842375114,1.6851954380190748,-17.630566077246918,2.40807246321535,-26.853491648453428,-9.163917584144981,-11.610410381206139,2.3079347605944465,-19.539930460174112,-3.4895724274015354,4.214117410706394,1.4215990460660755,1.3736119323358411,11.931304079372124
2022-03-25,10.494104,105.291042,0.9013798688380834,0.24615664647144284,0.3382338627579399,2.018023730756533,-17.020964044399143,1.6207784051036869,-27.141576859432142,-13.027122045697602,-11.51203360035527,1.7221419728635865,-20.302568767780812,-4.585491522993758,3.78129076058867,1.3382310068947878,0.9821372459779981,10.826137002913384
2022-03-26,10.400449,105.171793,0.9013795634393266,0.22800342240829038,0.16582313715837718,1.73428622154469,-16.648643473776545,1.3876031324886486,-21.842011270227097,-1.9720456024819306,-11.143379637548742,2.183874803878534,-15.480161656732639,9.934906729910429,3.8029633121965416,1.6601684027050227,1.3064243665830948,23.122086148808123
2022-03-26,10.402793,105.189574,0.9230378634015416,0.20421453420291796,0.291378169816861,1.7431769161938477,-16.359588555824363,1.4725354049603203,-20.65528005699337,-8.924884118180426,-11.028593959624333,2.086589639448302,-14.803758121670523,0.7096242963399622,3.573977011331923,1.1824059695282005,1.294660950842459,12.727864385015899
2022-03-26,10.405702,105.208668,0.6731219300140664,0.1746820503757327,0.2460176294192918,1.4547437708694966,-17.66925013725043,2.0199768494684758,-22.998272300456335,-7.980930608909441,-10.587650794280295,1.813366736551114,-15.301758534079557,0.07995670084570206,5.371343974025723,1.7559055515375548,1.7496251093133812,15.258997411859195
2022-03-26,10.412311,105.176834,0.9121530577265465,0.21634568751981534,0.30942346642839047,1.7596231469303227,-16.620114247644686,1.378546810668339,-21.86040829954419,-7.837642745174953,-11.21054987128442,1.817214801950079,-15.325075227586854,-2.3398043995696254,3.649852439186135,1.1750238623043863,1.2732140157271932,11.927267754353451
2022-03-26,10.414226,105.195214,0.7883580509750926,0.1884538481726243,0.19909000761849788,1.7758757017250983,-17.519943686139914,1.8894895340436264,-26.144000335457307,-10.359601890600857,-11.299144721955248,1.6538379336960691,-19.062036596489907,-1.669176553537284,4.396557509081103,1.4671988116667263,1.2524098933919596,19.091415173708352
2022-03-26,10.417324,105.208881,0.7738426278929492,0.1809656328252069,0.2333836041563844,1.743245980510849,-17.399458530973227,1.585190966057688,-23.317514845047228,-11.258034127959814,-11.085067050592711,1.5633437047434366,-16.30339336005546,-4.490199862772727,4.4740084118744035,1.4023781821102086,1.2945700404413503,16.139164571816718
2022-03-26,10.426155,105.176598,0.7885935096071434,0.20745025504974768,0.09233818059463088,1.6906944501995054,-18.43572132465939,2.597534754426166,-25.254892923971983,-8.534548886685492,-12.186558039897738,2.698110448789834,-18.216495149544556,7.6321632234606,4.494349968795923,1.9164764715640716,1.3658917195404479,42.319025502139745
2022-03-26,10.427104,105.210954,0.7252217272281032,0.17376672502831542,0.2614470543706881,1.5959283731666538,-17.32230618090398,1.8794493628876543,-24.041658111281585,-7.499433486097065,-10.656454388511323,1.7864612350751967,-16.457679022722477,0.37454579965626755,4.847866552764756,1.4788234711286559,1.50637814782575,14.299464779315015
2022-03-26,10.437524,105.185343,0.9192460535900878,0.1890864134318115,0.19937107154664052,1.6234453943473939,-16.967419889757938,1.0180883026142786,-20.758283537360036,-8.15719877049861,-11.628095339263373,1.1326306897662266,-15.465099500419921,-2.6508910171732514,3.555370942644308,1.0749781240500433,1.4638956221918098,19.063091244730796
2022-03-26,10.437524,105.202166,0.8766791878908216,0.21004350130838,0.2872064668956929,1.8943756837006756,-17.364536547062368,1.6539628880274713,-27.405596656960824,-11.155267189591124,-11.720936082298538,1.7723654314871815,-20.72446552433873,-2.6297427113884964,3.8779003527811553,1.4227797823094506,1.1115135896307395,12.927263000845704
2022-03-26,10.445632,105.21046,0.750140933369247,0.1893100364733982,0.14524430453854156,1.4784763967171741,-16.59258791392695,2.0730393976003003,-24.936619433039127,-4.319070668768566,-10.08266352109598,2.7185355256929156,-17.976318563679566,5.266264584104115,4.7481581559653545,1.8699727306487939,1.7054878988137012,26.53980620932763
2022-03-26,10.447684,105.190977,0.6359848417229018,0.1745433670896601,0.11364618370504773,1.5682133865019412,-18.573581446712787,3.217368885266007,-26.08190205901005,-6.125736661084753,-11.169537144190931,3.396991627474161,-20.30984544390013,4.074555022742217,5.860304863147734,2.3309519517334714,1.550673291293862,34.1969583983693
2022-03-26,10.44819,105.181879,0.7324684915062007,0.1928662070743583,0.1889391860356494,1.6698684407005189,-17.54226196511697,2.3069411695362496,-25.101945404348506,-5.493437934185085,-10.899046507703781,2.397885431996619,-17.600821582525896,3.7169633917728158,4.888764865251528,1.7771664705820585,1.3953982855810958,20.170833239671477
2022-03-26,10.452516,105.191857,0.6123282611453968,0.16043958739254266,0.20609836723678532,1.320665703201582,-20.863038687853287,1.799407940732214,-25.12950786147478,-12.017695345732669,-13.28981481009926,1.4964436506873415,-17.00101508063161,-4.656443239639101,6.002578802031069,1.9017344631143418,2.0287755563751873,18.408208098050682
2022-03-26,10.452537,105.205118,0.7570949252946096,0.21524425267801048,0.2476469084392856,1.7468392955306715,-18.27211965875854,2.0671418287420757,-24.114793218963406,-12.94551793921031,-11.787020223353421,1.5196646597514953,-16.077690547454743,-4.996141703472915,4.740795419568668,1.7264790270343648,1.289850022399938,15.152028810731796
2022-03-26,10.452718,105.220233,0.8541909573915081,0.22864651450104573,0.2169726066909193,1.726068816242911,-16.765691426770776,1.9276634821109264,-21.93137798049301,-5.876594941008975,-10.947976100280831,2.6545935957111686,-15.770954077240926,4.29949280088572,4.083977240892344,1.6505532771842844,1.3174047073665902,17.435506956406066
2022-03-26,10.458467,105.196191,0.7574828961351925,0.2068279572083358,0.21935170037748727,1.4870810312770457,-17.79818495546991,2.251858134654827,-24.546221204184604,-12.817402672053415,-11.323308669827744,1.703432601203595,-17.00101508063161,-6.375400969643746,4.727260435461641,1.7782947704687255,1.689833247731605,17.235555015604213
2022-03-27,10.375656,105.29185,0.9127282772587024,0.20422807932114198,0.35414711830083656,1.7306594918849108,-17.247086232109442,1.7787145722564524,-24.49088448263942,-12.934486018200516,-11.853382250814755,1.6425680169029018,-18.055917289692502,-6.344486656850558,3.619002974546988,1.1276572923298347,1.311257655683317,10.294741064650225
2022-03-27,10.386495,105.284636,0.6748151651870449,0.1748005377953453,0.12421972969934533,1.3329022869720042,-18.402918651402025,2.341848906387335,-24.322529541050173,-8.194572129180065,-11.329819665116688,2.3547310764039486,-18.469290297028465,6.153572967626957,5.386930360018753,1.9963727731603442,2.0009701679535157,31.201003895930075
2022-03-27,10.396712,105.324921,0.8715916313125149,0.21476668191657222,0.25574798828340173,1.7889155824441039,-17.820409701648153,2.487758194389221,-24.204781007404517,-9.978528396372798,-12.14571503735138,2.5279282990796372,-19.0416979033822,-5.386028747677038,3.8956970829186397,1.3886034183088343,1.2359914795616038,14.640396731361518
2022-03-27,10.396951,105.281083,0.7092652687920308,0.22497621574853008,0.08929864288349945,1.6386623419256772,-19.014648136975794,2.371371119771235,-26.067363846146048,-11.917103271230609,-12.11381255672978,2.076119227055043,-17.40029630727862,-5.9119119874223465,5.408372904584279,2.9268869557632824,1.441015392652151,43.79351388596654
2022-03-27,10.399444,105.118528,0.8658720263793973,0.24640187780877995,0.2317468945343661,1.7234632329741912,-18.0368264405724,2.08697484417669,-24.06866822221075,-10.419024112502116,-12.275544415077563,2.0140738517620433,-18.55364730586387,-2.24754661985846,4.062442876120405,1.6873823514585984,1.320908229122576,16.2602097130015
2022-03-27,10.399645,105.141286,0.8473048317920882,0.19804933896804885,0.2056703875207392,1.9386181369575106,-16.923329912892584,1.5963605832083558,-21.640171732087,-6.649868448408724,-11.10341900279921,1.8340536568393642,-15.392939350764175,3.744946649197452,4.005906502607832,1.3278550403584821,1.0633253778785159,18.448594657782962
2022-03-27,10.400025,105.152916,0.8340618805816885,0.22434795521917555,0.26794487064104594,1.785937005752275,-16.868348396886184,1.5720907175899228,-26.87995276707336,-11.18557853207474,-10.928535921473308,1.865010616867488,-19.338665827633257,-1.2678417328443028,4.165770218251669,1.4801121914786453,1.2397206548251765,13.928444013241162
2022-03-27,10.403175,105.123726,0.731470378066918,0.1797308850198465,0.2699420269833738,1.6168888107841426,-18.853030273108743,1.6989685927356624,-24.068220549528974,-13.676590505018787,-12.226927887344957,1.5640425668831914,-17.02006606531465,-7.365930426450129,4.816314355741054,1.523891251494676,1.4738868704645933,13.817996459092926
2022-03-27,10.40466,105.311554,0.7719416396879067,0.20247592661419084,0.08437560526552641,1.796211447996201,-17.39417468767956,2.8660762568937437,-25.03193160715701,-6.273975598923704,-11.031249830673428,3.09851143627418,-18.122146814230575,1.4958550967933428,4.608182249068207,1.97692021015884,1.2269093120758574,46.407067331987385
2022-03-27,10.406597,105.221367,0.7656469364851768,0.20223788566995923,0.13985159888708487,1.5728069675030731,-17.000728827565116,2.538700346481577,-23.31383414029746,-1.3146926281042894,-10.589459943189537,3.0434253976684245,-16.204629586143,6.635632744630677,4.662067748564816,1.8696641141760106,1.5432237284339116,27.60174665024438
2022-03-27,10.407581,105.1521,0.8967072451321962,0.2140035168455656,0.27717799277858396,1.7436813952263375,-17.3069381703374,1.6313592145988576,-23.670131047520808,-11.465301578157476,-11.799446526321772,1.7148164122424627,-17.933331748967348,-0.7416851028380052,3.7361309282851556,1.2365830737149153,1.2939970633114328,13.431160136134222
2022-03-27,10.408003,105.139183,0.9462051259190432,0.21262480364889083,0.3996854559341802,1.7437713690469556,-16.801431089785922,1.3451597306356922,-23.509730072224208,-12.51083111013525,-11.614920133464924,1.414689736210044,-17.74927285587349,-7.543670577132425,3.445812653551506,1.0155085168736073,1.2938786993539002,9.00786979013496
2022-03-27,10.408214,105.131329,0.9379662670979884,0.17594986697939893,0.4401085728335637,1.7876015767728548,-16.394271691541242,0.9130291860346316,-20.21048166762316,-13.202886484037446,-11.187677646180228,1.0281546620043052,-14.401155606463092,-7.129683785257346,3.4166290488261533,0.8434394772468531,1.2376350815382327,8.088666403943657
2022-03-27,10.409187,105.288345,0.6696527529291975,0.23356486862600911,0.18230066503041775,1.9341888752520835,-19.236235722005095,2.166709839995617,-24.953484476221522,-12.971511774703918,-12.01331896145751,1.940458153201423,-18.351400399636148,-6.247641386797836,5.789320024281666,2.6588975848395124,1.0680503601173275,20.941774043076474
2022-03-27,10.410742,105.220616,0.7606034535950233,0.1831686210729285,0.23576368578382845,1.4997710568453322,-18.590711970878417,1.6323057812211272,-23.445598424287237,-11.052610035817516,-12.17770630188519,1.544267733363043,-16.27502317985276,-4.5350028122504735,4.58327948915752,1.4375637552402378,1.6670737388503358,15.966141272781073
2022-03-27,10.413742,105.22261,0.7298792333147814,0.17892215882849416,0.1141600343947518,1.6933273876564798,-17.947211644857973,2.272035790573972,-23.968318039510386,-7.431789110281017,-11.305672726535041,2.2747045554106435,-16.929029642246114,5.413608549142538,4.849931351230605,1.7429776053542079,1.362213018674371,34.038531840034985
2022-03-27,10.413908,105.234515,0.8418438073856707,0.21037280369628134,0.3138579160172382,1.749097634143575,-18.852793927272163,2.0018939530098905,-25.47802663064914,-13.181105840907058,-12.981534808644033,1.640600876632264,-19.106181341712386,-7.7232377350255685,4.0744428061329385,1.3702152852640452,1.2868934940607548,11.744620402629277
2022-03-27,10.415236,105.156765,0.7733680123945545,0.22574554239126873,0.16694989844280292,1.6856629443931535,-18.250756620816325,2.2559401713376546,-24.583127111510763,-12.625089050977948,-11.865344908737644,1.871685236014683,-18.10548487032279,-3.0046435208216744,4.674226256045904,1.8914017643491214,1.3729536283067663,22.959283816937457
2022-03-27,10.41636,105.142144,0.8691779161689651,0.2501044502588442,0.23943244391154916,1.9222972005748107,-17.79291068234673,2.2517406180803987,-25.639999762993195,-9.933158186160318,-12.054795514471001,2.0935666369808956,-17.611020099068636,0.07896883214085326,4.029654400388136,1.5965408926968978,1.0808436899371794,15.706173710851296
2022-03-27,10.417011,105.261676,0.7862647337409592,0.21717894828740097,0.24791978892109473,1.723943662471779,-19.57464391751912,2.1748150095572383,-25.139032119691848,-13.548951255544951,-13.305710973162936,2.1734657367996704,-19.308263742348014,-5.614695154405336,4.4943237108792085,1.585334791530372,1.3202614372356152,15.134250587286024
2022-03-27,10.419552,105.116409,0.8564592577970271,0.2424716240508753,0.1598267450959421,1.8467544624820815,-16.873340410259264,1.6909877043837773,-23.424306871143457,-9.577446006810181,-11.060351920555695,1.6995203893115953,-16.98304913264156,-1.7738321960328949,4.0882014743354596,1.6295606650748233,1.1659620059203244,24.027100424267836
2022-03-27,10.420174,105.16361,0.7266182162157782,0.17084699801509115,0.17509165240706315,1.362915777878487,-17.86239147513617,2.837560760919938,-24.06792636830011,-6.887885802881576,-11.20561759953857,2.7005099506699213,-18.24834300140109,1.1514754447575397,4.848964363413556,1.5774908333364315,1.9348842128942074,21.84517819673419
2022-03-27,10.420483,105.223648,0.8405813306293545,0.21154476845499054,0.1080398567802425,1.6485011029942513,-16.605966188767816,1.704930905958922,-22.510304809429996,-9.50212647806223,-10.71114961808963,2.2875298925654555,-16.36575829005576,5.413608549142538,4.157408905054968,1.9043170016038589,1.4264466628106034,36.02337377340442
2022-03-27,10.420702,105.15698,0.7776783623674376,0.20996362935201354,0.20930205908068844,1.6471574517699905,-18.371724673797612,2.065243371942598,-24.583127111510763,-13.41848222290566,-12.04627148000545,1.597658688067036,-17.053974168514785,-5.92928355515755,4.552098815626772,1.6446113176870472,1.4284260109449216,18.11113544495973
2022-03-27,10.421066,105.136822,0.6880418426082469,0.18154599202810548,0.27681878666669973,1.4822883841543215,-17.836655494475885,1.660086141223596,-23.168447183619364,-12.635257296684653,-10.87120972755086,1.4221675824775433,-16.76164798376054,-5.253683502469126,5.225280986219565,1.6769140694385465,1.698530220407879,13.449886325150867
2022-03-27,10.422463,105.151846,0.7883481893023268,0.20350798410395815,0.20292872207803705,1.592607415219235,-18.082931312253315,1.8049640472247945,-24.970470260542772,-13.930106325151351,-11.840626733782193,1.38658159332215,-16.516994974764074,-7.645825594335324,4.456545505919531,1.612705823767886,1.5116045308939918,18.71135460293188
2022-03-27,10.42324,105.126544,0.6895586555422858,0.22441047178931472,0.2489266776795045,1.7798258834881395,-18.243596522760246,2.0626765041730746,-25.460963458902423,-12.42444346199056,-11.219856744092803,1.6478765142632927,-18.523736920286392,-5.68817512283945,5.419027825192056,2.055395969561653,1.2474108490661555,15.0689888174623
2022-03-27,10.426536,105.115181,0.7032595578862273,0.19937424391735564,0.23397074906481305,1.675706891564175,-17.51587859722834,1.693250632299877,-22.05947848499801,-9.577446006810181,-10.643856127957383,1.3730388719859183,-15.666202000358135,-5.8089795316918975,5.16072550864459,1.8356343797300547,1.3870523061859779,16.09615418161501
2022-03-27,10.428426,105.156744,0.9881934494228887,0.2123591368238955,0.36645717123710764,1.8523538576656908,-16.31008965692936,1.0571838942419347,-19.889908297611136,-12.574923938095855,-11.378875612378405,1.336046364088361,-14.939954435154679,-6.216725272829713,3.2481177280748272,0.9841229814304943,1.159414619105629,9.915327394185152
2022-03-27,10.429142,105.151556,1.0191933752390467,0.22203511842770599,0.399752520284069,1.8033319384380886,-16.613661153565328,0.9267398074616137,-20.188833951797097,-12.760979724758677,-11.855824515423274,1.2130204429166702,-15.115278886231131,-6.261435529300831,3.1356063665930356,1.012453587545967,1.2181163183215737,9.006190823156166
2022-03-27,10.429339,105.125493,0.6139758247632062,0.1939243887883725,0.20278543001242613,1.5142121077160722,-19.517994804882985,2.0910275282051836,-26.792172665415315,-13.19727550633549,-11.892810708557175,1.7317356440916045,-19.640439924132167,-6.602632161960513,6.218684892947118,2.4577908599945197,1.6416378389902788,18.725283023316276
2022-03-27,10.430085,105.221996,0.8023013521538321,0.20666536118970635,0.1944394606359292,1.5750295826012295,-17.519882169386698,1.826916714491625,-24.968780243397077,-10.905081584169384,-11.359424180907794,1.8370120537605945,-16.108481786136384,-4.264028467881195,4.4247111814674325,1.9042398225141468,1.539634838727173,19.571955851542132
2022-03-27,10.43062,105.165627,0.8733337646482976,0.20126536851624557,0.20439135133082414,1.6917610258006974,-15.96682959729342,1.7200468293754607,-22.33039451290551,-6.661993772302881,-10.31465894875723,2.1200180433941744,-15.297126896156561,-1.3009072811254854,3.861159618675745,1.3287829580097648,1.3644001363057945,18.570299692014228
2022-03-27,10.433791,105.231265,0.8736923437711808,0.21966156264875336,0.22085557589949664,1.853119886456233,-15.86101653881486,1.8811651298215801,-22.028229732714102,-7.116080466239157,-10.195030168088707,2.5624287065289075,-16.46888816010737,-0.5092942285472113,3.8966396322514125,1.3936533547726198,1.1585219764973214,17.111383349543573
2022-03-27,10.435839,105.132981,0.6317489798322835,0.1638595631336937,0.04535872467675946,1.337627060195202,-16.913211025568696,2.43301797566929,-23.440657771824277,-4.2325538870406785,-9.490394778111844,2.7588940993469304,-16.053172418518773,8.180966180823859,5.891143718723674,3.030018479205929,1.9903701255985906,87.1859009155407
2022-03-27,10.438048,105.153225,0.9236481722807507,0.2526835940904354,0.17270914796808895,1.7983966858351743,-15.992642534735197,1.84643779396421,-24.06381427796367,-5.985670314783658,-10.594197514186858,2.700707578246809,-16.217731254927358,3.450139111268764,3.766734082495393,1.7824179695874598,1.2242033871088913,22.16032501497298
2022-03-27,10.451085,105.243664,0.8762210454496389,0.2357375003425872,0.1257608864844892,1.673236551183274,-16.6902712442008,1.9281522578590928,-22.679000929682616,-9.636445098440358,-10.996808021547961,2.7764380444679606,-16.481298561515917,1.4987436404516237,4.039842397740556,2.11169516151942,1.3905765130287722,30.80639157225838
2022-03-27,10.454948,105.23029,0.9107480148853992,0.2042729318221663,0.15238158746538988,1.7674555289264866,-16.365143604322196,1.6032452472781054,-23.91363791033772,-6.448109652176621,-10.954191275834512,2.0943410863120997,-16.39287669034146,2.2480419249370343,3.6491102368970534,1.3404679190395372,1.2631403928049671,25.249890597238412
2022-03-27,10.455571,105.240074,0.8532512334109029,0.21375572605529147,0.13863327644142567,1.740826207625332,-16.341564010928057,1.946606014366158,-22.679000929682616,-7.106544564853112,-10.52650133410813,2.4332010968624145,-16.481298561515917,1.3198611193183596,4.088911503336266,1.8545204392822419,1.2977595250340448,27.85310152566473
2022-03-27,10.467229,105.24767,0.831489440858943,0.23356426805789157,0.26089629224929806,1.9897737235920285,-17.748318586098367,2.3235318207671787,-24.40817214465565,-10.111804181787068,-11.776349438369872,1.9287208432802745,-18.08637058461684,-4.454131704944141,4.225363054257079,1.611099703494281,1.0102788335042547,14.331762538724856
2022-03-28,10.257715,105.375007,0.7856790579065418,0.2057720720084341,0.26369716654189007,1.8644589985940174,-17.627981026078366,2.035684718589246,-24.296491513071818,-9.857016746184474,-11.365104715228114,1.6749955214076686,-16.327271657533593,-2.4578813122971472,4.4799186932357955,1.6429263414008617,1.1453944565240572,14.16891536020571
2022-03-28,10.275826,105.364451,0.6924242532868226,0.2164259789142401,0.1377138663251864,1.7106307646280348,-17.182501107306912,2.118829646914284,-24.174546687550553,-7.9691983450080155,-10.161613914387283,1.9011507133688517,-16.771762190619825,-2.495306591526914,5.518588816943437,2.67955364184836,1.3383187551112312,28.0457316081354
2022-03-28,10.292156,105.361294,0.7622723219826153,0.20399996123196085,0.23885556341426867,1.7788627770398577,-16.78972216389602,1.8959430466761473,-23.80204775589138,-9.281703185667894,-10.353053300646373,1.975511095325641,-16.824859066360798,-4.383885421448786,4.681482146168616,1.76317758206228,1.2486276353796426,15.746522219632963
2022-03-28,10.3037,105.354593,0.8902443543340238,0.24164262508488313,0.1727453581558978,1.9484326397376626,-16.262424735800487,2.0121871188875717,-26.787972389979064,-9.211519214732288,-10.680169894264548,2.067814588869711,-19.210946607532847,0.26746919077080666,3.8589898332311527,1.4899230133464663,1.0529321457777268,22.155470240711843
2022-03-28,10.314233,105.359823,0.6750540438885322,0.25160374895215876,0.09785756398066967,1.802209175401268,-16.957096726772765,3.0631577571210706,-26.247231640845502,-7.2301714635134084,-9.707337397108505,2.1543061633845046,-15.32645463649119,1.1018700478048356,6.057542516830789,3.712206428173747,1.2194981884438505,39.87573650198509
2022-03-28,10.34297,105.382435,0.6184319845886307,0.22510232062913738,0.10333478338183587,1.6631652446157277,-16.933994998673636,3.523591534912616,-26.698238972844642,-6.366516017936106,-9.193556568713694,2.7651035444480163,-20.666469840061232,3.3121110784986127,6.91865096265525,4.568756347869048,1.4050526626560158,37.70913422462468
2022-04-01,10.468679,105.203699,1.0098902046617286,0.20524328059347824,0.3968772237490773,1.8106546143242725,-16.48515230416422,1.0731484617946019,-20.038392580062236,-12.750790636916395,-11.689473938038862,1.4346896671161775,-15.611747677395844,-6.4153170667762955,3.136601409171993,0.9060212505480641,1.209145779849781,9.078683685131224
2022-04-01,10.48195,105.238448,0.8095168906873542,0.17714375059568566,0.2949518287313334,1.5571622516612782,-17.712153279318304,1.962752020544516,-24.117078494936653,-11.5336839124215,-11.655957627530945,1.6839117037695142,-17.134776657249226,-6.04546593692527,4.1972811452999075,1.2420161876906797,1.5687753448508974,12.56153653023637
2022-04-01,10.482003,105.203866,1.014798035279074,0.2122237554405744,0.2840421242736694,1.888128918083291,-15.763310581211186,2.030377599748981,-22.845308364897996,-7.2333772354847685,-10.993291059759793,2.1584577899585895,-16.589902107505324,-2.6996123553661047,3.121793324867596,0.9102464295841137,1.118499410549014,13.082418268869416
2022-04-01,10.494453,105.241281,0.9423066452042039,0.22307692134125254,0.29007186970310117,1.8285136342157862,-16.458236737292324,1.4098869160359075,-22.32456835280528,-10.466595598243254,-11.233572626329394,1.3561314659101007,-15.16884731175734,-3.98192161157355,3.502862904753753,1.1668259118179733,1.1875691409408176,12.789685997798207
2022-04-01,10.501829,105.273585,0.9311178486653815,0.25966275634159497,0.3306192262800749,1.8838958988157557,-16.58668461718484,2.1297477751838674,-22.963756185334468,-5.605246946553436,-11.248059248287914,1.8861661803247232,-16.173220755006728,0.8718578472528828,3.6658207922931045,1.4045925515082707,1.1232595720997416,11.098509953596924
2022-04-01,10.50203,105.222373,0.9463400690255087,0.21832162254471552,0.15651487808286776,1.8838835921052077,-16.020311965795994,1.932699066176578,-24.987293136132717,-7.723095906324968,-10.824164934562335,1.8395903189452332,-17.84899615876263,1.5605396939327745,3.478384894688175,1.2134362131265903,1.1232734425644997,24.556675818909532
2022-04-01,10.50915,105.265098,0.8409971417377379,0.2700387749034844,0.14160836491419976,1.785870424495551,-16.112617717754777,2.2464150190777414,-24.011829731458494,-5.933128882562233,-10.09985648387997,1.1392150743550986,-15.639888142361574,-0.7438897872833385,4.527641464428016,2.6961317874715847,1.2398041566368774,27.246918904992597
2022-04-01,10.510542,105.248554,0.9280540059803759,0.16323092166070824,0.4739003780534716,1.6091087337588885,-15.96368904333744,1.014498511901845,-19.31367844340654,-12.347170017526667,-10.704044455236284,1.151871028868567,-14.713648940605463,-7.053502233221086,3.4474388474084083,0.805541455863887,1.4858481692880843,7.440592549070868
2022-04-01,10.524082,105.268907,0.5567073396970884,0.1970642699442467,0.09998404326204041,1.4171635134952634,-18.45733651260903,2.1686424528024393,-25.32293408351496,-10.353576348229481,-10.273669155414193,1.0844973180990156,-14.733776949867073,-5.380920964827165,7.204852974821943,3.282718326099054,1.8225395036698915,39.00638371381633
2022-04-01,10.524439,105.254678,0.6993454975553172,0.17685860664336403,0.26967605072371365,1.5673483282189915,-17.01024592093008,1.4632002381745606,-22.440888729210698,-9.799337827198906,-10.141517594304895,1.0918133259294223,-15.009236828962218,-3.379780410596277,5.091859809982961,1.5627932603066905,1.5520810709290627,13.832611161671336
2022-04-01,10.536277,105.293087,1.0403030581332713,0.17693600903620715,0.449891273336321,1.7729081718219664,-15.502410161559917,0.8467550905083192,-21.009662785509764,-12.466812544977731,-10.905028431933498,1.0057916297779743,-15.524552130339007,-6.530081407333299,2.963195964747496,0.7215415216019252,1.2561800230687163,7.8910370951111055
2022-04-01,10.542998,105.261159,0.846207077967948,0.21776677246604956,0.19452457140411017,1.700905100025241,-15.390315774298964,1.4594053255038164,-22.107887935732837,-8.643778955884436,-9.53393790777224,1.3206296396417088,-15.362415438620332,-2.9918178124991934,4.095700253109537,1.5914839451611564,1.3516891094868493,19.56295495796416
2022-04-01,10.549477,105.273725,1.070873261376274,0.21795206580721516,0.27425250777833027,1.9623983187190446,-15.356022372021659,0.8854981636898538,-20.501094444104336,-12.126040042848643,-10.901452940714261,1.2091559650046355,-13.897972575141967,-3.0401477043980725,2.91863326590739,1.0176176695104986,1.0383221702977201,13.585099084064074
2022-04-02,10.485464,105.251956,0.8219944426657925,0.18566458534047314,0.2994993006592472,1.6219892974704795,-17.41005882449946,1.5498113433722707,-23.142372298230462,-12.46006659353754,-11.431940173396757,1.2589330364665194,-17.57827573856641,-6.926391617655652,4.132714029583818,1.257078577273966,1.4661075176254674,12.355623840173726
2022-04-03,10.44784,105.141425,0.6512788733659686,0.22298085852969948,0.16111939509655002,2.079215409359401,-17.197428924721788,1.3545474130656403,-24.262474291175728,-12.86500634587009,-9.874322209308154,1.6984310990921185,-16.682361376717218,-5.161252702647965,5.786010952388994,2.1280678289011132,0.9238025949569053,23.826309691660768
2022-04-03,10.458071,105.162504,0.6486763020986779,0.1836699861256054,0.19409270132934908,1.403288768974392,-18.16717832933176,1.8301311251445251,-25.04448220446152,-11.816597639980728,-10.864465174190075,1.433851346973343,-15.81235573859557,-4.528589911502068,5.70798366978475,2.076270563048965,1.8504468135403385,19.60870899628802
2022-04-03,10.461453,105.172294,0.7021428223286561,0.17047302687951196,0.2372842102889652,1.4774625413168763,-17.954351523896115,1.0849164312722175,-22.939959778870396,-13.478710688276296,-11.111744943639964,1.0607141142374192,-14.318346521392229,-7.57898523736113,5.05891090653552,1.5853480316591626,1.7073444423401507,15.857421718574496
2022-04-03,10.464233,105.183189,0.8244108788328813,0.20611777388205368,0.16918395798970143,2.2036064371887174,-17.267499586624922,2.19825327680614,-23.092556699945412,-7.787622912049895,-11.285382658404778,1.9986280088117878,-16.480817616662154,-2.5881006792898957,4.169600176573893,1.4053594543438954,0.8152061695295539,22.642903544338928
2022-04-03,10.467778,105.163448,0.6643366470540514,0.1763085446868094,0.2085479817734074,1.5259366032105537,-17.80532824034342,1.3424389797579537,-23.841576631860764,-13.483824892230325,-10.648771475403175,1.1540156391254053,-14.757430519382135,-6.743848785749655,5.475761288141347,1.8265075084464295,1.6213408811244479,18.18023836042729
2022-04-03,10.476738,105.227333,0.7248194136771141,0.23799448762920888,0.15129029392279217,1.8000875095902353,-18.117541881323515,2.056212459820124,-24.416801110677824,-13.08912770877884,-11.328546876775308,1.335289444539424,-15.67116975852626,-6.8307183175043615,5.237775016628646,2.4350038560899634,1.2221141909431634,25.439237417578923
2022-04-03,10.505489,105.203926,0.9167821797827811,0.21196701725626294,0.3784194151482047,1.8168400937546276,-16.995081183971926,1.5253593628252127,-27.10425000206832,-11.475841912923997,-11.62151138363101,1.6707245371942232,-21.600874400814796,-2.551399425842727,3.6082500417527186,1.1254129062836196,1.201624685491016,9.570282178659978
2022-04-03,10.514912,105.216308,0.9742989987381815,0.2530969354838451,0.2409509655697531,2.0045975099436557,-16.83828418837657,1.1197117019208287,-25.200004645644306,-13.25828218732709,-11.783758881479093,1.3622150579498449,-16.6438094888589,-6.383599521731311,3.405926597205214,1.2878054237900347,0.9954130343664004,15.600888029402965
2022-04-03,10.522871,105.184845,0.9434524327099489,0.21213252276243022,0.23256962920322383,1.8552765551092587,-16.085323118142394,1.6126734921631651,-23.25889726270234,-7.5053463838593215,-10.879071948031713,1.7651228816211595,-17.82279814890531,-4.105503070307256,3.4713249441434155,1.1136171148409044,1.156012799808402,16.199150266111154
2022-04-03,10.527792,105.204924,0.9579970218128039,0.20413205296686698,0.32881190940955496,1.925856009183584,-15.819267450713026,1.1617210639110565,-20.32590477144876,-9.516172713671121,-10.712702315149405,1.2554327043875417,-16.798394342964862,-5.7790789938224325,3.3725137891724777,0.9769198819577756,1.076998478040783,11.165009494889555
2022-04-04,10.474439,105.216928,0.8730679890827782,0.18483563475426998,0.37437906524451037,1.7451536743867584,-17.450528638455037,1.2975024676328404,-21.988698204585383,-12.577049988897562,-11.819236247414715,1.1538218179283242,-15.06488786409237,-6.975903104008875,3.798053629019242,1.080682872112535,1.29206175863314,9.68435810476626
2022-04-04,10.498551,105.167513,0.856601110327765,0.19435359795759283,0.2896356677161711,2.0357415528905642,-15.95157542945972,2.1837524665090404,-21.948621819818186,-6.799289097418679,-10.202336000055208,1.8517852222054585,-14.755472523760869,-2.434113790251119,3.9210316983497964,1.1863085418399286,0.9648859622285408,12.810453772978697
2022-04-05,10.195117,105.200047,0.4991718858035732,0.18504471206374629,0.10117095966409077,1.3037008257599845,-18.51924313096968,2.10843277229918,-25.92148532596991,-9.988069316409598,-9.759284925955173,1.2514859380218597,-14.931929254196385,-2.0808069063230046,8.2950890620586,3.975655265326906,2.0681885912500086,38.53703724152519
2022-04-05,10.208515,105.202809,0.5382489084784543,0.2528292044418224,0.09866136838176914,1.954659684363522,-19.266489149560854,2.3517820113510446,-26.585951534750215,-11.794421096016563,-10.728885370407845,1.505846349884405,-16.103346545094706,-5.998457168627969,8.234232332703526,4.486023687940388,1.046392030284537,39.54271763718137
2022-04-05,10.22418,105.198785,0.9450181959189325,0.2493385495376022,0.2529403623826668,2.1145787421499724,-16.437907190613647,1.5122996468800534,-21.881087763748024,-7.18846199195739,-11.202577039405588,1.688644967307896,-15.558872166489888,-2.569928569613842,3.5564608641132947,1.3545349405484461,0.891629722870026,14.814004385541702
2022-04-05,10.227343,105.230821,0.8122699669876133,0.24672468275992587,0.17779721730201187,2.053396441649223,-17.583377233470006,1.719842514978704,-23.037330482664082,-3.8377561290631284,-11.440641096106265,1.9927062791831558,-17.153419013132588,5.966538758989154,4.4891753332577,2.097361294134552,0.9479920773542037,21.497539954213547
2022-04-05,10.228207,105.177659,0.8133780047497547,0.19476365305497612,0.25326515060906213,2.4223581898158972,-16.877112948257373,1.7264301316989015,-23.827047757586115,-3.1721905176739797,-10.834164032380155,1.6132170054043184,-15.431589364861907,2.1892929316648697,4.205194191041381,1.3118187672421777,0.6512834546174223,14.793724444048621
2022-04-05,10.236082,105.210347,0.7749282046962335,0.20566593086852164,0.19085231771438527,1.9077992117911284,-17.340787447216474,1.6766757219830317,-22.28745541241181,-11.303489670600984,-10.997862155261688,1.7266444711892168,-16.648007462305685,-2.998514549129994,4.577217017636541,1.7479610178425349,1.096656700180004,19.9586136961988
2022-04-06,10.46658,105.139698,0.44032449904716564,0.2450000946470662,0.08603594387538244,1.4996653691663064,-20.05231421268197,3.792707759383575,-27.30320722569043,-10.083046542748399,-10.339929193832434,2.018750554996437,-17.36858670738427,2.0737966797939213,11.169450965006822,6.478474378338708,1.667261698670603,45.49219639867895
2022-04-06,10.540457,105.207852,0.6353322331330808,0.27765592386680626,0.08173371531866332,2.095190236477285,-17.94042739919557,2.75405469414074,-25.74141387043438,-9.531281045158853,-10.258094149722549,2.3226847385051985,-17.742125706208263,-1.9224846419454396,6.902561275230921,4.3421233014179625,0.9091345169330958,47.93941238820239
2022-04-06,10.550361,105.218667,0.6045430340545525,0.2452616644472085,0.16186418647117387,1.7544247391092938,-18.784254811515684,2.325190828868804,-26.261439492322186,-10.914902933937682,-10.952030158285243,1.9832525501951235,-17.840032155932906,-3.379363792343099,6.777146404041893,3.1913453490690635,1.2799496101672423,23.71207551963543
2022-04-07,10.445962,105.123164,0.4320365939134617,0.2219478763121131,0.10471350765820643,1.6932340288192402,-19.90868814887618,3.5680810930189804,-27.69252793980288,-6.512965003331617,-10.249412411457989,1.9898465050062262,-16.861954965855602,0.2754769554616123,10.531236928771136,5.1799682035795795,1.362343262608158,37.19946527869482
2022-04-09,10.297494,105.145318,0.7473811395846192,0.17118690970122363,0.31742712673994,1.526796812051419,-17.58383718845846,1.4440888758943515,-24.395781004022925,-9.06690391463191,-11.088658720718817,1.3097934050759301,-15.409399877072602,-5.339598945665667,4.645968642521126,1.349611357035375,1.6198639978986862,11.60131747743506
2022-04-09,10.30701,105.130668,0.7547794837100926,0.2207213698225614,0.2431042013706261,1.7162118789720464,-17.25694577173236,1.4187882356636599,-23.3954585018027,-12.599786025599828,-10.73468775353676,1.376608812470633,-18.818691019127755,-6.882219194093494,4.835197559252592,1.9837618334391542,1.3307145516297592,15.453849737881633
2022-04-10,10.248814,105.361138,0.538120369436249,0.2306635420806244,0.1293746658145752,1.7120352206754885,-17.88521932972287,3.3567453969518137,-26.916256641256183,-6.689771671932327,-9.380010015099087,1.9452274776650427,-20.386211470811688,-3.2869166999279757,8.148337042115992,4.487989482257823,1.336400531772815,29.917954259553067
2022-04-10,10.249044,105.347198,0.4588481167975166,0.2206576048235646,0.10270050166972444,1.5717202210508474,-20.007502906846398,3.4154353076481563,-27.74074893639669,-9.907170858353897,-10.642297455111636,1.860271477601249,-16.268828211893833,-4.1376626526417954,9.988002592963849,5.395537590224422,1.544982208936405,37.9482031243006
2022-04-10,10.252308,105.334358,0.6568579421977245,0.2126082812587684,0.11247512892504366,1.3204414049110789,-17.580413898421998,2.683662434134524,-24.72742318470618,-7.978183006624529,-10.277706037995632,1.9472180048984211,-17.60643133978989,-1.4024614972130762,5.86163437838866,2.6532308886774123,2.0292900428015344,34.56341778159422
2022-04-10,10.258961,105.323388,0.5667599259882735,0.21829816708904734,0.11378090533096608,1.724410753022389,-18.643894693815763,2.942731914520327,-26.01332652544676,-9.851402415142843,-10.481469578083612,1.863838684239296,-17.292633165288173,-3.153747438022588,7.374833066427172,3.9345014003989407,1.319632948814061,34.155283642407255
2022-04-10,10.27049,105.316832,0.6062887158716047,0.19866403257270557,0.15398907463884695,1.4164643884187516,-18.381236934978794,2.6069058052992946,-25.191554301092122,-11.05168832863432,-10.65451147654981,1.9857285485446563,-16.915496084486254,-3.2533353767148414,6.478474652932451,3.004616421831196,1.8239326259838688,24.975868803558075
2022-04-10,10.272277,105.291556,0.562647563155012,0.20197251317132647,0.10745606209130783,1.6499608539654822,-18.917204162419427,2.3638465400709543,-24.964213741430186,-11.158489630002833,-10.780205822625074,1.7120110367552006,-16.668477723870197,-4.005288512866947,7.142108947261169,3.2997708036726277,1.424299940441909,36.224516906278495
2022-04-10,10.277579,105.307934,0.47599640270708427,0.1976828016304707,0.08465704131917182,1.3558632987057244,-19.80237743643043,3.2329980614903313,-27.149452965071013,-10.162147083967566,-10.737253549973131,2.2845766709051833,-19.585884701618518,-5.007668114776936,9.064081246932346,4.739931418258143,1.9501499183717907,46.24946605350053
2022-04-10,10.282445,105.330149,0.5621477255505116,0.20946611432642306,0.10219061316030625,1.5681000719722233,-19.459261378277766,2.8301492718682373,-26.953555132067258,-9.58565867160372,-11.25734914252184,2.001018219623133,-17.17557437365189,-3.931726171242491,7.498202647034681,4.333233751173634,1.5508576088317751,38.1425384024774
2022-04-10,10.28697,105.341571,0.6835250804307489,0.23355743952429056,0.11536461966320967,1.6095012649107634,-18.45382511109639,2.448201053699992,-25.049867103002136,-10.829105190862254,-11.281190916345823,2.2740548982618387,-18.7763358208992,-1.4549523658431716,6.0093100021774575,3.999166368336176,1.485241911395313,33.67267531135128
2022-04-10,10.290802,105.32462,0.5214553237621928,0.22374578850148888,0.09069225911056446,1.3880428257772286,-19.358197815399873,2.6835641092703333,-27.83530978711801,-11.72763054464038,-10.693299041653562,2.016439589667014,-17.668584490398633,-5.736707433963732,8.482474565200876,4.925003653495234,1.8817554658374591,43.10519750228664
2022-04-10,10.291025,105.299533,0.49943538201747756,0.2043902365759849,0.08610514587803686,1.6296695589439418,-18.197718415086545,2.659764204536191,-26.11634371756422,-7.985796913162106,-9.377822281961317,1.484725082528194,-15.959559083001807,-3.989036371556412,8.578906436052545,4.519297942282755,1.454485314551791,45.45483100006331
2022-04-10,10.298963,105.275991,0.7798929049102667,0.22815659599491012,0.1694153309587918,2.139330458614676,-16.064302557752164,3.5600582237103477,-24.887319347648646,-4.977985203828311,-9.728825976823375,2.90517252270643,-17.408638631551533,1.2957547062675872,4.616568107182697,1.879063211766097,0.8697438649053785,22.610614088833263
2022-04-10,10.306886,105.290958,0.6639340550340742,0.202876222177058,0.17046252027448133,1.8983110356461683,-18.241379380007125,3.047179333402017,-27.220016266872946,-3.9483947407546913,-11.032544616889838,2.5892132997090145,-20.44014139923603,-0.34477461700509204,5.64873283568412,2.298849753635321,1.10713625158821,22.465568815708814
2022-04-10,10.309795,105.31553,0.6010639040847136,0.2303996423519923,0.1192026479278988,2.0637672685417434,-17.112045667228127,3.5272265024265574,-25.958905155120675,-1.2956049624202974,-9.272789466661347,2.6038415948134106,-18.035971527881628,2.6442871888797983,6.796334787027183,3.506772238352862,0.9382030430332375,32.55630155480648
2022-04-10,10.316024,105.309873,0.8244168922155568,0.18190284343367605,0.2895767815820914,1.6272774235719532,-15.269881557537742,1.3233038245463695,-20.935953184829856,-6.4651586644561645,-9.311396873706903,1.3932402542230735,-13.706885429761964,-0.9283317033940115,4.109621457240143,1.2364661030550186,1.4580934646163806,12.813262161925264
2022-04-10,10.328521,105.30163,0.8914083873633184,0.1937497662161582,0.35574402570185426,1.815804587498708,-16.051007509129416,1.477137744656777,-21.89940393275202,-9.743516565806797,-10.531617656388077,1.448709327427178,-15.33652146894849,-4.950514446469997,3.708406451755824,1.060915387078739,1.2028802149409958,10.244039846089679
2022-04-10,10.356519,105.30945,0.5021108963616169,0.18010162877885394,0.10684527347664877,1.1899244990198363,-18.42467223290939,2.961636006277595,-26.384051970198897,-7.8600828013884225,-9.700900828250493,2.23590332226655,-15.96576269804528,4.109892073932654,8.236884123724519,4.066392106671068,2.3615578158907367,36.437313508062736
2022-04-10,10.359519,105.360913,0.7857550403392415,0.21485149602636683,0.12252745086272866,1.5457078361865062,-15.952852059323863,2.170761756952159,-25.49710210170025,-9.017970747533903,-9.651996139293527,2.001930283585311,-18.76412691969456,-1.2242240839377208,4.638522802658276,2.320284427799026,1.5878111673863295,31.64574568258443
2022-04-10,10.363786,105.288188,0.7210848205759787,0.19083982084221893,0.21980096168308333,1.930097142476992,-17.636626697546042,3.256063283175527,-24.735855812454748,-6.554921370913917,-10.913477145744967,2.8522713715121024,-17.69817537131098,0.14050363977763092,4.966217362644128,1.7366911748902403,1.0724345484842261,17.19828252511169
2022-04-10,10.364433,105.327337,0.7490200349215272,0.20802027926164623,0.17358532859745002,1.4803562622102246,-17.075251600979552,2.4851330888365664,-23.30357449289584,-8.96227060778714,-10.521577214671376,2.1514065238432187,-16.40919868454257,0.3908923204042294,4.87001083260216,2.1437284698056724,1.702052270868809,22.04342211591009
2022-04-10,10.369819,105.304833,0.406157141924086,0.15117277094224388,0.09334984274613381,1.1538320732562697,-19.2683164567546,1.7300021936125725,-24.785560419357687,-13.669548854920226,-9.522170581207448,1.206967333439496,-14.18800681274978,-6.41280608903438,10.20527469351304,4.141861947552987,2.4667089715329724,41.849563345040174
2022-04-10,10.374447,105.330923,0.5678297764530332,0.22304331814271447,0.1033377458329401,1.4391791984962652,-18.09958898860943,2.624463878145206,-25.281253749593795,-6.260975004445752,-9.943559735256093,1.7313765457970056,-17.496930366941854,1.4316374670534673,7.3578176219952685,3.866181791215734,1.7793620170298623,37.708024524422655
2022-04-10,10.38045,105.349866,0.48416406607650314,0.2055855010830749,0.09206843091754427,1.4500401836060692,-19.339080478751985,2.2435430651913393,-25.417517752755707,-11.77436005619593,-10.332437048579076,1.5871196701121568,-17.658577544324675,-6.146729166445176,9.033040707217715,4.87369490986065,1.758544242582642,42.44594515336497
2022-04-10,10.455882,105.126628,0.466376533141542,0.23504199517228178,0.10096503359172264,1.64663361450321,-19.392012938613192,3.8764590355420236,-28.507642905513727,-5.281807944913432,-10.08579677864506,2.22232868876563,-16.187710920790796,4.016072087763535,9.880890227691873,5.351452597490048,1.4291985568427745,38.61767611720906
2022-04-10,10.475484,105.13594,0.5679645154129146,0.21674360304052406,0.11639904402910078,1.3296027234283063,-17.964691247109105,3.0090634711001623,-26.756245731139273,-9.59931176700183,-9.820297730409662,1.8339603673387421,-15.689427118694304,-1.7103287826662092,7.3195246608326245,3.7918211068215713,2.0084174238799872,33.36454339779599
2022-04-10,10.479304,105.102943,0.45789132148958217,0.18620142363905479,0.10083428046432814,1.4108022072904491,-19.785482357864243,2.5873276983502103,-26.820979714882654,-13.195771517815677,-10.577070785347914,1.6960108086032768,-16.909339604893525,-5.974312736444535,9.168885769388718,4.134741109644514,1.8352663323955936,38.66904887485233
2022-04-10,10.492507,105.122386,0.6347544390485108,0.16641212146942677,0.17516765713978083,1.4415032500996443,-18.088817770980434,2.637905310131922,-25.160138727969624,-6.597512094229048,-10.697152113219998,2.0915559676704705,-16.943371613403336,0.7356556539481571,5.77650033315746,1.9760016887689538,1.774881013777457,21.83526574091282
2022-04-10,10.499686,105.158111,0.7418408793881242,0.20641984616929604,0.23208867407651487,1.733611114405942,-19.022604593761322,2.50973582733923,-25.160937362997856,-9.723124400316369,-12.43113328713933,2.495805904148922,-19.577602838889185,-2.5878612049048506,4.856809557301071,1.7937077657697282,1.3073225400788246,16.234791899760186
2022-04-10,10.505349,105.165087,0.853638004004652,0.20152381957240936,0.24244415720138168,2.4151696465025534,-15.844737244421292,2.707046575361038,-23.60969595263716,-4.839802011330722,-10.07055073975189,2.389393408573801,-17.68217262361661,2.414792015640589,3.9524973153351914,1.2255278601010087,0.6561983568286663,15.498644661819897
2022-04-10,10.510203,105.111601,0.8640142850749672,0.21251851971466929,0.37443675390229497,1.877894725972784,-16.46802682871018,1.1399713744981144,-20.13551815843187,-10.6956836428278,-10.754777958472117,1.4787349930890301,-16.183987427695534,-5.523864878687787,3.9030318131090853,1.1883040698927154,1.1300448553781022,9.682711988908425
2022-04-10,10.513536,105.127422,0.7276920558121215,0.19823874809037778,0.25686134029074353,1.6110679598646804,-18.78246607380877,2.882817361889321,-25.59849278393675,-8.652038313811907,-12.096162661444835,2.1998610019469926,-18.53761141664598,-3.0991081417573185,4.946149454438446,1.773452146535106,1.482825119516358,14.572604252054303
2022-04-10,10.521024,105.146349,0.7371022507382808,0.17032550448028194,0.26275251348014206,1.4191384936198281,-17.18277984822294,2.234154736352851,-25.107096233775778,-9.383884365973246,-10.605936650788433,1.762847168723438,-16.930133818078126,-0.25305129640828783,4.755493723552508,1.5319714371906112,1.818611444889435,14.223450946368612
2022-04-10,10.522164,105.178664,0.813995821991387,0.1735012143132783,0.2772793906888706,1.5769092782502852,-17.300658834526416,2.021581462263581,-23.968388171648908,-7.7360793873586955,-11.280998592508054,1.8678538971308682,-17.894594264731623,-2.131736555436263,4.151425370066705,1.184011912057049,1.53660756212833,13.425882825486719
2022-04-10,10.522821,105.229739,0.7820594963737496,0.25107336157957827,0.1332224645156997,1.9621271812993728,-19.025614280312972,3.44081657799909,-26.30978244721975,-7.658928781847062,-12.624291973213108,3.182497218380728,-19.48080969013592,-2.6707072406653953,4.928865597389863,3.082941128916482,1.0386038367559303,29.02496624380205
2022-04-10,10.5263,105.091077,0.758973951262263,0.21248905392545198,0.18596014399256292,1.7373795023091056,-16.56793925116809,1.5852332720353233,-23.37250617975478,-12.367140044693313,-10.07936070730606,1.0641992514542282,-14.122656741539194,-6.044635077973532,4.824804376992416,2.3298075967068486,1.3023179418680288,20.509985495386427
2022-04-10,10.527277,105.237319,0.8763893608376262,0.20473318174094218,0.3432104262897437,2.315453126200744,-18.093517772377545,3.643069684806072,-25.108136379087092,-4.871603781448769,-12.465794850429052,3.522566918537281,-18.442257979145694,0.6736620225797783,3.821766185880483,1.167267272602807,0.7275236344616939,10.654657590801559
2022-04-10,10.531488,105.186775,0.8612141561196585,0.1849331405073887,0.35327689791688766,1.909310933946983,-16.378484315602574,1.7893003752256063,-22.339530918872214,-8.293859629999819,-10.669014855267411,1.6158695896582262,-15.877325668030936,-3.3807021750835893,3.868180679408112,1.0894104389788575,1.09499664453871,10.322563189345725
2022-04-10,10.533759,105.243145,0.9501656381433171,0.22613938315472418,0.307129761203451,2.072801254568989,-15.036142852122426,2.5268085880423214,-22.52603219726145,-0.5013216642618312,-9.859884494536132,2.542428501775896,-16.256296557991405,2.6855769913157994,3.4637814220705994,1.1893372462425056,0.9297556826458724,12.023811122460037
2022-04-10,10.534074,105.126326,0.45369821717241676,0.20312738599112126,0.14251291581815811,1.3890405139340862,-21.137645672813402,2.8701148474938787,-27.5423923325914,-9.779945593284332,-11.833370284810265,2.054944137120815,-17.74010368123347,-4.043376429446695,9.428309207838305,4.084554508779116,1.8796856246266485,27.067631463690432
2022-04-10,10.534615,105.134916,0.5704759878698118,0.3004071504298491,0.10672159851537914,2.4629339886077397,-18.888865810256448,4.776320568547666,-26.588106350870323,0.6793694208260561,-10.537835632404715,3.1055552817680803,-17.38329296454942,-0.09607513869638273,8.166348647530839,4.8910226678456565,0.6240792560831647,36.480697962217825
2022-04-10,10.536087,105.175145,0.8346504777316431,0.1861646619830353,0.10954309350300005,1.9741290694049156,-16.295277832482025,1.5244580421161584,-21.373015248090333,-5.341576608260418,-10.401274056169576,1.8025800601778865,-14.920364314097416,1.179130653689124,4.065430549280697,1.4550085984643306,1.0262099687361201,35.51530983914063
2022-04-10,10.539297,105.225673,0.813388938807266,0.2350901454131211,0.13425555498394692,1.7102586358584209,-18.259228591249435,3.140997540004643,-27.59895938322733,-9.685584632479035,-12.133744875892875,2.6661846877367466,-19.293250711815624,-2.8466591308600173,4.482950119926473,2.377002924018505,1.3388275411293578,28.79392547651592
2022-04-10,10.545098,105.112895,0.3870029732092479,0.18401215864000675,0.09185128297396412,1.3241033938907063,-21.431494461532868,3.027495936732273,-28.337793050850397,-12.136037205075061,-11.316822625491872,2.1288633984343437,-17.470163261640472,-6.838439102610548,11.426559262810557,5.152530103722583,2.0209121269952477,42.5486568122715
2022-04-10,10.546629,105.163964,0.8421615348259914,0.17408459143411226,0.22143499023211705,1.63588963881696,-16.58040559087647,1.3500477237089268,-21.232517513203824,-10.783180950163256,-10.751265026456018,1.2100862236363081,-14.270303917096008,-0.16156851135445072,3.9728997291481303,1.1595616792112802,1.445152720016439,17.063992487397947
2022-04-10,10.546679,105.126512,0.5069708095451126,0.21795205158819744,0.11400153464514334,1.3227073180689548,-20.062859803650266,2.7870482590690324,-28.674226269642432,-13.54248358490658,-11.264336443084705,1.4753915020065855,-17.061298005125593,-7.405585908153245,8.672367982276095,4.679633136853086,2.024100604387428,34.08724696076192
2022-04-10,10.546857,105.181035,0.9465514894263511,0.20202515339218358,0.4452156389390251,1.8832905149568009,-15.812660875056926,1.786700979259392,-22.829524575363823,-8.931389136934401,-10.639221401781226,1.9880167559925195,-16.76458767503498,-2.095330745847824,3.419082619581782,0.9533888520898204,1.1239420940277782,7.98441036243074
2022-04-10,10.547628,105.146859,0.7670141074406349,0.21976491209816257,0.2864558251733722,2.1005502158197156,-15.04206655640418,2.9917705669554,-21.366142614901925,-2.997668544281685,-8.637262197016838,2.4066442446959657,-14.633840267712518,3.5560070904193517,4.631010680770873,1.5814295409407624,0.9042629735176534,12.963758626933394
2022-04-10,10.548566,105.198194,0.8622420258092165,0.22732087000938692,0.1552595659112136,1.804921512230925,-16.14480878674653,2.87480785157587,-27.675733190357597,-6.146321144934824,-10.363640498268497,2.595957978140766,-21.34319964787905,-0.3002280518580491,4.128610748350847,2.235394441939523,1.2161628485750091,24.763307893617522
2022-04-10,10.552114,105.091399,0.4623840804156391,0.2691042424783285,0.06000257637946966,1.493731098937871,-20.040560439499785,3.228385140096761,-27.632025243770627,-7.254553696968793,-10.478210330018417,2.050420303595346,-16.974720721303633,-2.9042681799424446,11.173405234419494,7.264013177044446,1.6778581518750135,65.66380414572716
2022-04-10,10.554634,105.1522,0.7725309323513767,0.21559331124352482,0.24670113891069348,2.2029451514958236,-16.07390459406373,3.274452497934974,-26.099188736538615,-4.9782558270900825,-9.702410673875544,2.502203815687953,-18.271733591732215,1.2961387203713395,4.621810381809686,1.7447404404230995,0.8157510627461411,15.213950278713593
2022-04-10,10.555822,105.1711,0.9083902189985258,0.19573679381882747,0.2926451291303387,1.8388735743943365,-16.042887841522063,1.9273393908926928,-22.676076202663282,-7.476675970788955,-10.629654589344382,1.9079254655649598,-15.034603591766736,-2.7712234396665436,3.6240086683584942,1.0968137922428314,1.1752447018101644,12.668431837177359
2022-04-10,10.558195,105.203328,0.9760089735204553,0.22723569097659443,0.3294420038942363,1.935726094574157,-16.17792670976323,1.9418183569977423,-25.596927016304683,-7.8896914425139375,-11.159344355735968,2.284548369925763,-18.282747787219137,1.7013957090819531,3.336966441918128,1.0933374505067752,1.0664080580470583,11.14174256080641
2022-04-10,10.559295,105.124493,0.6653898063499651,0.19316985216014984,0.12677419208380256,1.44468902403134,-17.64864608788216,1.9027110077007012,-25.640742930294472,-13.529991734998415,-10.450353932486975,1.0818134876491565,-16.039375066819463,-7.220345175319123,5.678646064961761,2.661145297302792,1.7687619504702676,30.552163214385526
2022-04-10,10.562531,105.169469,0.8621302576625358,0.17988205314892838,0.3351158027824753,1.7354194867835275,-15.680425946584613,1.7301535424477634,-21.526586557987365,-8.433656613680688,-9.981460616437491,1.7904876005540193,-14.711927940099265,-2.7712234396665436,3.8538196496224586,1.088735688193037,1.304918223209367,10.936172412007714
2022-04-10,10.564704,105.19729,1.0210816007155514,0.20895987603599575,0.50362375132829,1.8607385440708293,-16.084158264600795,1.0797795231262717,-19.5934164335685,-9.931268285580686,-11.35478841969052,1.3465343444016349,-15.106272508946391,-3.0195222177082286,3.0847031914042713,0.8467406083277488,1.1496840664400936,6.942437165543009
2022-04-10,10.56526,105.088832,0.8502373622196217,0.2326041851633328,0.2851904527223107,1.865527146201901,-17.485783779709493,2.399059811440345,-23.6078193914955,-9.785006187244594,-11.65072730331136,2.2280155943073088,-17.691711239002643,-6.319941008383953,4.071918422446267,1.4849512023370368,1.144166064880779,13.025714962817466
2022-04-10,10.565735,105.172074,0.8715260255265298,0.1917513913586897,0.3408379686659926,1.83767740443148,-15.319365985905248,1.9451598093961897,-21.526586557987365,-6.787936759916871,-9.674444093599897,1.9913625892849194,-14.711927940099265,-1.3979152014669332,3.8136474267211837,1.0762206181293301,1.1766605990551833,10.735781713685302
2022-04-10,10.567359,105.177342,0.9603668020439197,0.20374163974881163,0.41636539473971934,1.83767740443148,-15.687576830525458,1.945804200542903,-20.251796489918117,-5.955441275599346,-10.595760929895771,2.419950037465881,-15.945765512232933,-1.8092377875063168,3.359809295599977,0.9647920090092222,1.1766605990551833,8.606946327757383
2022-04-10,10.570816,105.208925,1.03022612744865,0.24004886668537417,0.2839341740964598,1.9297152265511888,-14.710248051843376,1.730363435947799,-18.879528870090695,-6.799647463693759,-10.00246722559164,2.3588366776010865,-15.014134625925067,1.4130079686419652,3.121591037359064,1.08868032521133,1.0728447104336998,13.087772325148489
2022-04-10,10.571202,105.135919,0.6951763621450514,0.16849149959601523,0.22029249478396215,1.7449456992921473,-17.613539974069607,1.9855196506045036,-22.901765883312475,-12.215676768778005,-10.716408507937972,1.6902468007130091,-16.538640052486713,-5.8758466655852,5.12883513532168,1.6500235474807554,1.2923349429283877,17.157677155196527
2022-04-10,10.571793,105.16066,0.7639159005143987,0.1798541771588856,0.23641778170078107,1.378300557787069,-16.421219311190374,1.6985864302388234,-22.11445102814093,-11.700811119491544,-10.032786251026387,1.156837609233648,-14.479623156362944,-5.051010130174136,4.558724407465183,1.4485001693734956,1.9021246326869383,15.919201132944158
2022-04-10,10.576126,105.183375,0.9563395914636378,0.2219813440853377,0.3447616267822134,1.889322073502591,-14.797084606079046,1.3350591943454893,-18.730611940253013,-4.316264359509087,-9.664202572305218,1.7537517372708957,-14.16628073624689,-0.29114038392384645,3.418342152439868,1.0885189362159042,1.1171615237546286,10.602219299559136
2022-04-10,10.580993,105.154027,0.7529448585818105,0.2016288313419572,0.2673216116862123,1.5984459805413829,-16.473110055724415,2.2435813518626606,-23.745551918945395,-5.863306713333818,-9.981196851130012,1.6528575244174626,-17.24470617908517,1.025804831283797,4.705795790732228,1.5798891081635384,1.5024305160723836,13.963249603235534
2022-04-10,10.581404,105.200348,1.0391463644306251,0.19770335623931848,0.539280692310978,1.8157233093121488,-15.704644792174598,1.3108111498794843,-19.74055454104645,-8.906604963645787,-11.088097764746223,1.6422540585306038,-15.475511593170259,-4.39192986008768,2.993696290585999,0.7855111133200703,1.2029788236376842,6.4172876148389655
2022-04-10,10.585739,105.193578,0.9844501356519622,0.21346456490138102,0.28586950664792754,1.806206195169007,-16.076502113860393,1.3288331438190246,-24.254763303604403,-10.500025289179465,-11.122412775492828,1.6863487743220467,-17.616722719432385,-4.476696165936346,3.2649484990168243,0.9710053211554907,1.2145865797042732,12.99239830404975
2022-04-10,10.590564,105.128439,0.7209243139929987,0.21789180970037633,0.229191456099836,1.9262258101430638,-16.843634460878253,2.199083210756328,-21.724065100702354,-6.71560047142715,-10.081417838435826,1.296547176909931,-13.664281656366713,-3.0963560767845517,5.068884046249053,1.86399007040969,1.0765997314213713,16.452657564414604
2022-04-10,10.593644,105.075243,1.1187387445399193,0.2513533214491151,0.281245116814624,2.0228133497496037,-16.602501268191894,1.0942117215852922,-19.603286263220426,-11.781962919030452,-12.390084976352677,1.705474832845305,-16.18070822071732,-4.8227106809533895,2.798649886422595,1.105168522514219,0.9774439398944762,13.222469158945449
2022-04-10,10.603094,105.127872,0.9427043541721903,0.1867583562920161,0.32567039498119893,1.7110075559156301,-15.438758290166382,1.5071539776130205,-23.75441094145976,-8.56183166370305,-10.25112049999266,1.749360982282733,-17.810363180437086,-3.0182568163939134,3.419177486835704,0.937098847925647,1.3378038198431197,11.282356829612716
2022-04-10,10.612095,105.141919,0.6895851984360696,0.2162093151726496,0.1573415868575983,1.4954606771385797,-17.226876195448448,2.8143979200778535,-26.091849581623286,-9.88519002939449,-10.185941313625024,2.0566172595247454,-17.96989480084509,-0.7619988471915948,5.524358600698081,2.534047232312048,1.6747610693807182,24.422395184180978
2022-04-10,10.619493,105.095029,0.9849650405324691,0.20235830181850234,0.43210700066471674,1.7130126475976517,-15.192432475778006,1.1386281618200218,-19.28956975987165,-11.212427803902216,-10.252092596008625,1.2095352329127709,-13.659265729070931,-4.924150387119143,3.23792037339896,0.9013589402860469,1.3350674063087886,8.256966431570744
2022-04-10,10.626774,105.140369,0.5586098290771055,0.1777770469599756,0.18693481489137168,1.6029686167696602,-18.76264547465468,2.372398252629435,-26.063208572556015,-12.29847071018697,-10.659214950846577,1.7511268432558817,-17.761076167677828,-4.0685397554337595,6.903502272104456,2.546615748325257,1.4953701264974815,20.39783326248998
2022-04-10,10.628311,105.12253,1.036173083565415,0.20448699714070806,0.46107525828578905,1.838696015547866,-15.839474263043396,1.2236622887212467,-19.189010998414233,-8.910110810094912,-11.199167731177583,1.8571561595475152,-15.973988077775946,-4.132113808108032,3.02096786018426,0.8483442683036033,1.1754547604260417,7.675373332482467
2022-04-10,10.634849,105.13078,0.8763390546929165,0.20836682238593213,0.22282467795237704,1.6318710345599998,-16.18678366209976,1.901071655700373,-26.12680584593651,-11.617637963925018,-10.53946473264688,1.9131815264241925,-18.111407654971856,-5.567568734993056,3.8915604162902624,1.5305599137868495,1.4511740911428803,16.95133302449963
2022-04-10,10.636733,105.155635,0.9697675722336632,0.22361906017092714,0.3222332093123545,1.8471909905756565,-15.982796154863474,1.6704317507807303,-26.46452028162826,-9.566584586560769,-10.929411926200178,1.6897941410166002,-19.6214267328667,-5.494064554000504,3.360180192281261,1.1192723861988187,1.1654501458744364,11.413369834027964
2022-04-10,10.64394,105.165296,0.8976989518242178,0.19519024889328826,0.4234020774548498,1.6440814994276385,-16.85229904141946,1.5170157321966036,-26.841059167168773,-12.43035773138753,-11.372688008190147,1.4896301293621086,-19.620249216508636,-6.810382839090048,3.674404124840988,1.0487808128413048,1.4329694126431918,8.44728477489945
2022-04-10,10.64683,105.119494,0.9694059821185489,0.22446136007029688,0.3359661165339584,1.926654102504871,-15.364145165983157,1.161689751853412,-19.13841994637359,-9.669846979481015,-10.307228376523213,1.8174659996818172,-14.962535774179715,-4.927570263347505,3.3647329199647253,1.107799915319591,1.0761381063676878,10.905962545469054
2022-04-10,10.649258,105.142121,0.9864317605456012,0.2253589451880797,0.2535269433615966,2.082145532933524,-16.178797152593262,2.0270629180825237,-26.14165396101012,-7.852638265173558,-11.222831332437062,1.934975343601253,-20.21289029799133,-4.535422942154475,3.293705032686624,1.1708549765768994,0.921095301328155,14.777415792430943
2022-04-10,10.653314,105.174185,0.9214746202007282,0.21660725801264313,0.34315928467685375,1.973404723933904,-15.190060530471413,1.0166720159835376,-19.66262943305371,-10.47130107646797,-9.841897579496118,1.4409876532307202,-14.250070151854416,-4.742347770283519,3.5934051154160205,1.1379923933630547,1.026953696566692,10.656394504280193
2022-04-10,10.663484,105.168203,0.9888518770953568,0.21159405780437524,0.46314855770394076,2.126290509352612,-15.071895569359603,1.621397084666903,-23.609460598088166,-5.251934581562492,-10.147714301167007,2.0009274704037288,-17.191056484128964,-1.5980559634878637,3.2357154309144627,0.9280652521591856,0.8812104848353357,7.636537744670959
2022-04-10,10.676956,105.147011,0.9720769153320932,0.21141705138983596,0.25870772868558206,1.8058136386177088,-14.788960489058187,2.163407509328352,-19.447298584342242,-6.141355922521323,-9.761761704735498,2.550997789893833,-15.218535079441331,-0.2721540484361673,3.3202552207141114,1.0061759944264408,1.2150679973055631,14.461463097074157
2022-04-12,10.327543,105.350908,0.55491488773646,0.2130903279506033,0.0842872155662062,1.5782031154016964,-18.900104632153404,2.2547471237998797,-26.2180828317209,-9.641906315730363,-10.620169819044612,1.9288130690773215,-18.32424839035596,-4.513488099549475,7.661947679069895,4.53742718001052,1.5345280090781528,46.45678182782141
2022-04-12,10.331447,105.158675,0.7672183823391227,0.21177155202188586,0.0794886499666411,1.702632444440487,-16.82419616815175,1.6125936696901089,-21.709615211369155,-7.986219648187469,-10.412057813517574,2.1019199721727535,-16.273044794916597,4.4120406800033205,4.696355596622478,2.2310790852625932,1.3493032880120324,49.321649715760365
2022-04-12,10.33791,105.357013,0.6238556427139234,0.19702940778763137,0.10310250111819669,1.4667848578300422,-17.537573015920678,2.5027935357577324,-23.695939211482244,-9.879493817170614,-9.95726934075454,2.129839356999513,-15.1114322039228,0.24345636549906646,6.34043927702985,3.5161642101647432,1.7270529680253108,37.79634302386516
2022-04-12,10.339092,105.325101,0.6936532057550778,0.17516474649522187,0.2082009735471785,1.3789425388147267,-17.543076950984133,2.567507748325111,-27.08494524534013,-7.064816316250873,-10.619424385658107,2.444353793968111,-20.45113560492062,5.53880923165281,5.193924622137627,1.8080650024146847,1.9007735184079604,18.21220603271385
2022-04-12,10.340626,105.172116,0.8297843618611173,0.20269605884335504,0.29865742654193445,1.732940489216536,-16.818387770642598,1.4376860655749526,-20.425496339226008,-9.71952455008024,-10.876488949633707,1.5212890276827982,-15.273849458608698,-2.644380567171268,4.121522205079632,1.3113317311522683,1.3082154435715236,12.393271502787696
2022-04-12,10.342217,105.346028,0.7545644808380622,0.19777717627351366,0.267620286652326,2.0572206728756104,-15.732419839395014,2.127278504041985,-24.662247138126602,-6.719769118611833,-9.25989472127517,2.1182842478262076,-17.461878967928484,0.7871154792339483,4.67127160343381,1.534712879425669,0.9443708945471305,13.946550016951916
2022-04-12,10.342299,105.365285,0.6218590957743656,0.17788229518143883,0.1144180086264109,1.2508750410555811,-17.372066386847965,2.433267481637068,-24.25961228696379,-10.488456943614246,-9.831244216937902,1.7890692355618931,-16.718001161681972,-3.4885703865464577,6.097060988731829,2.594256472804054,2.1977614619478727,33.95953170326972
2022-04-12,10.342809,105.315657,0.7929308328229999,0.18628500639675416,0.35372540040568456,1.7608505020178653,-17.779881324685945,2.233142923631801,-23.78947119497295,-11.661498731230987,-11.60089444777396,2.3188295321317316,-17.95041785862784,-5.24646725386307,4.32816402524493,1.2824063998492163,1.2716295309659493,10.308206861628921
2022-04-12,10.345924,105.270456,0.4459949064531833,0.16684221104032534,0.08899458113000837,1.3544970791023945,-20.447955863225737,2.0638484627357676,-27.12847559925621,-13.692907757464262,-11.134370180261527,1.669799002200991,-17.111892422425512,-6.719988890263249,9.370351956944937,4.311035467756012,1.953125600426353,43.94655684885546
2022-04-12,10.346876,105.206507,0.7239353680348729,0.22421782267992627,0.19949199166617218,1.5420572315258918,-18.43307340916621,1.7556755701695865,-24.137206932120503,-13.939954209205053,-11.6691964999671,1.673703061337454,-18.04196255625154,-7.115506626705169,5.1391251149405175,2.2162342826377066,1.5939374481204776,19.05093019820845
2022-04-12,10.358094,105.189541,0.6989190711485151,0.19633923727110117,0.19230275145894452,1.4747599177074164,-18.41421564525237,2.212637151358578,-24.724881515711633,-8.777227361506878,-11.504596011665253,1.8628414394114734,-16.706946455095093,-1.8026707685824033,5.219269970121436,1.9261610347169529,1.7123058824504722,19.800534415930997
2022-04-12,10.35853,105.127583,0.6564194583908749,0.21570525286260095,0.11495896140677889,1.8013205770940544,-19.162878493015807,2.255092609358735,-26.65556013972833,-13.279875958816447,-11.845663033893006,1.4968050729799853,-17.32353353819775,-7.126947506997057,5.92339336272366,2.936405251997363,1.2205930753608125,33.79502555565128
2022-04-12,10.364419,105.164984,0.8464444909021728,0.20513722929236078,0.33337622835243924,1.876054049855676,-16.992675989145535,1.1923655804431619,-23.202820649921183,-12.917147696595208,-11.166122603736833,1.3384625011339377,-16.250575462441276,-6.558604530726596,4.003960317049835,1.2222856870252947,1.1321347326361508,10.998455978004746
2022-04-12,10.368014,105.238516,0.5366424154502493,0.2069932092821229,0.06659831991527851,1.4235328929701019,-18.71878459355496,3.006350957742847,-27.31666350029228,-7.453697328024086,-10.216487241793656,2.2854823710577015,-16.86433065232714,5.44551207595368,8.354625107909206,5.968448752704652,1.80991048380644,59.06157520322594
2022-04-12,10.368598,105.136423,0.488655294128896,0.18325434874515514,0.08933227814979906,1.3230751393160811,-19.91159217430132,2.262897335656563,-26.71341002005674,-12.374207913987338,-11.028597938637024,1.6785471506485932,-17.046457812767738,-6.442656239253117,8.59437870529907,4.37013785313344,2.023259889886272,43.77664829382835
2022-04-12,10.467721,105.192464,0.6865608726390531,0.24125309714174129,0.10386615141802921,1.6501903231778683,-18.52951336744715,3.507327188606333,-26.713822959748555,-7.87699433172603,-11.403043176646953,2.4947346463562683,-17.942024407566215,-3.9050376671098572,5.801718673565302,3.328370671099263,1.4239628264798967,37.51110246591533
2022-04-12,10.557185,105.227883,0.5203055523459086,0.2592621297329069,0.08685334986348453,1.6318315267882841,-19.571220656717305,3.7612989196918747,-27.840084154793956,-9.893527054740643,-10.78234366540352,2.555697181906547,-20.168701026790803,1.0744302644525774,8.964581266253978,5.421494235770197,1.4512334357656793,45.05464275456469
2022-04-12,10.595261,105.15779,0.953909817153953,0.22444498949711242,0.3679697536961678,1.8753501849404737,-15.26985249726575,1.050198704767391,-19.54686302263537,-10.286105015946037,-10.114630950475874,1.498277074542683,-14.003598394394729,-3.336036645909436,3.4502367478748526,1.1596769538714482,1.1329349750894477,9.870458671727665
2022-04-12,10.599524,105.186221,0.9099495539041018,0.21319243007729338,0.2078186959039389,1.9875231022323996,-15.986912503971922,3.0392058770880035,-28.095264583791703,-5.295525984094356,-10.565889963377009,2.9442056464608197,-21.32083621093667,0.3516869722095851,3.660204616714315,1.2304958712713117,1.0125552228837857,18.247546437539675
2022-04-12,10.603991,105.147312,1.0097230518808409,0.21098471333512755,0.4066863311879403,1.8134759870436687,-15.60454614361468,1.2303700507946989,-20.834016974428415,-8.214119611339434,-10.80538923910792,1.5683969638087494,-14.731790204200369,-3.9588513911636714,3.1411477349827464,0.8988189990357036,1.2057088313150515,8.835589970078184
2022-04-12,10.605148,105.164514,1.0508888976898785,0.24654951072646147,0.39200796628905943,1.9127189758518477,-15.296404746698279,1.253496578420555,-24.560377824466574,-11.267616496378729,-10.700318787889703,1.7481742284637702,-17.007626720186114,-4.19750064381655,3.055765965433644,1.1347315017368422,1.0912638241687131,9.203874267826675
2022-04-12,10.61225,105.175364,0.9050568211486376,0.21957231338519093,0.26782051620976816,1.9391422602851238,-15.95419793800286,1.5256245946579052,-24.362300077441837,-10.637395522942079,-10.495963097581633,1.7295775942580525,-17.528374050798305,-4.0078925267372565,3.700819685350096,1.2590928302069366,1.062767689572118,13.935375588877717
2022-04-12,10.630244,105.19128,0.9563396703518019,0.24168282569740432,0.2933207464298515,1.8319872817916554,-15.7607142442213,1.3934655553600939,-23.802333826907308,-12.60474552900832,-10.59145199148365,1.4329087932110018,-17.954603771456696,-5.762005070622135,3.519301987947633,1.4384295195679033,1.1834212714010008,12.636948796448708
2022-04-13,10.29466,105.248528,0.39381997328371476,0.19852285963349134,0.07192914555184796,1.2858432576943148,-20.476454164355587,2.7314593864370558,-26.97457500976528,-11.727656513757537,-10.327792957526562,1.3522332566364301,-16.09452077893814,-5.931010011780849,12.076946511655015,7.066379946885025,2.110799062066494,54.6102810524382
2022-04-13,10.303589,105.234936,0.3934265900100609,0.19599595835055234,0.0625715763118274,1.161359340631619,-20.455802104179014,2.6455046634015877,-27.70102760250913,-11.192144771959445,-10.2966728662892,1.508886612487045,-15.48242932759852,0.7815527588468976,12.13453261874548,7.059590162723982,2.444239745662659,62.92678969866245
2022-04-13,10.304295,105.27046,0.4551243732311098,0.2067412427056003,0.08666073864403821,1.3311446338975217,-18.906299590464698,2.8399292261510225,-28.04034652711843,-10.10033470408045,-9.546880844272067,1.704893308599671,-15.213144122413702,1.1942232520996354,9.885046328100476,5.390593211752958,2.0049326708309745,45.15700330492369
2022-04-13,10.307585,105.254064,0.371152395065022,0.195598005484379,0.0749660587045296,1.3894504418533826,-19.985488737211078,2.947224932214565,-28.378013558000244,-11.201856337361937,-9.551352131520265,1.7127334034242132,-15.79470481963186,-1.8820028319336777,12.74029111048976,6.788172202642844,1.8788360343852317,52.35748029338925
2022-04-13,10.319903,105.230831,0.45196632368644696,0.1979487908981875,0.08706968565441374,1.333832164800305,-20.902315815300675,3.131744934111877,-27.584309101558954,-12.84023371726284,-11.548350761530093,1.9264098999770527,-17.107131213248913,-5.3480045610271265,9.723572652901938,4.885502587677877,1.9988780489476807,44.94021409329886
2022-04-13,10.331036,105.232626,0.4851880191398635,0.18380310642507056,0.10782406157252289,1.3135375366275033,-19.93580345723413,2.0507371710725693,-27.205039171750183,-12.675427804570266,-11.023834952640046,1.5031092079996093,-16.185140738913766,-6.752797326460203,8.603600187073434,4.111893744787614,2.0452117952182522,36.0974710251439
2022-04-13,10.33114,105.278682,0.43880498233092213,0.19344932745532353,0.09333394491470726,1.2443861214589955,-19.18167761116239,2.409841073873231,-27.228497531176142,-10.788312284592395,-9.681975363131734,1.6099124994244756,-16.644871210002613,-5.366513634287944,10.064867798893097,5.201136015203411,2.214436364261401,41.85686203080111
2022-04-13,10.332664,105.264027,0.38878069827990663,0.19223097147735793,0.0706784911408312,1.3285175638237712,-20.480522819009053,2.501734329595898,-27.845211883446773,-12.218821422459634,-10.309393600968155,1.5335584571466725,-15.788863877965696,-3.5810676363934846,11.924080131992097,6.347907744051253,2.0108747591466565,55.59430380353984
2022-04-16,10.28859,105.207594,0.5083476597737245,0.18194357064869554,0.08474064402209766,1.3132545600838421,-18.108802779387858,2.4340045942122615,-25.429495971974923,-9.807444512069623,-9.468883022415547,1.4888520589983283,-14.185520297878549,-2.623242708190242,7.960201176381292,3.455910426623242,2.04586796922649,46.20285107765912
2022-04-16,10.309139,105.215737,0.4534042826130566,0.17649957558092433,0.08234122643045755,1.2204012806422915,-18.61137212710167,2.048539349544437,-26.332180466352877,-12.319736774628506,-9.326968095799305,1.1670930300019826,-13.847270976531359,-3.8968069972972534,9.557361527780397,5.3729800190482315,2.2776104576806233,47.578338863804234
2022-04-16,10.318227,105.218967,0.4577545040528078,0.14191928522030178,0.06440430718025694,1.1288071667783406,-18.48109098359803,1.80989529143003,-26.21098537310604,-12.763680044292693,-9.369508686790091,1.2144863113260111,-14.29327831914834,-5.939285184812643,8.816794834578749,4.158147437954368,2.5435636109718853,61.10764737837588
2022-04-16,10.321392,105.177554,0.6667405395812201,0.22507929294833215,0.06494675258770012,1.5979045169170232,-18.539615794967258,1.8180931341824778,-25.971726197492018,-13.691303379266586,-11.281324103847064,1.397467413709046,-15.357003084488976,-6.97929594662523,5.967430370179465,3.765429648039266,1.5032784860747181,60.58891462045996
2022-04-16,10.327832,105.216844,0.6527389926711075,0.265698235947546,0.12697540113187722,1.9155539594729671,-18.37548488792545,1.2981853710105804,-23.720392344523297,-14.11765425184616,-10.958022296191713,1.9669276705329481,-17.375929735301618,-6.511028026902114,6.132356908161305,2.8574165204754816,1.0881687932719648,30.5021647054738
2022-04-20,10.23625,105.234527,0.3491005356709385,0.1497302697735108,0.07652257834442311,1.0967844724997036,-21.11875433048144,2.2435800993656185,-27.778207640594193,-13.884125377639794,-10.54475190305518,1.5063994726784873,-16.328830471096722,-6.6247750616987755,12.673135876557454,5.917224841650566,2.64702464366907,51.27215400396288
2022-04-20,10.244181,105.230614,0.34399559456478435,0.1799987512314968,0.08756749070742628,1.142660087355033,-20.536101668944852,2.673088816202093,-26.292765417128763,-11.082966832127111,-9.768151870783253,1.2564668599946918,-15.36628455044308,-4.568877152843628,13.543165203928243,6.6370911356986175,2.500603586547756,44.67905243927213
2022-04-20,10.257436,105.217205,0.29093371176291444,0.13375958900542068,0.06622683171560521,1.1465221336935816,-20.903273633546455,2.259331354745591,-26.5730513781887,-13.123890114115348,-9.465655240678752,1.476435988800044,-16.074238827425667,-5.294944463706524,15.329541890977467,6.777044253403551,2.4888118444899003,59.39848044032988
2022-04-20,10.265814,105.21507,0.38956834171290905,0.1935768626973574,0.0682778416957092,1.458252972435302,-19.27336777520568,3.557659511000668,-28.0781632249845,-7.029320284119871,-9.090481493484486,2.2550052273052072,-17.536247280241234,3.0493023849973637,12.084282153042382,6.782684730129464,1.7430082952753714,57.584159965492475
2022-04-20,10.275419,105.234563,0.29718459938702657,0.1424275986766825,0.05258657309777665,1.092162360839684,-21.030155619067763,2.4612045541433685,-27.698443680773117,-12.872840360280179,-9.625174378006779,1.4557478749744606,-15.244898377034385,-5.370881724244091,15.539634873174816,7.70974028713913,2.6624591209357296,75.0650440667167
2022-04-20,10.275776,105.258985,0.29558670436793233,0.13953702811249163,0.06169392447286982,1.1278679239771046,-20.962599394100913,2.0892661913000317,-27.808530541513452,-13.367272701889359,-9.595883342684052,1.2986005283646376,-14.964304871276578,-5.569177312277484,15.016699665630092,6.266610132929222,2.5465145474614976,63.83620606367841
2022-04-20,10.280379,105.241273,0.30838875753210143,0.11758954901826198,0.07275703275641493,0.9541710226855068,-20.856400279598578,2.104874287624743,-28.48264549868628,-13.837788033864074,-9.772040311899607,1.4601868261402915,-16.61551580222812,-4.711275575585057,13.968817346383469,6.002764564117268,3.192120599871113,53.977503183667466
2022-04-20,10.281994,105.246519,0.32261850788735963,0.18198531932381456,0.06147223499372835,1.031784907773621,-20.970153108143005,3.006116464894579,-28.437455839400826,-11.743886524986797,-9.809719995509514,1.5404247811562168,-16.42917238873366,-2.9447722510575858,15.155271842990016,8.08699092410298,2.876777000577741,64.07002714978715
2022-04-20,10.283233,105.260351,0.36625321832379837,0.20338820108455216,0.058383287215822754,1.2268055643119553,-20.321195115269354,3.3741296687060047,-27.639197826411774,-8.470100672159674,-9.722066792950137,1.9749133566168449,-16.097137067230804,1.4757832931599437,13.623853020705539,8.022915645105943,2.260500372969347,67.5127575159204
2022-04-22,10.227394,105.164987,0.611081060705032,0.23277820297375548,0.1523880927804492,1.7859415680980746,-18.88945587969742,2.3784283566933153,-25.58232141765727,-12.432172245909408,-11.146704841394131,1.6755581545160028,-18.381614039976384,-6.918724296950838,6.592724506838542,3.120395282711548,1.2397149332605384,25.248770012253768
2022-04-22,10.245058,105.178415,0.5689308803802051,0.21914121274533474,0.10352930091030932,1.494535333172868,-20.768422014554442,1.5578679058624074,-26.562149174197756,-14.98641495686533,-12.605328020577582,1.9558159435631324,-17.823412632941473,-6.804292740406842,7.490705417629818,4.4989481337188755,1.6764171520174649,37.636405006398384
2022-04-22,10.24991,105.206339,0.31753131014124697,0.1458259361729062,0.10406095690021265,1.1070829981738917,-20.60195155537034,2.055710691002767,-27.077698410973333,-12.366275000858783,-9.592293411597053,1.477564452675599,-15.678097611258112,-5.984567231013971,13.768672767112523,5.492465649152261,2.613098572191886,37.43900843460172
2022-04-22,10.254048,105.172039,0.39291072998529436,0.17225833910360625,0.060959412000645495,1.3755477477709783,-19.071169537253773,3.000886956741046,-27.033125036002836,-4.9013184864380035,-9.02356374159803,1.728956077615008,-16.019306610349176,1.6148983233871061,11.507900053135582,6.455463092489201,1.9079324992402804,64.61743082360513
2022-04-22,10.255579,105.190922,0.3471642323942253,0.17155341481908262,0.07867382278257957,1.2349593335969582,-20.958043147503137,2.589157365147068,-27.255795535598686,-12.53378140949734,-10.302613770057278,1.6779780986115411,-15.802432194597998,-6.122772962001359,13.010193129274194,6.1504241409231595,2.2389730505129672,49.842832577924554
2022-04-22,10.262681,105.14739,0.5154997825364923,0.24386751466627934,0.08487353367872377,1.7169272766674466,-19.70238168650146,4.674327957496875,-28.048056832013263,-4.452174127082587,-10.894807678729276,3.202512868318847,-19.357318955033385,3.267783134216358,8.991113520296109,5.574460082270798,1.3297434051860335,46.12894381352624
2022-04-22,10.262836,105.117192,0.6044093132311409,0.22950641750937997,0.13955388826418177,1.584542134789221,-20.36115572548738,1.932484608738922,-26.26884947235244,-12.656514723580164,-12.548534240406143,2.30621058050228,-19.262707785866226,-7.46711386398572,6.749972924741613,3.391562859500534,1.52438853608149,27.662762820537257
2022-04-22,10.265977,105.125368,0.5241854901536926,0.27355584330731386,0.09338447472908741,1.574624988808609,-19.936248787024084,3.055298729182041,-28.236695866748263,-9.49648410264727,-11.109211569103554,2.6955490662926658,-20.107496658336828,-2.8750563187820513,9.296307828436733,5.990874325217045,1.5402873880634116,41.833672423646235
2022-04-22,10.270486,105.19207,0.31018963931167093,0.19543281566468287,0.05992262798455947,1.2550775641663967,-21.97029444897744,3.113868252703189,-29.030361532624596,-12.002998155290818,-10.551575953121734,1.9386933818630014,-18.528308562034066,-4.997365725733429,16.063138047467707,7.954069645132116,2.1870540229573288,65.75274657564582
2022-04-22,10.279364,105.19089,0.28944474075786925,0.1516663339481901,0.052360352128387105,1.0855417935897467,-20.661043519871637,2.495447940660327,-27.335015297750232,-13.09966493570503,-9.078556046128938,1.6541738491947613,-15.423299858152806,-4.936763282439234,16.31677170510126,8.203721073226754,2.6847959457852983,75.39368028297511
2022-04-22,10.281814,105.114918,0.6882378364823303,0.19212473187908374,0.231725447899882,1.5780046125504945,-19.10693480886204,2.360515335065368,-23.933006541931082,-10.23779527344792,-12.119649252731731,2.3133795056280078,-19.07843208249501,-0.1867957423149717,5.303618735334781,1.9124912676487673,1.534846836432808,16.261807178502973
2022-04-22,10.283009,105.129752,0.4230075314730263,0.20877863041880293,0.07128307075041418,1.419454785100184,-21.44276927388434,2.461009907777746,-29.536470982383605,-13.55563570547324,-11.614847720539423,2.0563368772109456,-18.769508850780408,-7.610867317978673,11.43558036050274,7.247475236043569,1.8179833848794862,55.11430537280493
2022-04-22,10.284027,105.15814,0.410637907751613,0.2077031299621537,0.06985959155887816,1.1496324899830759,-20.009678687597244,2.8206657790581806,-27.30766690677109,-12.753736649607106,-9.99769624334655,1.372091748019087,-15.106125758692663,-5.282030979061446,12.084390602550565,7.85601611870832,2.4793727863927066,56.25770664760861
2022-04-22,10.284175,105.143442,0.6968959479915653,0.18119670172623767,0.22955698011716777,1.418729871550795,-19.001245253254194,2.1287405244934363,-24.2657267980094,-13.125735398513813,-12.100869774994642,1.7931076125610017,-17.55170509238696,-7.111887212379952,5.1615881945242075,1.761671815576492,1.8194232603474068,16.42486766448298
2022-04-22,10.286013,105.107472,0.5792920991310087,0.200495715645546,0.08449338027413135,1.468773322874465,-19.401146649852564,2.1059439363817294,-27.75032202770965,-13.786796774568952,-11.412443099203777,1.4835576709345408,-17.66261771612734,-6.277036736240259,7.01258232429944,4.186616652897199,1.7233610099697303,46.34098679709998
2022-07-05,10.262288,105.409359,0.8019898495390233,0.22602754316085266,0.14217649462548707,1.5457140246710779,-16.168525469627642,2.1335532959236003,-27.755011663196573,-10.82553696725478,-9.976018774670324,1.6065366499378946,-19.616989832779765,-5.288999342596044,4.519556473152703,2.1816074219115764,1.5878008067185554,27.134045719277044
2022-07-05,10.270666,105.424059,0.8035369621929026,0.21442860233576563,0.049498973323607906,1.983293482130012,-16.05237793488927,2.151942505128315,-26.782199352970654,-8.798423090504388,-9.90477119550763,2.1096430434129023,-20.88835833742635,7.578588172972529,4.4025821540638495,2.2226039000611943,1.0168472472889345,79.8097568781745
2022-07-05,10.282741,105.414218,0.9183545402187224,0.21877221146132117,0.3144282315872806,2.0554519273559317,-15.407907735663855,1.4530576410238996,-20.45175061221235,-8.483089331319722,-10.036438145429063,1.7894631687582436,-17.155965420818912,-0.5317170044814287,3.6197784965117545,1.1791905551633843,0.946044053263495,11.721503981393157
2022-07-05,10.292251,105.405536,0.7838831255196458,0.25256554786431085,0.10978518294002478,1.9865215229982045,-15.774045860670832,2.1736886447560937,-23.790356633357334,-5.311118228222757,-9.404073489492879,2.8241927677906413,-16.40578893771576,7.001508271992315,4.835419307625545,2.888599320109371,1.0135699279829125,35.4347892209205
2022-07-05,10.303175,105.416814,0.8478135009644541,0.25870733396490203,0.054514357635382475,2.081127763366965,-15.383778575982642,2.30859271231789,-24.7274240509196,-6.587403042219182,-9.484843529794992,2.9352524805230766,-19.111994194226423,6.413297510829013,4.267598691801693,2.602771173015724,0.9220348074779301,72.37516525011395
2022-07-10,10.434624,105.327551,1.018157332001531,0.23984926427118022,0.3567471305030271,1.931003551944574,-17.157257743615506,1.0143737880921901,-20.498491296173068,-12.047210257717364,-12.381559341659923,1.5046846269248355,-16.30788467989374,-5.673591577356944,3.1636993979945567,1.04466804736624,1.0714617515705183,10.212423753373564
2022-07-10,10.436532,105.313783,0.9350481673070908,0.22474123943296703,0.0056513955131131865,1.9451446750829784,-17.018366978172523,1.6736742614500806,-26.984652052080786,-11.810394965233183,-11.717523043109098,2.3646394885199356,-20.66844830303981,15.890164236886594,4.351926473447342,19.267827476079894,1.0564023083935201,706.7897823145842
2022-07-10,10.439647,105.334052,1.0536803091586402,0.27211658187717347,0.32782088316575725,2.1460054955050585,-17.104225859010825,1.1323801417673607,-20.664518952019897,-12.081914219580494,-12.503473564890015,1.9259221225273984,-18.10621329136505,-5.838636905848791,3.0888760480965085,1.2061885045541119,0.86392812524397,11.201785198588054
2022-07-10,10.442271,105.339057,1.013007906808344,0.23987954392900057,0.39724454246000596,2.058182305394147,-17.23323832193953,1.1513828115583686,-20.6816120047406,-12.841961690778321,-12.425904275056263,1.723832145925998,-17.05366223382817,-6.088230729748731,3.1909765926775373,1.090764606725466,0.9434624374705188,9.069364264211922
2022-07-10,10.444036,105.331928,0.9508687640207933,0.21417123723976936,0.32782088316575725,2.1460054955050585,-16.371924806671927,1.4269726180464668,-20.457828816320763,-9.642336022642784,-11.213500061839008,1.8851560341267743,-18.10621329136505,-4.07537167300422,3.4272992559613726,1.055497017142757,0.86392812524397,11.201785198588054
2022-07-10,10.446006,105.338972,0.8725777790394925,0.2382586721920719,0.07164499822671018,1.7718188061389184,-16.140357945590235,1.992124876670996,-20.6816120047406,-5.8969466956900405,-10.426969271127524,2.9543546547768367,-15.886803341670506,8.32789546998492,4.059759961625265,2.3842492474370007,1.2575671881012773,54.83083395916323
2022-07-10,10.447125,105.31374,0.9657509502658058,0.199663015536337,0.031241796071282673,1.7521443324952601,-16.4376308105685,1.5060054421020814,-20.428397319382462,-10.181616603735245,-11.370741960394147,2.0143697315130438,-15.551069260626257,6.433099660358505,3.428862409116829,3.017518334021754,1.2829169525683586,127.03361211607111
2022-07-12,10.257715,105.375007,0.8714430858133659,0.2204115819031367,0.16067802713068288,1.763383881626587,-17.02230161027267,1.5579717343654276,-23.587804825994354,-10.047021099836629,-11.33789315759819,1.8250293145492587,-17.26937322132099,-0.1257034059217884,3.923963084867004,1.5020407076190785,1.2683659761652721,23.894505312457653
2022-07-12,10.275826,105.364451,0.8449182577834592,0.240786433181128,0.19999445876174496,2.300037494925147,-16.60676135220893,1.805669105973199,-22.662179034898177,-6.369397803564248,-10.712263824030465,2.1567698129715307,-16.614184317124586,-1.454734382294109,4.18286982301596,1.760925540294632,0.7391020836945866,19.000554139178593
2022-07-12,10.303437,105.381252,0.829813151078586,0.24987264915798651,0.2094824344509967,2.2592941770157884,-17.02297754631536,1.8048867839354112,-22.714274261687024,-8.816296059307005,-11.027730298395205,1.722643195500554,-17.20829457431534,-3.9766889896307394,4.263766124280769,1.651371873041163,0.770464440041819,18.09467975433378
2022-07-12,10.3037,105.354593,0.8822111212493808,0.19587674396715485,0.15005094064092528,2.4878499692637543,-15.948785660067431,1.6053779550016183,-24.42951678828805,-4.776187702032224,-10.364783759249484,1.9455456735253824,-18.72847073835327,1.8826686213299246,3.78154005750069,1.2423132650454043,0.6078139957867902,25.65761362717529
2022-07-12,10.314233,105.359823,0.8393120742969074,0.2444666530441358,0.031949744093976766,1.9153656978805382,-15.67710872826674,1.8926850541645088,-22.90822210599718,-5.647954281938641,-9.725409953235992,2.3216644862557976,-15.540104165854283,9.361175717159622,4.364232391393728,3.807761878928031,1.0883740397075237,124.19662092548931
2022-07-12,10.31856,105.374468,0.7039323182606684,0.26937828204868297,0.13837637557436527,2.127904314840782,-17.700792825484314,2.6900439081385956,-26.489412177477185,-10.415200433801658,-10.672723947860383,1.9170794086566216,-16.645519727376893,-5.262704882885676,5.730486088527576,3.273244147811181,0.8797837722789221,27.90666837743808
2022-07-12,10.320676,105.364971,0.7544084896122856,0.22446474148429407,0.03464498954245647,1.6443204065208987,-16.06893411269248,2.8031991329541186,-26.919793973152068,-5.110227970802081,-9.522831086752408,2.8657305083129745,-16.972174750143317,6.977349595259568,5.007072723131654,3.806786911386057,1.4326159209221985,114.45681072000646
2022-07-12,10.331447,105.158675,0.9072403913390858,0.23515737337368703,0.31204614946797893,1.8628440974261598,-17.242951078943097,1.6516664421323612,-21.19369221265533,-9.772509615238338,-11.78276998326693,2.2936607092389996,-16.83018094969632,-2.672119285837148,3.7236305882309217,1.3008956464324009,1.147254300843903,11.81861675530935
2022-07-12,10.334417,105.375498,0.7072640252865665,0.216330922168284,0.21533771713855246,1.9602763817507125,-16.558476261000923,1.856163813762697,-23.645304079021805,-11.132102627327686,-9.687783867426234,1.8611310370300924,-16.307807665306534,-1.6717485612540108,5.215803736976769,2.02612671737036,1.0405285893551506,17.575473229459018
2022-07-12,10.34297,105.382435,0.7221812454185508,0.2475218009920037,0.09442008743060658,2.615821064767017,-16.655146524401356,3.73695944097274,-27.692837599983704,-4.828269251041678,-9.83670274908224,3.5364943178819948,-22.83436827629327,3.128415168437071,5.302676616231689,2.6642575542215248,0.5291565825647433,41.36386672422617
2022-07-12,10.35091,105.142796,0.8609279952353814,0.24063057323740483,0.11501760033109798,2.0383387334081284,-17.092170009861157,1.6710816930581833,-22.515214463446934,-9.814603205086298,-11.309601084880725,2.2248052482871756,-17.135098790484182,1.0285880737453514,4.064360991537453,1.6848271054105692,0.9623823726844207,33.777286158686245
2022-07-12,10.35853,105.127583,0.9469558241435891,0.20028934187223782,0.3500773441217628,1.9212746403580248,-16.783333311181938,1.121569647217007,-20.84597472183574,-11.982453141584541,-11.610382137087319,1.4148207797027312,-15.379186473334297,-6.18449241653508,3.424083637517608,0.9928638999124559,1.0819511776070754,10.426046464202871
2022-07-12,10.364419,105.164984,0.979314433382194,0.22124407640224641,0.38488416925355784,1.9613200572598297,-17.28561447484312,1.1450400599838044,-21.103905220006595,-12.68757101409288,-12.29433173990055,1.4004654877403888,-15.873745382949567,-7.06022340954302,3.303273871466095,1.0349260597261105,1.0394427646798352,9.392737138962033
2022-07-12,10.368598,105.136423,0.9457527297538982,0.21274653402798638,0.37297167693442634,1.894297170226681,-17.091183327389867,1.3627534839466624,-21.718343816201404,-11.85224577231898,-11.899917233760245,1.5601999057816756,-16.876210914624547,-4.806475200046291,3.454676044224652,1.0525452064308216,1.1116011061354962,9.724674948181805
2022-07-13,10.533759,105.243145,0.9823495833829837,0.24284293166497845,0.19351354063762852,2.703177780402357,-15.727851796237687,2.8393824907035605,-22.562800725130806,-3.2802801127131125,-10.735363030654785,3.163353862968223,-17.117937689507183,4.820805054136693,3.3392159021016368,1.203696528351985,0.47973989317292176,19.67038816415622
2022-07-13,10.548011,105.248097,0.9574856567820774,0.22022636743340762,0.2014989532376583,1.8857245623576147,-16.546596322137663,1.8097423488151025,-26.067189757156854,-9.13370673301944,-11.419286202771012,2.144051919896097,-19.505916816398653,-1.088361143246648,3.4183116132889477,1.1198131168050875,1.1212005612309714,18.85121974942566
2022-07-14,10.37346,105.184697,0.832197888126687,0.2024565365801616,0.1833165707248863,1.734207597329904,-17.036884615476907,1.5861242981455483,-21.48827991071026,-8.201925162345278,-11.107351126394576,2.0863071164072764,-16.339260069364673,1.770541497813137,4.123014433029541,1.4039932056197133,1.3065289335363617,20.82017688953515
2022-07-14,10.375619,105.124248,0.9016513071849654,0.21721391796141665,0.30543306505854384,1.8187066283323112,-17.309912303812293,1.268614250946221,-21.553263833195867,-11.704654546848214,-11.828748919918812,1.3296105973803765,-15.772454487310023,-5.092850147677737,3.723678193672188,1.2756589322548377,1.1993651629608109,12.096159052829792
2022-07-14,10.378511,105.144998,1.0062299954271283,0.23616870385348582,0.33285133947243195,2.103588710130026,-16.814660984505274,1.2188086201915913,-20.6617987702063,-8.051014758826602,-11.972863970109142,1.6256599894166992,-16.03867572664133,-3.8848302773777794,3.2064953558365215,1.0427776300576774,0.9015123920078244,11.017376905678026
2022-07-14,10.379507,105.154892,0.8803022815870357,0.22188222936537633,0.24907755665748782,2.0929989952903725,-16.833046293838354,2.0473650762183144,-25.5327895740824,-6.838610485711662,-11.208042684225898,2.3960454553111807,-18.730371038759603,-2.3551292388748926,3.8605286313533704,1.3639945773848352,0.9111332633224983,15.059255011484195
2022-07-14,10.381544,105.174719,0.940299867234815,0.2083397916065437,0.36822873494637726,1.7035174481812765,-16.970831034259984,1.0625362600216168,-20.460273284523982,-13.19762020571562,-11.747221577494603,1.262883480771835,-15.249532851104707,-6.877335874510969,3.4802172185225446,1.0693583070824162,1.3480827885094535,9.862813301581404
2022-07-14,10.389374,105.169781,0.9042458559501817,0.22693504984104504,0.291331041365547,1.8504726730583216,-17.547634766652255,1.3096491430374868,-21.929751099678118,-12.045426472653155,-12.077194207058184,1.6724727743224062,-16.170463395249534,-3.574374793459281,3.7186447458184357,1.2530583486467144,1.1616098731083133,12.730085133568066
2022-07-14,10.391295,105.178235,0.9146883341859715,0.21519797757276588,0.35708056325617404,2.0826080691187467,-17.092979522873495,1.248499085022266,-21.751528754226484,-12.504072332720135,-11.704516870812302,1.5779025850023902,-16.44025165907196,-6.430767911485988,3.6213001989503564,1.1083128591681215,0.9206686362703835,10.201953877087256
2022-07-14,10.391781,105.161155,0.9140952393261615,0.25212999515323753,0.14594449147010383,1.9708380929876996,-16.661100839284593,2.0360413105046105,-23.97955509790078,-5.2348920284774145,-11.22168826086307,2.7169702930454207,-18.788938475260835,0.8330980362962868,3.749471379141284,1.5219969472711294,1.0295934071053925,26.40768054832261
2022-07-14,10.395094,105.169245,0.9648029856468938,0.23794733609144614,0.15129079848750324,2.1462286049645636,-17.514463712986647,1.2727657274940842,-21.75399158530283,-12.192366468893658,-12.404872367812795,1.8055781969833236,-16.506875062818672,-2.693949787273306,3.4687231022434393,1.5739224185398957,0.8637343621026075,25.439149240992364
2022-07-14,10.395734,105.143745,0.8298531138651958,0.21083666709543059,0.22331379025627093,1.7942066517669895,-16.807543022622273,1.5772572424334583,-21.724943641454814,-9.10863770245541,-10.855539236808193,1.8420399584836655,-16.228640709969415,-3.6484689321640906,4.150215340330012,1.3841879196348021,1.2293975981310057,16.91201517563994
2022-07-14,10.396044,105.180167,0.8673363390912912,0.22614861978563625,0.2996381658706877,1.9689229991881225,-16.811352237927714,1.457614975183291,-21.295590745933893,-11.476611038820108,-11.091395787477259,2.0345481909267646,-15.830464696818169,-2.1650420235007117,3.9665916496092417,1.4671292616512601,1.0315675126195307,12.349434269752692
2022-07-14,10.44784,105.141425,1.0024059655492967,0.2694614306580353,0.26814543009452024,2.0295957809760448,-16.17744201908269,1.0011902116553915,-20.095686831378504,-12.326646887532355,-11.269067981594315,1.7052392684895097,-15.590825698840224,-4.575378616152887,3.3389101930635237,1.4437531465474862,0.9708357878416441,13.917278279141343
2022-07-14,10.461453,105.172294,0.9798286396434089,0.2245108405649357,0.3956322276905866,1.792240888351139,-16.2870512309604,0.8956739044950445,-19.481860743599203,-12.964496320931962,-11.293120636049991,1.1873443285545124,-15.284325181022009,-7.453921768272749,3.3155872788632803,1.0797291682022847,1.2318428432240482,9.110399810827072
2022-07-14,10.467778,105.163448,0.9106758350497545,0.22975625192548452,0.35863977112151624,1.9621724979661825,-16.296907916783457,0.9124909058052423,-19.645808784130622,-13.040148443040355,-10.86606961543332,1.397508966790572,-15.224987750260553,-6.653499201194407,3.6850225853324257,1.2255705591350967,1.0385567548959396,10.15325271230083
2022-07-14,10.522871,105.184845,0.9987446236041017,0.2522154783068283,0.21870707177575677,2.137960457043658,-16.411275035281115,1.7672922079366171,-23.12785855980824,-9.18180090406918,-11.506335024753003,2.2257939277468797,-17.994197790683632,-0.7841737097518887,3.287477906960878,1.2246734117337121,0.8709419937219721,17.289303439173892
2022-07-14,10.524439,105.254678,0.9409199777306441,0.2061155585318508,0.3963272999843573,1.6857394790274152,-16.86042423067251,1.2764127969752106,-20.70256645598056,-8.607655036411014,-11.644483053858417,1.3860740887685694,-15.734162842795989,-4.990085587617332,3.46709342938327,1.0336043778013853,1.3728458933095604,9.0926683580916
2022-07-14,10.535058,105.252744,0.9369956071083999,0.22917826032590125,0.23101274456300522,1.8733901715957588,-16.617581568662832,1.5025490383270739,-23.742205049809535,-11.502545879315907,-11.351011667344839,1.6974318202312064,-15.624243972259482,-5.025216790360241,3.5540629193709132,1.2580871793857042,1.1351665342584718,16.31506202208277
2022-07-14,10.536277,105.293087,1.0435747517995586,0.2141254994328984,0.40041569194702287,1.7439508153669525,-17.319350482686563,1.1661428418225928,-21.956331166287303,-12.269170299951458,-12.713586143997112,1.5469724766420645,-17.31287551333597,-6.077601538051144,3.009487200408254,0.9019012529058018,1.293642667415676,8.989618490099588
2022-07-15,10.384444,105.3447,0.8974338286136949,0.236163655749512,0.28705786828307883,1.8940665763392468,-15.858174443662907,1.891622955221135,-21.910389825697386,-7.243045036614339,-10.336838868220017,2.2209535534344798,-16.344997821529613,-1.2765766333340811,3.771129106518274,1.2684367073940512,1.1118581838506392,12.934472599285959
2022-07-15,10.390554,105.336857,0.8867729336866272,0.2243414371816289,0.2759489052796802,1.9093698109738588,-16.725634713643593,1.5362947438439258,-21.259799352415108,-8.771717146472723,-11.1401614641463,1.9279700259441825,-16.507161705895562,-2.85276077334655,3.828114905150325,1.3443835519942964,1.0949320435520198,13.495437102553144
2022-07-15,10.391149,105.359279,0.8307952308330525,0.2107269707231097,0.31646687441529736,1.7638662329249872,-16.652345085269747,1.1902138284106258,-21.144898268127577,-10.735393820346404,-10.70653874655975,1.583310760491955,-15.58245967149343,-1.397764994830373,4.146230474827902,1.4032639433686882,1.2677456630976336,11.639553531125115
2022-07-15,10.391491,105.34899,0.8614552001580705,0.19600203484552703,0.27937911536716326,1.707795336582314,-15.9501461383785,1.959177623989029,-24.555545929041976,-5.574179449992288,-10.230201558088941,2.077726015028494,-18.032471820100792,0.4603047065316099,3.89787271704194,1.1867516127742832,1.3422010321242053,13.31746247296672
2022-07-15,10.399353,105.356462,0.8565932178153042,0.20486672939584083,0.259363090234231,1.9295452117545007,-16.209583881370705,1.6756547690482777,-21.296649924721404,-5.922227699416293,-10.443400153016457,1.8393437569237192,-16.29158300625776,-1.4676240470721449,3.9684237574763075,1.341857630261767,1.0730273515399373,14.422394899704493
2022-07-15,10.405902,105.36283,0.8310104683384173,0.22678176529235122,0.15555219371575454,2.449782988889374,-15.922041283133975,2.004786655138633,-26.347663260388572,-5.6016671541687835,-9.966257574720853,2.1998138791590787,-21.040282564444645,3.56080906202585,4.173565802720262,1.4772119281368015,0.6327976878529261,24.71484145899817
2022-07-15,10.409367,105.355252,0.8347086638439383,0.2449046786568385,0.15490240889322093,1.9097492767295385,-16.592200785447687,1.2166433233517355,-22.09945355809838,-12.964237943438626,-10.609440573360526,1.8000678271972512,-16.25066444105424,-4.944610262949754,4.328002825993153,2.1339852532509687,1.0945157821188094,24.822710108771293
2022-07-15,10.419561,105.277369,0.8944095518589819,0.26900260328403863,0.18546808903326897,2.1246405586021466,-17.3682523093566,1.1838102989578145,-22.108532334582623,-13.364770603198973,-11.77957942040298,1.806198806874602,-17.009584761282877,-5.97273948076277,3.9177594636726663,1.6343101315075705,0.8826713929586744,20.567052428531177
2022-07-15,10.420981,105.295797,0.8818240892364128,0.24908740742037846,0.3207604705823241,2.403235763133849,-17.268050438261323,1.258430755194279,-22.624465125895412,-13.00267863535273,-11.629000211240383,1.8311187704248875,-20.32873918469175,-5.773833410785593,3.9037456227498084,1.4013766406543142,0.6644226344168375,11.470364545663019
2022-07-15,10.43531,105.292557,0.9042419762779629,0.261081659124912,0.2250788071907871,2.167492260332336,-18.04933331370739,1.3410685784602525,-23.539149235798135,-10.153108876507863,-12.542882253019423,1.7325510577231227,-19.395178466892396,0.9256271976378388,3.8090440702956387,1.4729094634554925,0.8454506496769179,16.77155321695577
2022-07-15,10.458369,105.270803,0.7764782655342969,0.2930029791707473,0.02892573886383416,2.329332874935294,-16.031820642436234,2.17902846924594,-23.22575188143846,-2.106596423475754,-9.466376901699832,3.7106022187235523,-16.086256072790825,16.66690700231252,5.682118369446229,6.949619530271845,0.7172298742879825,137.285145241396
2022-07-15,10.467721,105.192464,1.056200625903271,0.25749973703860257,0.2037509041454117,2.0216116016132837,-15.451507777443972,1.8707014452520336,-23.446512876423572,-6.159494265754308,-10.884540050118384,2.321299209423741,-18.536186254597457,0.8835373831644748,3.033114560577644,1.0872682762616293,0.978619432539824,18.63181472385175
2022-07-15,10.469839,105.211568,0.9319709480222331,0.23512391691972495,0.3288279292536728,1.8552247149581569,-16.439267102615812,1.0071076655378555,-19.93475842284726,-12.579363220469084,-11.138365293817063,1.5056765329882251,-15.878418239025162,-6.5231064534418115,3.5841229417351275,1.2429661599976911,1.156073044817224,11.16441683976977
2022-07-15,10.470013,105.264425,1.0106960333887192,0.2537990006959992,0.33991576385789374,2.1740471819024845,-17.33377460959928,1.2599409499868264,-23.21780623401996,-11.710631306744734,-12.498189287320063,1.5974397470296953,-16.746489266835304,-6.075612340332287,3.2368368245288086,1.1988795446868572,0.839886472242817,10.767621350071463
2022-07-15,10.470305,105.287062,1.0634054986909527,0.26751761122497325,0.3794138364790943,2.104030398016604,-17.05397258609004,1.2514389431070807,-22.393331072116993,-10.30438720381145,-12.523059612550977,1.5926204368472499,-16.819225465866893,-4.8899248324692595,3.0129344718197246,1.0577554682717492,0.9011132176467889,9.54257809129847
2022-07-15,10.476738,105.227333,0.9921426895274107,0.2388585234752238,0.3619699242584239,1.8994167804562996,-17.05465963053148,1.212815511916828,-21.260962307477325,-12.45701225894354,-12.12507746687356,1.5557054793589764,-16.178344533208058,-6.5877741020329115,3.279656139220808,1.1063115266878973,1.1059095829610783,10.050641868091367
2022-07-15,10.48195,105.238448,0.9656104973227283,0.23831545897333375,0.3304455176271767,2.003931570372625,-17.210793157328617,1.5880287519969307,-22.518529428223918,-10.945848223992993,-12.12048210250703,1.9638376173390522,-17.609824730492015,-5.429978080012081,3.404331433476673,1.1271416854605163,0.996076143087168,11.104869900256832
2022-07-15,10.485812,105.267525,0.944065096496704,0.23105365628374136,0.2966174255480646,2.0067764121945726,-15.890188206542279,1.636867148136977,-27.684873759695993,-9.68293099652046,-10.673252627479668,1.8541632847674212,-19.79347594544941,-4.891729709847652,3.4977042912441236,1.1367669987453146,0.9932464701564215,12.485384389029534
2022-07-15,10.485917,105.210104,1.0725968337396186,0.24168204086748535,0.4356303604878664,2.044109090076056,-16.06552106246381,1.5134873561268896,-20.21807138502824,-5.9046975769086405,-11.607652220327145,1.987295268353795,-16.568974280815766,-1.0745639112853822,2.9327194110362087,0.95158460308794,0.9568427240109627,8.182096480879714
2022-07-15,10.492098,105.216926,1.030484811284386,0.23125549296208364,0.29508013696805313,1.9985360093155469,-16.557240236296256,1.3367470044743233,-21.74100706831456,-9.165332534095345,-11.863064571743491,1.6749386982555872,-16.563991606770895,-2.4963501814632005,3.090843400963481,0.9862502839370895,1.001465063103821,12.555639634371799
2022-07-15,10.494104,105.291042,0.9893256919990974,0.26161160823971286,0.24345670376571074,2.080255039034937,-16.26841266792254,1.3106997576282826,-26.767904219032822,-11.279496179399027,-11.293361780435067,1.8157854344335405,-21.47989817746935,-2.077016736885617,3.364053253983946,1.3140997989780303,0.9228411540614094,15.430026111950397
2022-07-15,10.494453,105.241281,0.9716937541980474,0.2313395709329886,0.3450320960033146,1.8445733315486597,-16.5982937661655,1.284587504184191,-21.771722195711064,-12.274577499808906,-11.551706700761258,1.6395974458053812,-17.15016853707539,-5.500439896146902,3.359847603191174,1.084312005514228,1.1685231655396942,10.593124368237248
2022-07-15,10.501829,105.273585,0.8577353865200285,0.23379952323098796,0.2838098057860821,1.870935139750644,-15.812291532160316,1.3857391774448233,-20.161477551892006,-9.10711473758217,-10.017629929750628,1.8129136189594424,-15.382543397395299,-4.52706743247036,4.053753328183689,1.5393015478834022,1.1379682892337546,13.093945728622735
2022-07-15,10.50203,105.222373,1.0013512049301225,0.2361017100940059,0.07104965390571248,2.032425538237186,-16.15257552485217,1.8351989430590223,-23.066912802033166,-6.676597902528725,-11.274170398545014,2.165468387488756,-16.50186367653427,3.4972735401420514,3.274610155194897,1.7762806550552197,0.9680917823289016,55.29865566000167
2022-07-15,10.502728,105.233111,1.0627650144946887,0.23123046045583545,0.36605072081057033,2.2380712448192286,-16.535586610206153,1.089019310846623,-20.42789350655545,-12.666468420714242,-12.02927647379842,1.4153259956097166,-16.46612492204278,-6.290786671116512,2.9553715747803997,0.9297004592245522,0.7872532026222804,9.927447407131273
2022-07-15,10.50915,105.265098,1.0082193528762708,0.25185013722502264,0.2671223139334656,1.8993452919741083,-16.775457020005568,1.3569061487445087,-21.685769183215907,-6.968986641286499,-11.924893512953696,1.9323017603881325,-16.249328934971146,0.4426681298294927,3.2478352637608885,1.1994218474063354,1.1059888462105543,13.974413560210152
2022-07-15,10.510542,105.248554,1.017118720267001,0.2449856730496263,0.3415483426196878,2.0484843536156845,-17.212059679765666,1.3002574682537626,-21.36808574006473,-12.84203193108729,-12.427671672198706,1.8366842247747164,-17.85578432476116,-6.136290582080834,3.1738174720334804,1.0596541841937759,0.9526631936142379,10.711372888885537
2022-07-17,10.375656,105.29185,0.8415777298304435,0.1957800512878502,0.24224918903864381,1.8963370757873845,-16.895661151381102,1.217170089742061,-21.555700639569025,-13.287303677411087,-11.042408948398316,1.401641191749097,-16.129374272985668,-4.667454715533462,4.022714751667776,1.2225030770598189,1.1093296392673997,15.511923180729065
2022-07-17,10.378696,105.309113,0.8643810683243189,0.21407244739171513,0.22747427057489167,1.8649066837002695,-17.523137588675446,1.683394867877727,-24.352633242054864,-7.949831555583199,-11.80222128313135,1.852961799356957,-16.34977478206601,-2.2101755325837065,3.9358766418380378,1.3810632695860605,1.1448794381836673,16.584406315012554
2022-07-17,10.386495,105.284636,0.7989716818204775,0.24984276030674268,0.20104001046821976,1.961444371342452,-17.5045163620542,1.8972836428056052,-26.483670261350042,-10.123992259719072,-11.274618820407609,2.0207464248239924,-16.8158519097349,-2.514295357235063,4.551219120988189,1.9469392438574455,1.039313507148979,18.896536966368277
2022-07-17,10.396712,105.324921,0.9088530613502902,0.2122821002772865,0.3400768921911286,1.9504757586879635,-16.715982186893648,1.491104206797466,-23.579851058980804,-9.646986814061917,-11.292736019501737,1.6564777093242005,-17.695659492230867,-5.831592326223954,3.6489977724436216,1.1274201289520467,1.0507817039934402,10.76204585447675
2022-07-17,10.396951,105.281083,0.8390782218551355,0.23922864963858956,0.3051078386924228,2.0616693913385564,-17.95624220182379,1.8363553078414516,-23.6985923967336,-12.213647188667167,-12.03756630073631,2.133451858428356,-17.36672019995955,-5.658624020374793,4.160819972275976,1.4842231532304633,0.9401752855257582,12.110118760443823
2022-07-17,10.415137,105.316832,0.8311776411913243,0.2607218366137876,0.17023578032574152,2.286351730448899,-17.624737306212758,1.426720204879818,-23.58790692753775,-13.11178589257603,-11.612902406016449,1.6064327212066778,-17.266904750744626,-6.711435919088096,4.331248527127665,1.8447020769517497,0.7495120924437317,22.49682300833649
2022-07-17,10.421158,105.237197,0.8911018697553736,0.2791227729929489,0.2954707860062496,2.10202102823318,-17.694822985209704,1.2786888845713835,-22.104095462901384,-12.03505263759708,-12.071295702327744,2.0253593628542226,-17.84489043200536,-5.827013747693636,3.967630809395307,1.6672373258726754,0.9029305350775375,12.537717396925308
2022-07-19,10.370371,105.275589,0.88203747665708,0.23642662923477042,0.18342521655655167,1.8344966907651343,-17.087639785796835,1.7938191389903475,-22.435451834329054,-7.583454723451602,-11.455718296491034,2.416099472866511,-17.44963652426685,1.054704221024135,3.900141693083747,1.5102684094313223,1.180434568312944,20.807252432856
2022-07-19,10.374004,105.228649,0.829607956819144,0.20878296194668963,0.2062540421903298,1.7215073084713348,-17.039794248539355,1.5057431186555084,-21.51006813961615,-9.769593816931067,-11.085626410488567,2.0472412874924175,-16.660262470333585,-0.4218889555918516,4.160356895284424,1.502377574103811,1.3235451748107432,18.39355930929503
2022-07-19,10.374524,105.255016,0.8674316397972794,0.2558308325515159,0.28881190166829945,2.177181703188095,-17.48537528245778,1.3760874158817984,-21.423261504201903,-10.99091084638653,-11.735516653709654,1.8879665264906729,-17.201947075509036,-2.7982745304151284,4.036442704214801,1.5595418082970964,0.8372375599807369,12.849844749798438
2022-07-19,10.375756,105.208993,0.8757916119157888,0.21870359602027528,0.3113997392147386,1.8379335050776935,-16.36944694626966,1.2344526541974796,-20.482874878251053,-12.367576118881951,-10.721101622171368,1.4832216739544135,-16.203353664369168,-6.148101241777725,3.8673678651866563,1.276234947531396,1.176357299624347,11.845225914725749
2022-07-19,10.392248,105.227502,0.9445309935146965,0.25460614483470695,0.3346127263442134,2.0086295221504304,-17.65042638365827,1.4559629848354658,-22.738451469277546,-12.015242996691594,-12.407495599704783,2.0120109011360054,-17.167600150744274,-4.562313449906907,3.565343029974406,1.305905534866225,0.9914075522088397,10.954117955110984
2022-07-19,10.394517,105.260713,0.9069187767069786,0.2294161661616216,0.28505776521869913,1.9444031725647275,-18.10543541532155,1.3461587861602102,-22.352655937898835,-12.783035267956919,-12.647748344923071,1.3395726870086895,-16.46533335734103,-6.577042990008212,3.7142363482536864,1.265156273836432,1.057186522033842,13.03224359431556
2022-07-19,10.402927,105.235656,0.8220411613392931,0.22290816548882914,0.26957524668841243,1.6775029009876625,-17.426579871417804,1.7118389742157794,-22.54203043422603,-10.547942652076516,-11.403228385925814,2.0136186795719304,-15.864136927427824,-3.2982941015190104,4.252306578953873,1.5354968860027456,1.3844966215229326,13.83815761698397
2022-07-19,10.404721,105.258428,1.0043861273658572,0.26281295844742536,0.30812906876029833,2.037959213984839,-17.057710517791655,1.400389382090133,-21.577503742980824,-11.819019569597586,-12.17636345978742,1.9474730696972034,-16.389108130530577,-4.0972408685605375,3.2815403177858014,1.225254080071951,0.9627478177930587,11.981573001512897
2022-07-19,10.406199,105.248616,0.8021143613220958,0.24393799530341848,0.14059501803464164,1.7872006909961455,-17.128841549011202,1.5905062528059712,-22.27554483385916,-2.233821598574497,-10.907866149096833,2.508012774996025,-17.251553624648356,7.858306577367546,4.6036258063424125,2.313817965891622,1.238137003948051,27.450510237954717
2022-07-20,10.195117,105.200047,0.8847564328620882,0.2092917394172565,0.2641631957517485,1.6991255322953203,-16.217508691836596,1.1914241763787712,-19.663189478276614,-9.774181272750862,-10.637697118751683,1.5602221624322041,-14.836843247758658,0.25358392044096323,3.7907759175360156,1.2078500397900742,1.3541521353024852,14.14215479040109
2022-07-20,10.205563,105.193771,0.804110461774059,0.19873782529028386,0.2605719727000238,1.8235997327955704,-16.88444717155625,1.4082543152280418,-22.91271679897184,-11.982120647359757,-10.766884690098145,1.485172737051893,-15.766226454928894,-5.904328602020653,4.295205132140797,1.3780898657533576,1.1934638002320923,14.350845137150987
2022-07-20,10.208515,105.202809,0.8160335917553565,0.19670297352603716,0.30027260228418284,1.6258259927023988,-16.77978987890509,1.3995214138754863,-22.352969513494365,-11.659153100897417,-10.750044300103797,1.5828082101204044,-15.830718360032623,-4.1144208533666085,4.197889427668158,1.3082552718329115,1.4602878893277635,12.321228675449833
2022-07-20,10.212886,105.174836,0.9132645467505975,0.20864101291058265,0.3123250143384552,1.7858903847804526,-16.906059281638694,1.2191692006007002,-21.33751095707354,-12.43799506062555,-11.516055451045725,1.5107802979208944,-16.26752812737894,-6.661712159909955,3.610775315706915,1.0609615912490316,1.2397791231132795,11.807171428367711
2022-07-20,10.214156,105.214175,0.8691791511365672,0.19688085565198446,0.3573673802041595,1.874245637995443,-16.34698705535095,1.0347129332046816,-20.55817337821104,-12.04029753544014,-10.679362093092493,1.1685757826807313,-14.772130722473015,-5.976994612730842,3.8459878914339223,1.1327978651031017,1.134191975112776,10.19296338047096
2022-07-20,10.227394,105.164987,0.9973217702956461,0.25099462622425484,0.3161600365487928,2.1617193283142635,-17.367663871613146,1.299175778091683,-21.91584289122517,-11.700826667083222,-12.454162112063734,1.8904936492901028,-18.945921103509008,-6.914479515849933,3.2925270071907558,1.1952370818015488,0.8503789773297034,11.651820399769854
2022-07-20,10.232673,105.15164,0.9431702152954086,0.23041746391988732,0.4114550959862242,1.8726899806052937,-16.645477154497225,1.4678961180087895,-21.272727215529773,-9.122795714877263,-11.42158110029586,2.0094136250700854,-17.960927485525467,-5.095081067627025,3.50577124801825,1.1433682155861942,1.1359648641400402,8.721595476688233
2022-07-20,10.245058,105.178415,0.9569676133475108,0.2349128737152387,0.3175443359249893,1.8537156741555894,-17.697310308285044,1.1747323207711338,-21.246629056839495,-13.667400219468309,-12.548102909343399,1.7714203710074046,-17.319784466107905,-7.627510881580445,3.4667111530222217,1.241758209085364,1.1578282234798998,11.59666618945735
2022-07-20,10.246984,105.216849,0.9030495901407581,0.20280789120321802,0.21713001203962498,1.7837215027157567,-16.37622994762811,1.2884797656215126,-21.262871775359713,-12.062495011752832,-10.923594062746123,1.5255471851851008,-15.627571788206424,-0.37649241424072005,3.6645793687310753,1.1304487535495882,1.242502539723779,17.422142394898515
2022-07-20,10.248814,105.361138,0.8004801183882647,0.20250232887747235,0.19911693043301112,3.088503204819104,-15.654223098859244,1.720289083121473,-25.2191629794657,-1.8219513946090935,-9.51637784079714,1.9732415803709278,-19.932544471239883,-2.4146898699249135,4.304514534987069,1.3366977794789405,0.2951257404423781,19.088698591834305
2022-07-20,10.249044,105.347198,0.8763915763278886,0.22722993800349245,0.25959381449230534,1.9112705193125183,-16.23872663685455,1.446185025032046,-22.024738723637334,-9.686241581096516,-10.582582376836685,1.8231045042897351,-15.788535186500663,-4.39242710584034,3.89643501136214,1.3767446827819225,1.0928486886507283,14.40868763696434
2022-07-20,10.254048,105.172039,0.8445633338480132,0.24535736952482556,0.10789390094255406,1.9763912788561888,-16.783493303417536,1.8259569908697482,-25.215289734703433,0.2523101026935687,-10.8704490007268,2.507778674387065,-18.486824353764284,8.920712754878345,4.2584411515769265,2.2888964556872278,1.0238907360059537,36.07345795319533
2022-07-20,10.258961,105.323388,0.9108891148430649,0.2158472629176378,0.2478217997268867,1.9629084613840164,-16.463333756205337,1.5924238864466653,-21.373445993522665,-10.10019997992434,-11.049101387629543,1.9644187839951808,-16.42995744858336,-0.8898763233227026,3.6478993040860037,1.1570700548925232,1.0377924282723106,15.140630099564365
2022-07-20,10.265977,105.125368,0.9037095977868183,0.22849524081607653,0.35996874652452715,1.8976637333438757,-16.981485077676243,1.723098887205254,-21.854353469726565,-9.166787915933838,-11.509030274277702,1.9739898706506185,-17.218595511861196,-4.189617656295236,3.7155021375308497,1.2162887123518453,1.107855005982327,10.11207580830202
2022-07-20,10.268095,105.344826,0.8628879025402786,0.21038904352883203,0.1108661136005229,1.9947361041751146,-15.418383840703964,1.713439292106818,-22.512409443001054,-2.3283286636659577,-9.687625705614026,2.039207674533449,-17.18579169164846,7.067672250782446,3.951044932689443,1.4897895228947386,1.0052777866845324,35.079554609562265
2022-07-20,10.268524,105.337611,0.8778687955725853,0.20368742353197763,0.3260104926168,1.8041681446610915,-15.895776509598535,1.2707129454281416,-20.567657583742935,-11.516910541173429,-10.276945543140164,1.3714409154817448,-14.692811727411055,-3.563584582027603,3.8154618771657915,1.171109801273941,1.2170882530194491,11.269543743494443
2022-07-20,10.272277,105.291556,0.8886661983342667,0.19565896401072283,0.32211767848290884,1.750221101578102,-16.24384711157355,1.4062852071033074,-21.769533783736875,-10.116053101280642,-10.70497610807624,1.5862838959491241,-15.37652394739741,-4.480472906263261,3.7291219095292543,1.0961867564909533,1.285425536461288,11.417822017217336
2022-07-20,10.277579,105.307934,0.9487690353970456,0.2356227222875167,0.3050841877589732,1.9147513805872292,-16.64909895155316,1.4503996730220918,-21.551116273020906,-10.042677462210552,-11.458737509313538,1.852112459195575,-16.614251091327503,-4.50258479658721,3.4797620660684463,1.1420462274785899,1.0890440610484127,12.111135091537864
2022-07-20,10.282365,105.276189,0.8782334444905299,0.21053269649812295,0.18594203645886878,2.5078417806780173,-15.510651345016834,1.4045344904587234,-20.961181591712396,-5.128197884048797,-9.89028773010295,1.587376045184955,-14.335645078079178,1.5207546726666652,3.8256336622907847,1.2881139564455064,0.5949969534834708,20.512080195404433
2022-07-20,10.282445,105.330149,0.8939703599116287,0.20986271631496523,0.17129713852865153,2.0469666192005715,-15.705326368519591,1.2608219472895212,-21.61287429117084,-11.478359352231726,-10.181292574951662,1.6514721160789971,-16.157306658997634,-3.141603732993433,3.759440379639596,1.38823843259487,0.9541110062469764,22.351236537619986
2022-07-20,10.298963,105.275991,0.8891959720886727,0.227098091557576,0.16150704222722256,2.81885046459988,-14.319949747434555,2.5301991335736544,-23.84017360307373,0.5385990673818827,-8.765647762792947,2.427539515660221,-16.87630075568459,4.571526360959743,3.769872291930301,1.1815290256275377,0.4190181601448579,23.766721901652076
2022-07-20,10.303589,105.234936,0.9171133668168533,0.2546931453845645,0.2369234046145776,2.3029143183849685,-16.871592385913786,1.3274962856885522,-24.26141861932239,-10.738463811538203,-11.456961991182254,1.3987807435663784,-16.458134522142018,-3.8486557068813476,3.7096680305893894,1.3517501471247728,0.7369295800832034,15.883093531882688
2022-07-20,10.306769,105.34023,0.7985622545901607,0.20535809354679233,0.10079575525953775,2.177498226782002,-16.430956697463788,2.2748273109398096,-27.767475992008993,-8.121431881676417,-10.261682545481225,2.243052931928919,-20.98684881805319,-1.6059209600270759,4.384009971648706,1.6788910805482344,0.8369704970604578,38.68421080531069
2022-07-20,10.3154,105.280846,0.8763274694558839,0.22405522089660415,0.07315078117407942,2.294078475249967,-15.816295972406474,2.334422634186211,-21.939589687770873,-3.041870018104663,-10.169578937434173,2.4808536587566596,-15.563264653636384,4.471968881403338,3.8821129377044103,1.6117020131745414,0.7436195157029896,53.68157599685864
2022-07-20,10.316024,105.309873,0.8589015936256361,0.22320567635858155,0.3101012967446397,1.8598825667083845,-15.465241628897074,1.3577735880670623,-21.437306527795933,-8.767572476169935,-9.696918228355573,1.5904951407571908,-14.64146924636909,-3.9221095129589574,3.9926334640469614,1.3699497755319614,1.1506734197090678,11.899010878028978
2022-07-20,10.319903,105.230831,0.8436703227451073,0.1979711540814779,0.21458173292113839,2.0769960992359633,-17.28224261370517,1.409613494711517,-23.447736151779004,-12.658470043775536,-11.440849452797693,1.6792643617273317,-16.36434810227354,-5.371470616013064,4.01606851614032,1.2487662800311845,0.9258582148861165,17.640915727295635
2022-07-20,10.320371,105.259016,0.8287182534908636,0.22029473904744756,0.15707686576245003,1.8072582948302132,-16.66627754316248,1.5363208112650188,-21.88373909268035,-9.211706047800236,-10.69023362338962,1.8002161494557785,-15.45417484717576,2.471895116716748,4.212907118202121,1.6613182915195002,1.2132973529252988,24.465239458299777
2022-07-20,10.325047,105.251136,0.8030255455679542,0.1948972752911245,0.27099039485880866,1.8120168109761041,-17.263624575780387,1.4816107266626086,-22.661882261725815,-10.944711851054167,-11.14352371721983,1.5457923939042615,-15.676138247037905,-2.705723143418728,4.289861957773002,1.353024893102643,1.2074850386433584,13.760670768733624
2022-07-20,10.327284,105.359541,0.9058734819674771,0.2257048267600491,0.14388361388650525,2.0328277887304194,-16.074526453401244,1.5036382528005297,-21.42847958208867,-9.729896561678741,-10.616287907130225,1.9466365223280364,-15.838530321979746,3.5460534678765043,3.7101486075972905,1.3585835606823888,0.9677023416224337,26.800246963182214
2022-07-20,10.327543,105.350908,0.9360223074479364,0.22169761367650015,0.3387112853463119,1.873110281395523,-16.657233735064043,1.4683116722406817,-22.26792687021609,-8.423979631418161,-11.397304136102248,1.7362339886799614,-15.91754831841917,-4.41538037718494,3.523528720915958,1.1227494222650705,1.1354855823117265,10.80946774746593
2022-07-20,10.327617,105.33024,0.7820875466435395,0.20690243644410874,0.06991168894583549,1.9477970576741883,-15.711436970902614,2.1976977866675744,-25.752626124665525,-2.474735910350788,-9.410676623474343,2.3976739304591868,-19.24309347182961,3.494690789101181,4.576747770317436,2.184741641370563,1.0536020342777863,56.21503886280053
2022-07-20,10.33114,105.278682,0.8920571077439683,0.2169365152686494,0.2939392629222228,1.9384103150276315,-17.064003314997816,1.406474757844825,-22.999907551974008,-10.71918805769047,-11.525155753339552,1.51734343854384,-16.518118621365204,-5.099432859751278,3.764441192819355,1.2410372081900851,1.0635465922719158,12.608253488267106
2022-07-20,10.337977,105.288583,0.8826362738306484,0.20623683032100684,0.18768477132933126,1.8400175747975949,-16.204996421525326,1.7496963236391234,-21.529576926796693,3.1769334058848315,-10.61351406245797,1.9881525056793992,-15.577108623681417,6.177816552446414,3.8012654780707544,1.256776946199078,1.1738922795017361,20.31233115861693
2022-07-20,10.339092,105.325101,0.875503064156438,0.2285886079356077,0.2334271468544219,2.021225254259589,-16.434556466774513,2.0445475002679148,-27.244294582859766,-9.664589233414048,-10.770956327854906,2.3706622946273774,-21.080120358657627,0.9215577502926171,3.90806395215637,1.4185270638280205,0.9789976359984037,16.135967490938924
2022-07-20,10.342217,105.346028,0.7947240380625363,0.21264403435227827,0.1583876838367832,2.2192887149643727,-15.382267047164861,1.5114963929049958,-21.940179871512374,-7.822737585582528,-9.179187619782429,2.09901992178346,-15.380635209126488,1.142569212598519,4.424963396429378,1.6730224201684814,0.8023792817169415,24.254488878831996
2022-07-20,10.342299,105.365285,0.8588790263414363,0.20054324947634375,0.2978053072723241,1.834498802618827,-15.70134747213438,1.4317195087447223,-24.67873993941157,-9.994983544351125,-9.961339513130149,1.6451089225204367,-18.02508238261789,-0.023196646718755893,3.9198976624679087,1.1985890809425814,1.18043205822202,12.43159407277538
2022-07-20,10.345924,105.270456,0.8626911678190987,0.20976067647896193,0.27615270049038937,1.738217790494962,-17.522795032861495,1.3030557434212058,-22.764884590447384,-13.030023448029409,-11.794536134755182,1.5784431940778267,-15.982962454357295,-5.927630899335008,3.9332692350501106,1.297861993276485,1.3012076057862632,13.484739757738518
2022-07-20,10.400449,105.171793,0.9258743674336606,0.24383569311726339,0.15129079848750324,1.8604111162293606,-17.16739704199362,1.4369929847946772,-20.90485296772397,-8.014488254554854,-11.801409806025918,2.057395532011589,-16.108868908024622,-2.2274492257071863,3.712594628297461,1.7640988303242193,1.1500624056187696,25.439149240992364
2022-07-20,10.412311,105.176834,0.8630589471909599,0.21305345536859827,0.23439478082134996,2.476798001259025,-16.84504206575696,1.4277411220084215,-20.834377188500905,-6.803521987301052,-11.120199397746964,1.7895957742496602,-15.686119272002326,0.495975041380372,3.925940487053302,1.2708363850813067,0.6149883833751033,16.065226392769826
2022-07-20,10.417324,105.208881,0.8429506274645917,0.20813929925183022,0.15072273899895733,1.7642279430159509,-17.445791869263548,1.2642902559985385,-21.924755254098013,-9.934893734354217,-11.581091525875676,1.5828676527943526,-16.172344463646947,-3.4024074211353614,4.083867006668004,1.5693061581429146,1.2672807194981806,25.53879584836679
2022-07-20,10.426155,105.176598,0.9164503540111465,0.2527296797715184,0.2558587666413992,2.089587583712091,-16.951409651808206,1.5960568827938846,-22.072268954317718,-10.10079406216358,-11.528661285927887,2.1760161416102313,-16.55594884370455,-2.2106375994141514,3.7281269136424515,1.4266506670454489,0.9142533345714648,14.63362495843744
2022-07-20,10.427104,105.210954,0.857319829799339,0.23669674170493196,0.2894683995146479,1.9066108447252355,-16.765833359241682,1.5442473834290373,-21.058660842518982,-5.791931923037268,-10.970587988821315,1.9305529735398226,-15.6871134232286,-1.9137178665857915,4.045544393992864,1.4800263781155165,1.0979635204878142,12.818434090584
2022-07-20,10.447684,105.190977,0.9383472461790866,0.3431228266700014,0.04630730543728288,2.1610761724747425,-17.622568185584132,2.709470729893449,-27.141781058786346,-4.998958912348797,-12.170186422869211,4.129414179479444,-20.723783193338413,7.966090497857913,4.161273507411581,3.5309894269850597,0.8509296668702917,85.37945918527848
2022-07-20,10.44819,105.181879,0.9645249812306271,0.26651406638921776,0.10382772016439902,1.8522703506977503,-16.797320497295978,1.7314196340365824,-24.235238579556793,-5.071730014136354,-11.64374122605535,2.4345435353798726,-17.795828785257903,3.3263001717318206,3.5952803551535037,2.0454598587646324,1.1595119732350085,37.52535713648021
2022-07-20,10.452718,105.220233,0.8723775585217862,0.2304066916304972,0.10418870393908049,1.8819623196013087,-16.51904429242228,1.9935627221979948,-22.743320676481822,-3.0381171258579935,-10.81422202693757,2.750676387024028,-16.434281761082687,4.3278264866746055,4.016682555822169,1.9895196484907456,1.1254410666667307,37.39187789819148
2022-07-20,10.452795,105.21348,0.9661086495130854,0.25570698449520496,0.19176634620758193,1.9941839906160457,-16.993801028194877,1.6804064534035772,-22.878334450396316,-8.976281092573387,-11.87890541005826,2.3394277514508426,-16.550111394815925,-0.7176413808519966,3.4770050976298146,1.394804308356066,1.005832971693006,19.85871728332409
2022-07-20,10.458467,105.196191,0.9301710813919133,0.24636668174126924,0.30790085362599956,2.0307808915149446,-16.826149809157453,1.224434476118678,-20.56660444947045,-11.792962781297241,-11.498249409345188,1.6451049967489488,-16.123954691106725,-5.622644762428523,3.6335684477100747,1.3546036170163311,0.9696856596951904,11.9911949021704
2022-07-20,10.459704,105.218744,0.9548412757251307,0.22262310772719815,0.404794888688993,2.1317454134713514,-17.171054465189343,1.2090550069189936,-21.177595105613037,-13.031205481440509,-12.025707746392733,1.42245450481645,-16.21695891551203,-6.538130075422282,3.4342125911427845,1.1062045768258895,0.876396672286663,8.881547696797206
2022-07-20,10.460493,105.209967,0.8236869864562215,0.2760868521805375,0.215711775221639,1.9641699737336253,-17.841656359888827,1.3113649254179238,-21.973168329603343,-12.954192996529235,-11.747076673880127,1.7751483599045,-16.743496939688335,-4.894116476599439,4.470917733416442,2.020608913913952,1.036483630994793,17.5432621649425
2022-07-20,10.463816,105.133945,0.8871110969103334,0.2729911510204737,0.07413676913349442,2.0666153427837117,-15.860637816348335,1.5348628745527424,-24.912331997305245,-6.339470601848104,-10.208584413196206,2.3166157873494506,-16.02353987157152,7.531560057220128,4.026130961743095,2.085110107472655,0.9355319382328968,52.954333952662516
2022-07-20,10.465667,105.225904,1.0155165020970065,0.2389447006946637,0.1515227047575368,1.9908302725255531,-16.809744611967183,1.108776583623669,-21.18284893547163,-12.569855535448227,-12.01853772812672,1.5468059545950692,-16.955936878699468,1.07175619227345,3.182946838930032,1.1937199244845886,1.0092119630698746,25.3986839886518
2022-07-20,10.48065,105.130089,0.9668785782463095,0.262378829863658,0.08103814420840623,2.0941089951869785,-15.595450556922655,1.5272037850051652,-20.527842508337418,-8.268541145333693,-10.468629137125411,2.3294046377595876,-15.26342293115624,3.6600524970223125,3.540397173073761,1.9086393453134243,0.9101202512349882,48.35947187676434
2022-07-20,10.501648,105.096892,1.0458388907019216,0.26275790194726617,0.3396307407953377,2.142713797934148,-17.322949475177374,1.1281488310979173,-20.891624542593622,-12.893196424709704,-12.680617235499694,1.8523088331516244,-17.268940145619002,-6.28944118139953,3.1175925405485856,1.2556632733335102,0.8667915443754152,10.777496909240053
2022-07-20,10.510203,105.111601,1.057553611574844,0.2401915420471471,0.42121812395395586,2.170384980330208,-17.2889746002167,1.2108877605303054,-20.69041805979159,-11.259478905164958,-12.746911020567898,1.8449456430005313,-17.631007693854112,-5.204777663560557,2.988419830166237,0.9661774963193943,0.8429910067804788,8.49626754530925
2022-07-20,10.521154,105.115666,1.0347049804406572,0.23144023377072254,0.3988924169520839,2.008625847682536,-16.941538967927226,1.1623717487245966,-20.834223776679156,-11.121847691572363,-12.271332951537541,1.5858441436211472,-16.28742076901992,-6.307056669644416,3.0737327859255434,0.9742231093294409,0.9914111951785461,9.027766460349863
2022-07-20,10.534074,105.126326,1.0702480929641214,0.29917305597383975,0.3354407456918759,2.368906170990569,-16.35203316585039,1.123282919551817,-20.251877151280013,-10.868445563306304,-11.821208116746542,1.967324421617439,-16.642660368749198,-4.229139123408495,3.077691189590782,1.2989672045271332,0.6885430284169428,10.924609789874067
2022-07-21,10.358094,105.189541,0.7980084732645448,0.1876929445093198,0.30521485317228597,1.8007128748865104,-17.137651736894476,1.548823374684112,-20.967647233774137,-4.083399711599209,-10.989448411320723,1.5751212288387246,-15.387153648698682,-2.0143861724196217,4.307289574825315,1.323471800681763,1.2213424781849795,12.10552208854037
2022-07-21,10.358727,105.222371,0.759577949392728,0.2050050183569747,0.249062662179362,1.6505759796492743,-18.011647135604534,1.6699249654781307,-23.35295026233234,-11.965523881571317,-11.564687177762535,1.613804776106334,-17.072859496943995,-5.436389577115652,4.663030594726001,1.5897432448719246,1.4233964684557858,15.060215389167437
2022-07-21,10.365734,105.267634,0.7509274152331307,0.1856550129331934,0.21001348385076118,1.6688509238820235,-17.427537194046895,1.9406958897123385,-22.672112581786415,-7.95702839097215,-10.939686456481542,2.280952164707112,-16.08536717202837,0.7754166918871275,4.672150667925623,1.4995446854671526,1.396858786341046,18.04639610113064
2022-07-21,10.368014,105.238516,0.7536218163158777,0.17623785686260546,0.14772702386980974,1.860503607781656,-16.93045216704921,1.7610163579954845,-23.350236345932895,-7.765227878403866,-10.471357799114895,2.1602531413823423,-16.696476334897177,0.3439906174142974,4.635104848798767,1.567620691102331,1.1499555191775956,26.07696869006958
2022-07-22,10.244181,105.230614,0.8109372465956339,0.19426020217398582,0.17841106967369633,1.6935702375683754,-17.255341357634865,1.6079091672415535,-22.541121987693945,-10.924033611053687,-11.190171860918767,1.5138678375666543,-15.218002996833684,-3.7973757979644267,4.23788859982691,1.379590275791861,1.3618742885699218,21.420133500212582
2022-07-22,10.250745,105.24539,0.7908145867203575,0.18220825388842898,0.3444447760339028,1.5118548470632809,-16.42041530846383,1.107841472666748,-21.33805555823775,-13.058186641346758,-10.229210476442963,1.1104667724823587,-14.003999507038657,-6.179306307499948,4.336102926319135,1.2655087660601319,1.645756639779172,10.612892046318306
2022-07-22,10.275776,105.258985,0.8034700107867784,0.18668224891577015,0.34520151781932207,1.6431121889397662,-16.82135554289469,1.3527424134280275,-21.214692800433834,-12.093832759173749,-10.716788577290355,1.4180080606789152,-16.213212214331364,-5.914841027109496,4.250162360018512,1.2299544524374735,1.4344046784663185,10.587434566535114
2022-07-22,10.280407,105.223352,0.707104369778772,0.1668956812906637,0.22143080913745916,1.5286584468970545,-17.129054802743127,1.3109404068053,-24.902623055403108,-10.941321394528742,-10.330363847565376,1.1678682054706757,-16.216569273147698,-5.504745492000773,4.997783092837658,1.5562707795140192,1.6166734682422976,17.064333574813844
2022-07-22,10.281994,105.246519,0.7988205969942471,0.19411863700769735,0.26494159365632725,1.637585612736953,-16.284767730116776,1.3025378495392406,-24.07056003273125,-9.033321400647628,-10.13432328161913,1.4499516837694781,-16.05380778261226,-2.205770925911731,4.323916156161982,1.3951177539791082,1.4426203850891575,14.09766716806519
2022-07-22,10.283233,105.260351,0.7515314093005263,0.18472104393486893,0.19215468029257368,1.6424036699687434,-16.403127882887887,1.826151962496795,-26.81394858935446,-7.402066995450221,-9.91990062470281,1.7934366214756043,-17.267729574428408,0.7535895289864593,4.670296862567971,1.5406232811908291,1.435454859934722,19.81656295807951
2022-07-22,10.284315,105.252391,0.7028170567327681,0.18940907607773133,0.16651909310728194,1.5542719019144282,-16.618831231237476,2.188446741234439,-25.67319132990442,-4.318509199891986,-9.75116119632015,2.0495973722296608,-17.05669834716945,3.567048348793152,5.151203533695823,1.883193226146946,1.5735522819869026,23.021269425380254
2022-07-23,10.287565,105.192862,0.5807481483619874,0.1856133548226219,0.03843162478038062,1.6358075682866935,-19.953888321482964,3.294869258964374,-28.385092020575392,-10.356892539775451,-12.022314445373176,3.3148960087059125,-22.17900610422524,7.893778652413898,6.826004304910312,4.362439048509606,1.4452753964144487,103.08094955282775
2022-07-23,10.290816,105.182958,0.6213653545573793,0.16133765252272178,0.20397663944368485,1.456451041765954,-17.78368816089405,2.060154063644071,-24.56792529800129,-12.665257472398496,-10.28868385115053,1.7312507103632233,-17.15748277880763,-5.7069026905618125,5.893844585723759,1.8895392465667296,1.7464019629180123,18.61008873814859
2022-07-23,10.299014,105.215448,0.6641633288644436,0.16525469486631364,0.2536769532959081,1.3369654362101813,-17.938317085296063,2.1079976764201027,-25.601437668236898,-11.00662457584469,-10.799385785546267,1.891454702719058,-18.84337815600184,-4.466189656982168,5.415695993407341,1.6902493204663342,1.9918499698380905,14.768085937763905
2022-07-23,10.303766,105.203102,0.6455343223105945,0.14301346008527036,0.2018509279170556,1.3292747438364745,-17.175536857030544,2.1311166587437462,-23.075189512822035,0.2854862765998671,-9.916321417472822,2.0479037865565517,-15.478274961357984,7.4952099851122025,5.5107681716904064,1.5013175585339662,2.009159707988911,18.816604467846073
2022-07-23,10.309139,105.215737,0.6189069301062246,0.17665162901243045,0.16561685828593808,1.455429873308858,-18.592388347968964,2.2570382499142294,-26.61694907714993,-11.813003843352657,-11.042527601391326,1.6864507384143756,-16.42627967395152,-4.4556763101833505,6.0493019805467885,2.2610859712961116,1.7483289118603633,23.152130655044708
2022-07-23,10.318227,105.218967,0.6132333010649402,0.1661322734631248,0.1898202899812309,1.4429238523167487,-17.72292846432513,1.8507409315064245,-24.38422168044888,-12.682097825906144,-10.144061463659998,1.3874620676174623,-15.186067537620161,-2.9868317243706715,6.044826300573767,2.0761293187490653,1.772149059409911,20.072562898284016
2022-07-23,10.319027,105.191902,0.7679276937480768,0.17482450336965216,0.34360007436052176,1.5087519307981823,-16.50165168666944,1.1201569780945415,-20.334201732129678,-12.954172999470753,-10.154837938931285,1.4496253424264014,-14.569638187253615,-5.617311659436646,4.485425675630871,1.2721371173820462,1.6511979327733894,10.641441019605274
2022-07-23,10.321392,105.177554,0.7414113800015504,0.1650074369870971,0.16744060704232572,1.4926675580339392,-16.34755352235872,1.453826772370055,-25.006795540157917,-12.180120587448226,-9.808955976861194,1.3268964558887058,-13.923062122353613,-6.178056380751229,4.707453742263748,1.5585869457406505,1.6797661532006383,22.88906771574758
2022-07-23,10.327832,105.216844,0.6204500531137629,0.14814323460648257,0.20995308954465436,1.2997931421088826,-17.85632370264413,1.40491979094756,-25.19446158515229,-12.708097400594651,-10.377225830604926,1.3526857526633849,-16.02831305343588,-6.604310476817244,5.8220928528627764,1.6662021270040632,2.07741275931807,18.051874914892597
2022-07-23,10.337185,105.197822,0.7036637392003969,0.16764384132986254,0.2509296331466881,1.4106680253592485,-16.821778827259386,1.0413314994254896,-19.999723655567877,-8.398001730598807,-9.996959631769048,1.0696632644421225,-13.19959956188605,-2.4692694413420773,5.02369744136817,1.5068442794572507,1.835536021298376,14.940723898726164
2022-07-23,10.346876,105.206507,0.7405944123290303,0.18704998271020604,0.25271199903976105,1.640886638938141,-16.931211316760496,1.1586241143165843,-24.202685276885823,-12.086782299408554,-10.363581878186242,1.1615756044894652,-15.593033916308098,-6.292750650814685,4.767422914829756,1.5635799010480045,1.4377064844580008,14.828294719676727
2022-07-25,10.262681,105.14739,0.807964030244572,0.2045923738452107,0.2525753678192508,2.380822314976514,-16.012889156017494,2.735046352030549,-26.429128541313965,3.553337548430501,-9.917098103673904,2.5535067774615023,-20.394243762792918,6.6109035070646955,4.2833450474770745,1.423591590036324,0.6800917795662793,14.836857071757288
2022-07-25,10.284027,105.15814,0.5842019162822124,0.18897220554857436,0.13242082123407253,1.282669119412071,-18.807736492507,2.4608378868283265,-25.499664644074535,-12.443131193573997,-10.896984028131588,1.9089852961659015,-17.75873642152282,-4.564785717136422,6.743679912214017,3.1229634429506135,2.1184971552394236,29.2067300498721
2022-07-25,10.297494,105.145318,0.8099300447962318,0.17869821057088364,0.3226907972935539,1.6620033799478366,-16.436254605649346,1.2051135505231085,-20.214591952420022,-11.256746679956361,-10.384934949405258,1.4120121217540593,-15.826335461225579,-3.9954688171014765,4.184479010571454,1.1630034555532904,1.4067339743469975,11.395767197417701
2022-07-25,10.30701,105.130668,0.8362984305234943,0.21405034090877983,0.2542014564362497,1.7116352752400625,-16.733871195434958,1.1204863315810785,-20.79050704675778,-12.435863547861057,-10.822140262354049,1.5872393914963674,-14.990009399094081,-6.406424706413453,4.118585019746304,1.4147925563483,1.336946461587143,14.735551070704215
2022-07-25,10.320247,105.141848,0.832243177266145,0.2074346757057523,0.08994572258277973,1.610261829838345,-16.30323017550399,2.2958271488612323,-26.08836546998843,-0.8639038463157676,-10.360644795419047,2.7559017012327987,-17.270959804162523,5.1614228549671335,4.1828128987573425,1.8573122243932674,1.4840680725826814,43.471264281841535
2022-07-25,10.325825,105.129268,1.0305459063766182,0.23249855141156314,0.36460573490297515,1.9057018921868196,-16.698777373840173,1.2147648275552823,-20.27543153437736,-10.269731958291288,-12.0007035089758,1.7438111167946482,-16.010365769020904,-4.464074536142774,3.1013991654258963,1.0260377110139767,1.0989641750368124,9.970754481040832
2022-07-26,10.399444,105.118528,0.7231320237314854,0.20133696769037465,0.13320205437069932,1.586232685807338,-16.753514678617012,1.3778007106296584,-21.987852960398786,-11.591101192459453,-10.024638670528264,1.661477573327528,-15.03687235766439,1.6426667399929602,5.020119992944639,1.9595250950442473,1.5216981315475397,29.029566877910607
2022-07-26,10.399645,105.141286,0.7063600016744127,0.18142321875873083,0.25762218237375184,1.4965765260731398,-17.02291725001928,1.8404053706873509,-23.591240206866416,-9.102213142022283,-10.199162429592807,1.7863670469838808,-16.857049363119614,-1.5986182217553584,5.058912871405774,1.6470016158628513,1.6727667648881153,14.52661328750371
2022-07-26,10.403175,105.123726,0.6641157965109367,0.17681423064949686,0.2397088737042005,1.663136821920727,-17.430823738016844,2.016213265555062,-24.60250986527481,-12.318738073671827,-10.276450895758387,2.0500004539864465,-18.164191410577047,-4.76251039504303,5.4614413752898905,1.772530367097923,1.4050937645529795,15.686908324203213
2022-07-26,10.407581,105.1521,0.7247741993242668,0.1962016884299929,0.18458528861158896,1.546507077572173,-18.206541144950954,2.669103381843946,-25.103774919453887,-11.908672666947247,-11.49997346886008,2.2614241183364316,-18.53914421015127,-2.4451954777022626,4.97146502695684,1.8421404120142106,1.5864737756515872,20.6701993430091
2022-07-26,10.407982,105.123304,0.7530150002456691,0.22989062980984842,0.25929212025234316,1.644347033019612,-16.645737610589137,1.1436902700393392,-21.87520653669437,-12.01700839565854,-10.113841739177312,1.579078144554444,-15.616807746458708,-5.227452616492737,4.815459136597767,1.7865334618471678,1.4325765301832687,14.426616112002165
2022-07-26,10.408214,105.131329,0.8731086548750979,0.21256397286969464,0.2579623578090425,1.7096993486191603,-16.600435479245004,1.365560741279726,-21.986928567469562,-11.798477874557111,-10.937239212439197,1.380149244999245,-15.527347399079048,-6.555116407436024,3.8831013557140155,1.3417690568500267,1.3395926326056113,14.5061383140288
2022-07-26,10.414613,105.125615,0.8462035058079483,0.2840727777392401,0.25929212025234316,1.7695262380085195,-16.222275020946356,1.338073635402608,-21.45875322816167,-11.849951245829214,-10.255345303058123,2.365687418258679,-15.904671485540716,-4.568520433216181,4.399924067441906,2.186281553568711,1.26049205379499,14.426616112002165
2022-07-26,10.415236,105.156765,0.7157855892080357,0.21253725852268704,0.21170028702161056,1.5570441814696783,-19.50906264534255,2.6312473426891207,-25.566268930334154,-12.21832762899559,-12.707445636830826,2.526623968822631,-19.474557369645588,-5.962293318664685,5.125875557404812,1.9731816599409828,1.5689701343120785,17.894636640675298
2022-07-26,10.419552,105.116409,0.6502069051910627,0.24894717189128487,0.1793930148321749,1.855716759532261,-16.69680261194219,1.7117863537381766,-25.369440063815023,-6.746810189521851,-9.274128800067873,1.991519795826603,-15.622401749026402,-2.0418635418594837,6.133497172241616,2.880356225064725,1.1555013605676612,21.297412213859417
2022-07-26,10.420174,105.16361,0.7194267297473846,0.18961542794022768,0.23545617497689827,1.818791472583746,-18.281853561502178,3.205693636834557,-25.41376934648523,-6.962936875232719,-11.543907030040186,3.060404904363021,-18.696595158654606,0.9202391624690056,4.990176044647588,1.77463520674913,1.1992625654427906,15.988299416621624
2022-07-26,10.421066,105.136822,0.559758097841985,0.20502885921143557,0.16432290329213758,1.8373223503837584,-16.258468055834022,1.017636951807151,-20.645542776778584,-12.23873664648818,-8.119467230209173,1.6506605713272644,-14.04795219180669,-3.578718222259705,7.041922866134024,2.7747646382622846,1.1770812286502295,23.342315768902246
2022-07-26,10.422463,105.151846,0.6937207199517305,0.21386848471067135,0.15356240605488963,1.9438061036830807,-17.773765035307544,1.837354662397049,-23.748332303267702,-13.617788757824059,-10.793591391754036,1.548512643298287,-16.02173208126163,-6.14943831358919,5.362997292569521,2.1411036982011256,1.0578184173930152,25.048041983467183
2022-07-26,10.42324,105.126544,0.6317063500431618,0.19728518212448512,0.15131643898907768,1.5580995771131048,-16.155924362556505,1.4690710722093805,-24.93106707209838,-10.626950116082329,-8.679896921836118,1.6612351606201206,-19.11727646342912,-3.2832143238883202,6.0119830129536975,2.417941465948563,1.5672300145356073,25.43466913921182
2022-07-26,10.429142,105.151556,0.9371745063823854,0.2617462014823454,0.2668868652589375,1.8359321646459807,-16.709706700604894,1.1486372788292836,-21.74072821203234,-12.18166515334024,-11.406540378134173,1.7273511702569793,-16.307148675834114,-5.888316678835327,3.643938775966689,1.4576106862894844,1.1787297357859148,13.987624048561333
2022-07-26,10.429212,105.141436,0.7154770593419165,0.2410022814742833,0.19015064122528239,1.8747120377809936,-15.390316143624268,1.3263158247966826,-19.92780231193357,-9.34435051789692,-8.549563870460018,1.9446530236048762,-16.294814403952373,-3.4054057773555724,5.230382194805698,2.133216498394544,1.1336610206731308,20.035953253825586
2022-07-26,10.429339,105.125493,0.6106405173928614,0.17409081016369818,0.177777703359581,1.3315483751965123,-16.161099383857966,1.5020572332829492,-26.825661810874035,-12.29592207531503,-8.543659423290352,1.5663031445904259,-19.509453203008817,-3.640739619183946,6.1365928708119215,2.2780818685901965,2.004021539517611,21.50000941855697
2022-07-26,10.43062,105.165627,0.8686440517052304,0.19846180791067392,0.23835276042137035,1.7812676524092772,-16.491494257692665,2.060094883215513,-23.697942347599877,-8.30507385799137,-10.814972487479034,2.390586956250756,-16.38653041052077,-2.4811322834642393,3.8672808765020688,1.2261431008155685,1.2455917809935786,15.781848856831475
2022-07-26,10.438048,105.153225,0.9263624008451637,0.29362832801814076,0.03704364157774439,1.972245762289305,-16.553854389313287,2.116937750953381,-24.354290972137555,-4.637194270451532,-11.102837672438488,3.3856446252536214,-17.208508839302393,8.664067580712919,4.004842571367015,3.3239336578663963,1.0281448065361578,106.98074459297159
2022-07-28,10.406597,105.221367,0.8126121165232619,0.22896765814599598,0.1932060086591969,3.1217275995801335,-16.379652940662773,2.91113999870861,-26.46676846633385,4.697758482680374,-10.29236788738866,2.956923892079739,-18.145810243211457,8.857322758316098,4.320768272996428,1.6330439861291586,0.2813417802815315,19.703289860181034
2022-07-28,10.407515,105.229231,0.6154942702159016,0.18651804607299027,0.15836403083010483,1.433708934686158,-18.287561596234454,2.274912598310575,-24.894444713252994,-10.719995852026788,-10.685611139082827,1.8753406363524339,-17.656073936508754,2.8252573946957296,6.17259433847726,2.4453472604402573,1.789966570777916,24.258260850225874
2022-07-28,10.410742,105.220616,0.8015963526651636,0.21468943231950338,0.2590614115620838,1.7900791296401017,-18.130527430607668,2.2811273694302403,-25.029504280170347,-11.219982365147736,-11.972340177413791,2.0182599850912655,-18.00753307440824,-4.310302137710625,4.379163842756021,1.5666065303158614,1.2345380903939183,14.44035437729175
2022-07-28,10.412925,105.251545,0.51212339765898,0.19794956073677078,0.1085695342272731,1.6006225603899056,-20.210314368682912,2.164266814286317,-26.869441690864583,-12.24905621547534,-11.564425735461212,1.848974640815739,-17.512971191235792,-5.0807316313721795,8.102440589454996,3.9606402631392914,1.4990276277410552,35.842748091988994
2022-07-28,10.413742,105.22261,0.7181775086168697,0.185735429789476,0.1512719053920079,1.511329812752549,-17.74634630400251,2.6242222990309227,-26.291370358360037,-7.542649591487458,-11.004613097741274,2.4177468858615065,-18.00753307440824,-2.0953992428064327,4.987490377745472,1.8194832380685404,1.6466757727189243,25.44245135694133
2022-07-28,10.413908,105.234515,0.6784255354808465,0.20528708487160816,0.1902950458392583,1.5893426147522003,-18.7640410329689,2.4258982287107975,-27.391993732425938,-12.262255523060531,-11.667609482882083,2.090752702541646,-19.570188768417776,-6.6352788331725,5.510624609032679,2.2427948532347113,1.5167638260449292,20.019990207095507
2022-07-28,10.417011,105.261676,0.5226210420617765,0.1942919336485855,0.09932206358737568,1.4628513866780124,-20.393205128685757,1.8373239554627248,-25.359235667759663,-13.233138602256952,-11.857950791895904,1.715942883866678,-17.84935741884875,-6.716027457980513,7.909873151678052,3.9276545153272155,1.7343857595019245,39.27302550435954
2022-07-28,10.420483,105.223648,0.7389549562037339,0.16758340500991503,0.27071074661047784,1.4635886342536417,-16.503606981730822,1.9375820658310132,-22.762754423332392,-9.31913378431572,-9.947529711672702,1.849348677366807,-15.35519975116429,-1.667988543246723,4.716969944954731,1.4411360541351486,1.733008378436748,13.775918762307384
2022-07-28,10.430085,105.221996,0.6638002426359946,0.18192690583188065,0.21880879316545265,1.3866216425229534,-16.457752639304072,1.6756466095125968,-23.78301925045401,-10.429079020633198,-9.286148617365908,1.805364433854689,-15.774292948140708,-2.1444400426255497,5.519775877775005,1.941724956896816,1.8847090491981744,17.280800977570372
2022-07-28,10.432459,105.260003,0.5335236519410339,0.21758752411065632,0.11425879575920597,1.5061748592302138,-19.911554047317804,2.3094599834083507,-27.433588437828956,-12.859613085033413,-11.420370386268486,2.0279136101838415,-17.655265261653717,-5.9161537191341935,7.958643776086532,4.0814417006832775,1.6557341436732966,34.00824574092113
2022-07-28,10.436907,105.236241,0.7800511466701522,0.1948017431007212,0.23492595251157108,2.0902035916743,-16.826558128461798,2.8439789345698765,-25.429061759359968,-3.2473443205268526,-10.543125728013962,2.5367345409758815,-17.81261172796654,1.1269529078455478,4.463549951990032,1.483691741579331,0.9136891812514348,16.026641617226105
2022-07-28,10.443488,105.236111,0.7063681837813083,0.19415931708724468,0.16157583357202424,1.7697623094480348,-19.376692499621367,2.3466654034338967,-28.251342998406923,-13.455041401400603,-12.532503456234755,2.344870714713174,-21.01932029658872,-5.7818657183128135,5.1255877746241625,1.8669378493085687,1.260190523125982,23.756177403330277
2022-07-28,10.451085,105.243664,0.6810028614108694,0.21105801873802424,0.00503034878142076,1.699694424259576,-17.31346973154572,2.385075157586903,-24.082297251430028,-8.215616541334395,-10.150122758680261,3.3458873923792396,-16.944718846290087,16.795439511546185,6.7283316961624395,20.648889474696905,1.3533641947095796,794.1734907077852
2022-07-28,10.467229,105.24767,0.6426691704036718,0.2635048124482525,0.11550385454770391,1.6559835383411246,-18.751339682205955,2.8079000721555354,-26.417048719046093,-8.628770740946091,-11.17235227357269,1.8798391572174473,-18.07910213444645,-4.417034133346046,6.6429769412520425,3.9212310469697615,1.4154829485847338,33.63087890584614
2022-07-28,10.505349,105.165087,0.9124504012925118,0.20217002783196225,0.2636944843285166,2.285473175442814,-15.299258604036169,2.1796806353163922,-20.46018053234002,-5.020968369402645,-9.90927772982088,2.1487420038321097,-14.8063191621156,2.142756594908084,3.606043560168506,1.0786778501853496,0.7501846195263234,14.169069653412652
2022-07-28,10.51191,105.170596,0.9166140417782273,0.1922713740891528,0.442608622802161,1.69413595583221,-16.519619407220578,1.7662006921454907,-20.824545370508595,-2.8865388878202003,-11.165194360170972,1.9756722653290961,-15.216608915483718,0.1783220968044932,3.5591014902061695,0.9666552316180632,1.361085594240328,8.037329581778023
2022-07-28,10.521024,105.146349,0.9177481189641203,0.22086109729821501,0.17570875787450474,1.7617693810485018,-16.514313736936636,1.618272473264643,-23.691225254612462,-7.489289373134231,-11.134831739109291,1.942174222415866,-18.13438906414737,3.7868740959995577,3.6366800684896106,1.259988259157727,1.2704447262100984,21.764943810352882
2022-07-28,10.522164,105.178664,0.8940609818084252,0.18874355335141352,0.33353256183092456,1.7299465740800126,-16.593436380278398,1.5613951933644226,-21.039063544536795,-6.9041239851711405,-11.095127663513278,1.7659690992294208,-15.861035570072662,-0.5025733269238764,3.685562745833992,1.0561421632328551,1.3122101340772352,10.992832058261506
2022-07-28,10.534615,105.134916,0.7083424874318183,0.24894120020901045,0.09494859193898253,3.3705412321177484,-14.937616671845216,2.730030647133965,-23.195701061122346,9.220877071823287,-8.043194506199105,2.4508403798806215,-17.352710083932024,6.383623515149101,5.3106410820224745,2.3469117188265964,0.18675302407938674,41.12806023043024
2022-07-28,10.542192,105.18792,0.9781193702624095,0.23117903211780202,0.23490635989848727,2.1792144610584865,-15.940269438949256,1.7426974972868732,-19.923398061666777,-5.356019475349099,-10.926706471281014,2.340466127548121,-15.593319246120732,-0.3983317093958169,3.3514139371182403,1.2188560676512359,0.8355237960641663,16.028061742255787
2022-07-28,10.546629,105.163964,0.9760020307789385,0.19054681332302714,0.4263070792006403,1.7442081797667826,-16.52510548479249,1.1010267188665182,-20.214726023262763,-11.488787967288998,-11.538829298991729,1.4588266800203271,-15.08830752796326,-4.538514993603017,3.26205811587878,0.8722336147315537,1.293304231915045,8.382907756306365
2022-07-28,10.546679,105.126512,0.7703129210285633,0.20479379662485944,0.24600890453005844,1.7472219087489675,-16.810476951075806,1.0638181748304751,-20.179696013758093,-13.196803777389748,-10.442080837629465,1.4287624192856334,-14.853753337664433,-6.51978513930711,4.576641803552051,1.5598980894985714,1.289348582438535,15.259574049325773
2022-07-28,10.546857,105.181035,1.0293410969548216,0.22152395284044096,0.39284840369021157,2.2581973768234644,-16.099400392556007,1.7978796420039227,-22.081517206279628,-6.9433669813614625,-11.405340477096837,2.315410728944243,-16.06692202274676,0.5330554489455973,3.0812766221674908,0.9555983522108804,0.7713243497017407,9.182044682951746
2022-07-28,10.547628,105.146859,0.8773057513729101,0.24835654968654505,0.10947548830649699,2.459825873244025,-14.640861815071359,2.9682855134058914,-22.245172924346765,-0.9592892136357083,-8.958459943801085,3.332307446828374,-16.41449428752785,7.03197521398198,3.9965403319147055,1.8572537708306733,0.626131362999605,35.53785940466651
2022-07-28,10.555822,105.1711,0.9833081684878477,0.19336907524718694,0.47192115755256075,1.9679197254738001,-15.959234286011196,1.5721975686243885,-20.483607938538604,-9.114666999194107,-11.015419658312874,2.0139234211027053,-15.811817869634247,-2.8380332840126155,3.2311194181968674,0.8587096659031207,1.0326032348890413,7.475992093137921
2022-07-28,10.560601,105.1792,0.9711816623519197,0.23169713003785095,0.3003797709403877,2.2218288707321134,-15.510007067651953,1.9402114320612833,-24.410644899384362,-4.184217752812227,-10.458038302697359,2.428344627054533,-18.633707924390457,1.9488944182855665,3.3698945981898794,1.1340261556701265,0.8003186711143792,12.316475964667495
2022-07-28,10.565735,105.172074,0.9303785613832831,0.23646485140068246,0.2583089841937989,2.7324378678626084,-15.081540903649072,1.7471824541900596,-19.99665410765548,-1.8413545169302572,-9.772113476061792,2.148879083934809,-15.634954509134069,0.6274565416477975,3.588190987093477,1.2308213768465235,0.4638942195340439,14.485330533447339
2022-08-04,10.354744,105.336739,0.48151020613579615,0.18170757273494267,0.13260349780408717,1.3620007060264854,-19.701703737532288,2.6882022213407324,-26.622442452863066,-10.871134109007585,-10.773251556638236,2.0481094860989866,-20.191836777138633,-4.802647990034538,8.527165773280672,3.643033425318412,1.9368560400160437,29.16511680491063
2022-08-04,10.359519,105.360913,0.7154662072944447,0.20332374603917205,0.13227087684370764,1.5918154729739418,-17.495737116812634,3.023397681393567,-25.626560411919854,-5.905088516570086,-10.692827624423796,2.799819040368679,-17.655081094332232,1.8755480584797193,5.1509361043124375,2.193095108613997,1.5128540763125755,29.240972884200602
2022-08-04,10.363786,105.288188,0.6769480805618476,0.22241802290476131,0.17555887816413726,2.2036766677184945,-18.358744676161347,4.056138909384397,-27.35791729536204,-6.34453679713938,-11.21880935529644,3.450848697941475,-19.755685439171476,-0.30821930576892187,5.631752377986398,2.4621642470595018,0.8151483194407423,21.78437890369882
2022-08-04,10.369692,105.29684,0.36667897464549626,0.17991894195603422,0.05419081818353653,1.3661140096261295,-22.55168674955685,3.356252301487073,-29.09124523150718,-12.968589028405807,-12.125086960596628,2.376009747223567,-19.502075580392923,-4.112300572127239,12.523965914792587,6.49149549994559,1.9280133076848383,72.81324242886635
2022-08-04,10.374447,105.330923,0.5468408720929107,0.21095733063683836,0.1392947953613925,1.747339437773359,-20.56323679230723,3.947052670753286,-28.02877723641143,-3.9721088710041563,-12.235787505647801,2.9928267248478684,-19.681445057565284,6.773406034555104,7.565184600582113,3.611698674143416,1.2891945969566247,27.716076502515588
2022-08-04,10.38045,105.349866,0.5757263342407541,0.19349118081726802,0.12488048576834145,1.5842305540781438,-21.01655430334872,2.9291183178657296,-27.659787653648948,-11.353630433460896,-13.029623054319845,2.7708469757158207,-21.72267139185405,-5.673786809853734,6.8274141333836305,2.91371102157009,1.5248850236495919,31.03062492421889
2022-08-05,10.548566,105.198194,0.8440504055907952,0.22312744243964283,0.20056389454548104,1.9097419446219968,-15.751796508269889,2.6720040010788733,-26.977344286674278,-4.330300126708014,-9.876315937958292,2.4276459103743697,-20.84815921847882,2.3140052607019634,4.121210007669568,1.6227698617320827,1.0945238236319605,18.9437690869776
2022-08-05,10.557257,105.1886,0.9227348200199196,0.23214736220567658,0.19746967944520305,2.3408096322735745,-15.529129564191285,1.5450141789192757,-19.557694340503375,-4.9953783522332245,-10.171214429837486,2.0765586438796073,-15.52575052117999,1.2280636469851833,3.6320577255573347,1.2768721927135835,0.7088104666225642,19.256274336587367
2022-08-05,10.565493,105.106594,0.661818162534725,0.19573504068338254,0.20865465320137966,1.7226436122669668,-17.653751735773067,2.3601889760270907,-23.47315670060115,-7.475191364065898,-10.442969665763005,2.0053191500632757,-16.88446246212978,-4.780113751223684,5.6114584719898355,2.0764663172183946,1.322012499576784,18.17043276355531
2022-08-05,10.56984,105.190938,0.9703006313136997,0.25188071166141757,0.352821117360474,1.9100458697008285,-16.593396928420805,1.4967481287952056,-21.095057929148723,-8.634527988910625,-11.517543339522563,2.109968355112915,-16.612751394326967,-4.300477332716097,3.414473904951524,1.1994677108009215,1.0941905445582425,10.33718987662872
2022-08-05,10.571202,105.135919,0.6891063106056974,0.16964425964928154,0.26867427065296434,1.416004163653726,-17.461396952971644,1.8953749947379819,-23.93497409489163,-12.217451560165099,-10.518984859300163,1.7088124569820613,-17.229700096594087,-5.296860881903081,5.173160191186206,1.5909133636813724,1.8248504507774685,13.88791610107928
2022-08-05,10.571793,105.16066,0.6740121906823852,0.1663246623248472,0.2538394895662085,1.5475860014720937,-16.905672932954893,1.8833191290910827,-21.971732299364923,-12.35094853012384,-9.84259685651795,1.3576484907866924,-14.144459356560503,-5.8767077730837265,5.328573208467856,1.6801946852488574,1.5846705748146617,14.757989455603154
2022-08-05,10.576126,105.183375,0.8639101848225036,0.22489684623047979,0.047829801086858456,1.8142067726280349,-15.550281902194323,1.8350620101658572,-21.356857811966865,-6.282237754660503,-9.810738388800928,2.038993283536567,-16.412647396530282,5.009940815863174,4.011332697492403,2.2904976611421612,1.2048203437173015,82.62986901693442
2022-08-05,10.58174,105.119446,0.7728320896084522,0.20156483019832355,0.22297516382994279,1.547092312483962,-17.230716832154023,2.6084426665076013,-24.254698383545623,-8.317633764387924,-10.876277144982996,2.115585327746759,-16.718299878849624,-2.9210756524915213,4.577966127078211,1.6482143200375232,1.5854953629610686,16.93921767471239
2022-08-05,10.585739,105.193578,0.7531951458441062,0.22539974822461048,0.11022912166979984,1.7129744818799777,-17.358686912719048,3.5205160222000837,-28.06934612018965,-9.399141717480074,-10.804430270086364,2.8851544535046276,-21.266303477452887,-4.585859739395319,4.953744124510127,2.638954171145698,1.3351194324915032,35.28805110125363
2022-08-05,10.588345,105.091229,0.813888007815501,0.28618319920146995,0.14793953479529814,1.7358564394825353,-17.005344680500592,1.3956334722369734,-23.212267563489334,-11.797511837211372,-10.746898223719613,1.8304398280204446,-18.85176418700279,-5.469802895069491,4.9543532770325,3.4220259715939974,1.3043380253221941,26.0380733962341
2022-08-05,10.590564,105.128439,0.7448564867735468,0.20726806230643507,0.2587512518025447,2.2669107679035534,-17.73359992281793,2.6719212182427095,-24.312424587349952,-3.133502216391744,-11.175557998890634,2.295033977394953,-18.27978574488335,-3.2455901035565606,4.790867921333707,1.6473205024827748,0.764515858601357,14.458862409880954
2022-08-05,10.592696,105.11414,0.8350495895826809,0.2199883138659051,0.20510436753089908,1.870345038797134,-17.990985165494628,1.6066765473364286,-23.091848932708835,-10.761468761188196,-12.058943325830418,1.6656185635820457,-17.08609580786878,-5.469707782158638,4.162443104140968,1.5387414141226894,1.1386428263378083,18.502266324959646
2022-08-05,10.59278,105.103464,0.6842220214718512,0.22528873082466314,0.180257045222934,1.7101333081175873,-18.75088959703814,1.7862305464998356,-24.049045981117224,-11.573554171188032,-11.667579543998563,1.90543476619149,-16.593450139962098,-5.004898503240803,5.551367943118239,2.3847340369770067,1.3389989429554827,21.190533496502038
2022-08-05,10.593644,105.075243,0.8354425037845405,0.21874325660993693,0.25558496526073393,1.7464318372407626,-16.45549274576474,1.2956970828772603,-25.97559539929126,-12.894082555891913,-10.527551974561685,1.3294067590357053,-15.908116713286853,-6.469770643749715,4.153882694377602,1.4877379548625833,1.2903842650507984,14.650372845364425
2022-08-05,10.608536,105.076041,0.576787571844225,0.20950049250782177,0.10952586520099615,1.4813256870498204,-16.68333836572623,1.3792521829890603,-23.488550682431097,-11.352885601382013,-8.672006550133926,1.50333123899361,-13.585417504906385,-3.105955624743954,6.937242921391215,3.1263819296393605,1.7002839652138366,35.521053658507135
2022-08-05,10.612095,105.141919,0.6921560185436966,0.19184114001610833,0.19950748662361018,1.6441206163030582,-17.00881243586384,2.775895605646001,-26.760598529314993,-7.4192901741373545,-10.04817165872243,2.1451987836977584,-19.647391937639114,-2.132643205685106,5.28412845068087,1.9730359085863594,1.4329115274974973,19.049372921760977
2022-08-05,10.612317,105.116551,0.8937839970823129,0.21974711581540005,0.35134401074207366,1.7908673037052183,-16.62053717844175,1.9515246007585456,-22.30331810252649,-9.135845762813789,-11.091296202897926,2.0521528349965052,-16.962050192129926,-3.966663914997362,3.7568856165454143,1.2283060337328569,1.2335546535045854,10.384853242699657
2022-08-05,10.619493,105.095029,0.8040498052797124,0.1878629800960063,0.31384911580475877,1.9072640288677942,-17.231669678080976,1.694510373943014,-21.825806415802127,-7.39496935815648,-11.133150150369845,1.7986857761179231,-17.81164111838807,-4.998840182167616,4.2398659293519305,1.205897457713929,1.0972450271473493,11.744977757045348
2022-08-05,10.623506,105.132794,0.7478736329895885,0.17673760874627045,0.2525143298770252,1.5002034337805155,-17.831586589620418,2.416305421843212,-23.580698577612175,-12.313376345276522,-11.33027644175414,2.1139075857218295,-17.044948043616237,-5.394366601582343,4.673281397983808,1.45809833002057,1.6663050556550136,14.840685168037808
2022-08-05,10.625462,105.098238,0.9074107190863171,0.21426184186391656,0.24748761430508256,1.9072640288677942,-17.04348077271864,1.9810068846836657,-23.89162558932246,-10.754269656380725,-11.605636445183281,2.395284581806199,-17.967924103116253,-3.9278671708371946,3.674223277824508,1.2160219716030551,1.0972450271473493,15.1624249812725
2022-08-05,10.628311,105.12253,0.662269633821051,0.20493794032810894,0.17182361346403616,1.573486149163601,-18.18354170470385,2.916487506312227,-27.17237188098257,-9.644553506584387,-10.950260656470295,2.056153687058615,-16.234842087801418,-4.305204726962432,5.7102474418693925,2.4187794351256846,1.5421259679509933,22.27968734540219
2022-08-05,10.634849,105.13078,0.6397074020827734,0.2123169116193101,0.11880072006612918,1.4432363444446776,-17.386695499810084,3.51865723705617,-27.706265416376862,-11.682829754863825,-9.91380399837805,2.2832864395155643,-19.29877772749175,-4.5729568019852245,6.194630350954635,3.130727904772829,1.7715488287118368,32.66982959171831
2022-08-05,10.636733,105.155635,0.8674740600643974,0.19252792603994873,0.31427519744059373,2.3587832815088765,-16.56655581409495,1.9171696851570732,-25.356445477013402,-5.111154737073983,-10.895680300720716,1.975553177381219,-19.678630826474834,-3.5665035339675084,3.836186459423658,1.08404689750516,0.6957895332551547,11.727698630293933
2022-08-05,10.649258,105.142121,0.8314272955551629,0.2237653048986637,0.28017786034865816,1.8487708019282834,-15.916358086948751,1.8207550989199126,-26.141747352678383,-8.087566954647354,-9.957011245769888,1.7123354780590125,-19.337876663036162,-3.524737292579223,4.192475408364033,1.547651182716297,1.1635997257355897,13.27664553873861
2022-08-05,10.663484,105.168203,0.899812251447029,0.19240742484849765,0.28831551304476455,1.7639206734042805,-14.872543503172444,1.6011430056920328,-20.452670535095066,-7.170266742013343,-9.408171646949896,1.7824241503479437,-14.519017786896985,-2.47795170473065,3.660985748748103,1.0740820624952028,1.2676756728975775,12.873689825975305
2022-08-09,10.585209,105.164803,0.9787776827854444,0.25493250663090644,0.3326183797150311,2.177731704294497,-16.026370366902764,1.7710110331977686,-27.86076168227754,-10.047546837112868,-11.001285277967229,2.0253732292709725,-20.730554515913752,-4.009330419124019,3.374259034833962,1.1806181024690017,0.8367735530102177,11.025793654057773
2022-08-09,10.594603,105.175686,0.826925623023172,0.2300078452451129,0.32570153089667586,1.8935100278772776,-16.67199882927848,1.5982847109337315,-20.914198291792065,-9.976355648545656,-10.684500940237193,1.6465607858437676,-15.660464675440178,-2.8281542881939243,4.203498740977742,1.4213793896028395,1.1124789101244985,11.281182679699908
2022-08-09,10.603991,105.147312,1.0137690333160767,0.2317608592167222,0.18659179661629144,1.9139956894638337,-16.017300874870692,1.429180780002765,-20.773820213598135,-5.971108662943717,-11.222267784464261,1.894938891050714,-15.364555531593652,-0.15074912568451798,3.171230942711898,1.0739961728473708,1.089868865441655,20.437169653420643
2022-08-09,10.605148,105.164514,0.8670369857360137,0.23839477275322565,0.2942493306715758,1.864699129389646,-16.64824388272266,1.7313426384853392,-24.560308367230526,-10.67454672896584,-10.920637428546714,1.846300152088739,-17.778044761658023,-4.766823513676636,3.9725440338291818,1.3980078288778381,1.145118178560678,12.593913674741948
2022-08-09,10.615175,105.153736,0.7843149536257833,0.19655818999849287,0.16260421876317835,2.019939305156009,-16.08365219001447,1.985265359636579,-26.905426470632932,-6.243679931178488,-9.827526511455238,2.0054182001036267,-20.917920853156613,2.691566384085922,4.440896148035868,1.492743807305054,0.9802575205055788,23.599607749573334
2022-08-09,10.619835,105.201297,0.770345980545758,0.18845603015776333,0.26674875685380317,1.4875164309827504,-16.229898952358333,1.4897996595848801,-24.583072001627386,-12.525727029755902,-9.877942966340484,1.5729796791172326,-18.4421468713316,-4.213663816757993,4.5371632178436085,1.4985353673402102,1.6890459269463929,13.995383848001502
2022-08-09,10.621354,105.162316,0.827618375064176,0.2172118736422435,0.2721946119604025,1.75150761064159,-16.258203300394225,1.7361528120156016,-25.33847762951165,-11.016271628461332,-10.282898687412436,2.0395324545191897,-20.28081784669424,-5.277729079402922,4.187712779638316,1.453597064836156,1.2837468565350798,13.695368035359566
2022-08-09,10.633572,105.172813,0.9514784588805141,0.2285439794059118,0.2793145332518897,1.874106967148493,-16.315297562435575,1.586404185526564,-25.884209376663172,-6.301003954276906,-11.143027337076337,1.8624133597722297,-19.02155997153533,0.9457919836690402,3.4669284791811856,1.1953519394746863,1.1343498904366773,13.32077290583639
