date,latitude,longitude,bdod_0-5cm_mean_max,bdod_0-5cm_mean_mean,bdod_0-5cm_mean_min,ocd_0-5cm_mean_max,ocd_0-5cm_mean_mean,ocd_0-5cm_mean_min,ocd_15-30cm_mean_max,ocd_15-30cm_mean_mean,ocd_15-30cm_mean_min,ocd_5-15cm_mean_max,ocd_5-15cm_mean_mean,ocd_5-15cm_mean_min,sand_0-5cm_mean_max,sand_0-5cm_mean_mean,sand_0-5cm_mean_min,silt_0-5cm_mean_max,silt_0-5cm_mean_mean,silt_0-5cm_mean_min,clay_0-5cm_mean_max,clay_0-5cm_mean_mean,clay_0-5cm_mean_min,phh2o_0-5cm_mean_max,phh2o_0-5cm_mean_mean,phh2o_0-5cm_mean_min,nitrogen_0-5cm_mean_max,nitrogen_0-5cm_mean_mean,nitrogen_0-5cm_mean_min
2022-03-18,10.282741,105.414218,123,120.43977222952257,119,381,361.0324276950044,337,321,286.94938650306756,264,343,307.296888694128,291,219,200.36787905346185,181,459,440.08413672217347,428,385,359.6713409290097,342,58,55.50284837861526,55,3354,2824.2210780017526,2678
2022-03-18,10.292251,105.405536,124,121.53826530612244,119,375,356.76873115286475,343,314,288.3094409649733,270,336,298.65182092321965,287,226,194.76316399907216,175,437,397.2832289491997,355,421,407.98260264439796,373,60,57.41289723961959,56,3180,2713.2043609371376,2534
2022-03-18,10.303175,105.416814,124,121.92971315962338,120,380,360.7163819535699,343,310,287.5716162943496,262,342,313.5398598335524,288,212,197.13534822601844,169,464,450.8480070083225,420,397,352.0700832238283,335,60,56.54708716600965,55,3203,2796.7043363994744,2575
2022-03-18,10.320924,105.404264,125,121.99890398947824,120,384,368.74479737130343,347,309,290.564512595838,255,348,314.73822562979194,288,207,195.8801752464403,180,449,440.30054764512596,428,379,363.79912376779845,346,61,57.85870755750273,55,3219,2783.626725082146,2490
2022-03-18,10.335158,105.395026,125,122.60092044707427,120,388,367.97699890470983,358,302,274.27141292442496,258,333,291.6328587075575,277,213,187.79780941949613,181,425,408.49003285870754,377,420,403.7837897042717,387,59,55.9618838992333,55,3253,2694.717415115005,2516
2022-03-20,10.430707,105.315671,124,121.13644327639068,119,394,377.8343195266272,361,335,313.13499890422963,292,356,335.97063335524865,317,222,211.07232084155152,201,400,375.56870479947395,351,427,413.21104536489145,388,61,57.45847030462414,56,3686,3372.376725838263,3105
2022-03-20,10.434624,105.327551,126,123.91277668200746,122,404,382.8443665059184,364,314,297.6260412099956,267,360,346.3042525208242,305,237,216.62341078474353,208,391,361.7459447610696,349,432,421.5578693555458,375,60,56.30271810609382,56,3471,3168.6536606751424,2743
2022-03-20,10.436532,105.313783,127,122.02937308198155,119,387,374.06571741511493,363,319,305.9544359255203,275,357,334.9588170865279,315,227,210.6317634173056,197,422,384.7242059145674,351,427,404.62212486308874,363,61,56.92946330777656,55,3656,3340.7789704271627,2985
2022-03-20,10.439647,105.334052,129,125.53996058681851,124,410,372.9032187431574,348,314,288.6702430479526,254,360,328.8548281147362,287,234,223.98795708342453,217,395,371.7674622290344,349,430,404.19334355156565,374,57,55.96518502299102,55,3797,3193.257937376834,2743
2022-03-20,10.442271,105.339057,129,125.81410116049923,124,412,386.09457092819616,358,307,286.1827933450088,270,349,327.7896234676008,294,234,221.80253940455347,200,395,372.34325744308234,352,433,405.8887915936953,374,60,56.32924693520141,55,3840,3475.4128721541165,3090
2022-03-20,10.443677,105.348236,128,125.22071381650983,121,411,384.82887817703784,347,304,288.5999123575812,258,349,322.6599474145487,279,230,214.3584574934269,184,403,371.82953549517975,356,431,414.0124890446978,383,60,56.69829097283086,54,3840,3449.417177914112,2592
2022-03-20,10.444036,105.331928,129,126.54702916027188,124,387,367.5605695509311,348,314,275.2464403066813,254,346,316.47447973713037,286,238,227.59167579408552,212,395,384.40525739320924,363,414,387.9555312157722,371,56,55.82519167579409,55,3572,3070.842716319825,2594
2022-03-20,10.446006,105.338972,129,125.53745072273325,123,412,382.9640666082385,345,307,286.5144609991237,262,342,319.4686678352323,277,237,218.15644171779147,200,395,377.62204206836117,358,427,404.3716038562665,374,60,55.58413672217355,53,3840,3351.2598597721303,2577
2022-03-20,10.447125,105.31374,127,125.20993870402799,121,373,360.1716663017299,344,309,290.7341799868623,272,343,317.62053864681405,293,225,208.3157433763959,190,463,432.97525728049055,403,383,358.72279395664555,339,58,56.24589446025838,55,3552,3089.409240201445,2720
2022-03-20,10.454342,105.322838,131,126.98509752355909,125,402,362.76709027169153,336,304,273.5799737072744,248,350,309.7169149868537,268,241,221.79097283085017,197,447,411.03680981595096,383,387,367.1349693251534,351,58,56.015118317265575,55,3553,2924.055433829974,2591
2022-03-21,10.459704,105.218744,124,121.715318869165,119,405,390.4205914567361,370,339,311.2928806133625,301,343,332.88652792990143,314,195,181.78707557502742,177,457,444.27820372398685,411,394,373.87491785323124,357,58,55.850164293537794,55,3789,3544.376341730559,3254
2022-03-22,10.370371,105.275589,130,128.35919351303968,124,376,364.09929855326624,352,294,260.7693993862342,236,341,319.6192459447612,296,238,231.98421744848758,219,370,356.71240683910577,344,427,411.1714160455942,392,59,57.85116177115302,55,3472,3129.7119684348986,2681
2022-03-22,10.375756,105.208993,124,122.29425942156004,120,393,361.2701577563541,337,307,294.35056967572297,282,334,320.7432077125329,299,221,202.81704645048202,195,412,386.5810692375109,368,428,410.70990359333916,391,58,55.220639789658186,55,4069,3608.838080631025,3093
2022-03-22,10.380497,105.274972,128,125.15987735435834,123,412,378.4240035041612,344,315,274.3024529128339,246,354,329.8666228646518,285,225,210.1815593517302,199,386,345.526938239159,332,463,444.1381953569865,410,61,57.65243101182655,55,3742,3228.1130091984237,2772
2022-03-22,10.387459,105.205582,124,122.62576687116565,121,391,367.1042716319825,345,329,306.3182913472071,290,336,319.2400876232201,300,227,206.21489594742604,196,446,398.51193866374587,369,414,395.190361445783,354,60,57.065279299014236,54,3796,3367.1713033953993,2932
2022-03-22,10.387619,105.243467,125,122.55662650602412,119,405,367.734282584885,352,328,302.655421686747,288,357,341.07732749178524,325,241,224.69813800657175,200,405,368.91237677984674,323,456,406.30602409638544,393,60,56.43943044906901,55,3796,3435.757064622125,3127
2022-03-22,10.394517,105.260713,125,123.47063978965818,122,411,380.8409638554217,354,317,300.09550930996716,286,345,337.53975903614463,328,227,217.84972617743708,205,370,331.726834611172,310,472,450.54852135816003,425,59,56.507119386637456,55,3957,3454.303833515882,3220
2022-03-22,10.395256,105.268561,125,123.34559789750328,122,411,375.9702081051479,358,309,296.62124863088724,283,345,337.88324205914574,320,232,215.59496166484118,209,357,333.0422782037241,311,468,451.3347207009859,411,60,56.53362541073385,55,3709,3314.609857612268,3127
2022-03-22,10.399256,105.204494,124,122.28884505807584,120,391,379.26834611171955,365,337,316.42716319824757,303,338,327.0830230010953,315,231,219.96473165388832,201,438,407.7270536692224,391,385,372.3312157721796,362,60,56.28214676889375,54,4039,3563.7713033953996,3389
2022-03-22,10.402927,105.235656,129,126.33238387379494,123,388,364.9634092900964,353,309,292.5072304995618,270,356,327.5475460122699,299,254,239.3472830850132,218,433,392.53746713409294,371,389,368.33435582822085,344,59,56.25482033304118,55,3481,3071.952234881682,2526
2022-03-22,10.404721,105.258428,126,124.71012269938655,123,420,381.6352476983778,353,313,295.48509425690486,283,354,334.9180184129767,314,240,206.15366067514242,196,387,361.1950898728627,339,449,432.43511617711516,377,59,55.75822007891274,54,3851,3515.6080666374387,3174
2022-03-22,10.406199,105.248616,127,125.61875547765116,124,408,366.62483574244413,346,311,294.1530880420499,270,346,327.0569426193605,296,257,238.89027595269386,207,399,383.83004818221644,353,438,377.15834428383715,358,59,55.7724485326325,55,3851,3401.701051248357,3004
2022-03-24,10.378511,105.144998,125,122.76983779044276,120,380,361.580376697328,338,297,281.6386333771353,251,324,300.4290407358738,277,232,223.59767849321068,215,424,401.3219448094613,377,394,375.0565045992116,353,59,56.689224704336404,55,3620,3222.3282961016203,2843
2022-03-24,10.379507,105.154892,125,122.78094194961668,121,368,351.6620644312953,338,292,264.9143107604646,248,323,289.2866535174228,276,237,227.0797720797721,216,433,420.5917159763313,401,378,352.2833662064432,342,59,56.13083497698883,55,3749,2968.6785009861937,2597
2022-03-24,10.386546,105.19302,124,122.79692982456143,122,386,371.7638554216868,365,316,306.79999999999995,292,337,319.94983570646224,308,218,208.97283680175252,194,447,402.0124863088718,379,410,388.9347207009858,359,58,54.800438116100764,54,3820,3591.238116100767,3341
2022-03-24,10.387123,105.119326,124,121.53780407626557,118,400,367.31062431544353,347,317,293.30733844468784,277,341,322.5483023001096,299,266,238.58838992332966,220,391,375.9296823658269,368,401,385.4705366922234,345,61,58.07710843373494,55,4093,3631.9211391018616,3240
2022-03-24,10.389374,105.169781,125,122.824895901819,120,381,357.2683887915936,341,311,281.6304728546409,253,324,302.61077057793347,284,238,226.62543782837128,217,432,412.74671628721535,393,387,360.60310858143606,346,59,55.295315236427314,54,3806,3253.979640980735,2773
2022-03-24,10.389594,105.147461,124,122.51434830230012,121,384,372.30396668858214,360,307,293.740959894806,253,335,315.2647381108919,301,242,224.39842209072978,211,425,410.9892614507999,400,377,364.7056760902915,349,58,55.748191978961216,55,3607,3381.8080210387907,3027
2022-03-24,10.391781,105.161155,124,121.78576122672507,120,384,366.72129710780007,350,303,282.1345311130587,261,325,308.32164767747594,289,243,235.8429009640666,230,418,408.50569675723057,401,369,355.6706836108676,347,59,55.44106047326907,54,3806,3286.5782208588957,2865
2022-03-24,10.394341,105.126836,125,122.96757940854327,121,402,361.52037686240124,349,299,283.21998247151606,261,340,326.0262927256793,307,247,233.1958808063102,220,422,390.09268185801926,369,401,376.58567046450463,342,59,56.331069237510945,54,4073,3518.2546012269927,2993
2022-03-24,10.395094,105.169245,125,122.21932515337426,120,391,361.92919772029813,341,299,271.75668566418244,253,326,302.11749232792636,284,238,229.0230162209557,217,419,412.3805348531346,402,366,358.46405085488817,351,58,54.868917141604555,54,3894,3380.942569048663,3134
2022-03-24,10.395734,105.143745,125,122.36774052158667,120,394,371.21835304423996,354,310,293.3455978975032,277,361,329.31340341655715,309,237,219.56570302233902,211,431,413.8033289531318,376,387,366.6263688129654,358,58,55.45904511607534,55,4038,3472.442181340342,3203
2022-03-24,10.396044,105.180167,124,122.76587823039861,121,382,365.1379763469119,350,317,293.9879544459045,269,337,313.49780989925534,296,234,215.1281208935611,200,442,427.65111695137983,411,373,357.0683311432325,343,59,54.55716162943495,54,3691,3378.235435830048,2952
2022-03-25,10.37346,105.184697,124,122.01445466491457,121,411,379.4329241560718,363,311,295.81630863656284,289,333,315.20122753178435,299,218,209.96427005699255,205,409,397.47062691801835,376,415,392.46799649276636,377,56,55.47413415168785,54,3666,3378.278605874616,3183
2022-03-25,10.377238,105.165363,125,122.56638913234003,120,383,372.51972818939066,347,311,285.587023235423,250,327,307.5390179745726,276,233,218.62779482683038,210,430,401.41144234984654,378,405,380.15585269618595,345,59,55.6646207803595,55,3532,3109.611793073214,2597
2022-03-25,10.381544,105.174719,124,122.34304490690032,120,396,373.2858081471747,357,311,292.3812965396408,267,331,313.2652212001753,297,227,219.74485326325015,205,432,391.2536136662286,368,407,388.8856767411301,346,59,55.97722295225581,54,3762,3293.4375821287776,2773
2022-03-25,10.384444,105.3447,124,121.37311145171886,120,386,373.5815633895336,353,312,297.525947011167,272,325,307.8721261221808,283,196,181.3939128530764,167,424,396.5469673746441,372,444,421.97460039413176,406,60,57.19443836216334,56,3805,3373.3685132472074,2955
2022-03-25,10.391149,105.359279,123,122.31872946330776,121,395,375.2788356314292,358,314,302.5305318450427,282,323,308.75180564674986,294,194,182.26285839352158,169,409,388.11249726417157,373,448,429.7960166338367,414,60,57.347778507332016,55,3646,3241.8424162836504,2905
2022-03-25,10.391491,105.34899,124,121.71406660823838,121,386,368.5143483023001,347,313,289.59671412924433,270,325,302.49857612267255,278,178,167.90821467688943,156,426,412.3235487404162,391,440,419.8212486308872,406,61,58.12289156626507,56,3646,3272.537568455641,2928
2022-03-25,10.399353,105.356462,124,121.95048203330413,119,387,368.3959246275198,348,318,291.3356704645049,275,327,301.5076687116565,286,197,187.25372480280453,161,410,387.5339614373357,373,448,424.8422436459245,415,61,57.2508764241893,55,3696,3120.916520595969,2774
2022-03-25,10.400189,105.331053,122,120.09638554216868,118,402,375.1086527929901,358,324,309.709748083242,285,339,323.94370208105147,297,197,178.8142387732749,166,438,404.34852135816,375,447,416.8109529025192,385,60,57.16341730558598,55,3699,3374.76582694414,3015
2022-03-25,10.405902,105.36283,123,121.26281208935612,120,397,369.1196581196581,348,326,299.5996055226825,279,324,307.5364891518737,289,197,188.39206662283584,173,408,378.6504492658339,364,461,432.63839579224197,419,61,55.73942581634889,54,3696,3310.4306377383296,2851
2022-03-25,10.411649,105.370659,127,122.55650459921156,120,375,359.0619798510731,339,326,297.72558037669734,272,327,304.0326325010951,291,196,186.94459045116074,174,387,372.127682873412,356,461,440.87888742882166,426,61,56.68177836180464,55,3502,3133.844064826982,2851
2022-03-25,10.412537,105.321768,125,123.60994305738068,122,410,372.77792378449413,342,339,310.14016644765655,293,350,324.391809023215,290,219,206.9237844940867,195,411,391.8812965396408,366,430,401.18199737187905,371,58,55.32982917214193,55,3690,3312.376697328077,2707
2022-03-25,10.417429,105.363577,123,121.40166447656595,120,382,367.09949594564983,339,326,310.7466579005041,278,324,311.2596975673898,288,200,182.80298049528818,173,399,382.5612535612536,365,461,434.6318211702828,402,57,56.644751260135884,55,3513,3259.73986412448,2878
2022-03-25,10.419561,105.277369,126,124.42444152431013,122,409,384.96342531756477,370,330,294.01598773543594,272,354,332.99956197985114,319,213,194.46430135786252,179,405,377.6765221200176,358,441,427.87888742882177,410,60,57.428821725799395,55,3573,3240.698861147614,2988
2022-03-25,10.434116,105.27315,126,123.32515337423317,121,411,381.2287968441815,362,320,301.4608809993427,279,336,319.9443348674118,300,212,186.97085250931408,172,458,426.1527503835197,369,424,386.9432390970854,366,60,56.162612316458485,55,3661,3131.264299802762,2789
2022-03-25,10.43531,105.292557,123,120.89268506351293,120,398,378.78707557502736,360,315,304.08784227820365,284,344,332.18357064622126,315,210,198.5296823658269,176,455,414.0219058050383,388,408,387.3001095290251,366,60,58.40525739320917,55,3756,3443.48630887185,3177
2022-03-25,10.443492,105.281103,127,124.14191852825228,121,396,373.8981826144078,348,310,287.03766148456316,264,334,309.19400043792433,276,199,189.61659732866218,172,472,460.6470330632801,444,376,349.75760893365447,341,59,55.90869279614628,55,3229,2936.0416028027157,2674
2022-03-25,10.458369,105.270803,127,122.679745725559,121,409,388.22292854011414,354,330,303.6262604121,245,364,335.1223147742219,281,182,168.33252959228412,157,480,456.00065760631304,437,396,375.82595352915394,350,58,55.91736080666375,55,3662,3298.1345900920655,2613
2022-03-25,10.470013,105.264425,124,123.43492550394394,122,408,388.5680175246441,376,326,307.8792990142388,266,355,337.55005476451265,315,185,172.1713033953998,162,455,442.3472070098576,421,411,385.5461117196058,369,59,56.29441401971522,56,3728,3365.826725082147,2863
2022-03-25,10.470305,105.287062,129,126.38685651697699,124,399,371.76319824753557,337,319,294.4797371303396,269,349,316.51894852135825,281,185,169.39233296823662,160,424,406.7373493975905,388,437,423.86812705366935,397,59,56.32968236582696,56,3690,3238.8440306681277,2668
2022-03-25,10.485812,105.267525,124,121.488275257506,119,414,377.6136662286466,355,320,301.55037231712663,274,333,306.1936049058257,277,184,178.92181340341656,170,448,437.5821287779237,427,398,383.45795006570296,369,59,56.21353482260184,55,3549,3080.7702584318877,2682
2022-03-25,10.494104,105.291042,127,124.61423877327492,123,395,377.7689949638713,362,323,307.176045544121,284,335,306.72257499452604,288,190,181.70308736588572,175,440,429.0851762645064,414,403,389.24392380118246,370,57,56.28311802058244,56,3743,3449.8311802058242,3053
2022-03-26,10.400449,105.171793,124,121.47054959492007,119,391,368.12833990363555,350,310,288.4045116075339,260,341,317.58979413053,292,234,222.30573806395094,204,435,418.72251423565484,407,366,358.9592641261497,343,55,54.34669294787561,54,3894,3501.4067017082784,3146
2022-03-26,10.402793,105.189574,123,120.89467922049492,119,410,370.9489818261441,356,324,312.2680096343333,284,349,322.2042916575433,306,227,215.11123275673313,195,436,424.0383183709219,408,379,360.70921830523326,338,59,55.186555725859435,54,3710,3480.0910882417347,3210
2022-03-26,10.405702,105.208668,124,122.64899211218231,122,412,380.8054338299737,365,325,310.9204645048203,303,342,328.18558282208596,313,235,225.53812445223485,210,436,403.5777826468011,389,384,370.83588957055207,353,58,54.38913234005258,54,4039,3564.084355828221,3247
2022-03-26,10.412311,105.176834,122,120.24403066812705,118,412,373.00372398685647,352,333,302.3509309967141,286,350,320.97415115005475,297,225,211.47360350492878,198,431,421.6140197152245,411,387,367.02081051478655,353,59,55.333625410733845,54,3864,3514.3572836801745,3167
2022-03-26,10.414226,105.195214,125,122.76155025180643,119,385,365.092641261498,348,329,307.5521243977223,294,353,337.59505037231713,317,239,229.90889180902317,206,439,400.8808585194919,390,382,369.2264564169952,342,55,54.71134472185721,54,4025,3620.8232588699084,3201
2022-03-26,10.417324,105.208881,125,123.01380368098164,121,392,360.48641542506573,347,318,296.6329973707275,267,343,318.49276950043827,296,235,208.89658194566178,193,440,419.66126205083265,372,408,371.26183172655567,353,55,54.83063102541631,54,3810,3301.5438212094664,2936
2022-03-26,10.426155,105.176598,126,123.96694395796848,120,389,357.2293718537975,338,306,278.51499233968053,254,353,318.24316042897794,287,229,217.7623112278398,204,417,380.11950098489837,364,423,401.9662945940031,377,57,54.82446924928869,54,3718,3299.4038082731454,2675
2022-03-26,10.427104,105.210954,126,124.45189568266491,123,380,357.2916301489922,347,303,292.776073619632,267,353,334.16958808063106,312,232,210.55477651183173,203,405,395.43755477651194,384,408,393.9417177914111,364,56,54.74978089395269,54,3889,3575.355609114812,3069
2022-03-26,10.437524,105.185343,127,125.30850131463626,123,376,350.2181060938185,339,299,291.08110477860595,281,344,328.3277071459887,308,218,211.57606313020605,204,402,385.2523016220956,364,418,402.89083735203866,383,57,55.38119245944761,55,3744,3468.787154756686,2964
2022-03-26,10.437524,105.202166,127,126.16538882803945,125,398,364.1362839614373,340,332,302.6391323400526,266,357,342.0907099035933,294,221,211.72458369851006,201,407,394.6476774758983,377,408,393.491893076249,380,58,56.04360210341805,55,3823,3503.756354075373,2764
2022-03-26,10.445632,105.21046,128,126.41858426473807,125,371,350.2284275076654,320,323,289.6322820849759,266,345,316.42203241349097,286,221,204.77858081471746,176,444,394.79697766097246,373,423,400.3493210687692,375,57,55.138852387209816,54,3583,3215.037231712659,2702
2022-03-26,10.447684,105.190977,128,124.90861275476662,123,393,362.63148675279183,339,305,291.9551127654916,277,345,328.8373111451719,298,223,212.65973286621417,203,391,371.9281804247866,361,427,415.2888110356909,389,57,55.661046638931474,54,3730,3400.945916356471,2789
2022-03-26,10.44819,105.181879,127,123.7687253613666,121,402,375.1243977222952,344,300,287.490582566798,267,343,320.46911957950067,288,224,205.82084975908893,183,446,397.73061760841,365,423,396.6213315812527,364,56,54.993648707840556,54,3730,3277.56329391152,2537
2022-03-26,10.452516,105.191857,128,124.88392466053442,123,406,379.91761612620513,348,322,290.12905346187546,268,348,331.60100788781773,283,223,207.8965819456617,193,426,376.09355828220856,361,429,415.8950482033305,373,58,55.523225241016654,55,3730,3398.0896143733567,2548
2022-03-26,10.452537,105.205118,129,125.80056980056982,123,426,372.3982029366646,320,323,294.40674994521146,271,344,324.33683979837826,285,220,204.15472277010747,185,436,385.2117028270875,365,430,410.5222441376289,361,56,55.298049528818765,55,3768,3415.590181897876,2530
2022-03-26,10.452718,105.220233,127,124.04621112571179,120,399,373.0155531215772,360,323,304.8727272727273,288,341,318.3861993428259,286,195,180.15859802847757,172,456,442.05914567360367,411,394,377.67097480832433,368,57,55.264403066812726,54,3642,3360.848192771085,2702
2022-03-26,10.458467,105.196191,126,124.90544977019042,123,406,392.2084975908892,373,327,313.5803766973282,268,348,320.0978975032852,295,220,202.89640823477882,191,442,414.87122207621553,364,430,382.054752518616,352,58,55.616294349540084,55,3700,3305.1892247043365,2788
2022-03-27,10.375656,105.29185,124,121.86412447950912,120,393,372.9918966272448,353,318,297.6936049058257,250,345,326.0223390275952,291,228,216.94590451160758,202,392,380.63688129653957,358,427,402.2676303109943,385,59,56.11979851073149,55,3758,3479.7196671046863,2692
2022-03-27,10.386495,105.284636,125,123.36799474605957,123,396,375.61454226894426,362,303,284.8162505475251,252,349,331.8291721419185,298,259,228.7144108628997,201,403,355.00635129215937,329,453,416.30201489268495,379,59,56.29916776171703,55,3846,3317.2063074901444,2587
2022-03-27,10.396712,105.324921,121,120.35524873986414,119,401,375.1550930996713,358,324,307.7145673603505,288,338,320.7664841182914,294,206,182.7526834611172,174,441,422.8341730558597,387,424,394.3859802847754,379,60,56.212705366922236,55,3652,3334.9406352683454,3022
2022-03-27,10.396951,105.281083,124,121.3884750219106,119,403,380.70821467688944,357,336,316.43658269441426,276,353,339.0534501642936,318,229,213.00131434830237,200,396,376.5423877327493,345,432,410.3984665936475,388,60,55.985542168674726,55,3759,3506.730996714131,3136
2022-03-27,10.399444,105.118528,123,121.60411648784763,118,413,373.3071366024518,355,313,288.5385288966725,276,356,331.4279772329248,302,261,246.37609457092816,229,411,380.40477232924684,364,396,373.14492119089317,341,59,57.453371278458846,55,3959,3560.090192644483,3065
2022-03-27,10.399645,105.141286,125,122.92791411042944,118,398,371.8963174046471,350,312,288.73060061376594,262,361,337.97413415168796,320,251,228.93182814555027,211,431,398.17207365190717,371,389,372.92481367821136,357,60,55.96953090749673,55,4165,3552.80754055239,3203
2022-03-27,10.400025,105.152916,124,122.43307776560786,119,402,373.3811089195704,353,307,292.1792680254217,263,348,322.32149901380666,293,239,226.05895244356773,216,427,408.9478413324566,400,377,365.1759807144421,347,60,56.0089853166776,54,3922,3475.953758492219,2967
2022-03-27,10.403175,105.123726,125,122.65498357064622,121,402,363.1347502191062,351,295,283.4726117440842,262,341,324.5446976336548,313,260,248.37839614373362,236,394,381.34377738825606,369,391,370.2353198948293,346,60,57.423093777388274,55,3984,3554.804776511834,3051
2022-03-27,10.40466,105.311554,125,121.62119553317282,119,392,367.55319614711027,337,317,301.6081436077057,279,342,316.84741681260937,278,215,203.45030647985988,192,442,410.99474605954447,382,415,385.33537653239927,360,58,55.374124343257435,55,3581,3282.7686077057783,2750
2022-03-27,10.406597,105.221367,129,124.6376176921393,121,402,375.93213660245164,355,333,317.0632661996497,268,351,322.7491243432573,292,244,226.09041155866893,220,423,405.03765323992985,375,396,368.7162872154114,351,58,55.069395796847616,54,3691,3345.8826619964966,2686
2022-03-27,10.407581,105.1521,124,120.75772179627604,117,402,376.1767798466593,347,307,297.41051478641833,276,345,327.63329682365827,297,232,219.3301204819277,199,435,406.5991237677984,396,386,374.0256297918948,348,60,56.91478641840088,54,4006,3542.8243154435922,3152
2022-03-27,10.408003,105.139183,125,123.8141980718668,118,398,361.79710780017535,341,312,282.8851884312008,256,345,322.58961437335677,300,252,240.47524101665215,214,445,385.57690622261185,371,389,373.9371165644172,338,60,56.237949167397026,55,4165,3411.7848378615254,2844
2022-03-27,10.408214,105.131329,125,123.60898138006573,120,388,367.6945478432232,341,311,284.57915480621847,263,343,323.8211079483249,304,272,244.16465951390416,214,442,395.43223122399826,375,381,360.1401357565142,336,59,56.27238887672432,55,3930,3431.771841471425,2948
2022-03-27,10.409187,105.288345,123,120.45584045584047,118,425,387.719640508549,366,342,318.3776852257783,269,366,344.0938185006577,310,202,182.54932047347657,171,406,394.8752740026305,360,446,422.5832967996493,404,61,58.48925909688733,56,3885,3544.67623849189,2691
2022-03-27,10.410742,105.220616,127,125.32756354075372,123,402,373.7616648411829,355,324,304.1073384446879,268,352,331.91303395399785,299,244,228.32946330777662,220,411,392.6817086527931,371,396,378.90777656078876,358,55,54.58882803943046,54,3691,3444.8871851040535,3026
2022-03-27,10.413742,105.22261,127,125.68192771084337,123,391,369.0575744308231,352,324,298.04640980735553,268,352,337.85179509632223,311,244,228.82640105078812,221,411,384.5834063047285,371,396,386.51291593695277,361,55,54.39798598949212,54,3691,3452.038528896673,3033
2022-03-27,10.413908,105.234515,127,125.75849222003072,124,382,365.53857957036394,354,308,297.7645769399386,285,355,335.98597106532225,320,250,236.26413853572996,224,388,380.1466462078036,365,399,383.5271810609382,366,57,55.16001753616833,54,3934,3498.9892590968875,3253
2022-03-27,10.415236,105.156765,122,121.00744308231175,118,407,375.7076215505914,352,315,299.8694699956199,283,338,318.06679807271144,301,226,205.60337275514678,195,446,432.1901007446343,401,384,362.26587823039864,349,60,58.19338589575121,55,3594,3335.5497152869034,3131
2022-03-27,10.41636,105.142144,123,121.13562664329535,120,373,361.7077125328659,346,309,294.4943032427695,273,330,314.20815074496056,297,242,230.85582822085894,212,445,407.7449605609115,388,375,361.34180543382996,338,60,56.45683610867662,55,3711,3483.601446099913,2999
2022-03-27,10.417011,105.261676,125,124.39623467600701,123,405,376.4002627545435,363,298,283.93540617473184,276,352,335.1399167943946,316,209,199.4357346179112,187,389,368.61681629078174,348,446,431.8344646376177,404,58,55.29100065688636,55,3633,3448.4681410116054,3281
2022-03-27,10.419552,105.116409,124,121.16403854577315,119,404,367.38896189224715,355,314,296.0015330705213,278,339,314.93210687691635,299,263,236.12439772229527,224,420,405.1377573368375,393,376,358.5810337275515,331,60,58.16119141480508,56,3486,3162.626806833115,2685
2022-03-27,10.420174,105.16361,126,121.3930370045982,118,407,376.5864184008762,325,314,299.4442497261774,243,336,316.5145673603505,282,221,202.02212486308872,193,444,426.19561883899235,378,402,371.77283680175236,349,60,57.358598028477545,54,3671,3207.8725082146766,2644
2022-03-27,10.420483,105.223648,127,125.89504820333042,124,375,364.1079956188391,343,301,292.63723986856525,268,352,332.63395399780944,304,238,225.6173055859803,214,396,381.4600219058051,371,400,392.8832420591458,375,55,54.13953997809419,54,4062,3426.5796276013148,3033
2022-03-27,10.420702,105.15698,124,121.39101861993427,119,409,379.4326396495071,352,316,300.90142387732743,289,336,317.86286966046,299,229,211.1351588170865,202,444,421.3890470974809,392,385,367.4470974808323,349,60,58.048849945235474,55,3833,3292.6306681270544,2999
2022-03-27,10.421066,105.136822,121,120.40302101576185,120,408,369.02562417871235,349,313,293.44721857205434,273,325,314.7610600087604,297,241,217.03197547087166,201,433,420.55102934735004,396,376,362.44612352168207,347,60,56.589137100306615,55,3588,3326.8131844064833,2942
2022-03-27,10.422463,105.151846,123,121.36218229623134,119,401,370.15308804204983,349,316,302.3112133158125,278,342,319.3935611038107,298,234,221.34888304862022,206,434,408.2739816031537,390,385,370.3723171265878,351,60,57.74441524310118,55,3833,3367.4080157687254,2709
2022-03-27,10.42324,105.126544,124,121.82102957283684,120,417,375.2646801051709,362,321,303.89219982471525,279,339,315.68667835232264,302,235,224.22261174408413,207,425,411.0063540753726,395,378,364.8915425065732,347,60,57.1343120070114,55,3554,3188.049298860649,2609
2022-03-27,10.426536,105.115181,124,121.84453689511716,120,394,378.36423405654176,351,313,299.44028051720363,279,328,312.08042954196804,279,250,231.5136971290817,214,468,425.1621740083278,411,366,343.35459127766813,310,59,56.9086127547666,53,3347,2933.865439403901,2389
2022-03-27,10.428426,105.156744,126,123.19509524852204,121,409,372.7353198948291,351,306,288.7315950920245,269,354,326.15753724802795,298,239,225.4338299737073,199,435,395.3220858895706,361,400,379.31660823838735,360,60,57.85736196319019,55,3833,3394.897239263804,2913
2022-03-27,10.429142,105.151556,126,122.36439377329532,120,401,371.1262050832604,349,312,292.30148992112186,269,354,323.9886064855391,295,242,232.48247151621385,224,414,390.7267747589834,352,407,376.79754601227,351,61,58.078439964943044,55,3833,3282.9274758983356,2523
2022-03-27,10.429339,105.125493,124,122.23034814977005,120,417,376.2163819535699,344,319,297.31865965834425,273,324,305.3957512045554,281,246,232.2612790188348,217,433,420.8802014892685,404,370,346.93451598773544,324,60,56.76040297853702,55,3508,2828.4627682873406,2292
2022-03-27,10.430085,105.221996,127,125.4179071803853,124,395,364.3334794040316,343,307,294.72721297107796,270,355,333.8893514460999,301,239,216.6027607361964,209,407,394.261393514461,378,400,389.0959684487293,366,56,54.99758983347941,54,4062,3574.0604732690636,3126
2022-03-27,10.43062,105.165627,127,124.34852135815993,121,399,365.46002190580504,330,301,281.72705366922236,237,337,320.5220153340635,282,229,213.93296823658264,199,435,395.2194961664841,376,406,390.78904709748076,360,60,56.9382256297919,54,3628,3217.2473165388824,2646
2022-03-27,10.433791,105.231265,130,126.86092860271572,125,385,366.5053669222345,335,297,280.27294633077776,256,355,328.0852135815992,289,246,222.32048192771092,212,407,395.2076670317635,376,403,382.40788608981387,351,56,55.26549835706463,55,3838,3461.201533406353,3126
2022-03-27,10.435839,105.132981,124,121.7519702276708,120,394,362.4598380389583,347,319,298.6010067848545,269,324,300.26636025388495,280,262,241.0129131100898,225,440,417.78835631429206,405,361,341.25344714379514,321,58,56.13832348435107,55,3294,2772.330706938061,2353
2022-03-27,10.438048,105.153225,126,123.25580885576505,121,372,358.2622231966674,343,315,294.4211795658846,269,331,310.09888182416137,295,250,226.14053935540448,198,428,399.7978513483886,367,395,373.9903529927647,354,61,58.0611707958781,54,3442,2908.2332821749615,2523
2022-03-27,10.451085,105.243664,126,123.02890932982915,119,419,380.34844502847153,369,315,297.9647393780114,273,344,318.7982917214193,280,192,181.66425755584763,174,463,451.6557161629436,440,379,366.7262374069208,352,57,55.35348226018397,55,3487,3077.486640385458,2676
2022-03-27,10.454948,105.23029,126,121.25016429353778,119,419,380.7082785808146,363,326,312.6890056942619,294,353,329.4207183530442,295,193,184.47853701270253,171,463,446.4789750328515,437,389,369.02934734997797,353,59,55.969557599649576,55,3753,3418.5133596145415,2865
2022-03-27,10.455571,105.240074,123,121.16458470304623,119,419,391.0598290598291,363,324,311.11001534078457,291,353,329.5581854043392,295,192,182.48674117904886,177,463,454.79903572211265,442,378,362.91935130396666,352,57,56.15866754328292,55,3589,3274.4120096427787,2815
2022-03-27,10.467229,105.24767,124,122.55115005476453,122,411,385.35604732690626,358,325,304.2057405784399,286,347,317.26073619631893,296,198,189.26752848378615,180,457,437.3021472392638,426,386,373.2578878177037,362,60,56.712751971954425,55,3405,3089.4712971078,2667
2022-03-28,10.257715,105.375007,123,121.7508218277449,120,384,352.5299145299146,335,303,272.1707210168748,256,326,293.49353495507347,276,239,221.23033092263864,205,418,402.6841989918914,376,399,376.0762656147272,364,60,58.43480166557091,56,3620,3193.5036160420786,2852
2022-03-28,10.275826,105.364451,124,123.10297984224363,121,410,360.5357142857143,337,285,255.0105170902717,246,324,296.635407537248,273,222,212.11722173531993,196,417,387.2471516213847,359,425,400.5845749342681,376,61,57.702673093777385,55,3507,3095.3301928133214,2804
2022-03-28,10.292156,105.361294,125,122.63263964950713,120,390,367.3600525624179,356,302,278.5102934734997,254,332,312.0946123521682,299,229,220.5832238282961,211,392,364.6471747700393,325,463,414.71922908453786,381,60,56.72974156811213,56,3796,3228.9445904511604,2903
2022-03-28,10.3037,105.354593,130,125.5140166447657,123,377,355.6911281489595,341,284,264.63001095290247,244,327,305.13603504928807,292,224,209.27426067907993,197,367,346.38992332968235,313,478,444.2013143483022,425,61,56.87557502738225,56,3002,2820.8913472070094,2532
2022-03-28,10.314233,105.359823,130,127.35122699386505,123,376,354.7231712658782,341,294,261.5707402540517,237,348,311.2431011826544,288,240,228.29916776171703,211,352,338.2006132282085,325,450,433.66841874726236,408,57,56.58256679807274,56,3273,2910.610600087605,2520
2022-03-28,10.34297,105.382435,124,121.90600350569673,119,393,370.44753559693316,351,291,271.1969331872947,242,325,288.34742606790803,275,222,209.4199342825849,189,425,407.1945235487404,394,396,383.41161007667023,368,60,56.09682365826944,55,3305,2756.7610076670317,2559
2022-04-01,10.468679,105.203699,126,123.71024967148486,121,425,391.1105758703744,371,322,297.56514123056706,275,335,317.5474052988833,289,209,203.148018392818,181,453,418.7919859864243,407,390,378.1427633019488,359,60,57.25355813444275,55,3469,3121.572148018393,2683
2022-04-01,10.48195,105.238448,124,122.45191675794082,121,407,387.6344721857205,366,328,302.5308804204994,285,353,328.3920280332896,304,195,182.2702584318879,168,465,444.8556723609286,422,384,372.8169075777486,364,60,58.1204555409549,56,3629,3276.3545773105566,2875
2022-04-01,10.482003,105.203866,126,125.1566951566952,122,393,376.1570646221247,363,315,282.1377875136911,265,329,301.64184008762317,275,195,186.07382256297916,178,451,433.2990142387731,412,407,380.3380065717414,364,58,55.51500547645125,55,3514,2966.267907995618,2622
2022-04-01,10.494453,105.241281,125,123.90556529360212,122,401,382.0825667980727,367,304,294.6381953569864,275,359,327.44568550153303,305,183,175.44459045116076,166,458,446.96254927726676,438,388,377.6846254927727,367,61,58.7496714848883,56,3725,3375.7553657468243,2905
2022-04-01,10.501829,105.273585,127,125.29012480840815,123,389,372.922891566265,349,315,297.4396495071194,284,329,301.99342825848845,291,186,178.49047097480832,172,456,443.3732749178533,427,400,378.21489594742604,368,59,56.85564074479737,56,3444,3189.9443592552025,2763
2022-04-01,10.50203,105.222373,130,127.08654688869414,125,393,381.80582949813726,367,297,282.28643436335744,264,334,306.6388341003726,278,200,180.2962962962963,164,463,449.29848783694933,432,383,370.3418803418803,356,58,56.281612973920666,56,3272,2829.2496164803856,2454
2022-04-01,10.50915,105.265098,127,126.41675806097832,125,390,367.6486960333115,355,305,287.5866754328293,271,331,302.32040324348026,275,184,174.6416831032216,167,462,454.73876835415297,446,380,370.4687705456937,355,61,58.55840455840456,56,3561,3190.09577032654,2756
2022-04-01,10.510542,105.248554,129,126.43530701754386,125,383,372.1155195089874,355,302,273.81170539237183,258,330,304.79526523454626,265,190,174.95287154756693,166,465,450.62165716790895,438,386,374.1639631740465,357,61,59.229723805348534,56,3487,3163.07825515125,2661
2022-04-01,10.524082,105.268907,129,126.64096385542167,125,395,366.69550930996724,357,302,277.7623220153341,259,321,302.3594742606792,284,187,174.33472070098577,158,457,448.9060240963856,440,391,376.6332968236583,364,60,57.7513691128149,56,3547,3110.069879518073,2737
2022-04-01,10.524439,105.254678,130,126.79544459045118,123,385,361.35676741130095,351,284,264.3668418747262,243,318,296.90494962768287,279,188,177.13272010512486,165,465,450.9829172141918,434,385,371.79982479194035,356,61,57.72711344721858,56,3405,3080.2623740692065,2719
2022-04-01,10.536277,105.293087,129,127.04193781634129,125,393,379.884570899838,353,315,291.20171177423083,275,329,300.6613462873005,286,238,200.8172565348138,181,434,419.60120286837844,404,402,379.58778625954204,354,59,56.885496183206115,55,3384,2900.4226231783477,2464
2022-04-01,10.542998,105.261159,132,130.1954425942156,127,370,351.6852947622179,342,273,250.43786982248523,233,315,276.92877492877494,256,256,226.43063773833006,199,430,400.80013149243933,363,391,372.80473372781074,356,60,56.97633136094675,55,3360,2817.9132149901384,2545
2022-04-01,10.549477,105.273725,131,126.65504834720038,124,392,375.78593680462853,354,322,287.0500667556742,244,323,301.4534935469515,275,246,206.6915887850468,189,429,417.9121050289276,394,394,375.3560302625724,355,60,56.424788607031594,53,3405,2983.7205162438813,2657
2022-04-02,10.485464,105.251956,124,123.0981165133596,121,403,379.82570615283566,359,316,301.3293190278082,282,350,331.6345522224655,282,180,172.7560761988176,165,462,441.11035690825497,427,404,386.0525509086928,372,59,56.62973505583534,55,3763,3474.376395883512,2952
2022-04-03,10.44784,105.141425,124,122.16173570019728,120,383,371.40828402366867,363,325,304.32127985974137,276,342,317.7473153626999,297,244,230.0716633793557,217,408,389.7177295638834,376,400,380.2763532763533,348,60,57.03221564760026,54,3521,3012.1238220468977,2581
2022-04-03,10.458071,105.162504,124,121.96339324857522,119,382,373.81581252737624,354,325,303.68353044240047,285,338,318.1121331581253,301,228,205.94853263250116,192,427,417.8311432325889,405,392,376.3683749452475,361,60,56.074463425317575,54,3457,3148.1401664476566,2873
2022-04-03,10.461453,105.172294,124,122.83209118807541,121,386,379.2810170977641,374,328,310.06685664182373,292,335,320.34743533537915,302,206,197.53660675142478,192,430,419.0664182376149,410,394,383.5526085050416,369,59,55.67097764138535,54,3766,3194.631740464708,2723
2022-04-03,10.464233,105.183189,127,124.20162174008335,121,411,376.7078676309446,358,328,301.99342537804074,279,343,304.1233837387683,276,221,204.61297392066624,192,427,414.53955730878806,405,398,380.7170721016875,365,56,55.13083497698882,54,3729,2965.1792680254216,2541
2022-04-03,10.467778,105.163448,123,122.39145673603507,121,395,376.35889570552143,352,326,305.4250657318142,284,337,318.7300613496932,294,215,204.09837861524974,194,427,420.2015775635407,404,388,375.7782646801051,362,59,55.6117440841367,54,3717,3165.1976336546877,2799
2022-04-03,10.476738,105.227333,123,122.19649507119387,121,422,390.6144578313252,377,328,305.6534501642936,281,358,329.32157721796284,310,193,183.15837897042718,176,455,436.8157721796276,429,388,380.08192771084333,361,60,56.99759036144579,56,3563,3160.280832420591,2736
2022-04-03,10.505489,105.203926,128,125.74392113910186,124,412,376.6139351446102,361,296,279.66936897458373,262,332,302.83347940403166,284,198,192.02519719544262,183,444,430.8334794040316,423,388,377.52914110429447,363,59,57.26884312007012,56,3476,2919.6522787028925,2543
2022-04-03,10.514912,105.216308,126,123.59465381244524,122,406,389.347054959492,372,295,283.724545653602,268,331,307.48959929932124,281,198,187.23998248303042,181,439,417.67615502518066,412,406,395.196627983359,376,59,56.85001094810599,56,3559,3099.468141011606,2573
2022-04-03,10.522871,105.184845,123,121.93955321944811,119,391,370.35429447852755,362,315,287.3115687992988,264,339,300.29732690622245,274,227,216.32843996494296,202,433,415.5313321647677,400,390,367.8983347940402,356,60,56.66235758106924,54,3174,2807.710122699386,2568
2022-04-03,10.527792,105.204924,122,120.84637300021917,119,426,381.8926850635129,355,305,276.2466053438457,259,348,309.6329391151993,286,212,199.85392028033291,181,437,422.2766097240473,405,391,377.93845816907583,369,59,57.99496276828736,55,3565,3027.7744196233034,2625
2022-04-04,10.474439,105.216928,125,123.94720700985766,122,418,389.3948290972832,372,324,295.4276950043822,273,340,313.5882997370728,299,190,182.3667835232253,176,458,443.13584574934276,431,388,374.6319018404909,356,60,56.72830850131464,55,3440,3069.8249342681866,2683
2022-04-04,10.498551,105.167513,126,124.61897458369849,122,386,362.4256297918949,348,310,292.0834611171962,260,326,294.16144578313265,268,215,204.8716319824754,193,438,421.7033953997811,410,389,373.3886089813802,356,60,56.90799561883901,54,3296,2861.329901423878,2528
2022-04-05,10.195117,105.200047,127,122.5135786246168,119,399,375.8163891323401,357,325,284.86064855390003,245,335,306.94500438212094,289,257,242.45048203330404,235,371,355.87620508326023,337,420,401.7237072743207,380,58,55.1963190184049,54,3567,2965.0961875547755,2521
2022-04-05,10.208515,105.202809,124,120.71619548542624,119,388,380.7786058746164,372,323,296.88228846996935,257,320,306.33625602805785,291,254,236.8877685225778,231,377,361.71701008329677,338,413,401.360149057431,386,58,55.95944761069706,55,3332,2868.005041648399,2471
2022-04-05,10.22418,105.198785,122,119.71034180543383,118,411,380.7835232252412,368,320,298.03571428571433,279,342,315.57340052585454,296,238,233.07142857142858,228,377,364.66476774758985,351,413,402.39132340052595,391,59,56.48137598597722,55,3623,3285.1395705521477,2946
2022-04-05,10.227343,105.230821,124,122.15669515669514,120,418,374.71356563664256,358,309,286.99999999999994,267,327,300.75410913872446,284,241,229.42099495945652,206,389,354.37825991672145,333,442,416.2380013149243,383,59,56.70874424720577,55,3528,3075.1255752794214,2737
2022-04-05,10.228207,105.177659,123,120.52508214676891,119,415,374.07252410166524,358,328,298.5705521472393,284,338,307.3407099035934,289,243,231.8516652059598,225,396,372.72874671340935,352,414,395.63255915863283,376,60,56.87182296231378,55,3432,2932.456397896583,2574
2022-04-05,10.236082,105.210347,126,120.95923734385278,119,412,390.2821467688938,367,315,299.81117196056965,254,350,322.75312157721817,299,241,230.1355969331874,227,373,352.91347207009875,327,436,416.7653888280396,400,59,57.24687842278207,55,3603,3321.51960569551,2878
2022-04-06,10.46658,105.139698,124,123.12445223488164,121,400,366.88014899211225,350,304,286.2416739702017,264,331,307.4546450482034,290,253,235.15687992988612,211,429,399.57208588957064,380,390,365.276073619632,351,60,56.66476774758984,55,3301,2626.2793602103416,2383
2022-04-06,10.540457,105.207852,127,123.83702081051476,121,418,376.0779505145609,355,309,287.4460258375301,267,346,303.57280490475154,273,202,196.58878913947885,187,450,433.0133566892927,410,395,370.3291000656886,357,59,56.448215458725635,55,3398,2926.9240201445145,2615
2022-04-06,10.550361,105.218667,127,123.82073197457812,122,414,389.78978518193793,373,314,296.5607189829023,274,343,327.9859710653223,310,205,195.73016220955725,184,436,421.9015782551514,397,398,382.42569048662875,371,62,57.43774660236739,55,3824,3142.736519070583,2836
2022-04-07,10.445962,105.123164,126,122.76779846659363,120,393,374.19579500657045,356,317,293.2227332457294,268,326,304.4003504161193,279,243,228.85019710906715,218,434,415.6445466491461,397,369,355.48094612352173,340,60,56.316907577748594,54,3361,2790.715505913273,2316
2022-04-09,10.297494,105.145318,123,122.48368732209332,120,407,373.5885701773594,342,318,293.71753886577625,268,353,318.9404423034815,286,257,241.6855703963215,230,424,408.06875410553977,386,360,349.96146266695865,342,59,56.30282461134224,55,3496,3051.5749945259477,2421
2022-04-09,10.30701,105.130668,121,119.86771791502407,118,419,377.25027394258166,368,317,299.96099057637514,283,348,328.68397983782614,303,239,234.3193074731537,226,401,387.047556432172,377,388,378.6193293885602,365,59,56.31382862152094,55,3986,3414.698882314268,2706
2022-04-10,10.248814,105.361138,124,122.96363636363634,122,362,345.9107651830738,333,271,257.3387415040561,246,312,286.25191843893884,270,244,234.81276035957026,215,414,385.10545932909446,371,397,380.22714317035735,361,60,57.01512826134619,55,2999,2777.0449462837096,2643
2022-04-10,10.249044,105.347198,123,121.52453987730061,120,387,362.8469633852226,349,279,267.52225389169047,255,315,290.8430168822627,280,249,235.21968866476652,220,379,368.00219250164446,345,421,396.7888620916467,379,60,56.1315500986626,56,3563,3000.3396185047145,2713
2022-04-10,10.252308,105.334358,124,122.43232588699081,120,391,359.09156626506035,343,295,269.16516976998906,254,330,288.0021905805039,264,253,230.9833515881709,217,380,364.1362541073385,354,420,404.9412924424973,380,60,56.58466593647318,55,3328,2786.7625410733854,2462
2022-04-10,10.258961,105.323388,127,122.86706088480067,121,399,365.595488392466,343,297,276.52212001752076,257,323,293.57139728427506,263,234,223.9989049496277,215,386,368.01073149364873,343,436,407.9728427507665,387,59,56.05825667980727,55,3341,2891.560446780552,2488
2022-04-10,10.27049,105.316832,127,124.97108433734941,121,413,359.04467805519056,342,299,275.0908891809023,250,335,297.344502847131,273,229,224.25186158563298,220,386,362.6622864651774,346,426,413.07818659658346,387,57,55.49759088918091,55,3440,3019.216381953571,2558
2022-04-10,10.272277,105.291556,128,125.74123575810692,120,395,365.6835997372454,349,295,261.7709656229472,240,342,315.61681629078157,278,255,245.44142763301946,227,386,352.9706590759797,334,419,401.67133785855043,374,59,56.09218305233193,55,3595,3199.5395226625787,2899
2022-04-10,10.277579,105.307934,126,124.86853637160385,123,382,363.6455640744798,340,310,288.259364731654,255,336,311.6926615553122,282,237,224.98970427163204,216,382,366.1029572836802,354,423,408.9695509309968,388,56,55.36516976998906,55,3558,3210.1334063526842,2759
2022-04-10,10.282445,105.330149,125,122.5531448608372,120,403,369.7769264448337,354,313,289.8185201401051,256,342,314.8785026269703,292,232,216.68739054290722,208,375,365.3272767075307,340,431,418.02298598949216,408,59,57.002408056042036,56,3624,3229.704903677759,2868
2022-04-10,10.28697,105.341571,126,124.39995616918696,121,385,356.3950887963167,347,291,275.75970181977647,255,336,299.73755755316824,277,241,231.4595483446613,223,375,357.60118395088807,343,427,410.83468537601414,384,59,57.3681210260908,56,3336,3012.1767156325377,2627
2022-04-10,10.290802,105.32462,125,123.05480052608505,122,403,364.8199342825848,340,298,276.50120481927706,242,332,304.6249726177437,277,243,232.75355969331875,223,370,362.2764512595838,353,420,404.84381161007667,388,59,57.198904709748085,56,3583,2966.3728368017532,2485
2022-04-10,10.291025,105.299533,125,124.2563540753725,123,390,358.1146427005699,340,295,276.8947829899166,255,336,307.1161771153003,282,238,229.05567733450246,219,400,381.8950021920211,369,407,388.96953090749673,375,56,55.561595791319604,55,3612,3220.5951337132833,2824
2022-04-10,10.298963,105.275991,126,123.46898969975888,122,398,356.95051456098105,342,296,272.1655353623824,240,319,287.0442303481498,266,257,217.16816290781702,210,398,383.53733304138393,367,412,399.4390190497044,376,59,56.41230567111891,55,3548,2882.101598423473,2561
2022-04-10,10.306886,105.290958,125,123.48171666301732,122,411,366.3679947460595,352,287,263.67491243432573,244,355,311.30713660245186,284,226,218.88353765323987,212,397,384.62675131348504,371,411,396.5665499124342,386,59,55.56151488616461,55,3427,3037.4242556917684,2636
2022-04-10,10.309795,105.31553,125,123.17437020810522,121,402,356.22229522558047,335,300,271.8022339027596,255,329,296.36618484450287,279,232,221.48226018396852,201,405,364.63074901445475,350,430,413.9299167761718,381,56,55.231712658782314,55,3354,2882.411519929917,2665
2022-04-10,10.316024,105.309873,125,123.15396408234783,122,374,362.4986853637161,335,291,267.8369851007888,252,320,301.0944347063979,279,228,208.45092024539883,198,414,402.64921121822965,354,425,389.08041191936917,372,58,55.72633654688871,55,3345,3068.4515775635414,2703
2022-04-10,10.328521,105.30163,126,123.55954465849389,122,392,368.8207485226527,346,294,271.5138980083169,254,332,307.3709783322389,286,243,234.49792077040928,228,392,366.5130225432261,342,425,398.8964762530094,374,56,55.79142044210987,55,3491,3087.4138761216896,2617
2022-04-10,10.356519,105.30945,127,123.83307121995058,122,394,372.8734622144113,356,300,280.2952548330404,255,327,298.0773286467487,275,228,213.3071177504394,208,409,395.79437609841835,382,411,391.30931458699473,369,58,55.491432337434105,55,3575,2872.6544376098423,2636
2022-04-10,10.359519,105.360913,123,119.9848916137508,117,407,382.46517739816034,351,297,282.31427945685505,254,332,311.5245291283401,272,213,206.70740254051688,197,398,384.52890932982916,374,416,408.81296539640834,397,61,58.00547525186159,56,3474,2921.7060884800703,2561
2022-04-10,10.363786,105.288188,126,122.93229623137601,119,409,374.5587204206836,352,309,278.7515337423312,252,336,301.6172217353199,276,238,228.1814198071867,206,392,382.9660385626644,370,416,388.80981595092027,375,58,55.181200701139346,54,3598,2983.04097283085,2644
2022-04-10,10.364433,105.327337,127,123.34326396495074,121,382,364.6778361804644,340,305,287.7928164695577,251,320,294.41524310118274,274,236,215.13031099430574,209,414,401.4215943933421,392,395,383.2586508979413,369,57,55.27748576434516,54,3532,3040.5173017958823,2700
2022-04-10,10.369819,105.304833,124,122.10709592641261,121,386,376.68039430449073,358,304,293.3388828039431,264,342,326.0052573932093,296,224,214.87579408543266,198,414,392.0186199342827,376,406,393.0633077765608,377,59,55.31281489594743,54,3893,3544.401971522454,3175
2022-04-10,10.374447,105.330923,123,120.9789704271632,119,386,368.81879929886077,350,312,294.05477651183185,280,320,302.60495179666975,288,219,208.92659947414563,188,416,406.2164767747591,384,413,385.0363716038564,368,60,56.068141980718686,54,3471,3080.0933391761623,2810
2022-04-10,10.38045,105.349866,122,121.03155818540432,120,395,373.02302631578954,361,319,300.2526315789474,282,321,311.3774122807018,294,199,182.62543859649125,174,407,390.3923245614035,367,440,426.8043859649123,413,58,57.00789473684211,56,3646,3306.1179824561414,2871
2022-04-10,10.455882,105.126628,127,123.32639193336261,122,384,361.80569550931,339,302,289.20744797371304,269,311,298.62760131434834,284,252,235.58532311062433,220,415,390.4972617743703,378,388,373.8549835706463,359,60,56.690909090909095,54,2876,2558.9610076670324,2398
2022-04-10,10.475484,105.13594,124,122.54654983570647,121,378,363.6283399036355,349,321,296.82260183968447,262,341,308.8353044240034,284,248,220.42137538326753,209,434,419.3499780989924,393,379,360.31471747700385,342,61,57.155935173017944,54,3322,2824.210468681559,2494
2022-04-10,10.479304,105.102943,127,125.22603938730855,121,400,375.0759964958389,346,308,285.05716162943503,263,350,325.57577748576443,281,268,252.97919404292603,225,435,376.6684187472624,362,389,370.40713972842764,330,59,55.81099430573807,54,3462,2942.4581690757777,2464
2022-04-10,10.492507,105.122386,124,122.27306596537368,120,400,373.2704774419625,362,325,299.21857205431456,282,338,307.9680245291285,284,212,195.4531318440649,188,450,435.3563293911522,418,382,369.25164257555855,352,61,54.64454664914589,53,3541,2930.6627244853275,2521
2022-04-10,10.499686,105.158111,125,122.25415936952714,119,423,370.9973736047275,356,321,301.11337272926244,277,331,303.9111402932808,279,204,193.40490260450864,179,438,410.152549792077,394,423,396.5537316699497,369,61,58.2379076384329,55,3333,3082.6425913766684,2814
2022-04-10,10.505349,105.165087,126,124.13869412795793,121,388,363.1389132340052,348,321,293.081726555653,261,315,287.64417177914106,268,217,199.67550394390886,183,442,429.3236196319018,412,395,371.0186240140229,360,61,56.80499561787904,54,3218,2782.226555652936,2528
2022-04-10,10.510203,105.111601,123,121.20871660096367,119,445,401.2915662650603,368,310,299.03986856516974,286,351,327.645125958379,273,229,217.47667031763416,200,469,434.4757940854326,413,369,348.0869660460022,323,59,56.436801752464405,55,3418,3094.2276013143473,2589
2022-04-10,10.513536,105.127422,124,119.55839253996449,117,430,397.891453382084,341,335,295.267138939671,267,367,327.8845978062157,287,203,187.37888482632542,176,458,448.23903107861054,431,391,364.51028336380256,347,59,56.44012797074955,54,3113,2833.7925045703837,2398
2022-04-10,10.521024,105.146349,123,120.69192029778856,118,402,373.416246989271,356,324,299.44164659513905,274,366,319.2548719071601,282,206,194.935844098971,169,447,421.66433107072487,408,399,383.2169914604774,365,61,57.59054083643532,54,3138,2801.4876286402473,2404
2022-04-10,10.522164,105.178664,123,120.84888304862027,119,391,371.23702081051454,354,318,302.1631982475356,273,332,309.0941949616648,274,227,210.73055859802847,195,433,417.59802847754645,404,392,371.58269441401967,356,60,58.409857612267245,54,3141,2893.3007667031757,2568
2022-04-10,10.522821,105.229739,129,126.76636741843662,123,390,378.201270258432,366,303,272.0978975032852,251,332,298.7706964520369,284,203,189.5260621988612,182,462,446.3944371441087,420,389,364.0021901007447,349,59,57.568988173455985,55,3248,2779.880201489269,2557
2022-04-10,10.5263,105.091077,126,125.20810514786416,124,397,378.5267309377738,362,298,278.0948729184925,253,352,323.715819456617,288,274,256.45048203330407,239,402,393.3924189307624,377,368,350.52125328659065,333,58,56.15184049079755,55,3663,3334.579973707274,2857
2022-04-10,10.527277,105.237319,130,127.65615418309248,124,396,362.2643451598773,343,298,271.37560227770473,255,335,290.7025843188787,277,227,195.40823477879977,178,459,441.793035479632,398,397,362.8267630310994,348,59,56.77923784494087,56,3273,2844.2921594393347,2561
2022-04-10,10.531488,105.186775,124,120.85526603897526,116,405,376.82811473615067,356,306,295.82701992555286,266,333,308.0253996058682,274,227,217.43179329975914,204,432,415.77512590321874,400,391,366.7851981607182,355,61,59.03569082548719,54,3335,2993.904313553755,2598
2022-04-10,10.533759,105.243145,129,126.43523997370154,124,413,368.8103372755147,339,287,268.40998685939564,252,336,302.8158125273763,270,208,197.1633815155497,181,450,432.1999561979852,419,394,370.4693385895752,354,59,56.45751204555411,55,3208,2768.8856767411316,2515
2022-04-10,10.534074,105.126326,124,122.06419807186683,120,438,400.05936473165394,378,335,305.5660460021906,291,368,344.8276013143483,305,221,208.91500547645128,197,467,446.47272727272735,418,364,344.5805038335159,328,60,56.87294633077767,54,3567,3290.444687842278,3069
2022-04-10,10.534615,105.134916,126,122.42409638554213,120,421,395.27814279456857,365,331,302.68944371441086,271,367,322.1193604905825,277,213,202.68900569426194,194,467,443.1826544021025,412,393,354.06526500219013,328,60,56.000876040297854,54,3486,2968.098773543583,2384
2022-04-10,10.536087,105.175145,122,120.66286966046002,118,412,368.74140573680756,347,313,298.9238011823955,277,346,308.57083424567554,276,230,214.09086927961465,200,420,404.92007882636307,386,396,380.9516093715788,362,60,57.5901029121962,55,3459,3029.4782132691057,2679
2022-04-10,10.539297,105.225673,126,124.1632697786544,122,392,376.42209072978324,363,303,284.4104755643218,257,336,316.0769230769232,296,214,195.61648038571124,183,444,427.00898531667775,413,391,377.3414420337498,355,60,57.0880999342538,56,3372,2937.5722112645203,2703
2022-04-10,10.545098,105.112895,123,121.22365826944139,120,408,382.32763907139736,371,320,302.25295663600536,277,333,310.85392028033294,293,232,223.64520367936927,219,443,430.4334209373631,402,368,345.8269820411739,331,61,58.18418747262375,55,3624,3080.528690319755,2598
2022-04-10,10.546629,105.163964,123,121.83563445101906,121,447,399.73992112182304,378,331,309.1540315512709,276,338,321.7315950920245,282,219,211.784180543383,205,437,419.62576687116564,396,386,368.71231375985974,355,58,55.680762489044696,55,3338,2981.408632778265,2457
2022-04-10,10.546679,105.126512,123,121.30374753451676,119,419,391.6769601401665,377,313,290.0825667980727,269,347,321.5280332895314,286,228,212.4108628996934,197,437,425.8999123959702,412,382,361.760402978537,335,61,56.80398598335524,54,3682,3363.142137538327,2801
2022-04-10,10.546857,105.181035,122,118.13841436706089,116,421,387.2289658194567,362,309,290.92769500438214,264,350,316.5455740578441,298,235,221.22787028922002,207,410,392.7053023663454,377,405,386.2061787905347,369,61,57.45990359333919,55,3263,2966.15907099036,2490
2022-04-10,10.547628,105.146859,125,121.78793503480281,119,441,415.702657807309,373,342,327.2636449928809,294,344,318.86165163739906,273,208,201.88870431893687,192,440,422.46938775510205,406,388,375.7439487422876,359,61,57.53345989558615,55,3594,3253.7225913621264,2505
2022-04-10,10.548566,105.198194,126,122.65307911461755,117,405,380.0376779846659,359,302,287.10186199342814,267,350,313.83439211391016,278,223,203.59255202628697,193,436,411.7553121577218,384,403,384.7921139101862,365,61,58.27404162102956,55,3568,3034.998247535597,2554
2022-04-10,10.552114,105.091399,126,123.97021462987298,122,408,384.3145673603506,369,306,277.8895947426068,257,354,332.10449069003295,287,265,252.27382256297923,223,418,394.4400876232202,381,369,353.2094194961665,338,61,57.45980284775468,54,3980,3287.7296823658276,2795
2022-04-10,10.554634,105.1522,126,123.21217429384716,121,446,402.6971753886578,370,348,322.47317714035466,292,334,309.4217210422598,266,218,203.78454127435955,192,439,411.0054740529888,392,406,385.24436172542147,364,61,57.22071381650975,54,3663,3217.331289686884,2399
2022-04-10,10.555822,105.1711,125,121.87245233399081,119,435,395.9524435678283,367,334,309.90291474906866,275,351,328.2246329169406,295,223,214.4172693403463,197,431,409.7779969318431,376,407,375.82160859083945,357,60,56.8531667762437,55,3370,2974.3328950252035,2469
2022-04-10,10.558195,105.203328,125,122.87519159185462,121,406,367.5059132720105,349,309,293.7544897065265,273,344,315.4505037231712,268,226,216.44897065265002,200,419,389.1011826544021,367,420,394.44699956197996,369,61,56.735216819973715,55,3546,3100.0672360928597,2686
2022-04-10,10.559295,105.124493,123,120.85482811473618,119,437,395.52683461117186,371,325,308.73340635268346,279,357,330.8512595837896,282,216,209.315443592552,203,441,408.18357064622114,389,401,382.48630887185107,348,61,58.29090909090909,54,3753,3346.6856516976995,2832
2022-04-10,10.562531,105.169469,126,123.12590321874318,121,421,384.8699365009853,367,336,312.6599518283337,297,342,315.8105977665864,289,223,208.48653382964744,197,416,399.8335887891394,376,407,391.68557039632145,369,60,56.4972629735056,55,3472,2974.4009196409024,2527
2022-04-10,10.564704,105.19729,124,123.06922234392113,121,406,373.4781941705019,361,309,298.0762656147272,282,334,319.2980495288188,297,222,214.18584264738115,201,393,377.7201402586019,362,420,408.1680911680913,393,60,56.62765724304186,55,3647,3386.5261889108056,3161
2022-04-10,10.56526,105.088832,127,123.05237782160857,119,401,388.7370727432077,370,309,290.15600350569673,257,365,339.0926818580193,294,257,229.11590709903598,205,434,412.6277388255917,385,381,358.0549956178792,333,59,55.9910166520596,54,3793,3407.2285276073626,2762
2022-04-10,10.565735,105.172074,125,123.07603004780334,122,406,384.2731006160165,360,336,311.8767967145791,275,338,317.98653890029664,275,221,212.0365046771618,204,410,398.0652521104267,376,403,390.01072324891635,376,61,56.18161076887978,55,3472,3092.7111567419583,2527
2022-04-10,10.567359,105.177342,125,123.2848073555166,120,406,381.84953805543324,360,335,297.1192256929168,275,353,319.83655961284643,275,223,216.74901011878575,204,404,396.7712274527057,376,405,386.4760228772547,375,61,58.294104707435096,55,3652,3285.1553013638363,2660
2022-04-10,10.570816,105.208925,127,125.16257668711658,123,385,371.55312157721795,348,302,287.6429353778751,268,341,304.19299014238777,261,226,212.83964950711936,205,438,405.71741511500545,391,402,381.5191675794085,347,59,55.85016429353778,55,3421,3012.446659364731,2489
2022-04-10,10.571202,105.135919,123,121.10032858707558,119,421,394.7743702081051,384,319,295.50032858707544,281,338,312.12661555312155,276,229,210.25257393209196,201,405,395.00722891566255,377,416,394.6554216867469,381,60,58.16013143483022,53,3709,3295.3012048192763,2587
2022-04-10,10.571793,105.16066,125,122.88669734823583,121,422,392.64665936473176,375,350,323.9721796276013,297,337,322.2527929901424,291,218,207.31938663745893,197,412,401.366265060241,384,414,391.2514786418401,381,60,56.96013143483024,55,3425,3181.3215772179633,3012
2022-04-10,10.576126,105.183375,126,123.02322015334065,120,436,389.9202628696606,359,318,294.1134720700988,265,366,323.63285870755755,265,224,217.0584884994524,206,418,405.63088718510426,370,406,377.17962760131445,362,61,58.28368017524645,55,3459,3055.351588170866,2500
2022-04-10,10.580993,105.154027,125,122.40249780893956,121,400,380.4936459246275,365,327,307.5484224364594,289,339,316.3087204206836,290,220,211.9066608238388,205,417,407.3560473269064,387,402,380.7756354075374,364,60,56.95223488168274,55,3463,3253.1770376862405,2774
2022-04-10,10.581404,105.200348,127,125.8454963839579,124,434,384.33194474895856,361,305,292.00219250164446,275,344,325.61740846305634,296,227,217.94365270773955,211,438,408.16421837316375,394,388,373.8344661258496,348,59,56.53650515237886,55,3619,3269.18921289191,2777
2022-04-10,10.585739,105.193578,128,125.70799561883899,122,429,385.17948717948724,361,308,284.48126232741606,264,348,315.4968222660531,283,222,212.17115932500548,204,442,428.1564760026298,394,391,359.8161297392067,345,59,55.540872233179925,54,3395,3144.8923953539334,2641
2022-04-10,10.590564,105.128439,125,122.33640149024768,119,399,385.88250767207376,372,310,297.2060499780799,286,329,297.9050854888209,276,209,204.35992985532667,198,396,380.622314774222,371,427,415.05589653660695,400,61,55.99583516001755,54,3484,3199.319596668129,2724
2022-04-10,10.593644,105.075243,126,123.20411738939988,120,426,410.3461117196057,372,327,305.5752464403067,246,352,328.8556407447973,270,247,226.89594742606795,201,448,422.0092004381161,401,369,351.30010952902506,319,61,58.74786418400876,55,3628,3328.899452354874,2830
2022-04-10,10.603094,105.127872,125,123.16936897458369,120,408,382.6957950065702,362,318,293.7947875602279,266,335,307.02365308804207,265,213,206.27858081471754,199,412,396.92159439334216,380,416,396.7398160315375,379,62,57.3407796758651,54,3942,3387.286246167324,2673
2022-04-10,10.612095,105.141919,129,126.38817086527929,118,393,375.6096385542169,360,310,293.0880613362541,282,324,288.7870755750274,263,221,208.68039430449076,193,434,407.77831325301213,401,393,383.4262869660461,366,62,60.73647316538884,56,3476,3000.961007667033,2627
2022-04-10,10.619493,105.095029,126,123.06726555652935,121,425,404.81497700897745,380,297,285.9649660608715,278,329,308.37552003503396,276,233,218.0691920297788,201,427,405.6019268666521,388,404,376.3407050580249,344,61,59.560105101817385,55,3724,3139.14188745347,2594
2022-04-10,10.626774,105.140369,125,121.82081051478644,119,424,397.514680105171,382,333,303.7320333041193,285,346,326.0659509202454,306,226,211.33150744960565,200,417,400.9265994741456,380,418,387.8106923751096,365,62,58.80565293602103,55,3706,3342.1735319894833,2829
2022-04-10,10.628311,105.12253,126,122.52475898334794,121,405,392.695661700263,368,325,295.06879929886077,262,340,304.94106047326915,270,225,213.728527607362,203,410,398.22261174408425,389,396,388.00262927256784,373,62,59.38475021910605,55,3722,3302.2975460122707,2743
2022-04-10,10.634849,105.13078,122,121.10799561883898,119,427,392.0223390275954,383,314,296.5862899693386,281,342,309.6303109943058,295,222,210.82435392028037,198,414,404.5711782742007,396,403,384.64520367936933,364,62,59.1342531756461,55,3544,3115.4912395970227,2631
2022-04-10,10.636733,105.155635,125,123.26934034626343,121,401,378.48652202498357,365,306,293.1332456717072,280,339,315.4944115713347,297,216,203.3828621520929,188,407,389.2366863905325,372,421,407.54876177953105,399,62,60.06684198991892,55,3420,3061.196581196581,2838
2022-04-10,10.64394,105.165296,126,123.90525164113785,119,388,366.80332895313194,349,312,289.9586070959266,270,335,313.13162505475265,275,214,205.0876040297854,194,404,385.6782742006133,362,433,409.22273324572933,382,63,60.03920280332895,55,3538,3178.8760402978546,2494
2022-04-10,10.64683,105.119494,125,122.1742938471644,120,425,380.4936487078406,357,306,258.33333333333337,218,344,300.6782742006132,253,223,212.46408234778804,195,420,404.15045992115637,393,406,383.3760402978537,367,62,57.888742882172586,54,3514,3004.0652650021902,2577
2022-04-10,10.649258,105.142121,129,123.13093934749294,119,404,383.1276269702277,372,324,290.3461033274956,261,354,311.65192644483363,287,227,196.5840630472855,179,430,413.61646234676,387,400,389.8395359019264,376,62,55.91834500875657,54,3572,3100.1884851138357,2525
2022-04-10,10.653314,105.174185,126,125.62694414019718,125,391,358.13121577217964,329,297,260.1244249726179,216,325,296.11544359255214,249,220,204.9351588170866,197,423,409.7561883899235,391,404,385.35487404162114,369,59,55.73099671412927,55,3107,2841.314348302302,2384
2022-04-10,10.663484,105.168203,129,124.83804514573751,122,397,368.8034618755479,337,300,260.29491673970205,223,337,292.4923312883436,256,214,202.61086765994744,194,462,436.6180981595093,405,390,360.98400525854527,341,59,55.31069237510956,54,3204,2724.232690622262,2364
2022-04-10,10.676956,105.147011,125,123.92043200352656,122,412,378.46590655041354,361,298,269.41962888441753,240,320,285.6825396825396,275,225,214.49139280125192,199,445,427.81936060809295,413,376,357.7674938520008,339,59,55.234741784037546,54,3504,2808.7426782919742,2630
2022-04-12,10.327543,105.350908,129,122.6068844551634,120,407,382.0927021696252,370,320,306.8415516107824,269,352,335.0515012053473,314,203,192.09883848345382,187,369,360.52618891080425,348,458,447.4433486741179,435,60,57.745123822046885,56,3455,3081.8888888888887,2762
2022-04-12,10.331447,105.158675,123,121.47731755424064,121,395,370.49528818759586,357,314,298.980714442253,268,334,318.95770326539554,289,254,240.86587771203156,224,411,390.934472934473,375,386,368.2531229454307,353,59,55.42713127328512,54,3980,3510.7959675651987,2823
2022-04-12,10.33791,105.357013,124,122.06681270536691,121,382,369.9533610685353,355,305,283.4596014889426,267,330,316.8504488723452,290,216,207.30019706590764,187,376,359.7326472520255,348,454,432.8322750164224,418,60,56.89905846288595,56,3387,2958.2421721042265,2537
2022-04-12,10.339092,105.325101,126,123.29382120946542,121,387,361.7333479404032,342,287,269.5184049079754,248,320,294.2416739702016,269,236,216.12335670464503,209,417,401.46187554776503,381,404,382.4699824715163,374,59,56.638255915863276,55,3270,2923.037686240141,2593
2022-04-12,10.340626,105.172116,125,122.80600613765894,121,409,378.05390008764255,362,309,293.94741454864163,285,333,324.35166520595965,306,269,260.148773006135,249,393,363.5287028921999,345,388,376.1130587204208,358,59,57.167835232252415,55,3768,3243.761831726556,2937
2022-04-12,10.342217,105.346028,126,123.81792287467135,122,379,363.75640183847685,345,308,282.02013569708913,258,322,293.43751367914217,272,235,219.70868899102655,202,381,370.1453272050777,357,431,410.1847231341651,396,59,56.35390676296785,55,3022,2705.0332676734524,2477
2022-04-12,10.342299,105.365285,125,122.59657969743483,119,388,358.9316239316239,337,297,266.95375849222,234,324,294.09226386149464,270,266,213.17006355467888,196,412,374.6114398422091,353,435,412.1917598071444,372,60,56.59763313609468,55,3438,2840.6283147052377,2525
2022-04-12,10.342809,105.315657,126,123.98026315789473,122,395,364.99539776462865,336,315,285.5474468551392,252,328,304.22989261450806,272,237,216.2509314047776,199,408,388.387245233399,355,416,395.42033749726073,379,59,55.9467455621302,54,3596,3024.3925049309673,2656
2022-04-12,10.345924,105.270456,128,124.4165571616295,122,379,356.9498357064623,336,291,276.52092004381166,250,337,306.18576122672516,274,230,214.85235487404168,206,400,386.05125958378983,367,417,399.0346111719606,384,61,57.83483023001097,56,3670,3233.1136911281496,2853
2022-04-12,10.346876,105.206507,123,121.14050854888205,120,392,375.3205521472393,362,309,294.37708150744965,277,340,328.4798422436461,306,270,256.37269938650314,240,398,373.84158632778275,346,396,369.65425065731824,346,58,56.50087642418931,56,3606,3249.9855390008775,3013
2022-04-12,10.358094,105.189541,123,121.3273483687322,120,391,367.35041611914147,352,308,288.3587385019711,279,336,325.76062198861143,304,263,247.05234340779677,226,388,359.7146298729742,329,414,393.05102934735,377,59,56.89925536574683,55,3884,3533.750109505037,3155
2022-04-12,10.35853,105.127583,123,121.52003503393915,120,377,365.4161191414806,345,326,298.42071835304426,273,328,303.9029785370127,285,262,247.95663600525629,225,382,371.65308804204994,360,403,380.24397722295237,360,59,56.57818659658347,54,3735,3228.4621112571185,2753
2022-04-12,10.364419,105.164984,124,122.38045145737456,121,386,373.01292725679235,361,296,289.19018404907973,274,332,310.79075372480287,273,265,245.90534618755487,221,396,367.2657756354076,348,398,386.7681858019282,368,59,56.77629272567924,55,3447,2957.614373356705,2493
2022-04-12,10.368014,105.238516,126,124.42475355969334,123,420,373.4203723986856,357,329,304.08543263964947,282,368,337.7785323110624,323,233,214.70865279299014,199,420,398.2236582694413,372,397,387.14063526834605,379,59,56.57809419496165,55,3740,3433.420810514786,3100
2022-04-12,10.368598,105.136423,123,120.93096646942803,119,411,368.86365629110037,353,304,295.00679526523453,273,323,311.9912319158264,296,262,236.88228846996935,222,399,377.1556334940815,369,404,385.70451556334933,362,60,55.85160017536168,54,4114,3556.6639631740463,2858
2022-04-12,10.467721,105.192464,128,125.92902519167578,124,392,372.36152497808945,355,326,297.0948729184926,267,326,298.0357142857144,281,213,203.07712532865906,193,433,420.82405784399646,409,397,376.0190622261175,366,59,56.01468010517091,55,3368,2903.976336546889,2425
2022-04-12,10.557185,105.227883,128,125.60424879544463,122,423,387.3834026713379,370,318,288.1140792642873,272,357,315.71797679001537,287,227,213.21502080140132,194,424,412.9132910006569,399,397,374.08364352966936,349,60,56.4451499890519,55,3668,3010.435077731553,2643
2022-04-12,10.595261,105.15779,126,122.89962743808897,119,399,378.4882649703884,365,316,295.97016889668794,270,347,322.0541785479273,280,220,207.87782408422905,196,434,421.669225707392,401,384,370.4371572713315,357,62,59.692915112963384,56,3809,3212.483878043431,2766
2022-04-12,10.599524,105.186221,129,125.46199342825847,123,402,380.7368075322969,369,314,294.5561637836654,282,329,300.1134223779286,272,218,207.36522881541495,201,431,422.7924239106635,405,391,369.88635865995184,356,58,55.42566236041164,54,3335,2988.4909130720393,2445
2022-04-12,10.603991,105.147312,128,125.97264171591156,122,422,384.1749507335232,369,316,294.6816290781695,275,344,298.250492664769,253,209,192.741186774688,183,445,433.4357346179111,412,388,373.94197503831845,361,62,59.52945040507992,55,3459,3032.8826363039198,2575
2022-04-12,10.605148,105.164514,126,125.1798860648554,123,396,379.8875985977214,361,304,293.51621384750223,281,336,308.29929886064855,295,220,208.4721735319895,196,420,409.0499561787906,398,399,382.38803680981613,360,62,58.982033304119206,55,3708,3213.9748028045583,2946
2022-04-12,10.61225,105.175364,125,124.38611476127896,123,390,371.6019715224534,360,317,303.7093099671414,282,355,323.89134720700997,300,221,208.77765607886096,196,435,415.6534501642936,403,391,375.4830230010954,348,61,57.56538882803944,55,3316,3156.716100766704,2815
2022-04-12,10.630244,105.19128,127,125.09290096406662,123,372,355.4397194213064,342,292,261.4202104340202,237,340,306.9598860149057,283,232,220.88645330995175,211,428,406.91122314774225,385,404,372.1584831214379,343,60,57.65190705830778,55,3404,2978.2115300306878,2510
2022-04-13,10.29466,105.248528,123,119.63140604467807,117,404,385.52616597328654,345,300,280.27151302824603,256,354,325.7052769870812,296,237,219.93015108386248,206,393,375.61484563170563,357,437,404.45106196627967,373,60,57.83008539522662,56,3703,3362.656886358659,3023
2022-04-13,10.303589,105.234936,123,120.69264448336257,117,372,357.5029546946817,344,299,279.65156489384987,262,322,303.22390019697974,290,238,226.56839571022104,213,403,387.02779601663394,363,410,386.4502079229591,365,61,57.95578901291312,56,3794,3301.620923615671,2897
2022-04-13,10.304295,105.27046,126,124.21893491124258,122,397,369.09114811568804,349,296,277.3146362839615,255,333,298.5037248028045,273,233,220.29360210341804,215,393,382.2638036809816,365,408,397.65687992988603,390,60,57.15600350569676,56,3314,2992.801270815074,2561
2022-04-13,10.307585,105.254064,123,120.5496383957922,118,399,379.92134092900966,366,303,281.4132340052585,265,355,318.3161700262927,305,227,208.66893076248905,196,416,384.7931638913234,363,422,406.4969325153374,364,60,57.63321647677477,55,3540,2936.3729184925505,2751
2022-04-13,10.319903,105.230831,126,124.02847754654987,121,378,358.1224534501642,343,294,274.33515881708644,259,325,297.95246440306664,279,240,232.15246440306677,223,411,398.67754654983554,382,382,369.2339539978093,359,60,57.11960569550931,55,3673,3003.208543263964,2605
2022-04-13,10.331036,105.232626,126,123.26948336252188,120,373,367.45882610600097,350,296,286.7352168199737,269,327,302.43561103810777,279,241,238.88501971090668,236,399,386.07774857643454,381,382,374.8880858519492,361,60,57.619141480508105,55,3399,3161.522558037669,2771
2022-04-13,10.33114,105.278682,126,123.90035041611911,122,385,369.27244853263255,355,285,271.4194042925975,245,341,309.15155497152864,291,227,216.86859395532196,209,398,384.0549715286904,377,411,399.14980289093296,381,59,56.66754270696452,55,3535,3214.249014454665,2757
2022-04-13,10.332664,105.264027,126,124.34969325153374,123,382,369.40950920245393,356,304,283.896801051709,261,337,311.5968448729185,286,225,210.3074057843996,202,391,374.47326906222617,346,443,415.1093339176162,392,61,57.56945661700262,55,3600,3274.993645924628,2972
2022-04-16,10.28859,105.207594,126,122.61449211908932,121,398,360.1609371578717,336,305,275.04510619662796,250,318,291.20976571053217,278,249,242.31070724764615,226,397,381.71841471425444,371,393,375.6748412524634,361,60,57.19159185460916,56,3279,2860.556382745785,2612
2022-04-16,10.309139,105.215737,122,120.89945235487404,120,398,367.55650459921145,360,315,283.4868593955321,270,331,300.9710906701708,291,248,241.29544459045113,231,407,396.1719229084538,381,384,362.49759088918086,350,59,55.80245291283398,54,3451,2923.6351292159434,2594
2022-04-16,10.318227,105.218967,124,122.23510078878178,120,379,363.6277948268303,353,315,290.8064445418676,265,335,307.1885138097326,283,249,241.85971065322238,231,416,393.88776852257774,382,380,364.25602805786934,350,60,55.96229723805348,55,3693,3121.9881630863656,2774
2022-04-16,10.321392,105.177554,124,121.82942850886799,121,392,372.8258869908016,360,310,288.6057818659659,257,326,313.34910205869477,274,255,236.51905387647835,221,416,391.00306614104255,371,387,372.3160315374507,357,58,55.896627244853285,55,3508,3121.354796320631,2691
2022-04-16,10.327832,105.216844,126,124.06481278738778,122,391,360.6545454545454,347,300,283.2972617743702,265,329,302.98159912376786,274,245,234.44118291347212,229,416,394.9787513691129,386,380,370.7511500547646,352,59,56.94567360350494,55,3543,3167.623439211392,2665
2022-04-20,10.23625,105.234527,124,122.34984655852702,121,422,387.7390350877194,358,310,290.9993421052632,270,355,318.4914473684211,286,239,214.4914473684211,205,389,350.28596491228075,331,453,435.21929824561425,392,60,58.14473684210526,56,3482,3021.1153508771936,2669
2022-04-20,10.244181,105.230614,123,121.76089336544777,119,419,395.6646221248632,379,310,295.99824753559693,288,351,335.9842278203725,317,218,213.52245345016436,206,357,341.8403066812706,336,449,444.58159912376794,435,60,58.247097480832416,57,3649,3444.3033953997815,2905
2022-04-20,10.257436,105.217205,126,123.09136722173531,119,391,369.43823915900134,352,300,274.27792378449413,251,341,312.9226894437143,292,249,234.4165571616294,211,366,351.4699956197985,331,444,413.93407796758646,384,60,56.826982041173885,55,3694,3205.9480946123513,2749
2022-04-20,10.265814,105.21507,126,124.60797196671045,120,388,369.77295638834096,352,302,270.3144860837168,244,340,320.61275476660086,289,249,230.63094455402148,205,373,349.8308130615823,336,446,419.3600701293008,387,58,56.15296953758492,55,3519,3180.1222879684415,2749
2022-04-20,10.275419,105.234563,123,121.01468010517092,120,397,374.35684556407455,356,301,286.16122672508214,261,339,306.2002190580504,284,203,197.90755750273826,187,387,374.1636363636364,362,438,427.83110624315447,420,61,58.43592552026288,56,3518,3118.3318729463313,2766
2022-04-20,10.275776,105.258985,125,121.49978079789565,120,386,371.4615384615385,361,322,286.3109796186719,259,336,315.7365768134998,290,232,223.39710716633795,212,384,366.7534516765285,355,421,409.93118562349326,399,60,57.72233179925488,57,3570,3240.75147928994,2859
2022-04-20,10.280379,105.241273,123,121.4748028045574,120,395,368.2577251808021,343,299,281.3721236028929,253,341,316.38373876835425,295,217,205.7769011615166,197,377,358.4784133245672,340,447,435.89349112426044,412,61,58.24150777996933,56,3514,3239.0359412667112,2890
2022-04-20,10.281994,105.246519,123,121.5347054959492,121,380,360.6898138006571,346,296,275.7461117196056,250,341,315.1570646221248,303,224,211.55355969331873,197,371,355.014238773275,340,447,433.5568455640745,406,60,57.237239868565176,56,3628,3285.359255202629,2985
2022-04-20,10.283233,105.260351,125,122.26072679509636,121,384,365.9218476357269,352,296,276.5251751313486,259,335,314.07990367775835,290,235,226.5372154115587,216,387,370.7007443082312,357,418,402.5148861646236,387,60,58.2532837127846,56,3559,3265.754816112085,2859
2022-04-22,10.227394,105.164987,124,120.83815155497152,117,424,389.3641340048172,367,324,307.4453689511714,282,338,320.977446901686,304,258,243.692139259908,231,385,360.573023866871,336,417,395.72498357784104,359,60,57.444274140573675,55,3194,2963.199693453032,2614
2022-04-22,10.245058,105.178415,124,121.31500547645129,120,395,382.58251150558846,368,319,300.68639053254435,281,334,324.6964716195485,306,252,244.6638176638176,226,403,382.80736357659435,367,397,372.3530571992111,346,56,55.508437431514366,55,3565,3106.039886039886,2532
2022-04-22,10.24991,105.206339,129,125.09003285870753,123,394,373.59732866214136,360,274,261.83840595576953,247,337,318.9255528793518,298,267,246.5329537989927,234,363,336.3805561637835,326,438,417.1850229910225,370,58,54.69301510838622,54,3707,3323.4727392161144,2873
2022-04-22,10.254048,105.172039,122,120.64518956826652,119,387,373.433896075422,361,306,288.5097566323174,258,331,307.3676825257618,290,265,254.60030695023016,248,402,376.26310019732495,365,380,369.01490901118166,350,59,56.25915369436527,55,3077,2751.6117079587807,2439
2022-04-22,10.255579,105.190922,129,125.09861932938855,120,404,373.4415698311773,352,298,269.8318351238763,243,344,304.4985748739312,292,281,264.75663231747427,240,391,374.52071914053937,357,389,360.6899802674852,346,56,55.343784257838195,55,3434,2902.2350361762774,2555
2022-04-22,10.262681,105.14739,125,120.93060909791828,119,373,354.05110246433213,331,322,291.0814526588846,250,317,290.5870298313878,258,339,239.8088197146563,229,407,388.08456549935147,287,390,372.08197146562907,361,58,56.766018158236065,56,3224,2720.5447470817126,2252
2022-04-22,10.262836,105.117192,121,120.16184844502854,117,402,381.84290096406676,369,324,300.3687554776513,276,334,324.34531113058733,316,273,258.17857142857144,247,384,368.2412357581069,359,387,373.7769500438214,357,59,56.706397896581954,54,3529,3136.740797546013,2723
2022-04-22,10.265977,105.125368,121,119.2803943044907,117,397,372.5269382391588,350,330,304.93517301795885,281,328,315.3363994743758,299,259,248.90494962768278,236,395,378.7612790188348,368,388,372.3495400788435,350,59,57.19250985545334,54,3306,2878.5183968462543,2445
2022-04-22,10.270486,105.19207,128,125.42813321647672,123,406,375.3395399780943,353,294,271.4591456736036,250,344,322.7916757940855,308,266,245.51588170865287,221,372,357.39890470974814,339,426,397.1899233296825,370,56,54.97042716319826,54,3844,3329.6906900328604,3023
2022-04-22,10.279364,105.19089,128,122.53670830593909,120,400,372.57865907099034,357,319,289.82033304119193,250,344,314.21034180543387,284,251,226.71450482033302,216,414,380.24561787905344,352,426,393.0313321647677,345,56,55.81178790534619,55,3844,3147.566170026292,2719
2022-04-22,10.281814,105.114918,120,117.7501642215897,116,414,383.1869384177077,371,322,309.3629191321499,294,338,322.61823361823366,308,250,239.12491781722557,229,391,369.4924391847469,343,415,391.2226605303529,366,60,56.16809116809119,55,3383,3116.9583607275918,2920
2022-04-22,10.283009,105.129752,121,119.28596452813663,118,390,374.2081051478642,341,317,307.0884994523548,291,349,328.24906900328585,309,241,231.60898138006576,225,398,388.32661555312154,369,396,380.1123767798466,367,60,57.425410733844465,56,3388,3135.4190580503832,2830
2022-04-22,10.284027,105.15814,127,122.33209281961472,120,401,375.87779237844944,366,311,295.64826982041177,256,342,319.6381953569864,304,261,255.42049934296975,243,403,388.0361366622864,374,370,356.51182654402106,351,57,55.95992115637319,55,3548,3267.7150678931234,2895
2022-04-22,10.284175,105.143442,122,121.11337719298244,120,378,358.12776682007456,329,316,297.27964058733284,273,327,312.6175761560377,282,260,245.30769230769232,226,404,387.28073635765946,376,390,367.40192855577476,348,60,56.9975893052816,55,3395,3046.4646066184528,2457
2022-04-22,10.286013,105.107472,121,119.24518388791593,117,414,391.2295225580377,365,326,300.6154183092421,276,338,322.6219886114761,307,252,232.90451160753392,216,390,360.54402102496715,337,420,406.75054752518616,376,60,57.686377573368375,55,3488,3145.7566798072703,2907
2022-07-05,10.262288,105.409359,123,120.11437335670463,116,397,366.6985100788781,345,329,307.3650306748466,292,343,327.8602103418055,300,221,210.45771253286594,188,448,417.1365030674847,391,393,372.4861963190183,355,61,58.05828220858896,54,3471,3044.6244522348816,2792
2022-07-05,10.270666,105.424059,121,119.37146614069695,117,419,390.5297853701272,377,324,299.1992991677619,283,343,327.90538764783196,308,204,197.74244415243106,189,447,435.62855891371015,427,375,366.7163819535701,358,61,57.171046868155955,55,3594,3055.079719667106,2773
2022-07-05,10.282741,105.414218,123,120.43977222952257,119,381,361.0324276950044,337,321,286.94938650306756,264,343,307.296888694128,291,219,200.36787905346185,181,459,440.08413672217347,428,385,359.6713409290097,342,58,55.50284837861526,55,3354,2824.2210780017526,2678
2022-07-05,10.292251,105.405536,124,121.53826530612244,119,375,356.76873115286475,343,314,288.3094409649733,270,336,298.65182092321965,287,226,194.76316399907216,175,437,397.2832289491997,355,421,407.98260264439796,373,60,57.41289723961959,56,3180,2713.2043609371376,2534
2022-07-05,10.303175,105.416814,124,121.92971315962338,120,380,360.7163819535699,343,310,287.5716162943496,262,342,313.5398598335524,288,212,197.13534822601844,169,464,450.8480070083225,420,397,352.0700832238283,335,60,56.54708716600965,55,3203,2796.7043363994744,2575
2022-07-10,10.434624,105.327551,126,123.91277668200746,122,404,382.8443665059184,364,314,297.6260412099956,267,360,346.3042525208242,305,237,216.62341078474353,208,391,361.7459447610696,349,432,421.5578693555458,375,60,56.30271810609382,56,3471,3168.6536606751424,2743
2022-07-10,10.436532,105.313783,127,122.02937308198155,119,387,374.06571741511493,363,319,305.9544359255203,275,357,334.9588170865279,315,227,210.6317634173056,197,422,384.7242059145674,351,427,404.62212486308874,363,61,56.92946330777656,55,3656,3340.7789704271627,2985
2022-07-10,10.439647,105.334052,129,125.53996058681851,124,410,372.9032187431574,348,314,288.6702430479526,254,360,328.8548281147362,287,234,223.98795708342453,217,395,371.7674622290344,349,430,404.19334355156565,374,57,55.96518502299102,55,3797,3193.257937376834,2743
2022-07-10,10.442271,105.339057,129,125.81410116049923,124,412,386.09457092819616,358,307,286.1827933450088,270,349,327.7896234676008,294,234,221.80253940455347,200,395,372.34325744308234,352,433,405.8887915936953,374,60,56.32924693520141,55,3840,3475.4128721541165,3090
2022-07-10,10.444036,105.331928,129,126.54702916027188,124,387,367.5605695509311,348,314,275.2464403066813,254,346,316.47447973713037,286,238,227.59167579408552,212,395,384.40525739320924,363,414,387.9555312157722,371,56,55.82519167579409,55,3572,3070.842716319825,2594
2022-07-10,10.446006,105.338972,129,125.53745072273325,123,412,382.9640666082385,345,307,286.5144609991237,262,342,319.4686678352323,277,237,218.15644171779147,200,395,377.62204206836117,358,427,404.3716038562665,374,60,55.58413672217355,53,3840,3351.2598597721303,2577
2022-07-10,10.447125,105.31374,127,125.20993870402799,121,373,360.1716663017299,344,309,290.7341799868623,272,343,317.62053864681405,293,225,208.3157433763959,190,463,432.97525728049055,403,383,358.72279395664555,339,58,56.24589446025838,55,3552,3089.409240201445,2720
2022-07-12,10.257715,105.375007,123,121.7508218277449,120,384,352.5299145299146,335,303,272.1707210168748,256,326,293.49353495507347,276,239,221.23033092263864,205,418,402.6841989918914,376,399,376.0762656147272,364,60,58.43480166557091,56,3620,3193.5036160420786,2852
2022-07-12,10.275826,105.364451,124,123.10297984224363,121,410,360.5357142857143,337,285,255.0105170902717,246,324,296.635407537248,273,222,212.11722173531993,196,417,387.2471516213847,359,425,400.5845749342681,376,61,57.702673093777385,55,3507,3095.3301928133214,2804
2022-07-12,10.303437,105.381252,126,123.76571053207796,118,385,364.94787560227763,348,290,263.18462549277274,240,347,329.34559789750324,307,234,218.0784056066579,192,423,387.35808147174765,355,433,394.6151992991678,372,61,57.259307928164695,56,3878,3438.004380201489,3001
2022-07-12,10.3037,105.354593,130,125.5140166447657,123,377,355.6911281489595,341,284,264.63001095290247,244,327,305.13603504928807,292,224,209.27426067907993,197,367,346.38992332968235,313,478,444.2013143483022,425,61,56.87557502738225,56,3002,2820.8913472070094,2532
2022-07-12,10.314233,105.359823,130,127.35122699386505,123,376,354.7231712658782,341,294,261.5707402540517,237,348,311.2431011826544,288,240,228.29916776171703,211,352,338.2006132282085,325,450,433.66841874726236,408,57,56.58256679807274,56,3273,2910.610600087605,2520
2022-07-12,10.31856,105.374468,130,125.79684763572679,121,389,365.8861147612791,348,319,285.15418309242233,258,357,318.8050810337276,293,244,219.97525186158572,200,398,369.62045554095494,341,429,410.527814279457,387,61,57.391371003066155,56,3516,3011.373193166886,2583
2022-07-12,10.320676,105.364971,130,126.6020609515457,122,370,354.16202587151935,341,306,271.2909449682087,254,335,306.92720894540673,288,244,223.90550317912735,200,398,356.89848717386525,326,446,419.2267046700285,393,59,56.86844990133742,56,3336,2838.443104582328,2520
2022-07-12,10.331447,105.158675,123,121.47731755424064,121,395,370.49528818759586,357,314,298.980714442253,268,334,318.95770326539554,289,254,240.86587771203156,224,411,390.934472934473,375,386,368.2531229454307,353,59,55.42713127328512,54,3980,3510.7959675651987,2823
2022-07-12,10.334417,105.375498,126,123.23213502849626,121,385,365.60420775805386,338,299,273.0784571553802,249,332,303.5733070348455,279,222,206.09007232084147,189,427,411.16721455182994,397,401,382.7148805610344,369,60,56.36445321060707,55,3380,2983.8807801884723,2581
2022-07-12,10.34297,105.382435,124,121.90600350569673,119,393,370.44753559693316,351,291,271.1969331872947,242,325,288.34742606790803,275,222,209.4199342825849,189,425,407.1945235487404,394,396,383.41161007667023,368,60,56.09682365826944,55,3305,2756.7610076670317,2559
2022-07-12,10.35091,105.142796,122,120.84719789842383,119,388,375.6874726237407,358,311,296.2330267192291,284,310,299.2593079281648,283,241,223.91020586947,215,420,397.94174332019276,382,401,377.82785808147173,354,60,55.770258431887875,55,3647,3383.245072273325,2954
2022-07-12,10.35853,105.127583,123,121.52003503393915,120,377,365.4161191414806,345,326,298.42071835304426,273,328,303.9029785370127,285,262,247.95663600525629,225,382,371.65308804204994,360,403,380.24397722295237,360,59,56.57818659658347,54,3735,3228.4621112571185,2753
2022-07-12,10.364419,105.164984,124,122.38045145737456,121,386,373.01292725679235,361,296,289.19018404907973,274,332,310.79075372480287,273,265,245.90534618755487,221,396,367.2657756354076,348,398,386.7681858019282,368,59,56.77629272567924,55,3447,2957.614373356705,2493
2022-07-12,10.368598,105.136423,123,120.93096646942803,119,411,368.86365629110037,353,304,295.00679526523453,273,323,311.9912319158264,296,262,236.88228846996935,222,399,377.1556334940815,369,404,385.70451556334933,362,60,55.85160017536168,54,4114,3556.6639631740463,2858
2022-07-13,10.533759,105.243145,129,126.43523997370154,124,413,368.8103372755147,339,287,268.40998685939564,252,336,302.8158125273763,270,208,197.1633815155497,181,450,432.1999561979852,419,394,370.4693385895752,354,59,56.45751204555411,55,3208,2768.8856767411316,2515
2022-07-13,10.548011,105.248097,133,130.49047514779943,126,391,365.2732049036779,345,285,249.53655866900175,227,323,291.2714535901927,266,244,229.4964973730298,208,424,391.6243432574431,385,392,378.9824868651489,364,59,57.06939579684764,56,3432,2912.217819614712,2608
2022-07-14,10.37346,105.184697,124,122.01445466491457,121,411,379.4329241560718,363,311,295.81630863656284,289,333,315.20122753178435,299,218,209.96427005699255,205,409,397.47062691801835,376,415,392.46799649276636,377,56,55.47413415168785,54,3666,3378.278605874616,3183
2022-07-14,10.375619,105.124248,122,120.90070144673389,120,378,358.29826868288404,345,313,294.46942800788946,272,331,301.3092263861494,283,256,247.60880999342538,229,411,372.4231865001095,355,397,379.96778435239975,355,61,55.96296296296296,54,3523,3216.367959675653,2737
2022-07-14,10.378511,105.144998,125,122.76983779044276,120,380,361.580376697328,338,297,281.6386333771353,251,324,300.4290407358738,277,232,223.59767849321068,215,424,401.3219448094613,377,394,375.0565045992116,353,59,56.689224704336404,55,3620,3222.3282961016203,2843
2022-07-14,10.379507,105.154892,125,122.78094194961668,121,368,351.6620644312953,338,292,264.9143107604646,248,323,289.2866535174228,276,237,227.0797720797721,216,433,420.5917159763313,401,378,352.2833662064432,342,59,56.13083497698883,55,3749,2968.6785009861937,2597
2022-07-14,10.381544,105.174719,124,122.34304490690032,120,396,373.2858081471747,357,311,292.3812965396408,267,331,313.2652212001753,297,227,219.74485326325015,205,432,391.2536136662286,368,407,388.8856767411301,346,59,55.97722295225581,54,3762,3293.4375821287776,2773
2022-07-14,10.389374,105.169781,125,122.824895901819,120,381,357.2683887915936,341,311,281.6304728546409,253,324,302.61077057793347,284,238,226.62543782837128,217,432,412.74671628721535,393,387,360.60310858143606,346,59,55.295315236427314,54,3806,3253.979640980735,2773
2022-07-14,10.391295,105.178235,125,123.25054752518619,122,378,361.53645719290563,344,313,295.513247208233,265,333,308.3722356032406,295,229,212.48434420845192,199,454,427.49003722356036,405,381,359.9697832275016,338,58,55.103131158309616,54,3802,3396.019487628641,3133
2022-07-14,10.391781,105.161155,124,121.78576122672507,120,384,366.72129710780007,350,303,282.1345311130587,261,325,308.32164767747594,289,243,235.8429009640666,230,418,408.50569675723057,401,369,355.6706836108676,347,59,55.44106047326907,54,3806,3286.5782208588957,2865
2022-07-14,10.395094,105.169245,125,122.21932515337426,120,391,361.92919772029813,341,299,271.75668566418244,253,326,302.11749232792636,284,238,229.0230162209557,217,419,412.3805348531346,402,366,358.46405085488817,351,58,54.868917141604555,54,3894,3380.942569048663,3134
2022-07-14,10.395734,105.143745,125,122.36774052158667,120,394,371.21835304423996,354,310,293.3455978975032,277,361,329.31340341655715,309,237,219.56570302233902,211,431,413.8033289531318,376,387,366.6263688129654,358,58,55.45904511607534,55,4038,3472.442181340342,3203
2022-07-14,10.396044,105.180167,124,122.76587823039861,121,382,365.1379763469119,350,317,293.9879544459045,269,337,313.49780989925534,296,234,215.1281208935611,200,442,427.65111695137983,411,373,357.0683311432325,343,59,54.55716162943495,54,3691,3378.235435830048,2952
2022-07-14,10.44784,105.141425,124,122.16173570019728,120,383,371.40828402366867,363,325,304.32127985974137,276,342,317.7473153626999,297,244,230.0716633793557,217,408,389.7177295638834,376,400,380.2763532763533,348,60,57.03221564760026,54,3521,3012.1238220468977,2581
2022-07-14,10.461453,105.172294,124,122.83209118807541,121,386,379.2810170977641,374,328,310.06685664182373,292,335,320.34743533537915,302,206,197.53660675142478,192,430,419.0664182376149,410,394,383.5526085050416,369,59,55.67097764138535,54,3766,3194.631740464708,2723
2022-07-14,10.467778,105.163448,123,122.39145673603507,121,395,376.35889570552143,352,326,305.4250657318142,284,337,318.7300613496932,294,215,204.09837861524974,194,427,420.2015775635407,404,388,375.7782646801051,362,59,55.6117440841367,54,3717,3165.1976336546877,2799
2022-07-14,10.522871,105.184845,123,121.93955321944811,119,391,370.35429447852755,362,315,287.3115687992988,264,339,300.29732690622245,274,227,216.32843996494296,202,433,415.5313321647677,400,390,367.8983347940402,356,60,56.66235758106924,54,3174,2807.710122699386,2568
2022-07-14,10.524439,105.254678,130,126.79544459045118,123,385,361.35676741130095,351,284,264.3668418747262,243,318,296.90494962768287,279,188,177.13272010512486,165,465,450.9829172141918,434,385,371.79982479194035,356,61,57.72711344721858,56,3405,3080.2623740692065,2719
2022-07-14,10.535058,105.252744,129,127.1265323992995,123,385,356.62959719789836,337,287,258.7813047285464,237,320,277.77035901926433,257,225,194.3795971978984,180,452,425.0378721541155,380,397,380.55516637478104,361,61,57.21935201401051,55,3064,2798.2878721541147,2594
2022-07-14,10.536277,105.293087,129,127.04193781634129,125,393,379.884570899838,353,315,291.20171177423083,275,329,300.6613462873005,286,238,200.8172565348138,181,434,419.60120286837844,404,402,379.58778625954204,354,59,56.885496183206115,55,3384,2900.4226231783477,2464
2022-07-15,10.384444,105.3447,124,121.37311145171886,120,386,373.5815633895336,353,312,297.525947011167,272,325,307.8721261221808,283,196,181.3939128530764,167,424,396.5469673746441,372,444,421.97460039413176,406,60,57.19443836216334,56,3805,3373.3685132472074,2955
2022-07-15,10.390554,105.336857,122,120.92796146266694,119,382,367.50470768557045,353,314,294.1889643091746,272,321,299.6139697832276,283,181,169.88745347054962,159,450,414.3512152397636,379,440,415.93540617473184,392,60,57.23779286183492,55,3885,3349.844536895118,3015
2022-07-15,10.391149,105.359279,123,122.31872946330776,121,395,375.2788356314292,358,314,302.5305318450427,282,323,308.75180564674986,294,194,182.26285839352158,169,409,388.11249726417157,373,448,429.7960166338367,414,60,57.347778507332016,55,3646,3241.8424162836504,2905
2022-07-15,10.391491,105.34899,124,121.71406660823838,121,386,368.5143483023001,347,313,289.59671412924433,270,325,302.49857612267255,278,178,167.90821467688943,156,426,412.3235487404162,391,440,419.8212486308872,406,61,58.12289156626507,56,3646,3272.537568455641,2928
2022-07-15,10.399353,105.356462,124,121.95048203330413,119,387,368.3959246275198,348,318,291.3356704645049,275,327,301.5076687116565,286,197,187.25372480280453,161,410,387.5339614373357,373,448,424.8422436459245,415,61,57.2508764241893,55,3696,3120.916520595969,2774
2022-07-15,10.405902,105.36283,123,121.26281208935612,120,397,369.1196581196581,348,326,299.5996055226825,279,324,307.5364891518737,289,197,188.39206662283584,173,408,378.6504492658339,364,461,432.63839579224197,419,61,55.73942581634889,54,3696,3310.4306377383296,2851
2022-07-15,10.409367,105.355252,123,121.13644327639074,120,385,369.48412524633244,348,309,298.1626888548282,277,326,311.6238230786075,291,199,190.08473834026717,180,397,378.6827238887674,364,443,431.2955988613971,415,58,56.881322531202116,55,3594,3338.601051018175,2969
2022-07-15,10.419561,105.277369,126,124.42444152431013,122,409,384.96342531756477,370,330,294.01598773543594,272,354,332.99956197985114,319,213,194.46430135786252,179,405,377.6765221200176,358,441,427.87888742882177,410,60,57.428821725799395,55,3573,3240.698861147614,2988
2022-07-15,10.420981,105.295797,123,121.35451358457496,119,411,381.4062636881296,359,337,317.6706088480071,297,353,337.650240911082,322,196,184.19929916776178,177,402,383.32763907139736,370,449,432.3826106000876,410,61,58.4419623302672,56,3653,3425.0409548839248,3068
2022-07-15,10.43531,105.292557,123,120.89268506351293,120,398,378.78707557502736,360,315,304.08784227820365,284,344,332.18357064622126,315,210,198.5296823658269,176,455,414.0219058050383,388,408,387.3001095290251,366,60,58.40525739320917,55,3756,3443.48630887185,3177
2022-07-15,10.458369,105.270803,127,122.679745725559,121,409,388.22292854011414,354,330,303.6262604121,245,364,335.1223147742219,281,182,168.33252959228412,157,480,456.00065760631304,437,396,375.82595352915394,350,58,55.91736080666375,55,3662,3298.1345900920655,2613
2022-07-15,10.467721,105.192464,128,125.92902519167578,124,392,372.36152497808945,355,326,297.0948729184926,267,326,298.0357142857144,281,213,203.07712532865906,193,433,420.82405784399646,409,397,376.0190622261175,366,59,56.01468010517091,55,3368,2903.976336546889,2425
2022-07-15,10.469839,105.211568,125,123.85554581323981,121,417,389.94697633654687,376,332,306.2182296231375,270,335,315.04754601226983,302,205,188.60078878177032,178,456,434.9881682734443,407,396,376.6031989482909,362,60,57.299517966695866,55,3482,3278.341367221735,2878
2022-07-15,10.470013,105.264425,124,123.43492550394394,122,408,388.5680175246441,376,326,307.8792990142388,266,355,337.55005476451265,315,185,172.1713033953998,162,455,442.3472070098576,421,411,385.5461117196058,369,59,56.29441401971522,56,3728,3365.826725082147,2863
2022-07-15,10.470305,105.287062,129,126.38685651697699,124,399,371.76319824753557,337,319,294.4797371303396,269,349,316.51894852135825,281,185,169.39233296823662,160,424,406.7373493975905,388,437,423.86812705366935,397,59,56.32968236582696,56,3690,3238.8440306681277,2668
2022-07-15,10.476738,105.227333,123,122.19649507119387,121,422,390.6144578313252,377,328,305.6534501642936,281,358,329.32157721796284,310,193,183.15837897042718,176,455,436.8157721796276,429,388,380.08192771084333,361,60,56.99759036144579,56,3563,3160.280832420591,2736
2022-07-15,10.48195,105.238448,124,122.45191675794082,121,407,387.6344721857205,366,328,302.5308804204994,285,353,328.3920280332896,304,195,182.2702584318879,168,465,444.8556723609286,422,384,372.8169075777486,364,60,58.1204555409549,56,3629,3276.3545773105566,2875
2022-07-15,10.485812,105.267525,124,121.488275257506,119,414,377.6136662286466,355,320,301.55037231712663,274,333,306.1936049058257,277,184,178.92181340341656,170,448,437.5821287779237,427,398,383.45795006570296,369,59,56.21353482260184,55,3549,3080.7702584318877,2682
2022-07-15,10.485917,105.210104,127,124.73121577217965,122,422,375.8928806133624,351,305,285.57897042716314,267,327,305.02891566265055,275,195,185.8070098576122,175,458,437.6917853231105,412,408,376.58860898138,364,60,56.73910186199341,55,3373,2905.6841182913463,2558
2022-07-15,10.492098,105.216926,128,125.44502847130971,122,395,370.14598860149067,352,302,277.4886014905744,265,337,293.44629548443675,267,200,183.45067952652352,175,465,450.1374397194213,421,385,366.3599298553267,355,60,57.10806663743973,55,3364,2748.4451994739156,2463
2022-07-15,10.494104,105.291042,127,124.61423877327492,123,395,377.7689949638713,362,323,307.176045544121,284,335,306.72257499452604,288,190,181.70308736588572,175,440,429.0851762645064,414,403,389.24392380118246,370,57,56.28311802058244,56,3743,3449.8311802058242,3053
2022-07-15,10.494453,105.241281,125,123.90556529360212,122,401,382.0825667980727,367,304,294.6381953569864,275,359,327.44568550153303,305,183,175.44459045116076,166,458,446.96254927726676,438,388,377.6846254927727,367,61,58.7496714848883,56,3725,3375.7553657468243,2905
2022-07-15,10.501829,105.273585,127,125.29012480840815,123,389,372.922891566265,349,315,297.4396495071194,284,329,301.99342825848845,291,186,178.49047097480832,172,456,443.3732749178533,427,400,378.21489594742604,368,59,56.85564074479737,56,3444,3189.9443592552025,2763
2022-07-15,10.50203,105.222373,130,127.08654688869414,125,393,381.80582949813726,367,297,282.28643436335744,264,334,306.6388341003726,278,200,180.2962962962963,164,463,449.29848783694933,432,383,370.3418803418803,356,58,56.281612973920666,56,3272,2829.2496164803856,2454
2022-07-15,10.502728,105.233111,127,124.64498466929479,122,405,385.98467265163146,378,307,289.0954674841254,265,354,325.91569958397207,300,186,177.01335668929283,171,461,453.7495073352312,436,381,368.89467922049494,359,60,57.1933435515656,56,3434,3077.1383840595586,2579
2022-07-15,10.50915,105.265098,127,126.41675806097832,125,390,367.6486960333115,355,305,287.5866754328293,271,331,302.32040324348026,275,184,174.6416831032216,167,462,454.73876835415297,446,380,370.4687705456937,355,61,58.55840455840456,56,3561,3190.09577032654,2756
2022-07-15,10.510542,105.248554,129,126.43530701754386,125,383,372.1155195089874,355,302,273.81170539237183,258,330,304.79526523454626,265,190,174.95287154756693,166,465,450.62165716790895,438,386,374.1639631740465,357,61,59.229723805348534,56,3487,3163.07825515125,2661
2022-07-17,10.375656,105.29185,124,121.86412447950912,120,393,372.9918966272448,353,318,297.6936049058257,250,345,326.0223390275952,291,228,216.94590451160758,202,392,380.63688129653957,358,427,402.2676303109943,385,59,56.11979851073149,55,3758,3479.7196671046863,2692
2022-07-17,10.378696,105.309113,123,121.18116100766711,120,390,380.2658782303985,362,315,291.91108190976786,270,338,318.48795444590445,294,215,207.9756898817346,198,422,413.09329829172145,402,399,378.9524748138414,370,59,55.04555409548839,53,3601,3367.5851949189655,2862
2022-07-17,10.386495,105.284636,125,123.36799474605957,123,396,375.61454226894426,362,303,284.8162505475251,252,349,331.8291721419185,298,259,228.7144108628997,201,403,355.00635129215937,329,453,416.30201489268495,379,59,56.29916776171703,55,3846,3317.2063074901444,2587
2022-07-17,10.396712,105.324921,121,120.35524873986414,119,401,375.1550930996713,358,324,307.7145673603505,288,338,320.7664841182914,294,206,182.7526834611172,174,441,422.8341730558597,387,424,394.3859802847754,379,60,56.212705366922236,55,3652,3334.9406352683454,3022
2022-07-17,10.396951,105.281083,124,121.3884750219106,119,403,380.70821467688944,357,336,316.43658269441426,276,353,339.0534501642936,318,229,213.00131434830237,200,396,376.5423877327493,345,432,410.3984665936475,388,60,55.985542168674726,55,3759,3506.730996714131,3136
2022-07-17,10.415137,105.316832,125,123.2611744084137,123,410,379.3039000876425,362,339,307.6535933391762,293,350,326.51161262050834,315,210,201.0878615249781,190,429,387.1450482033304,366,430,411.82120946538146,380,58,55.689526730937786,55,3748,3431.346625766872,3216
2022-07-17,10.421158,105.237197,127,125.42672508214677,124,378,365.69075777485773,350,301,287.50832238282965,265,345,330.56592203241354,304,246,232.33442838370573,216,397,378.76565922032427,364,406,388.90932982917224,364,57,54.84515987735436,54,3778,3410.8572054314504,2934
2022-07-19,10.370371,105.275589,130,128.35919351303968,124,376,364.09929855326624,352,294,260.7693993862342,236,341,319.6192459447612,296,238,231.98421744848758,219,370,356.71240683910577,344,427,411.1714160455942,392,59,57.85116177115302,55,3472,3129.7119684348986,2681
2022-07-19,10.374004,105.228649,126,123.55935173017957,122,399,372.3172761112328,349,317,301.2737026494416,287,346,332.48784760236487,310,233,221.62294723012917,199,406,388.80862710751035,372,409,389.88876724326684,377,61,56.91175826582002,55,3704,3483.551127654915,3026
2022-07-19,10.374524,105.255016,128,125.39101861993429,122,376,360.1541155866901,345,314,292.11996497373036,280,342,320.6862959719791,285,224,209.78436952714537,191,404,361.3601138353767,310,473,428.8914185639231,378,59,56.15674255691769,55,3553,3209.934982486866,2828
2022-07-19,10.375756,105.208993,124,122.29425942156004,120,393,361.2701577563541,337,307,294.35056967572297,282,334,320.7432077125329,299,221,202.81704645048202,195,412,386.5810692375109,368,428,410.70990359333916,391,58,55.220639789658186,55,4069,3608.838080631025,3093
2022-07-19,10.392248,105.227502,124,123.21861993428259,120,387,375.129520052597,366,313,295.678939294324,280,349,331.61406969099284,303,230,221.98750821827753,209,433,415.04010519395155,385,389,362.9228577690116,343,60,57.378917378917386,55,3474,3215.5364891518743,2777
2022-07-19,10.394517,105.260713,125,123.47063978965818,122,411,380.8409638554217,354,317,300.09550930996716,286,345,337.53975903614463,328,227,217.84972617743708,205,370,331.726834611172,310,472,450.54852135816003,425,59,56.507119386637456,55,3957,3454.303833515882,3220
2022-07-19,10.402927,105.235656,129,126.33238387379494,123,388,364.9634092900964,353,309,292.5072304995618,270,356,327.5475460122699,299,254,239.3472830850132,218,433,392.53746713409294,371,389,368.33435582822085,344,59,56.25482033304118,55,3481,3071.952234881682,2526
2022-07-19,10.404721,105.258428,126,124.71012269938655,123,420,381.6352476983778,353,313,295.48509425690486,283,354,334.9180184129767,314,240,206.15366067514242,196,387,361.1950898728627,339,449,432.43511617711516,377,59,55.75822007891274,54,3851,3515.6080666374387,3174
2022-07-19,10.406199,105.248616,127,125.61875547765116,124,408,366.62483574244413,346,311,294.1530880420499,270,346,327.0569426193605,296,257,238.89027595269386,207,399,383.83004818221644,353,438,377.15834428383715,358,59,55.7724485326325,55,3851,3401.701051248357,3004
2022-07-20,10.195117,105.200047,127,122.5135786246168,119,399,375.8163891323401,357,325,284.86064855390003,245,335,306.94500438212094,289,257,242.45048203330404,235,371,355.87620508326023,337,420,401.7237072743207,380,58,55.1963190184049,54,3567,2965.0961875547755,2521
2022-07-20,10.205563,105.193771,123,120.95070113935142,119,434,385.1767798466593,371,327,304.6630887185104,285,330,305.57283680175243,292,241,234.20700985761223,225,387,370.0665936473166,358,408,395.74501642935377,373,59,56.333406352683454,55,3407,2961.4547645125963,2601
2022-07-20,10.208515,105.202809,124,120.71619548542624,119,388,380.7786058746164,372,323,296.88228846996935,257,320,306.33625602805785,291,254,236.8877685225778,231,377,361.71701008329677,338,413,401.360149057431,386,58,55.95944761069706,55,3332,2868.005041648399,2471
2022-07-20,10.212886,105.174836,122,120.84205914567359,119,437,387.32004381160993,359,313,299.20744797371293,283,344,314.1391018619933,292,244,237.5419496166484,224,375,359.8963855421686,344,422,402.63198247535587,389,60,58.256297918948526,56,3175,2792.624972617743,2438
2022-07-20,10.214156,105.214175,122,119.64424972617742,118,402,379.64374863148686,359,312,291.225968907379,271,338,306.19925552879357,287,248,234.33829647470986,227,369,352.2673527479746,340,428,413.5086490037224,383,59,56.45193781475805,55,3394,3058.025180643749,2774
2022-07-20,10.227394,105.164987,124,120.83815155497152,117,424,389.3641340048172,367,324,307.4453689511714,282,338,320.977446901686,304,258,243.692139259908,231,385,360.573023866871,336,417,395.72498357784104,359,60,57.444274140573675,55,3194,2963.199693453032,2614
2022-07-20,10.232673,105.15164,126,122.74824715162141,118,385,370.6870479947404,348,316,290.36774052158665,219,320,302.03309226386153,264,329,265.16568047337284,242,410,378.07999123383746,332,399,356.6313828621522,332,59,56.974358974358985,55,3274,2951.3221564760033,2653
2022-07-20,10.245058,105.178415,124,121.31500547645129,120,395,382.58251150558846,368,319,300.68639053254435,281,334,324.6964716195485,306,252,244.6638176638176,226,403,382.80736357659435,367,397,372.3530571992111,346,56,55.508437431514366,55,3565,3106.039886039886,2532
2022-07-20,10.246984,105.216849,126,122.13537787513688,119,430,387.1569958397198,369,323,288.40091964090215,263,364,323.8843880008759,294,246,231.69629954017955,214,380,350.7790672213707,328,433,417.46814101160516,385,60,56.567111889643094,54,3655,3380.7862929713165,2941
2022-07-20,10.248814,105.361138,124,122.96363636363634,122,362,345.9107651830738,333,271,257.3387415040561,246,312,286.25191843893884,270,244,234.81276035957026,215,414,385.10545932909446,371,397,380.22714317035735,361,60,57.01512826134619,55,2999,2777.0449462837096,2643
2022-07-20,10.249044,105.347198,123,121.52453987730061,120,387,362.8469633852226,349,279,267.52225389169047,255,315,290.8430168822627,280,249,235.21968866476652,220,379,368.00219250164446,345,421,396.7888620916467,379,60,56.1315500986626,56,3563,3000.3396185047145,2713
2022-07-20,10.254048,105.172039,122,120.64518956826652,119,387,373.433896075422,361,306,288.5097566323174,258,331,307.3676825257618,290,265,254.60030695023016,248,402,376.26310019732495,365,380,369.01490901118166,350,59,56.25915369436527,55,3077,2751.6117079587807,2439
2022-07-20,10.258961,105.323388,127,122.86706088480067,121,399,365.595488392466,343,297,276.52212001752076,257,323,293.57139728427506,263,234,223.9989049496277,215,386,368.01073149364873,343,436,407.9728427507665,387,59,56.05825667980727,55,3341,2891.560446780552,2488
2022-07-20,10.265977,105.125368,121,119.2803943044907,117,397,372.5269382391588,350,330,304.93517301795885,281,328,315.3363994743758,299,259,248.90494962768278,236,395,378.7612790188348,368,388,372.3495400788435,350,59,57.19250985545334,54,3306,2878.5183968462543,2445
2022-07-20,10.268095,105.344826,125,123.23455978975032,122,378,361.4265060240964,345,288,268.3774370208106,250,325,297.5872946330779,279,237,224.87754654983573,219,370,355.0499452354875,345,431,420.0446878422782,397,60,58.76078860898139,56,3363,3016.362541073385,2614
2022-07-20,10.268524,105.337611,125,123.43830813061578,122,378,364.72645641699506,348,288,262.82479194042924,251,337,296.7240473061761,279,236,226.2137538326763,217,357,346.1572492334647,330,445,427.7025843188786,409,60,58.23280770915462,56,3388,2933.4643013578625,2663
2022-07-20,10.272277,105.291556,128,125.74123575810692,120,395,365.6835997372454,349,295,261.7709656229472,240,342,315.61681629078157,278,255,245.44142763301946,227,386,352.9706590759797,334,419,401.67133785855043,374,59,56.09218305233193,55,3595,3199.5395226625787,2899
2022-07-20,10.277579,105.307934,126,124.86853637160385,123,382,363.6455640744798,340,310,288.259364731654,255,336,311.6926615553122,282,237,224.98970427163204,216,382,366.1029572836802,354,423,408.9695509309968,388,56,55.36516976998906,55,3558,3210.1334063526842,2759
2022-07-20,10.282365,105.276189,130,128.24134151687858,125,375,358.29156519814023,343,278,254.86761124640242,233,334,298.35753818906346,270,244,232.42129732123084,216,396,359.4142129732123,339,433,408.21452291343803,384,58,55.04405578924063,54,3635,3209.585122869161,2788
2022-07-20,10.282445,105.330149,125,122.5531448608372,120,403,369.7769264448337,354,313,289.8185201401051,256,342,314.8785026269703,292,232,216.68739054290722,208,375,365.3272767075307,340,431,418.02298598949216,408,59,57.002408056042036,56,3624,3229.704903677759,2868
2022-07-20,10.298963,105.275991,126,123.46898969975888,122,398,356.95051456098105,342,296,272.1655353623824,240,319,287.0442303481498,266,257,217.16816290781702,210,398,383.53733304138393,367,412,399.4390190497044,376,59,56.41230567111891,55,3548,2882.101598423473,2561
2022-07-20,10.303589,105.234936,123,120.69264448336257,117,372,357.5029546946817,344,299,279.65156489384987,262,322,303.22390019697974,290,238,226.56839571022104,213,403,387.02779601663394,363,410,386.4502079229591,365,61,57.95578901291312,56,3794,3301.620923615671,2897
2022-07-20,10.306769,105.34023,124,121.73280770915461,119,383,362.7910186199344,346,304,266.8795180722892,240,322,305.8569550930998,288,230,220.56276013143483,212,372,363.6431544359255,359,426,415.81292442497266,399,61,56.39671412924427,55,3462,3037.1329682365827,2799
2022-07-20,10.3154,105.280846,126,123.2558830249029,121,419,368.12920436093714,352,304,272.92229181164475,238,344,309.5532359081419,279,244,228.3474831825563,217,401,390.330549756437,365,415,381.2908837856647,362,59,56.02899559266992,55,3439,2992.9872419392254,2573
2022-07-20,10.316024,105.309873,125,123.15396408234783,122,374,362.4986853637161,335,291,267.8369851007888,252,320,301.0944347063979,279,228,208.45092024539883,198,414,402.64921121822965,354,425,389.08041191936917,372,58,55.72633654688871,55,3345,3068.4515775635414,2703
2022-07-20,10.319903,105.230831,126,124.02847754654987,121,378,358.1224534501642,343,294,274.33515881708644,259,325,297.95246440306664,279,240,232.15246440306677,223,411,398.67754654983554,382,382,369.2339539978093,359,60,57.11960569550931,55,3673,3003.208543263964,2605
2022-07-20,10.320371,105.259016,125,123.42816469557596,122,398,380.03044240035035,354,291,277.6016206745511,259,333,317.5858519491897,287,224,215.90188348664037,205,380,373.1377573368375,362,426,411.1070959264125,399,59,56.388742882172586,55,3451,3073.444152431012,2716
2022-07-20,10.325047,105.251136,126,124.65535362382305,123,375,361.7400350416119,349,304,286.98028909329827,262,321,305.1197985107315,282,244,233.85611038107754,213,392,380.82084975908884,363,415,385.32303985983344,371,59,57.33858957512046,56,3605,3192.9590451160757,2726
2022-07-20,10.327284,105.359541,129,126.26232741617358,122,403,378.774808324206,352,314,283.1960569550932,251,344,328.5940854326397,298,229,209.3204819277109,191,398,358.0928806133626,336,449,432.6547645125958,396,61,57.00065717415116,56,3522,3178.297480832421,2591
2022-07-20,10.327543,105.350908,129,122.6068844551634,120,407,382.0927021696252,370,320,306.8415516107824,269,352,335.0515012053473,314,203,192.09883848345382,187,369,360.52618891080425,348,458,447.4433486741179,435,60,57.745123822046885,56,3455,3081.8888888888887,2762
2022-07-20,10.327617,105.33024,125,122.2127519719544,119,416,369.36465177398173,345,291,271.6927288655279,249,349,311.9868593955323,282,226,215.4561979851074,209,405,388.0540954883926,362,413,396.62790188348674,387,56,55.43780113885241,55,3446,2842.5530004380216,2621
2022-07-20,10.33114,105.278682,126,123.90035041611911,122,385,369.27244853263255,355,285,271.4194042925975,245,341,309.15155497152864,291,227,216.86859395532196,209,398,384.0549715286904,377,411,399.14980289093296,381,59,56.66754270696452,55,3535,3214.249014454665,2757
2022-07-20,10.337977,105.288583,128,125.0258545135846,122,375,358.1628671635249,342,281,258.191363437089,235,332,298.63217886891726,278,236,225.5046032441912,209,406,387.392371766769,368,402,387.02959228408605,374,59,55.23958790004386,55,3684,3249.501972818939,2681
2022-07-20,10.339092,105.325101,126,123.29382120946542,121,387,361.7333479404032,342,287,269.5184049079754,248,320,294.2416739702016,269,236,216.12335670464503,209,417,401.46187554776503,381,404,382.4699824715163,374,59,56.638255915863276,55,3270,2923.037686240141,2593
2022-07-20,10.342217,105.346028,126,123.81792287467135,122,379,363.75640183847685,345,308,282.02013569708913,258,322,293.43751367914217,272,235,219.70868899102655,202,381,370.1453272050777,357,431,410.1847231341651,396,59,56.35390676296785,55,3022,2705.0332676734524,2477
2022-07-20,10.342299,105.365285,125,122.59657969743483,119,388,358.9316239316239,337,297,266.95375849222,234,324,294.09226386149464,270,266,213.17006355467888,196,412,374.6114398422091,353,435,412.1917598071444,372,60,56.59763313609468,55,3438,2840.6283147052377,2525
2022-07-20,10.345924,105.270456,128,124.4165571616295,122,379,356.9498357064623,336,291,276.52092004381166,250,337,306.18576122672516,274,230,214.85235487404168,206,400,386.05125958378983,367,417,399.0346111719606,384,61,57.83483023001097,56,3670,3233.1136911281496,2853
2022-07-20,10.400449,105.171793,124,121.47054959492007,119,391,368.12833990363555,350,310,288.4045116075339,260,341,317.58979413053,292,234,222.30573806395094,204,435,418.72251423565484,407,366,358.9592641261497,343,55,54.34669294787561,54,3894,3501.4067017082784,3146
2022-07-20,10.412311,105.176834,122,120.24403066812705,118,412,373.00372398685647,352,333,302.3509309967141,286,350,320.97415115005475,297,225,211.47360350492878,198,431,421.6140197152245,411,387,367.02081051478655,353,59,55.333625410733845,54,3864,3514.3572836801745,3167
2022-07-20,10.417324,105.208881,125,123.01380368098164,121,392,360.48641542506573,347,318,296.6329973707275,267,343,318.49276950043827,296,235,208.89658194566178,193,440,419.66126205083265,372,408,371.26183172655567,353,55,54.83063102541631,54,3810,3301.5438212094664,2936
2022-07-20,10.426155,105.176598,126,123.96694395796848,120,389,357.2293718537975,338,306,278.51499233968053,254,353,318.24316042897794,287,229,217.7623112278398,204,417,380.11950098489837,364,423,401.9662945940031,377,57,54.82446924928869,54,3718,3299.4038082731454,2675
2022-07-20,10.427104,105.210954,126,124.45189568266491,123,380,357.2916301489922,347,303,292.776073619632,267,353,334.16958808063106,312,232,210.55477651183173,203,405,395.43755477651194,384,408,393.9417177914111,364,56,54.74978089395269,54,3889,3575.355609114812,3069
2022-07-20,10.447684,105.190977,128,124.90861275476662,123,393,362.63148675279183,339,305,291.9551127654916,277,345,328.8373111451719,298,223,212.65973286621417,203,391,371.9281804247866,361,427,415.2888110356909,389,57,55.661046638931474,54,3730,3400.945916356471,2789
2022-07-20,10.44819,105.181879,127,123.7687253613666,121,402,375.1243977222952,344,300,287.490582566798,267,343,320.46911957950067,288,224,205.82084975908893,183,446,397.73061760841,365,423,396.6213315812527,364,56,54.993648707840556,54,3730,3277.56329391152,2537
2022-07-20,10.452718,105.220233,127,124.04621112571179,120,399,373.0155531215772,360,323,304.8727272727273,288,341,318.3861993428259,286,195,180.15859802847757,172,456,442.05914567360367,411,394,377.67097480832433,368,57,55.264403066812726,54,3642,3360.848192771085,2702
2022-07-20,10.452795,105.21348,128,124.52520824199911,121,426,380.14802631578954,344,326,303.38859649122804,272,341,320.9677631578947,286,212,187.6684210526316,176,455,419.8021929824563,373,423,392.3719298245616,368,57,54.99627192982457,54,3662,3305.8311403508774,2702
2022-07-20,10.458467,105.196191,126,124.90544977019042,123,406,392.2084975908892,373,327,313.5803766973282,268,348,320.0978975032852,295,220,202.89640823477882,191,442,414.87122207621553,364,430,382.054752518616,352,58,55.616294349540084,55,3700,3305.1892247043365,2788
2022-07-20,10.459704,105.218744,124,121.715318869165,119,405,390.4205914567361,370,339,311.2928806133625,301,343,332.88652792990143,314,195,181.78707557502742,177,457,444.27820372398685,411,394,373.87491785323124,357,58,55.850164293537794,55,3789,3544.376341730559,3254
2022-07-20,10.460493,105.209967,125,123.25333917232324,122,427,401.90692071835304,380,332,317.3880858519492,292,342,328.9373631187035,300,205,196.58453788874286,177,455,424.61300919842313,373,423,378.85961454226884,361,60,55.76281208935611,55,3785,3429.993429697766,2733
2022-07-20,10.463816,105.133945,126,123.17166630172973,121,385,360.65147864184013,343,312,290.75531215772185,275,330,308.4556407447974,297,262,248.5741511500548,224,416,384.7312157721796,376,378,366.6834611171961,358,61,56.59123767798468,55,3114,2603.6127053669225,2383
2022-07-20,10.465667,105.225904,124,121.63978965819459,119,399,387.8234005258544,375,339,323.1281770376862,300,354,330.8052147239263,306,191,184.1818580192813,176,461,447.31726555652926,437,382,368.41016652059585,353,58,56.12642418930761,55,3943,3443.7508764241893,2891
2022-07-20,10.48065,105.130089,124,122.41524310118263,121,375,358.56714129244256,348,325,300.43745892661565,274,338,316.10733844468785,283,252,222.52048192771088,198,422,410.25147864184015,390,394,367.3412924424973,347,61,55.516538882803964,53,3364,2953.953121577218,2477
2022-07-20,10.501648,105.096892,125,121.9364453210607,120,422,385.8371328364753,369,316,305.4327049539676,288,348,328.5569925471285,311,275,223.4318281455502,214,437,420.79373081981583,368,371,355.7148180622535,338,57,54.92897851819378,54,3751,3455.9434458570813,3280
2022-07-20,10.510203,105.111601,123,121.20871660096367,119,445,401.2915662650603,368,310,299.03986856516974,286,351,327.645125958379,273,229,217.47667031763416,200,469,434.4757940854326,413,369,348.0869660460022,323,59,56.436801752464405,55,3418,3094.2276013143473,2589
2022-07-20,10.521154,105.115666,123,120.7313922942207,117,429,399.3677984665937,374,321,304.83373493975915,288,346,326.5853231106244,302,217,203.40394304490692,198,456,443.1336254107338,419,365,353.2933187294634,333,59,56.94830230010953,54,3509,3157.4111719605694,2612
2022-07-20,10.534074,105.126326,124,122.06419807186683,120,438,400.05936473165394,378,335,305.5660460021906,291,368,344.8276013143483,305,221,208.91500547645128,197,467,446.47272727272735,418,364,344.5805038335159,328,60,56.87294633077767,54,3567,3290.444687842278,3069
2022-07-21,10.358094,105.189541,123,121.3273483687322,120,391,367.35041611914147,352,308,288.3587385019711,279,336,325.76062198861143,304,263,247.05234340779677,226,388,359.7146298729742,329,414,393.05102934735,377,59,56.89925536574683,55,3884,3533.750109505037,3155
2022-07-21,10.358727,105.222371,124,122.29215943933424,120,393,365.69222343921155,349,318,290.78838992332976,269,345,327.87929901423877,305,229,212.0687842278204,204,412,389.36013143483035,364,416,398.47688937568466,372,58,55.47163198247535,55,3720,3523.3312157721807,3103
2022-07-21,10.365734,105.267634,130,127.2902519167579,124,378,369.44062226117444,360,310,275.984662576687,246,349,326.30170902716907,300,238,221.2394829097283,198,388,359.2261174408414,343,428,419.32822085889563,403,60,56.20990359333918,55,3707,3241.802147239264,3061
2022-07-21,10.368014,105.238516,126,124.42475355969334,123,420,373.4203723986856,357,329,304.08543263964947,282,368,337.7785323110624,323,233,214.70865279299014,199,420,398.2236582694413,372,397,387.14063526834605,379,59,56.57809419496165,55,3740,3433.420810514786,3100
2022-07-22,10.244181,105.230614,123,121.76089336544777,119,419,395.6646221248632,379,310,295.99824753559693,288,351,335.9842278203725,317,218,213.52245345016436,206,357,341.8403066812706,336,449,444.58159912376794,435,60,58.247097480832416,57,3649,3444.3033953997815,2905
2022-07-22,10.250745,105.24539,124,122.8559842174485,121,390,366.94737996053505,350,305,281.4922166191626,260,334,303.97456698092526,282,240,227.97873273404954,218,380,348.06687130015354,324,451,424.0622670467003,383,59,56.898048673536515,56,3567,3124.8592413944316,2747
2022-07-22,10.275776,105.258985,125,121.49978079789565,120,386,371.4615384615385,361,322,286.3109796186719,259,336,315.7365768134998,290,232,223.39710716633795,212,384,366.7534516765285,355,421,409.93118562349326,399,60,57.72233179925488,57,3570,3240.75147928994,2859
2022-07-22,10.280407,105.223352,123,121.50372154115585,120,407,371.72273324572933,353,301,279.9467805519055,259,334,302.9559789750329,285,217,200.0098554533508,187,384,370.02365308804207,338,450,429.9971528690319,411,61,57.5946123521682,56,3499,3044.885019710907,2770
2022-07-22,10.281994,105.246519,123,121.5347054959492,121,380,360.6898138006571,346,296,275.7461117196056,250,341,315.1570646221248,303,224,211.55355969331873,197,371,355.014238773275,340,447,433.5568455640745,406,60,57.237239868565176,56,3628,3285.359255202629,2985
2022-07-22,10.283233,105.260351,125,122.26072679509636,121,384,365.9218476357269,352,296,276.5251751313486,259,335,314.07990367775835,290,235,226.5372154115587,216,387,370.7007443082312,357,418,402.5148861646236,387,60,58.2532837127846,56,3559,3265.754816112085,2859
2022-07-22,10.284315,105.252391,123,121.66388949791708,120,384,360.6296296296296,348,290,267.8660968660968,250,342,314.5261889108043,300,235,222.24194608809995,209,373,362.85163269778667,342,443,414.6484768792461,399,60,57.03725619110235,56,3628,3255.4749068595224,2977
2022-07-23,10.287565,105.192862,123,121.74600394131818,121,396,373.1861585632939,357,319,290.66425755584754,271,318,305.2555847568988,284,241,230.0981165133596,219,415,397.83880858519495,382,392,372.0843188786684,345,60,56.4689005694262,56,3221,2927.3587385019714,2716
2022-07-23,10.290816,105.182958,124,122.55511724742502,122,402,385.0552268244577,374,314,296.08700416392725,278,326,304.76397107166343,288,249,234.09051062897217,226,404,387.4429103659874,369,398,378.52947622178397,356,59,56.785667324128866,56,3417,3022.7541091387247,2448
2022-07-23,10.299014,105.215448,123,120.74337639588349,119,374,356.1349102058694,340,303,273.82873412176957,257,308,294.1438896189224,284,251,241.6327201051248,226,407,394.89925536574685,385,383,363.46211125711784,346,59,55.851949189662726,54,3340,3090.212220762155,2882
2022-07-23,10.303766,105.203102,123,122.03003727252795,120,401,371.6682007451238,355,303,286.4407188253341,263,329,302.0683760683761,286,238,225.94280078895466,221,414,395.32829278983127,376,394,378.8557966250274,355,59,56.74950690335306,55,3253,3034.5476660092045,2687
2022-07-23,10.309139,105.215737,122,120.89945235487404,120,398,367.55650459921145,360,315,283.4868593955321,270,331,300.9710906701708,291,248,241.29544459045113,231,407,396.1719229084538,381,384,362.49759088918086,350,59,55.80245291283398,54,3451,2923.6351292159434,2594
2022-07-23,10.318227,105.218967,124,122.23510078878178,120,379,363.6277948268303,353,315,290.8064445418676,265,335,307.1885138097326,283,249,241.85971065322238,231,416,393.88776852257774,382,380,364.25602805786934,350,60,55.96229723805348,55,3693,3121.9881630863656,2774
2022-07-23,10.319027,105.191902,124,121.30346187554778,120,402,373.39886039886034,358,317,298.6153846153845,271,328,315.9629629629629,292,256,248.84856454087213,243,395,382.5840455840455,357,387,368.666228358536,356,58,56.09971509971508,54,3804,3250.306596537365,2803
2022-07-23,10.321392,105.177554,124,121.82942850886799,121,392,372.8258869908016,360,310,288.6057818659659,257,326,313.34910205869477,274,255,236.51905387647835,221,416,391.00306614104255,371,387,372.3160315374507,357,58,55.896627244853285,55,3508,3121.354796320631,2691
2022-07-23,10.327832,105.216844,126,124.06481278738778,122,391,360.6545454545454,347,300,283.2972617743702,265,329,302.98159912376786,274,245,234.44118291347212,229,416,394.9787513691129,386,380,370.7511500547646,352,59,56.94567360350494,55,3543,3167.623439211392,2665
2022-07-23,10.337185,105.197822,125,122.53242769500437,121,403,375.24370483906273,359,318,294.09152616597316,281,340,324.27085614188735,312,267,248.76987081234944,233,405,367.5139040945916,347,395,383.7470987519158,359,58,56.49551127654915,56,3657,3331.109918984015,2953
2022-07-23,10.346876,105.206507,123,121.14050854888205,120,392,375.3205521472393,362,309,294.37708150744965,277,340,328.4798422436461,306,270,256.37269938650314,240,398,373.84158632778275,346,396,369.65425065731824,346,58,56.50087642418931,56,3606,3249.9855390008775,3013
2022-07-25,10.262681,105.14739,125,120.93060909791828,119,373,354.05110246433213,331,322,291.0814526588846,250,317,290.5870298313878,258,339,239.8088197146563,229,407,388.08456549935147,287,390,372.08197146562907,361,58,56.766018158236065,56,3224,2720.5447470817126,2252
2022-07-25,10.284027,105.15814,127,122.33209281961472,120,401,375.87779237844944,366,311,295.64826982041177,256,342,319.6381953569864,304,261,255.42049934296975,243,403,388.0361366622864,374,370,356.51182654402106,351,57,55.95992115637319,55,3548,3267.7150678931234,2895
2022-07-25,10.297494,105.145318,123,122.48368732209332,120,407,373.5885701773594,342,318,293.71753886577625,268,353,318.9404423034815,286,257,241.6855703963215,230,424,408.06875410553977,386,360,349.96146266695865,342,59,56.30282461134224,55,3496,3051.5749945259477,2421
2022-07-25,10.30701,105.130668,121,119.86771791502407,118,419,377.25027394258166,368,317,299.96099057637514,283,348,328.68397983782614,303,239,234.3193074731537,226,401,387.047556432172,377,388,378.6193293885602,365,59,56.31382862152094,55,3986,3414.698882314268,2706
2022-07-25,10.320247,105.141848,124,120.94412795793166,120,385,354.84162102957276,339,318,295.27645125958384,271,326,305.610295728368,285,244,228.65564074479732,211,402,387.613143483023,373,407,383.5673603504928,357,59,55.17217962760131,55,3866,3136.3095290251913,2752
2022-07-25,10.325825,105.129268,121,120.00000000000003,119,421,372.6248357424442,353,341,304.5394218134034,280,354,325.1846254927727,301,224,216.34778799824795,208,419,406.08366184844505,374,407,377.6189224704336,360,59,55.78515111695137,54,4043,3553.2144108628995,3093
2022-07-26,10.399444,105.118528,123,121.60411648784763,118,413,373.3071366024518,355,313,288.5385288966725,276,356,331.4279772329248,302,261,246.37609457092816,229,411,380.40477232924684,364,396,373.14492119089317,341,59,57.453371278458846,55,3959,3560.090192644483,3065
2022-07-26,10.399645,105.141286,125,122.92791411042944,118,398,371.8963174046471,350,312,288.73060061376594,262,361,337.97413415168796,320,251,228.93182814555027,211,431,398.17207365190717,371,389,372.92481367821136,357,60,55.96953090749673,55,4165,3552.80754055239,3203
2022-07-26,10.403175,105.123726,125,122.65498357064622,121,402,363.1347502191062,351,295,283.4726117440842,262,341,324.5446976336548,313,260,248.37839614373362,236,394,381.34377738825606,369,391,370.2353198948293,346,60,57.423093777388274,55,3984,3554.804776511834,3051
2022-07-26,10.407581,105.1521,124,120.75772179627604,117,402,376.1767798466593,347,307,297.41051478641833,276,345,327.63329682365827,297,232,219.3301204819277,199,435,406.5991237677984,396,386,374.0256297918948,348,60,56.91478641840088,54,4006,3542.8243154435922,3152
2022-07-26,10.407982,105.123304,125,122.92688266199652,119,408,364.1564417177913,351,320,288.82931638913226,262,346,318.966476774759,304,272,250.78264680105167,227,424,387.7546012269938,370,376,361.34465381244524,340,60,57.393514460999114,55,3938,3349.05981595092,2809
2022-07-26,10.408214,105.131329,125,123.60898138006573,120,388,367.6945478432232,341,311,284.57915480621847,263,343,323.8211079483249,304,272,244.16465951390416,214,442,395.43223122399826,375,381,360.1401357565142,336,59,56.27238887672432,55,3930,3431.771841471425,2948
2022-07-26,10.414613,105.125615,125,120.4997807978957,119,408,373.7088080631026,352,321,305.24693251533745,278,339,319.0652936021035,304,272,230.5028483786153,215,438,403.43120070113946,370,378,365.97787028922005,340,60,57.93339176161263,55,3736,3328.8580192813333,2809
2022-07-26,10.415236,105.156765,122,121.00744308231175,118,407,375.7076215505914,352,315,299.8694699956199,283,338,318.06679807271144,301,226,205.60337275514678,195,446,432.1901007446343,401,384,362.26587823039864,349,60,58.19338589575121,55,3594,3335.5497152869034,3131
2022-07-26,10.419552,105.116409,124,121.16403854577315,119,404,367.38896189224715,355,314,296.0015330705213,278,339,314.93210687691635,299,263,236.12439772229527,224,420,405.1377573368375,393,376,358.5810337275515,331,60,58.16119141480508,56,3486,3162.626806833115,2685
2022-07-26,10.420174,105.16361,126,121.3930370045982,118,407,376.5864184008762,325,314,299.4442497261774,243,336,316.5145673603505,282,221,202.02212486308872,193,444,426.19561883899235,378,402,371.77283680175236,349,60,57.358598028477545,54,3671,3207.8725082146766,2644
2022-07-26,10.421066,105.136822,121,120.40302101576185,120,408,369.02562417871235,349,313,293.44721857205434,273,325,314.7610600087604,297,241,217.03197547087166,201,433,420.55102934735004,396,376,362.44612352168207,347,60,56.589137100306615,55,3588,3326.8131844064833,2942
2022-07-26,10.422463,105.151846,123,121.36218229623134,119,401,370.15308804204983,349,316,302.3112133158125,278,342,319.3935611038107,298,234,221.34888304862022,206,434,408.2739816031537,390,385,370.3723171265878,351,60,57.74441524310118,55,3833,3367.4080157687254,2709
2022-07-26,10.42324,105.126544,124,121.82102957283684,120,417,375.2646801051709,362,321,303.89219982471525,279,339,315.68667835232264,302,235,224.22261174408413,207,425,411.0063540753726,395,378,364.8915425065732,347,60,57.1343120070114,55,3554,3188.049298860649,2609
2022-07-26,10.429142,105.151556,126,122.36439377329532,120,401,371.1262050832604,349,312,292.30148992112186,269,354,323.9886064855391,295,242,232.48247151621385,224,414,390.7267747589834,352,407,376.79754601227,351,61,58.078439964943044,55,3833,3282.9274758983356,2523
2022-07-26,10.429212,105.141436,123,121.46211125711781,120,377,361.95533172761117,347,318,296.6658638055616,278,333,309.3164002627546,284,262,234.644624479965,213,424,410.62229034377066,396,374,354.5513466170352,322,61,56.384935406174726,55,3477,2993.6571053207795,2438
2022-07-26,10.429339,105.125493,124,122.23034814977005,120,417,376.2163819535699,344,319,297.31865965834425,273,324,305.3957512045554,281,246,232.2612790188348,217,433,420.8802014892685,404,370,346.93451598773544,324,60,56.76040297853702,55,3508,2828.4627682873406,2292
2022-07-26,10.43062,105.165627,127,124.34852135815993,121,399,365.46002190580504,330,301,281.72705366922236,237,337,320.5220153340635,282,229,213.93296823658264,199,435,395.2194961664841,376,406,390.78904709748076,360,60,56.9382256297919,54,3628,3217.2473165388824,2646
2022-07-26,10.438048,105.153225,126,123.25580885576505,121,372,358.2622231966674,343,315,294.4211795658846,269,331,310.09888182416137,295,250,226.14053935540448,198,428,399.7978513483886,367,395,373.9903529927647,354,61,58.0611707958781,54,3442,2908.2332821749615,2523
2022-07-28,10.406597,105.221367,129,124.6376176921393,121,402,375.93213660245164,355,333,317.0632661996497,268,351,322.7491243432573,292,244,226.09041155866893,220,423,405.03765323992985,375,396,368.7162872154114,351,58,55.069395796847616,54,3691,3345.8826619964966,2686
2022-07-28,10.407515,105.229231,129,126.47172292854013,123,383,363.904647084612,353,324,299.49978079789565,280,351,330.99123191582635,297,259,241.04252520824198,222,432,390.733888645331,378,396,368.0473476545375,344,59,54.873301183691375,54,3934,3346.3097325734334,2800
2022-07-28,10.410742,105.220616,127,125.32756354075372,123,402,373.7616648411829,355,324,304.1073384446879,268,352,331.91303395399785,299,244,228.32946330777662,220,411,392.6817086527931,371,396,378.90777656078876,358,55,54.58882803943046,54,3691,3444.8871851040535,3026
2022-07-28,10.412925,105.251545,127,125.32202276707528,124,390,374.93102693234067,350,303,289.2861834902561,275,346,332.22421721042264,307,245,213.4944164659514,195,399,368.79527041821757,348,446,417.7304576308299,359,56,55.07094372673527,55,3691,3455.5224436172543,3004
2022-07-28,10.413742,105.22261,127,125.68192771084337,123,391,369.0575744308231,352,324,298.04640980735553,268,352,337.85179509632223,311,244,228.82640105078812,221,411,384.5834063047285,371,396,386.51291593695277,361,55,54.39798598949212,54,3691,3452.038528896673,3033
2022-07-28,10.413908,105.234515,127,125.75849222003072,124,382,365.53857957036394,354,308,297.7645769399386,285,355,335.98597106532225,320,250,236.26413853572996,224,388,380.1466462078036,365,399,383.5271810609382,366,57,55.16001753616833,54,3934,3498.9892590968875,3253
2022-07-28,10.417011,105.261676,125,124.39623467600701,123,405,376.4002627545435,363,298,283.93540617473184,276,352,335.1399167943946,316,209,199.4357346179112,187,389,368.61681629078174,348,446,431.8344646376177,404,58,55.29100065688636,55,3633,3448.4681410116054,3281
2022-07-28,10.420483,105.223648,127,125.89504820333042,124,375,364.1079956188391,343,301,292.63723986856525,268,352,332.63395399780944,304,238,225.6173055859803,214,396,381.4600219058051,371,400,392.8832420591458,375,55,54.13953997809419,54,4062,3426.5796276013148,3033
2022-07-28,10.430085,105.221996,127,125.4179071803853,124,395,364.3334794040316,343,307,294.72721297107796,270,355,333.8893514460999,301,239,216.6027607361964,209,407,394.261393514461,378,400,389.0959684487293,366,56,54.99758983347941,54,4062,3574.0604732690636,3126
2022-07-28,10.432459,105.260003,127,121.79925487617795,120,386,374.46174084630564,362,318,300.5786011839509,276,350,326.80508660381497,298,212,190.53190089892567,173,459,426.98158298618716,376,414,382.5704889278667,364,58,55.18745889059416,55,3473,3216.279105459329,2781
2022-07-28,10.436907,105.236241,130,126.65074496056091,123,390,370.71842105263147,341,299,273.03026315789464,242,355,324.7236842105262,287,240,220.36184210526312,183,447,405.39320175438587,387,394,374.2478070175438,355,56,55.25153508771928,55,3667,3162.402631578947,2633
2022-07-28,10.443488,105.236111,128,124.65133596145422,122,390,375.9570928196146,363,310,286.14776707530643,246,340,317.03021015761806,295,235,192.53699649737294,179,456,438.6836690017512,393,386,368.9614711033273,353,56,55.074868651488586,55,3562,3086.3305604203138,2770
2022-07-28,10.451085,105.243664,126,123.02890932982915,119,419,380.34844502847153,369,315,297.9647393780114,273,344,318.7982917214193,280,192,181.66425755584763,174,463,451.6557161629436,440,379,366.7262374069208,352,57,55.35348226018397,55,3487,3077.486640385458,2676
2022-07-28,10.467229,105.24767,124,122.55115005476453,122,411,385.35604732690626,358,325,304.2057405784399,286,347,317.26073619631893,296,198,189.26752848378615,180,457,437.3021472392638,426,386,373.2578878177037,362,60,56.712751971954425,55,3405,3089.4712971078,2667
2022-07-28,10.505349,105.165087,126,124.13869412795793,121,388,363.1389132340052,348,321,293.081726555653,261,315,287.64417177914106,268,217,199.67550394390886,183,442,429.3236196319018,412,395,371.0186240140229,360,61,56.80499561787904,54,3218,2782.226555652936,2528
2022-07-28,10.51191,105.170596,125,122.13140604467803,120,388,365.35085413929056,348,312,287.0251861585634,269,339,301.3786684187474,270,226,205.88633377135352,189,431,417.03920280332903,408,392,377.07095926412626,362,61,57.692728865527826,55,3595,2945.9382391590025,2543
2022-07-28,10.521024,105.146349,123,120.69192029778856,118,402,373.416246989271,356,324,299.44164659513905,274,366,319.2548719071601,282,206,194.935844098971,169,447,421.66433107072487,408,399,383.2169914604774,365,61,57.59054083643532,54,3138,2801.4876286402473,2404
2022-07-28,10.522164,105.178664,123,120.84888304862027,119,391,371.23702081051454,354,318,302.1631982475356,273,332,309.0941949616648,274,227,210.73055859802847,195,433,417.59802847754645,404,392,371.58269441401967,356,60,58.409857612267245,54,3141,2893.3007667031757,2568
2022-07-28,10.534615,105.134916,126,122.42409638554213,120,421,395.27814279456857,365,331,302.68944371441086,271,367,322.1193604905825,277,213,202.68900569426194,194,467,443.1826544021025,412,393,354.06526500219013,328,60,56.000876040297854,54,3486,2968.098773543583,2384
2022-07-28,10.542192,105.18792,123,120.04883924660537,117,405,378.54832347140047,357,309,292.6969099276792,272,332,311.43874643874636,293,238,223.6436554898093,214,424,393.715976331361,382,402,382.7975016436555,355,61,58.996712689020384,55,3386,2978.222660530352,2490
2022-07-28,10.546629,105.163964,123,121.83563445101906,121,447,399.73992112182304,378,331,309.1540315512709,276,338,321.7315950920245,282,219,211.784180543383,205,437,419.62576687116564,396,386,368.71231375985974,355,58,55.680762489044696,55,3338,2981.408632778265,2457
2022-07-28,10.546679,105.126512,123,121.30374753451676,119,419,391.6769601401665,377,313,290.0825667980727,269,347,321.5280332895314,286,228,212.4108628996934,197,437,425.8999123959702,412,382,361.760402978537,335,61,56.80398598335524,54,3682,3363.142137538327,2801
2022-07-28,10.546857,105.181035,122,118.13841436706089,116,421,387.2289658194567,362,309,290.92769500438214,264,350,316.5455740578441,298,235,221.22787028922002,207,410,392.7053023663454,377,405,386.2061787905347,369,61,57.45990359333919,55,3263,2966.15907099036,2490
2022-07-28,10.547628,105.146859,125,121.78793503480281,119,441,415.702657807309,373,342,327.2636449928809,294,344,318.86165163739906,273,208,201.88870431893687,192,440,422.46938775510205,406,388,375.7439487422876,359,61,57.53345989558615,55,3594,3253.7225913621264,2505
2022-07-28,10.555822,105.1711,125,121.87245233399081,119,435,395.9524435678283,367,334,309.90291474906866,275,351,328.2246329169406,295,223,214.4172693403463,197,431,409.7779969318431,376,407,375.82160859083945,357,60,56.8531667762437,55,3370,2974.3328950252035,2469
2022-07-28,10.560601,105.1792,125,121.00153307052129,117,426,377.53921998247154,360,318,301.1982909728309,275,358,316.96538124452235,275,223,216.22261174408413,208,414,386.4710780017528,375,405,397.3358895705522,369,61,58.50591586327781,56,3732,3253.120289219982,2756
2022-07-28,10.565735,105.172074,125,123.07603004780334,122,406,384.2731006160165,360,336,311.8767967145791,275,338,317.98653890029664,275,221,212.0365046771618,204,410,398.0652521104267,376,403,390.01072324891635,376,61,56.18161076887978,55,3472,3092.7111567419583,2527
2022-08-04,10.354744,105.336739,125,123.5549715286903,122,387,372.0859083936006,356,303,283.26999780845927,263,334,306.3368397983781,283,217,213.61319307473153,206,408,389.3793556870479,378,417,397.0284900284899,378,59,55.550295857988154,55,3424,3175.8025421871575,2770
2022-08-04,10.359519,105.360913,123,119.9848916137508,117,407,382.46517739816034,351,297,282.31427945685505,254,332,311.5245291283401,272,213,206.70740254051688,197,398,384.52890932982916,374,416,408.81296539640834,397,61,58.00547525186159,56,3474,2921.7060884800703,2561
2022-08-04,10.363786,105.288188,126,122.93229623137601,119,409,374.5587204206836,352,309,278.7515337423312,252,336,301.6172217353199,276,238,228.1814198071867,206,392,382.9660385626644,370,416,388.80981595092027,375,58,55.181200701139346,54,3598,2983.04097283085,2644
2022-08-04,10.369692,105.29684,124,121.27620923615669,119,409,370.01510507880914,355,305,296.8452276707531,277,342,324.7399299474605,301,236,222.90323992994746,215,400,388.29268826619966,377,406,388.90893169877404,376,59,56.79093695271454,54,3699,3519.8366900175133,3150
2022-08-04,10.374447,105.330923,123,120.9789704271632,119,386,368.81879929886077,350,312,294.05477651183185,280,320,302.60495179666975,288,219,208.92659947414563,188,416,406.2164767747591,384,413,385.0363716038564,368,60,56.068141980718686,54,3471,3080.0933391761623,2810
2022-08-04,10.38045,105.349866,122,121.03155818540432,120,395,373.02302631578954,361,319,300.2526315789474,282,321,311.3774122807018,294,199,182.62543859649125,174,407,390.3923245614035,367,440,426.8043859649123,413,58,57.00789473684211,56,3646,3306.1179824561414,2871
2022-08-05,10.548566,105.198194,126,122.65307911461755,117,405,380.0376779846659,359,302,287.10186199342814,267,350,313.83439211391016,278,223,203.59255202628697,193,436,411.7553121577218,384,403,384.7921139101862,365,61,58.27404162102956,55,3568,3034.998247535597,2554
2022-08-05,10.557257,105.1886,124,119.98116513359612,117,416,387.37319316688564,365,309,295.0816907577748,282,359,323.4003504161191,290,226,214.93363994743757,205,397,386.49408672798955,371,414,398.53109943057376,389,61,59.39618922470434,57,3453,3204.8543583004816,2678
2022-08-05,10.565493,105.106594,122,120.70260793337717,119,430,397.0771591407278,386,307,292.2268741779921,270,342,311.80666374397197,277,221,212.6291100394564,203,440,423.6856641823762,416,378,363.7672073651907,351,60,56.26523454625166,54,3582,3117.5786935554593,2606
2022-08-05,10.56984,105.190938,125,122.86760192897853,121,414,383.95638834100373,366,322,305.2454525531449,292,353,324.8115275038353,297,225,219.6096866096866,213,409,383.31317115932507,369,415,396.9918912995837,372,62,58.176419022572894,56,3572,3336.0519395134784,3165
2022-08-05,10.571202,105.135919,123,121.10032858707558,119,421,394.7743702081051,384,319,295.50032858707544,281,338,312.12661555312155,276,229,210.25257393209196,201,405,395.00722891566255,377,416,394.6554216867469,381,60,58.16013143483022,53,3709,3295.3012048192763,2587
2022-08-05,10.571793,105.16066,125,122.88669734823583,121,422,392.64665936473176,375,350,323.9721796276013,297,337,322.2527929901424,291,218,207.31938663745893,197,412,401.366265060241,384,414,391.2514786418401,381,60,56.96013143483024,55,3425,3181.3215772179633,3012
2022-08-05,10.576126,105.183375,126,123.02322015334065,120,436,389.9202628696606,359,318,294.1134720700988,265,366,323.63285870755755,265,224,217.0584884994524,206,418,405.63088718510426,370,406,377.17962760131445,362,61,58.28368017524645,55,3459,3055.351588170866,2500
2022-08-05,10.58174,105.119446,123,119.94891471168603,117,401,378.83085013146354,364,310,302.1787905346187,286,342,307.18448729184917,269,219,206.95223488168264,199,407,390.2751971954425,376,420,402.86678352322514,382,61,56.335670464504815,54,3630,3239.7532865907096,2722
2022-08-05,10.585739,105.193578,128,125.70799561883899,122,429,385.17948717948724,361,308,284.48126232741606,264,348,315.4968222660531,283,222,212.17115932500548,204,442,428.1564760026298,394,391,359.8161297392067,345,59,55.540872233179925,54,3395,3144.8923953539334,2641
2022-08-05,10.588345,105.091229,123,120.31851040525741,117,443,404.4929886064856,391,325,311.7074934268186,294,361,335.79601226993873,312,218,203.96954425942158,194,443,427.5052585451359,413,386,368.5764680105171,347,62,59.61744084136724,55,4304,3546.374452234882,3187
2022-08-05,10.590564,105.128439,125,122.33640149024768,119,399,385.88250767207376,372,310,297.2060499780799,286,329,297.9050854888209,276,209,204.35992985532667,198,396,380.622314774222,371,427,415.05589653660695,400,61,55.99583516001755,54,3484,3199.319596668129,2724
2022-08-05,10.592696,105.11414,121,119.14317035737784,117,417,385.6368812965396,370,319,294.41195795006564,274,353,318.685720543145,276,218,207.80245291283396,202,401,385.3725361366623,377,420,406.72360928602717,392,62,60.30486202365307,58,3867,3446.1351292159443,2930
2022-08-05,10.59278,105.103464,121,118.02934092402015,116,417,395.26034596014904,383,309,290.8484782132692,271,357,327.9527041821766,296,210,203.29954017954898,195,427,404.7420626231663,379,417,392.0742281585286,368,61,59.07006787825706,56,3800,3337.9305890081023,2824
2022-08-05,10.593644,105.075243,126,123.20411738939988,120,426,410.3461117196057,372,327,305.5752464403067,246,352,328.8556407447973,270,247,226.89594742606795,201,448,422.0092004381161,401,369,351.30010952902506,319,61,58.74786418400876,55,3628,3328.899452354874,2830
2022-08-05,10.608536,105.076041,125,122.44644030668127,120,419,395.6838299737074,377,312,277.7357581069238,231,352,314.1833917616128,273,241,216.00350569675732,202,431,416.8306310254165,388,388,367.1165644171781,354,61,58.311568799298875,55,3576,3047.9088518843137,2610
2022-08-05,10.612095,105.141919,129,126.38817086527929,118,393,375.6096385542169,360,310,293.0880613362541,282,324,288.7870755750274,263,221,208.68039430449076,193,434,407.77831325301213,401,393,383.4262869660461,366,62,60.73647316538884,56,3476,3000.961007667033,2627
2022-08-05,10.612317,105.116551,124,122.35509309967149,121,410,384.8636562911004,372,327,297.7612889083736,273,339,304.1562911003946,272,215,205.81060938185013,200,407,394.8027181060939,383,412,399.4660236738273,379,61,57.0964489259097,54,3714,3167.59491451118,2664
2022-08-05,10.619493,105.095029,126,123.06726555652935,121,425,404.81497700897745,380,297,285.9649660608715,278,329,308.37552003503396,276,233,218.0691920297788,201,427,405.6019268666521,388,404,376.3407050580249,344,61,59.560105101817385,55,3724,3139.14188745347,2594
2022-08-05,10.623506,105.132794,126,123.6847873739588,120,427,387.11111111111114,368,333,299.1014683322376,277,342,307.17357001972385,273,226,214.1122068814377,203,416,403.9535393381547,392,394,382.0414201183432,361,62,58.92132369055445,54,3729,3294.5864562787638,2886
2022-08-05,10.625462,105.098238,126,123.68659658344288,122,415,389.9728368017525,364,309,286.5802847754656,274,329,298.10054764512614,268,233,221.75640744797374,211,420,410.4422782037241,397,387,367.716538882804,352,61,57.884775465498365,55,3366,2917.5603504928813,2580
2022-08-05,10.628311,105.12253,126,122.52475898334794,121,405,392.695661700263,368,325,295.06879929886077,262,340,304.94106047326915,270,225,213.728527607362,203,410,398.22261174408425,389,396,388.00262927256784,373,62,59.38475021910605,55,3722,3302.2975460122707,2743
2022-08-05,10.634849,105.13078,122,121.10799561883898,119,427,392.0223390275954,383,314,296.5862899693386,281,342,309.6303109943058,295,222,210.82435392028037,198,414,404.5711782742007,396,403,384.64520367936933,364,62,59.1342531756461,55,3544,3115.4912395970227,2631
2022-08-05,10.636733,105.155635,125,123.26934034626343,121,401,378.48652202498357,365,306,293.1332456717072,280,339,315.4944115713347,297,216,203.3828621520929,188,407,389.2366863905325,372,421,407.54876177953105,399,62,60.06684198991892,55,3420,3061.196581196581,2838
2022-08-05,10.649258,105.142121,129,123.13093934749294,119,404,383.1276269702277,372,324,290.3461033274956,261,354,311.65192644483363,287,227,196.5840630472855,179,430,413.61646234676,387,400,389.8395359019264,376,62,55.91834500875657,54,3572,3100.1884851138357,2525
2022-08-05,10.663484,105.168203,129,124.83804514573751,122,397,368.8034618755479,337,300,260.29491673970205,223,337,292.4923312883436,256,214,202.61086765994744,194,462,436.6180981595093,405,390,360.98400525854527,341,59,55.31069237510956,54,3204,2724.232690622262,2364
2022-08-09,10.585209,105.164803,125,123.71478641840086,123,416,379.5169769989046,365,307,293.7366922234392,271,336,309.9813800657174,279,212,201.03592552026282,191,442,416.91631982475354,395,405,382.0941949616648,364,61,58.72376779846659,55,3390,3032.4725082146765,2436
2022-08-09,10.594603,105.175686,127,124.62190580503835,123,420,393.1373193166886,371,308,291.6557161629435,268,336,318.952255803767,281,210,200.3120893561104,186,444,428.1197985107316,415,379,371.4787560227771,363,60,58.345159877354355,55,3526,3260.03723171266,2491
2022-08-09,10.603991,105.147312,128,125.97264171591156,122,422,384.1749507335232,369,316,294.6816290781695,275,344,298.250492664769,253,209,192.741186774688,183,445,433.4357346179111,412,388,373.94197503831845,361,62,59.52945040507992,55,3459,3032.8826363039198,2575
2022-08-09,10.605148,105.164514,126,125.1798860648554,123,396,379.8875985977214,361,304,293.51621384750223,281,336,308.29929886064855,295,220,208.4721735319895,196,420,409.0499561787906,398,399,382.38803680981613,360,62,58.982033304119206,55,3708,3213.9748028045583,2946
2022-08-09,10.615175,105.153736,130,127.70214629872976,123,388,368.16349310571246,354,306,284.20879842416286,272,321,276.5942219304006,257,218,205.8017071569272,193,436,411.42766469687035,394,405,382.90698183409944,369,61,57.53228277522436,54,3402,2820.165025169622,2501
2022-08-09,10.619835,105.201297,130,127.6140197152245,123,411,370.47972523820073,346,323,281.72058497673385,259,363,329.06802570352323,312,225,216.02082871703968,208,438,425.3733658320408,412,369,358.6109018391314,351,60,56.81475736760469,52,3233,3051.473520939508,2580
2022-08-09,10.621354,105.162316,129,126.37182296231377,124,410,378.42099495945666,360,319,302.9912338373877,281,328,289.9765505150121,259,216,206.66425597194836,195,422,405.51457374534306,371,423,387.9134341442034,365,62,57.4262546570239,54,3402,3037.847907078677,2473
2022-08-09,10.633572,105.172813,127,125.6044269121192,124,402,363.7608409986861,346,303,280.6625054752519,230,331,292.431887866842,266,219,208.86706088480074,197,406,387.56044678055184,372,431,403.61541830924233,375,61,59.11695137976348,55,3290,2893.2744196233034,2471
