fp_District,fp_Latitude,fp_Longitude,"fp_Season(SA = Summer Autumn, WS = Winter Spring)","fp_Rice Crop Intensity(D=Double, T=Triple)",fp_Field size (ha),fp_Rice Yield (kg/ha),date,ALLSKY_SFC_SW_DWN,RH2M,T2M,T2M_MAX,T2M_MIN,WS2M,latitude,longitude,DEW POINT TEMPERATURE,DTR,VPD,ALLSKY_SFC_SW_DWN_mean,ALLSKY_SFC_SW_DWN_min,ALLSKY_SFC_SW_DWN_max,ALLSKY_SFC_SW_DWN_std,RH2M_mean,RH2M_min,RH2M_max,RH2M_std,T2M_mean,T2M_min,T2M_max,T2M_std,T2M_MAX_mean,T2M_MAX_min,T2M_MAX_max,T2M_MAX_std,T2M_MIN_mean,T2M_MIN_min,T2M_MIN_max,T2M_MIN_std,WS2M_mean,WS2M_min,WS2M_max,WS2M_std,DEW POINT TEMPERATURE_mean,DEW POINT TEMPERATURE_min,DEW POINT TEMPERATURE_max,DEW POINT TEMPERATURE_std,DTR_mean,DTR_min,DTR_max,DTR_std,VPD_mean,VPD_min,VPD_max,VPD_std,NDVI,NDVI_mean,VCI,ET,ET_mean,ET_min,ET_max,Gpp,Gpp_mean,Gpp_min,Gpp_max,Fpar_500m,Fpar_500m_mean,Fpar_500m_min,Fpar_500m_max,SAVI,SAVI_mean,SAVI_min,SAVI_max,NDVI_min,NDVI_max,EVI,EVI_mean,EVI_min,EVI_max,NDRE,NDRE_mean,NDRE_min,NDRE_max,CIredge,CIredge_mean,CIredge_min,CIredge_max,LAI,LAI_mean,LAI_min,LAI_max,RVI_mean,RVI_stdDev,RVI_min,RVI_max,VH_mean,VH_stdDev,VH_min,VH_max,VV_mean,VV_stdDev,VV_min,VV_max,VVVH_ratio_mean,VVVH_ratio_stdDev,VVVH_ratio_min,VVVH_ratio_max,aspect_max,aspect_mean,aspect_stdDev,elevation_max,elevation_mean,elevation_min,elevation_stdDev,slope_max,slope_mean,slope_min,slope_stdDev,potential_evaporation_max,potential_evaporation_mean,potential_evaporation_min,total_precipitation_max,total_precipitation_mean,total_precipitation_min,skin_temperature_max,skin_temperature_mean,skin_temperature_min,soil_temperature_level_1_max,soil_temperature_level_1_mean,soil_temperature_level_1_min,volumetric_soil_water_layer_1_max,volumetric_soil_water_layer_1_mean,volumetric_soil_water_layer_1_min,irrigation_mm,bdod_0-5cm_mean_max,bdod_0-5cm_mean_mean,bdod_0-5cm_mean_min,ocd_0-5cm_mean_max,ocd_0-5cm_mean_mean,ocd_0-5cm_mean_min,ocd_15-30cm_mean_max,ocd_15-30cm_mean_mean,ocd_15-30cm_mean_min,ocd_5-15cm_mean_max,ocd_5-15cm_mean_mean,ocd_5-15cm_mean_min,sand_0-5cm_mean_max,sand_0-5cm_mean_mean,sand_0-5cm_mean_min,silt_0-5cm_mean_max,silt_0-5cm_mean_mean,silt_0-5cm_mean_min,clay_0-5cm_mean_max,clay_0-5cm_mean_mean,clay_0-5cm_mean_min,phh2o_0-5cm_mean_max,phh2o_0-5cm_mean_mean,phh2o_0-5cm_mean_min,nitrogen_0-5cm_mean_max,nitrogen_0-5cm_mean_mean,nitrogen_0-5cm_mean_min
Thoai_Son,10.195117,105.200047,WS,T,3.2,7200,2022-04-05,19.16,82.04,27.46,31.49,24.17,3.54,10.195117,105.200047,24.11218898430279,7.319999999999997,0.6578202216285338,19.991612903225803,13.91,25.27,2.60569239980742,80.1174193548387,72.0,85.3,3.3648524558957966,28.268064516129034,26.55,29.8,0.7171557591865544,31.905483870967743,28.62,34.16,1.3110838626499621,25.486129032258066,24.17,26.68,0.6222419269132708,2.28258064516129,1.19,3.54,0.623434647437396,24.48588173262959,23.849394830057367,25.479693994172923,0.4147785946197458,6.419354838709676,3.6799999999999997,8.98,1.381053677880141,0.7684316631955047,0.514593306989049,1.1624074543547922,0.1601645911661173,3357.7205128205132,3357.7205128205132,0.2718614952480531,134.47625698324023,134.47625698324023,130,135,526.1773743016761,526.1773743016761,458,558,31.497206703910617,31.497206703910617,25,40,0.32906881157540335,,,,,,0.36804626127998186,,,,0.2768413149823597,,,,0.8947740553505342,,,,1.5990926818423274,,,,0.4991718858035732,0.18504471206374629,0.10117095966409077,1.3037008257599845,-18.51924313096968,2.10843277229918,-25.92148532596991,-9.988069316409598,-9.759284925955173,1.2514859380218597,-14.931929254196385,-2.0808069063230046,8.2950890620586,3.975655265326906,2.0681885912500086,38.53703724152519,354,162.22343713956164,102.57403810429281,14,2.3997198879551807,-10,2.7713098167251435,15,3.8786356895699443,0,2.2514980595638323,127.795,128.221,129.075,137.481,136.576,134.766,27.37,27.35,27.34,28.0,27.98,27.95,0.49088414510091144,0.4906751844618055,0.49025726318359375,0.0,127,122.5135786246168,119,399,375.8163891323401,357,325,284.86064855390003,245,335,306.94500438212094,289,257,242.45048203330404,235,371,355.87620508326023,337,420,401.7237072743207,380,58,55.1963190184049,54,3567,2965.0961875547755,2521
Thoai_Son,10.195117,105.200047,SA,T,3.2,5600,2022-07-20,6.87,90.71,26.95,28.36,25.86,3.03,10.195117,105.200047,25.29683192548107,2.5,0.330249753982945,17.079032258064515,6.87,23.62,3.6662738004143356,87.20290322580645,77.54,90.96,3.221679779794692,27.481290322580644,26.4,28.46,0.5106525991347951,29.399677419354834,27.28,31.3,1.0137489791442065,25.99322580645161,24.86,26.92,0.4489872984536832,2.8958064516129025,0.47,5.44,1.192245845489683,25.14414613193178,23.8898315526181,25.904811382433476,0.486613767036818,3.406451612903226,1.5399999999999991,6.050000000000001,1.202619582645283,0.47184650525782007,0.3265190400950096,0.8589090352549394,0.13131500780657232,4417.220512820513,4417.220512820513,0.4074730419070752,255.31983240223465,255.31983240223465,250,259,526.1773743016761,526.1773743016761,458,558,42.82262569832403,42.82262569832403,33,48,0.4288670906715567,,,,,,0.495322123078896,,,,0.3546267893126892,,,,1.257044070777067,,,,2.0294450214752198,,,,0.8847564328620882,0.2092917394172565,0.2641631957517485,1.6991255322953203,-16.217508691836596,1.1914241763787712,-19.663189478276614,-9.774181272750862,-10.637697118751683,1.5602221624322041,-14.836843247758658,0.25358392044096323,3.7907759175360156,1.2078500397900742,1.3541521353024852,14.14215479040109,354,162.22343713956164,102.57403810429281,14,2.3997198879551807,-10,2.7713098167251435,15,3.8786356895699443,0,2.2514980595638323,52.06,52.891,54.553,398.649,389.223,370.369,25.46,25.45,25.43,26.49,26.48,26.48,0.4767589569091797,0.46039136250813806,0.4522075653076172,0.0,127,122.5135786246168,119,399,375.8163891323401,357,325,284.86064855390003,245,335,306.94500438212094,289,257,242.45048203330404,235,371,355.87620508326023,337,420,401.7237072743207,380,58,55.1963190184049,54,3567,2965.0961875547755,2521
Thoai_Son,10.205563,105.193771,SA,T,2.1,5600,2022-07-20,6.87,90.71,26.95,28.36,25.86,3.03,10.205563,105.193771,25.29683192548107,2.5,0.330249753982945,17.079032258064515,6.87,23.62,3.6662738004143356,87.20290322580645,77.54,90.96,3.221679779794692,27.481290322580644,26.4,28.46,0.5106525991347951,29.399677419354834,27.28,31.3,1.0137489791442065,25.99322580645161,24.86,26.92,0.4489872984536832,2.8958064516129025,0.47,5.44,1.192245845489683,25.14414613193178,23.8898315526181,25.904811382433476,0.486613767036818,3.406451612903226,1.5399999999999991,6.050000000000001,1.202619582645283,0.47184650525782007,0.3265190400950096,0.8589090352549394,0.13131500780657232,2463.311557788945,2463.311557788945,0.14498710590103153,273.01005025125625,273.01005025125625,250,318,447.61306532663315,447.61306532663315,301,589,32.15703517587939,32.15703517587939,28,45,0.4292367139274684,,,,,,0.4957935151596327,,,,0.3549148836620608,,,,1.258385811574943,,,,2.031038919029416,,,,0.804110461774059,0.19873782529028386,0.2605719727000238,1.8235997327955704,-16.88444717155625,1.4082543152280418,-22.91271679897184,-11.982120647359757,-10.766884690098145,1.485172737051893,-15.766226454928894,-5.904328602020653,4.295205132140797,1.3780898657533576,1.1934638002320923,14.350845137150987,353,161.15457340481979,104.59867660358734,10,2.4351465262422525,-5,2.4710229947730142,12,3.4958330724541247,0,2.0273345257582713,51.657,51.657,51.657,391.393,391.393,391.393,25.51,25.51,25.51,26.57,26.57,26.57,0.45356305440266925,0.45356305440266925,0.45356305440266925,0.0,123,120.95070113935142,119,434,385.1767798466593,371,327,304.6630887185104,285,330,305.57283680175243,292,241,234.20700985761223,225,387,370.0665936473166,358,408,395.74501642935377,373,59,56.333406352683454,55,3407,2961.4547645125963,2601
Thoai_Son,10.208515,105.202809,WS,T,2.67,7200,2022-04-05,19.16,82.04,27.46,31.49,24.17,3.54,10.208515,105.202809,24.11218898430279,7.319999999999997,0.6578202216285338,19.991612903225803,13.91,25.27,2.60569239980742,80.1174193548387,72.0,85.3,3.3648524558957966,28.268064516129034,26.55,29.8,0.7171557591865544,31.905483870967743,28.62,34.16,1.3110838626499621,25.486129032258066,24.17,26.68,0.6222419269132708,2.28258064516129,1.19,3.54,0.623434647437396,24.48588173262959,23.849394830057367,25.479693994172923,0.4147785946197458,6.419354838709676,3.6799999999999997,8.98,1.381053677880141,0.7684316631955047,0.514593306989049,1.1624074543547922,0.1601645911661173,3806.2195431472082,3806.2195431472082,0.3372975537638897,147.36802030456855,147.36802030456855,144,168,560.5761421319797,560.5761421319797,301,621,35.52157360406092,35.52157360406092,34,47,0.329438434831315,,,,,,0.36851765336071857,,,,0.2771294093317313,,,,0.8961157961484103,,,,1.6006865793965233,,,,0.5382489084784543,0.2528292044418224,0.09866136838176914,1.954659684363522,-19.266489149560854,2.3517820113510446,-26.585951534750215,-11.794421096016563,-10.728885370407845,1.505846349884405,-16.103346545094706,-5.998457168627969,8.234232332703526,4.486023687940388,1.046392030284537,39.54271763718137,350,164.0848576917628,105.76057368619168,13,3.1289457294347547,-5,2.1899449608358013,11,3.2365411041287033,0,1.7988592571090394,130.524,134.17,135.992,142.02,140.255,139.373,27.52,27.52,27.52,28.17,28.1,28.07,0.489410400390625,0.4616589016384549,0.4477831522623698,0.0,124,120.71619548542624,119,388,380.7786058746164,372,323,296.88228846996935,257,320,306.33625602805785,291,254,236.8877685225778,231,377,361.71701008329677,338,413,401.360149057431,386,58,55.95944761069706,55,3332,2868.005041648399,2471
Thoai_Son,10.208515,105.202809,SA,T,2.67,6400,2022-07-20,6.87,90.71,26.95,28.36,25.86,3.03,10.208515,105.202809,25.29683192548107,2.5,0.330249753982945,17.079032258064515,6.87,23.62,3.6662738004143356,87.20290322580645,77.54,90.96,3.221679779794692,27.481290322580644,26.4,28.46,0.5106525991347951,29.399677419354834,27.28,31.3,1.0137489791442065,25.99322580645161,24.86,26.92,0.4489872984536832,2.8958064516129025,0.47,5.44,1.192245845489683,25.14414613193178,23.8898315526181,25.904811382433476,0.486613767036818,3.406451612903226,1.5399999999999991,6.050000000000001,1.202619582645283,0.47184650525782007,0.3265190400950096,0.8589090352549394,0.13131500780657232,2461.76269035533,2461.76269035533,0.15971018534262427,266.76903553299496,266.76903553299496,246,310,560.5761421319797,560.5761421319797,301,621,33.88578680203046,33.88578680203046,29,38,0.4296063371833801,,,,,,0.4962649072403694,,,,0.3552029780114324,,,,1.2597275523728189,,,,2.032632816583612,,,,0.8160335917553565,0.19670297352603716,0.30027260228418284,1.6258259927023988,-16.77978987890509,1.3995214138754863,-22.352969513494365,-11.659153100897417,-10.750044300103797,1.5828082101204044,-15.830718360032623,-4.1144208533666085,4.197889427668158,1.3082552718329115,1.4602878893277635,12.321228675449833,350,164.0848576917628,105.76057368619168,13,3.1289457294347547,-5,2.1899449608358013,11,3.2365411041287033,0,1.7988592571090394,51.657,53.342,54.185,391.393,373.871,365.11,25.51,25.43,25.38,26.57,26.5,26.47,0.45356305440266925,0.44656138949924046,0.44306055704752606,0.0,124,120.71619548542624,119,388,380.7786058746164,372,323,296.88228846996935,257,320,306.33625602805785,291,254,236.8877685225778,231,377,361.71701008329677,338,413,401.360149057431,386,58,55.95944761069706,55,3332,2868.005041648399,2471
Thoai_Son,10.212886,105.174836,SA,T,2.4,5600,2022-07-20,6.87,90.71,26.95,28.36,25.86,3.03,10.212886,105.174836,25.29683192548107,2.5,0.330249753982945,17.079032258064515,6.87,23.62,3.6662738004143356,87.20290322580645,77.54,90.96,3.221679779794692,27.481290322580644,26.4,28.46,0.5106525991347951,29.399677419354834,27.28,31.3,1.0137489791442065,25.99322580645161,24.86,26.92,0.4489872984536832,2.8958064516129025,0.47,5.44,1.192245845489683,25.14414613193178,23.8898315526181,25.904811382433476,0.486613767036818,3.406451612903226,1.5399999999999991,6.050000000000001,1.202619582645283,0.47184650525782007,0.3265190400950096,0.8589090352549394,0.13131500780657232,6504.697616060226,6504.697616060226,0.6826319133536639,317.5232120451694,317.5232120451694,245,372,412.84441656210794,412.84441656210794,323,606,72.79673776662483,72.79673776662483,51,87,0.42997596043929176,,,,,,0.4967362993211062,,,,0.355491072360804,,,,1.2610692931706948,,,,2.0342267141378074,,,,0.9132645467505975,0.20864101291058265,0.3123250143384552,1.7858903847804526,-16.906059281638694,1.2191692006007002,-21.33751095707354,-12.43799506062555,-11.516055451045725,1.5107802979208944,-16.26752812737894,-6.661712159909955,3.610775315706915,1.0609615912490316,1.2397791231132795,11.807171428367711,349,162.898389201587,106.27259631632484,9,2.031108709120388,-4,2.262815216618412,11,3.2331571385260265,0,1.7536784911717846,,,,,,,,,,,,,,,,,122,120.84205914567359,119,437,387.32004381160993,359,313,299.20744797371293,283,344,314.1391018619933,292,244,237.5419496166484,224,375,359.8963855421686,344,422,402.63198247535587,389,60,58.256297918948526,56,3175,2792.624972617743,2438
Thoai_Son,10.214156,105.214175,SA,T,5.0,6000,2022-07-20,6.87,90.71,26.95,28.36,25.86,3.03,10.214156,105.214175,25.29683192548107,2.5,0.330249753982945,17.079032258064515,6.87,23.62,3.6662738004143356,87.20290322580645,77.54,90.96,3.221679779794692,27.481290322580644,26.4,28.46,0.5106525991347951,29.399677419354834,27.28,31.3,1.0137489791442065,25.99322580645161,24.86,26.92,0.4489872984536832,2.8958064516129025,0.47,5.44,1.192245845489683,25.14414613193178,23.8898315526181,25.904811382433476,0.486613767036818,3.406451612903226,1.5399999999999991,6.050000000000001,1.202619582645283,0.47184650525782007,0.3265190400950096,0.8589090352549394,0.13131500780657232,2352.676844783715,2352.676844783715,0.12603461107953515,245.20229007633586,245.20229007633586,242,303,572.3791348600508,572.3791348600508,464,621,35.06234096692113,35.06234096692113,23,48,0.4303455836952035,,,,,,0.49720769140184284,,,,0.3557791667101756,,,,1.2624110339685708,,,,2.0358206116920035,,,,0.8691791511365672,0.19688085565198446,0.3573673802041595,1.874245637995443,-16.34698705535095,1.0347129332046816,-20.55817337821104,-12.04029753544014,-10.679362093092493,1.1685757826807313,-14.772130722473015,-5.976994612730842,3.8459878914339223,1.1327978651031017,1.134191975112776,10.19296338047096,350,161.56902199344884,106.45360492589487,10,2.8524356245098117,-4,2.3145462091770357,10,3.1662294779439386,0,1.764747374804713,54.185,54.185,54.185,365.11,365.11,365.11,25.38,25.38,25.38,26.47,26.47,26.47,0.44306055704752606,0.44306055704752606,0.44306055704752606,0.0,122,119.64424972617742,118,402,379.64374863148686,359,312,291.225968907379,271,338,306.19925552879357,287,248,234.33829647470986,227,369,352.2673527479746,340,428,413.5086490037224,383,59,56.45193781475805,55,3394,3058.025180643749,2774
Thoai_Son,10.22418,105.198785,WS,T,2.5,6640,2022-04-05,19.16,82.04,27.46,31.49,24.17,3.54,10.22418,105.198785,24.11218898430279,7.319999999999997,0.6578202216285338,19.991612903225803,13.91,25.27,2.60569239980742,80.1174193548387,72.0,85.3,3.3648524558957966,28.268064516129034,26.55,29.8,0.7171557591865544,31.905483870967743,28.62,34.16,1.3110838626499621,25.486129032258066,24.17,26.68,0.6222419269132708,2.28258064516129,1.19,3.54,0.623434647437396,24.48588173262959,23.849394830057367,25.479693994172923,0.4147785946197458,6.419354838709676,3.6799999999999997,8.98,1.381053677880141,0.7684316631955047,0.514593306989049,1.1624074543547922,0.1601645911661173,5991.485534591196,5991.485534591196,0.6283221019657708,190.48427672955975,190.48427672955975,161,218,304.49182389937107,304.49182389937107,251,365,55.83270440251573,55.83270440251573,35,62,0.32980805808722674,,,,,,0.3689890454414553,,,,0.27741750368110285,,,,0.8974575369462863,,,,1.6022804769507193,,,,0.9450181959189325,0.2493385495376022,0.2529403623826668,2.1145787421499724,-16.437907190613647,1.5122996468800534,-21.881087763748024,-7.18846199195739,-11.202577039405588,1.688644967307896,-15.558872166489888,-2.569928569613842,3.5564608641132947,1.3545349405484461,0.891629722870026,14.814004385541702,353,160.47532589067984,106.1599841209518,12,2.0106631166879754,-8,2.5239529039190574,14,3.5003954184185897,0,2.1448633774671824,,,,,,,,,,,,,,,,,122,119.71034180543383,118,411,380.7835232252412,368,320,298.03571428571433,279,342,315.57340052585454,296,238,233.07142857142858,228,377,364.66476774758985,351,413,402.39132340052595,391,59,56.48137598597722,55,3623,3285.1395705521477,2946
Thoai_Son,10.227343,105.230821,WS,T,1.8,7200,2022-04-05,19.16,82.04,27.46,31.49,24.17,3.54,10.227343,105.230821,24.11218898430279,7.319999999999997,0.6578202216285338,19.991612903225803,13.91,25.27,2.60569239980742,80.1174193548387,72.0,85.3,3.3648524558957966,28.268064516129034,26.55,29.8,0.7171557591865544,31.905483870967743,28.62,34.16,1.3110838626499621,25.486129032258066,24.17,26.68,0.6222419269132708,2.28258064516129,1.19,3.54,0.623434647437396,24.48588173262959,23.849394830057367,25.479693994172923,0.4147785946197458,6.419354838709676,3.6799999999999997,8.98,1.381053677880141,0.7684316631955047,0.514593306989049,1.1624074543547922,0.1601645911661173,5477.105926860025,5477.105926860025,0.5661555742542221,140.8499369482976,140.8499369482976,131,155,426.3379571248423,426.3379571248423,328,606,51.47919293820932,51.47919293820932,45,56,0.3301776813431384,,,,,,0.369460437522192,,,,0.27770559803047445,,,,0.8987992777441624,,,,1.603874374504915,,,,0.8122699669876133,0.24672468275992587,0.17779721730201187,2.053396441649223,-17.583377233470006,1.719842514978704,-23.037330482664082,-3.8377561290631284,-11.440641096106265,1.9927062791831558,-17.153419013132588,5.966538758989154,4.4891753332577,2.097361294134552,0.9479920773542037,21.497539954213547,352,169.69468453536217,108.24815891141681,11,2.8085661656885437,-4,2.5066254706664,12,3.238050831540201,0,1.894994085327268,135.992,135.992,135.992,139.373,139.373,139.373,27.52,27.52,27.52,28.07,28.07,28.07,0.4477831522623698,0.4477831522623698,0.4477831522623698,0.0,124,122.15669515669514,120,418,374.71356563664256,358,309,286.99999999999994,267,327,300.75410913872446,284,241,229.42099495945652,206,389,354.37825991672145,333,442,416.2380013149243,383,59,56.70874424720577,55,3528,3075.1255752794214,2737
Thoai_Son,10.227394,105.164987,WS,T,3.0,8000,2022-04-22,21.63,81.49,28.51,33.06,25.54,3.02,10.227394,105.164987,25.02264063734746,7.520000000000003,0.7207122775728727,18.940645161290323,6.76,23.06,3.225610155317826,81.97709677419356,74.08,87.63,2.9382485385865023,28.29225806451612,26.55,29.91,0.5939138075698024,31.686774193548384,28.62,33.56,1.0725050179498352,25.691290322580645,24.51,26.83,0.6269112296859477,2.311612903225807,0.87,3.7,0.6370957125348443,24.8993108458157,23.849394830057367,25.777882470499044,0.472689385876101,5.995483870967743,3.6799999999999997,8.16,1.1505253742689159,0.6959595286197212,0.46839475950440185,1.094137791396107,0.13282628040989755,3689.2786885245905,3689.2786885245905,0.24228386937562646,103.69735182849935,103.69735182849935,90,151,284.12862547288773,284.12862547288773,110,408,26.277427490542244,26.277427490542244,21,33,0.38451229996215525,,,,,,0.4387550733904897,,,,0.3200554673880983,,,,1.0960351750319413,,,,1.8381773149717122,,,,0.611081060705032,0.23277820297375548,0.1523880927804492,1.7859415680980746,-18.88945587969742,2.3784283566933153,-25.58232141765727,-12.432172245909408,-11.146704841394131,1.6755581545160028,-18.381614039976384,-6.918724296950838,6.592724506838542,3.120395282711548,1.2397149332605384,25.248770012253768,352,163.7419450513598,106.20032287529123,16,1.6503837572953428,-13,2.713504076347019,16,3.4764291622589756,0,2.2230895290409176,134.342,134.342,134.342,46.717,46.717,46.717,28.27,28.27,28.27,29.05,29.05,29.05,0.4268627166748047,0.4268627166748047,0.4268627166748047,87.625,124,120.83815155497152,117,424,389.3641340048172,367,324,307.4453689511714,282,338,320.977446901686,304,258,243.692139259908,231,385,360.573023866871,336,417,395.72498357784104,359,60,57.444274140573675,55,3194,2963.199693453032,2614
Thoai_Son,10.227394,105.164987,SA,T,3.0,5600,2022-07-20,6.87,90.71,26.95,28.36,25.86,3.03,10.227394,105.164987,25.29683192548107,2.5,0.330249753982945,17.079032258064515,6.87,23.62,3.6662738004143356,87.20290322580645,77.54,90.96,3.221679779794692,27.481290322580644,26.4,28.46,0.5106525991347951,29.399677419354834,27.28,31.3,1.0137489791442065,25.99322580645161,24.86,26.92,0.4489872984536832,2.8958064516129025,0.47,5.44,1.192245845489683,25.14414613193178,23.8898315526181,25.904811382433476,0.486613767036818,3.406451612903226,1.5399999999999991,6.050000000000001,1.202619582645283,0.47184650525782007,0.3265190400950096,0.8589090352549394,0.13131500780657232,7684.698612862546,7684.698612862546,0.8509705195803907,296.4653215636822,296.4653215636822,251,316,284.12862547288773,284.12862547288773,110,408,83.84615384615384,83.84615384615384,55,91,0.4307152069511151,,,,,,0.4976790834825796,,,,0.3560672610595472,,,,1.263752774766447,,,,2.0374145092461995,,,,0.9973217702956461,0.25099462622425484,0.3161600365487928,2.1617193283142635,-17.367663871613146,1.299175778091683,-21.91584289122517,-11.700826667083222,-12.454162112063734,1.8904936492901028,-18.945921103509008,-6.914479515849933,3.2925270071907558,1.1952370818015488,0.8503789773297034,11.651820399769854,352,163.7419450513598,106.20032287529123,16,1.6503837572953428,-13,2.713504076347019,16,3.4764291622589756,0,2.2230895290409176,51.657,51.657,51.657,391.393,391.393,391.393,25.51,25.51,25.51,26.57,26.57,26.57,0.45356305440266925,0.45356305440266925,0.45356305440266925,0.0,124,120.83815155497152,117,424,389.3641340048172,367,324,307.4453689511714,282,338,320.977446901686,304,258,243.692139259908,231,385,360.573023866871,336,417,395.72498357784104,359,60,57.444274140573675,55,3194,2963.199693453032,2614
Thoai_Son,10.228207,105.177659,WS,T,4.0,6400,2022-04-05,19.16,82.04,27.46,31.49,24.17,3.54,10.228207,105.177659,24.11218898430279,7.319999999999997,0.6578202216285338,19.991612903225803,13.91,25.27,2.60569239980742,80.1174193548387,72.0,85.3,3.3648524558957966,28.268064516129034,26.55,29.8,0.7171557591865544,31.905483870967743,28.62,34.16,1.3110838626499621,25.486129032258066,24.17,26.68,0.6222419269132708,2.28258064516129,1.19,3.54,0.623434647437396,24.48588173262959,23.849394830057367,25.479693994172923,0.4147785946197458,6.419354838709676,3.6799999999999997,8.98,1.381053677880141,0.7684316631955047,0.514593306989049,1.1624074543547922,0.1601645911661173,5835.362944162436,5835.362944162436,0.620897260243809,193.98223350253807,193.98223350253807,185,227,270.5558375634518,270.5558375634518,64,526,64.4010152284264,64.4010152284264,28,67,0.3305473045990501,,,,,,0.3699318296029287,,,,0.27799369237984606,,,,0.9001410185420384,,,,1.6054682720591111,,,,0.8133780047497547,0.19476365305497612,0.25326515060906213,2.4223581898158972,-16.877112948257373,1.7264301316989015,-23.827047757586115,-3.1721905176739797,-10.834164032380155,1.6132170054043184,-15.431589364861907,2.1892929316648697,4.205194191041381,1.3118187672421777,0.6512834546174223,14.793724444048621,353,167.01837365476254,104.71143781221099,13,2.3607081897205093,-10,3.0247698085388732,14,3.9949946948378465,0,2.3231577150394425,130.524,130.524,130.524,142.02,142.02,142.02,27.52,27.52,27.52,28.17,28.17,28.17,0.489410400390625,0.489410400390625,0.489410400390625,0.0,123,120.52508214676891,119,415,374.07252410166524,358,328,298.5705521472393,284,338,307.3407099035934,289,243,231.8516652059598,225,396,372.72874671340935,352,414,395.63255915863283,376,60,56.87182296231378,55,3432,2932.456397896583,2574
Thoai_Son,10.232673,105.15164,SA,T,4.0,5600,2022-07-20,6.87,90.71,26.95,28.36,25.86,3.03,10.232673,105.15164,25.29683192548107,2.5,0.330249753982945,17.079032258064515,6.87,23.62,3.6662738004143356,87.20290322580645,77.54,90.96,3.221679779794692,27.481290322580644,26.4,28.46,0.5106525991347951,29.399677419354834,27.28,31.3,1.0137489791442065,25.99322580645161,24.86,26.92,0.4489872984536832,2.8958064516129025,0.47,5.44,1.192245845489683,25.14414613193178,23.8898315526181,25.904811382433476,0.486613767036818,3.406451612903226,1.5399999999999991,6.050000000000001,1.202619582645283,0.47184650525782007,0.3265190400950096,0.8589090352549394,0.13131500780657232,7183.027883396706,7183.027883396706,0.7889877719075387,308.31558935361215,308.31558935361215,262,376,376.35994930291514,376.35994930291514,230,462,47.06844106463878,47.06844106463878,39,76,0.4310848302070268,,,,,,0.4981504755633163,,,,0.3563553554089188,,,,1.2650945155643232,,,,2.039008406800395,,,,0.9431702152954086,0.23041746391988732,0.4114550959862242,1.8726899806052937,-16.645477154497225,1.4678961180087895,-21.272727215529773,-9.122795714877263,-11.42158110029586,2.0094136250700854,-17.960927485525467,-5.095081067627025,3.50577124801825,1.1433682155861942,1.1359648641400402,8.721595476688233,353,164.85369108938295,104.56413243977359,19,2.736649233638823,-7,2.846504934267475,17,3.583792227308227,0,2.1521983202617028,51.657,51.657,51.657,391.393,391.393,391.393,25.51,25.51,25.51,26.57,26.57,26.57,0.45356305440266925,0.45356305440266925,0.45356305440266925,0.0,126,122.74824715162141,118,385,370.6870479947404,348,316,290.36774052158665,219,320,302.03309226386153,264,329,265.16568047337284,242,410,378.07999123383746,332,399,356.6313828621522,332,59,56.974358974358985,55,3274,2951.3221564760033,2653
Thoai_Son,10.236082,105.210347,WS,T,2.0,8000,2022-04-05,19.16,82.04,27.46,31.49,24.17,3.54,10.236082,105.210347,24.11218898430279,7.319999999999997,0.6578202216285338,19.991612903225803,13.91,25.27,2.60569239980742,80.1174193548387,72.0,85.3,3.3648524558957966,28.268064516129034,26.55,29.8,0.7171557591865544,31.905483870967743,28.62,34.16,1.3110838626499621,25.486129032258066,24.17,26.68,0.6222419269132708,2.28258064516129,1.19,3.54,0.623434647437396,24.48588173262959,23.849394830057367,25.479693994172923,0.4147785946197458,6.419354838709676,3.6799999999999997,8.98,1.381053677880141,0.7684316631955047,0.514593306989049,1.1624074543547922,0.1601645911661173,5401.792884371031,5401.792884371031,0.5541893903905859,151.66709021601017,151.66709021601017,146,169,526.8259212198221,526.8259212198221,272,611,51.29097839898349,51.29097839898349,47,54,0.33091692785496174,,,,,,0.37040322168366546,,,,0.27828178672921766,,,,0.9014827593399145,,,,1.607062169613307,,,,0.7749282046962335,0.20566593086852164,0.19085231771438527,1.9077992117911284,-17.340787447216474,1.6766757219830317,-22.28745541241181,-11.303489670600984,-10.997862155261688,1.7266444711892168,-16.648007462305685,-2.998514549129994,4.577217017636541,1.7479610178425349,1.096656700180004,19.9586136961988,354,165.3553074687457,107.2540311986679,9,1.6369522667211471,-13,2.550680057920538,13,3.3443149091532174,0,1.968969883880431,135.992,135.992,135.992,139.373,139.373,139.373,27.52,27.52,27.52,28.07,28.07,28.07,0.4477831522623698,0.4477831522623698,0.4477831522623698,0.0,126,120.95923734385278,119,412,390.2821467688938,367,315,299.81117196056965,254,350,322.75312157721817,299,241,230.1355969331874,227,373,352.91347207009875,327,436,416.7653888280396,400,59,57.24687842278207,55,3603,3321.51960569551,2878
Thoai_Son,10.23625,105.234527,WS,T,2.3,8000,2022-04-20,21.24,81.74,28.26,32.67,24.51,2.67,10.23625,105.234527,24.830563741900388,8.16,0.700733361230617,19.000967741935483,6.76,23.06,3.2424307437463753,81.6583870967742,74.08,85.88,2.5914438580665653,28.261290322580642,26.55,29.91,0.6185870577136766,31.69225806451613,28.62,33.56,1.070766110051567,25.599354838709676,24.17,26.83,0.6754875681569947,2.259354838709678,0.87,3.54,0.6370391970715924,24.805814225602152,23.849394830057367,25.479693994172923,0.44373380221228736,6.092903225806452,3.6799999999999997,8.16,1.142262027304529,0.7068426882753385,0.514593306989049,1.094137791396107,0.12118226529683135,1758.1781170483462,1758.1781170483462,0.04338785126903465,121.35750636132315,121.35750636132315,80,147,507.97582697201017,507.97582697201017,371,595,26.324427480916025,26.324427480916025,9,41,0.37933757437939175,,,,,,0.43215558426017564,,,,0.3160221464968961,,,,1.0772508038616766,,,,1.8158627492129695,,,,0.3491005356709385,0.1497302697735108,0.07652257834442311,1.0967844724997036,-21.11875433048144,2.2435800993656185,-27.778207640594193,-13.884125377639794,-10.54475190305518,1.5063994726784873,-16.328830471096722,-6.6247750616987755,12.673135876557454,5.917224841650566,2.64702464366907,51.27215400396288,352,163.76122260668973,105.76859736547974,14,2.3430713461855333,-5,2.264428222819909,12,3.082965892239249,0,1.9293888974489015,126.751,126.751,126.751,22.859,22.859,22.859,28.35,28.35,28.35,28.96,28.96,28.96,0.3810863494873047,0.3810863494873047,0.3810863494873047,103.892,124,122.34984655852702,121,422,387.7390350877194,358,310,290.9993421052632,270,355,318.4914473684211,286,239,214.4914473684211,205,389,350.28596491228075,331,453,435.21929824561425,392,60,58.14473684210526,56,3482,3021.1153508771936,2669
Thoai_Son,10.244181,105.230614,WS,T,2.3,6400,2022-04-20,21.24,81.74,28.26,32.67,24.51,2.67,10.244181,105.230614,24.830563741900388,8.16,0.700733361230617,19.000967741935483,6.76,23.06,3.2424307437463753,81.6583870967742,74.08,85.88,2.5914438580665653,28.261290322580642,26.55,29.91,0.6185870577136766,31.69225806451613,28.62,33.56,1.070766110051567,25.599354838709676,24.17,26.83,0.6754875681569947,2.259354838709678,0.87,3.54,0.6370391970715924,24.805814225602152,23.849394830057367,25.479693994172923,0.44373380221228736,6.092903225806452,3.6799999999999997,8.16,1.142262027304529,0.7068426882753385,0.514593306989049,1.094137791396107,0.12118226529683135,2643.3367088607592,2643.3367088607592,0.16900925767277486,98.17721518987341,98.17721518987341,61,141,499.7670886075948,499.7670886075948,350,595,18.335443037974684,18.335443037974684,9,34,0.37896795112348003,,,,,,0.43168419217943893,,,,0.3157340521475245,,,,1.0759090630638006,,,,1.8142688516587737,,,,0.34399559456478435,0.1799987512314968,0.08756749070742628,1.142660087355033,-20.536101668944852,2.673088816202093,-26.292765417128763,-11.082966832127111,-9.768151870783253,1.2564668599946918,-15.36628455044308,-4.568877152843628,13.543165203928243,6.6370911356986175,2.500603586547756,44.67905243927213,355,160.7177882777799,105.08391485378594,9,1.6769568884847041,-8,2.2536824936225983,13,3.2393572153466974,0,1.96091485659881,126.751,126.751,126.751,22.859,22.859,22.859,28.35,28.35,28.35,28.96,28.96,28.96,0.3810863494873047,0.3810863494873047,0.3810863494873047,103.892,123,121.76089336544777,119,419,395.6646221248632,379,310,295.99824753559693,288,351,335.9842278203725,317,218,213.52245345016436,206,357,341.8403066812706,336,449,444.58159912376794,435,60,58.247097480832416,57,3649,3444.3033953997815,2905
Thoai_Son,10.244181,105.230614,SA,T,2.3,6400,2022-07-22,23.62,77.54,28.2,31.13,25.08,0.84,10.244181,105.230614,23.8898315526181,6.050000000000001,0.8589090352549394,16.82451612903226,6.87,23.62,3.7451300323776846,87.26129032258065,77.54,90.96,3.2519520112472025,27.401612903225804,26.4,28.46,0.5410449672695424,29.30419354838709,27.28,31.3,1.0837830225457386,25.930645161290318,24.86,26.72,0.3983266246385517,2.9167741935483864,0.47,5.44,1.2004955619129696,25.0767203157571,23.8898315526181,25.86679077514275,0.4661583164888784,3.3735483870967746,1.5399999999999991,6.050000000000001,1.2332949530453274,0.4678698859972462,0.3265190400950096,0.8589090352549394,0.13336808904868466,4604.869620253164,4604.869620253164,0.4263518501448021,212.25949367088606,212.25949367088606,188,296,499.7670886075948,499.7670886075948,350,595,39.34556962025315,39.34556962025315,18,50,0.44032541160481875,,,,,,0.5099352775817343,,,,0.3635577141432086,,,,1.2986380355112241,,,,2.078855845655293,,,,0.8109372465956339,0.19426020217398582,0.17841106967369633,1.6935702375683754,-17.255341357634865,1.6079091672415535,-22.541121987693945,-10.924033611053687,-11.190171860918767,1.5138678375666543,-15.218002996833684,-3.7973757979644267,4.23788859982691,1.379590275791861,1.3618742885699218,21.420133500212582,355,160.7177882777799,105.08391485378594,9,1.6769568884847041,-8,2.2536824936225983,13,3.2393572153466974,0,1.96091485659881,119.908,119.908,119.908,18.395,18.395,18.395,28.08,28.08,28.08,28.04,28.04,28.04,0.4414634704589844,0.4414634704589844,0.4414634704589844,101.514,123,121.76089336544777,119,419,395.6646221248632,379,310,295.99824753559693,288,351,335.9842278203725,317,218,213.52245345016436,206,357,341.8403066812706,336,449,444.58159912376794,435,60,58.247097480832416,57,3649,3444.3033953997815,2905
Thoai_Son,10.245058,105.178415,WS,T,1.7,7200,2022-04-22,21.63,81.49,28.51,33.06,25.54,3.02,10.245058,105.178415,25.02264063734746,7.520000000000003,0.7207122775728727,18.940645161290323,6.76,23.06,3.225610155317826,81.97709677419356,74.08,87.63,2.9382485385865023,28.29225806451612,26.55,29.91,0.5939138075698024,31.686774193548384,28.62,33.56,1.0725050179498352,25.691290322580645,24.51,26.83,0.6269112296859477,2.311612903225807,0.87,3.7,0.6370957125348443,24.8993108458157,23.849394830057367,25.777882470499044,0.472689385876101,5.995483870967743,3.6799999999999997,8.16,1.1505253742689159,0.6959595286197212,0.46839475950440185,1.094137791396107,0.13282628040989755,2547.420785804816,2547.420785804816,0.1401570729681092,78.53485424588087,78.53485424588087,73,82,277.425855513308,277.425855513308,94,381,18.98859315589354,18.98859315589354,6,34,0.3841426767062436,,,,,,0.438283681309753,,,,0.3197673730387267,,,,1.094693434234065,,,,1.8365834174175162,,,,0.5689308803802051,0.21914121274533474,0.10352930091030932,1.494535333172868,-20.768422014554442,1.5578679058624074,-26.562149174197756,-14.98641495686533,-12.605328020577582,1.9558159435631324,-17.823412632941473,-6.804292740406842,7.490705417629818,4.4989481337188755,1.6764171520174649,37.636405006398384,354,161.72299307713354,106.14333271436696,12,2.2707364730614485,-10,2.6049508888446193,15,3.584690612777483,0,2.1402115569962428,134.342,134.342,134.342,46.717,46.717,46.717,28.27,28.27,28.27,29.05,29.05,29.05,0.4268627166748047,0.4268627166748047,0.4268627166748047,87.625,124,121.31500547645129,120,395,382.58251150558846,368,319,300.68639053254435,281,334,324.6964716195485,306,252,244.6638176638176,226,403,382.80736357659435,367,397,372.3530571992111,346,56,55.508437431514366,55,3565,3106.039886039886,2532
Thoai_Son,10.245058,105.178415,SA,T,1.7,5600,2022-07-20,6.87,90.71,26.95,28.36,25.86,3.03,10.245058,105.178415,25.29683192548107,2.5,0.330249753982945,17.079032258064515,6.87,23.62,3.6662738004143356,87.20290322580645,77.54,90.96,3.221679779794692,27.481290322580644,26.4,28.46,0.5106525991347951,29.399677419354834,27.28,31.3,1.0137489791442065,25.99322580645161,24.86,26.92,0.4489872984536832,2.8958064516129025,0.47,5.44,1.192245845489683,25.14414613193178,23.8898315526181,25.904811382433476,0.486613767036818,3.406451612903226,1.5399999999999991,6.050000000000001,1.202619582645283,0.47184650525782007,0.3265190400950096,0.8589090352549394,0.13131500780657232,4623.925221799746,4623.925221799746,0.4322983599817152,273.1089987325729,273.1089987325729,246,327,277.425855513308,277.425855513308,94,381,53.09632446134347,53.09632446134347,40,61,0.4314544534629385,,,,,,0.49862186764405303,,,,0.3566434497582904,,,,1.2664362563621991,,,,2.040602304354591,,,,0.9569676133475108,0.2349128737152387,0.3175443359249893,1.8537156741555894,-17.697310308285044,1.1747323207711338,-21.246629056839495,-13.667400219468309,-12.548102909343399,1.7714203710074046,-17.319784466107905,-7.627510881580445,3.4667111530222217,1.241758209085364,1.1578282234798998,11.59666618945735,354,161.72299307713354,106.14333271436696,12,2.2707364730614485,-10,2.6049508888446193,15,3.584690612777483,0,2.1402115569962428,51.657,51.657,51.657,391.393,391.393,391.393,25.51,25.51,25.51,26.57,26.57,26.57,0.45356305440266925,0.45356305440266925,0.45356305440266925,0.0,124,121.31500547645129,120,395,382.58251150558846,368,319,300.68639053254435,281,334,324.6964716195485,306,252,244.6638176638176,226,403,382.80736357659435,367,397,372.3530571992111,346,56,55.508437431514366,55,3565,3106.039886039886,2532
Thoai_Son,10.246984,105.216849,SA,T,4.0,5600,2022-07-20,6.87,90.71,26.95,28.36,25.86,3.03,10.246984,105.216849,25.29683192548107,2.5,0.330249753982945,17.079032258064515,6.87,23.62,3.6662738004143356,87.20290322580645,77.54,90.96,3.221679779794692,27.481290322580644,26.4,28.46,0.5106525991347951,29.399677419354834,27.28,31.3,1.0137489791442065,25.99322580645161,24.86,26.92,0.4489872984536832,2.8958064516129025,0.47,5.44,1.192245845489683,25.14414613193178,23.8898315526181,25.904811382433476,0.486613767036818,3.406451612903226,1.5399999999999991,6.050000000000001,1.202619582645283,0.47184650525782007,0.3265190400950096,0.8589090352549394,0.13131500780657232,2976.1607594936713,2976.1607594936713,0.18247325713069104,270.4303797468355,270.4303797468355,242,310,415.94177215189876,415.94177215189876,272,566,62.48481012658229,62.48481012658229,54,69,0.43182407671885015,,,,,,0.49909325972478974,,,,0.356931544107662,,,,1.267777997160075,,,,2.042196201908787,,,,0.9030495901407581,0.20280789120321802,0.21713001203962498,1.7837215027157567,-16.37622994762811,1.2884797656215126,-21.262871775359713,-12.062495011752832,-10.923594062746123,1.5255471851851008,-15.627571788206424,-0.37649241424072005,3.6645793687310753,1.1304487535495882,1.242502539723779,17.422142394898515,350,165.6311665546374,104.44158684247067,10,1.826183227234985,-7,2.4291963328850077,11,3.174103436004905,0,1.8875661804898762,54.185,54.185,54.185,365.11,365.11,365.11,25.38,25.38,25.38,26.47,26.47,26.47,0.44306055704752606,0.44306055704752606,0.44306055704752606,0.0,126,122.13537787513688,119,430,387.1569958397198,369,323,288.40091964090215,263,364,323.8843880008759,294,246,231.69629954017955,214,380,350.7790672213707,328,433,417.46814101160516,385,60,56.567111889643094,54,3655,3380.7862929713165,2941
Thoai_Son,10.248814,105.361138,WS,T,5.0,8000,2022-04-10,19.36,82.88,27.58,31.4,24.33,1.48,10.248814,105.361138,24.39953756661737,7.07,0.6314662097798664,19.909354838709675,13.91,25.27,2.21220796940431,81.77000000000001,73.94,86.67,3.3197619424950804,27.88774193548387,26.67,29.15,0.6234798787524395,32.278064516129035,29.97,35.05,1.347514843666735,24.5,23.31,25.41,0.5418248735047025,1.9445161290322581,1.2,3.22,0.5988690346875486,24.459054712105164,23.274972079644026,25.336477506483536,0.4134237579231464,7.778064516129033,5.23,10.409999999999997,1.4357788026124416,0.6886760871821548,0.49715619723019266,1.0529625439074017,0.14897123608392612,3958.8037735849057,3958.8037735849057,0.3902762934169561,108.53836477987421,108.53836477987421,86,126,609.8339622641508,609.8339622641508,443,622,22.66163522012579,22.66163522012579,22,24,0.3545728162333092,,,,,,0.40057231485081546,,,,0.29671982508899947,,,,0.9873541704039814,,,,1.7090716130818444,,,,0.538120369436249,0.2306635420806244,0.1293746658145752,1.7120352206754885,-17.88521932972287,3.3567453969518137,-26.916256641256183,-6.689771671932327,-9.380010015099087,1.9452274776650427,-20.386211470811688,-3.2869166999279757,8.148337042115992,4.487989482257823,1.336400531772815,29.917954259553067,354,160.20378742445905,102.69413870028164,15,4.1655507153731115,-4,2.7233112245200437,13,3.747774138487799,0,2.2041491359968703,124.957,124.957,124.957,33.193,33.193,33.193,27.99,27.99,27.99,28.62,28.62,28.62,0.34408124287923175,0.34408124287923175,0.34408124287923175,91.764,124,122.96363636363634,122,362,345.9107651830738,333,271,257.3387415040561,246,312,286.25191843893884,270,244,234.81276035957026,215,414,385.10545932909446,371,397,380.22714317035735,361,60,57.01512826134619,55,2999,2777.0449462837096,2643
Thoai_Son,10.248814,105.361138,SA,T,5.0,5600,2022-07-20,6.87,92.63,26.48,28.64,24.85,2.16,10.248814,105.361138,25.184821784023452,3.789999999999999,0.2548551026133851,17.079032258064515,6.87,23.62,3.6662738004143356,89.88709677419355,82.49,94.07,2.8019534586040407,26.879677419354838,25.84,27.68,0.4910520888930663,29.632580645161287,27.37,31.56,1.0905605771934979,24.680322580645164,22.91,25.42,0.4686458451750021,2.2770967741935486,0.89,4.11,0.8221537159012536,25.06539531784235,24.164536332806353,25.763690671297283,0.4051746062701166,4.952258064516128,2.5,8.649999999999999,1.3704972247619198,0.36012591350437156,0.2002779938145562,0.6398398187662848,0.10793640497162708,3786.0566037735853,3786.0566037735853,0.3665343509351362,257.10566037735845,257.10566037735845,243,327,609.8339622641508,609.8339622641508,443,622,35.758490566037736,35.758490566037736,16,39,0.43219369997476187,,,,,,0.49956465180552645,,,,0.35721963845703353,,,,1.269119737957951,,,,2.043790099462983,,,,0.8004801183882647,0.20250232887747235,0.19911693043301112,3.088503204819104,-15.654223098859244,1.720289083121473,-25.2191629794657,-1.8219513946090935,-9.51637784079714,1.9732415803709278,-19.932544471239883,-2.4146898699249135,4.304514534987069,1.3366977794789405,0.2951257404423781,19.088698591834305,354,160.20378742445905,102.69413870028164,15,4.1655507153731115,-4,2.7233112245200437,13,3.747774138487799,0,2.2041491359968703,54.558,54.558,54.558,324.749,324.749,324.749,25.44,25.44,25.44,26.55,26.55,26.55,0.4277172088623047,0.4277172088623047,0.4277172088623047,0.0,124,122.96363636363634,122,362,345.9107651830738,333,271,257.3387415040561,246,312,286.25191843893884,270,244,234.81276035957026,215,414,385.10545932909446,371,397,380.22714317035735,361,60,57.01512826134619,55,2999,2777.0449462837096,2643
Thoai_Son,10.249044,105.347198,WS,T,3.5,7200,2022-04-10,19.36,82.88,27.58,31.4,24.33,1.48,10.249044,105.347198,24.39953756661737,7.07,0.6314662097798664,19.909354838709675,13.91,25.27,2.21220796940431,81.77000000000001,73.94,86.67,3.3197619424950804,27.88774193548387,26.67,29.15,0.6234798787524395,32.278064516129035,29.97,35.05,1.347514843666735,24.5,23.31,25.41,0.5418248735047025,1.9445161290322581,1.2,3.22,0.5988690346875486,24.459054712105164,23.274972079644026,25.336477506483536,0.4134237579231464,7.778064516129033,5.23,10.409999999999997,1.4357788026124416,0.6886760871821548,0.49715619723019266,1.0529625439074017,0.14897123608392612,2150.2283163265306,2150.2283163265306,0.11321537931654914,145.59566326530611,145.59566326530611,87,205,477.7704081632653,477.7704081632653,318,603,25.191326530612248,25.191326530612248,22,27,0.3556816860010443,,,,,,0.40198649109302564,,,,0.2975841081371142,,,,0.9913793927976096,,,,1.713853305744432,,,,0.4588481167975166,0.2206576048235646,0.10270050166972444,1.5717202210508474,-20.007502906846398,3.4154353076481563,-27.74074893639669,-9.907170858353897,-10.642297455111636,1.860271477601249,-16.268828211893833,-4.1376626526417954,9.988002592963849,5.395537590224422,1.544982208936405,37.9482031243006,354,162.30676643668173,105.12916702933177,13,3.058913073562265,-15,2.425726891995469,21,3.111658066939487,0,2.1338902125006842,,,,,,,,,,,,,,,,,123,121.52453987730061,120,387,362.8469633852226,349,279,267.52225389169047,255,315,290.8430168822627,280,249,235.21968866476652,220,379,368.00219250164446,345,421,396.7888620916467,379,60,56.1315500986626,56,3563,3000.3396185047145,2713
Thoai_Son,10.249044,105.347198,SA,T,3.5,6000,2022-07-20,6.87,92.63,26.48,28.64,24.85,2.16,10.249044,105.347198,25.184821784023452,3.789999999999999,0.2548551026133851,17.079032258064515,6.87,23.62,3.6662738004143356,89.88709677419355,82.49,94.07,2.8019534586040407,26.879677419354838,25.84,27.68,0.4910520888930663,29.632580645161287,27.37,31.56,1.0905605771934979,24.680322580645164,22.91,25.42,0.4686458451750021,2.2770967741935486,0.89,4.11,0.8221537159012536,25.06539531784235,24.164536332806353,25.763690671297283,0.4051746062701166,4.952258064516128,2.5,8.649999999999999,1.3704972247619198,0.36012591350437156,0.2002779938145562,0.6398398187662848,0.10793640497162708,4049.713010204083,4049.713010204083,0.35958624361617464,294.5102040816327,294.5102040816327,231,379,477.7704081632653,477.7704081632653,318,603,22.716836734693878,22.716836734693878,6,40,0.4325633232306735,,,,,,0.5000360438862632,,,,0.35750773280640513,,,,1.2704614787558273,,,,2.0453839970171788,,,,0.8763915763278886,0.22722993800349245,0.25959381449230534,1.9112705193125183,-16.23872663685455,1.446185025032046,-22.024738723637334,-9.686241581096516,-10.582582376836685,1.8231045042897351,-15.788535186500663,-4.39242710584034,3.89643501136214,1.3767446827819225,1.0928486886507283,14.40868763696434,354,162.30676643668173,105.12916702933177,13,3.058913073562265,-15,2.425726891995469,21,3.111658066939487,0,2.1338902125006842,,,,,,,,,,,,,,,,,123,121.52453987730061,120,387,362.8469633852226,349,279,267.52225389169047,255,315,290.8430168822627,280,249,235.21968866476652,220,379,368.00219250164446,345,421,396.7888620916467,379,60,56.1315500986626,56,3563,3000.3396185047145,2713
Thoai_Son,10.24991,105.206339,WS,T,4.0,8000,2022-04-22,21.63,81.49,28.51,33.06,25.54,3.02,10.24991,105.206339,25.02264063734746,7.520000000000003,0.7207122775728727,18.940645161290323,6.76,23.06,3.225610155317826,81.97709677419356,74.08,87.63,2.9382485385865023,28.29225806451612,26.55,29.91,0.5939138075698024,31.686774193548384,28.62,33.56,1.0725050179498352,25.691290322580645,24.51,26.83,0.6269112296859477,2.311612903225807,0.87,3.7,0.6370957125348443,24.8993108458157,23.849394830057367,25.777882470499044,0.472689385876101,5.995483870967743,3.6799999999999997,8.16,1.1505253742689159,0.6959595286197212,0.46839475950440185,1.094137791396107,0.13282628040989755,2302.1056603773586,2302.1056603773586,0.1686073582878489,65.49308176100628,65.49308176100628,60,76,447.8566037735848,447.8566037735848,338,574,21.462893081761003,21.462893081761003,6,29,0.38377305345033186,,,,,,0.43781228922901627,,,,0.31947927868935516,,,,1.093351693436189,,,,1.8349895198633204,,,,0.31753131014124697,0.1458259361729062,0.10406095690021265,1.1070829981738917,-20.60195155537034,2.055710691002767,-27.077698410973333,-12.366275000858783,-9.592293411597053,1.477564452675599,-15.678097611258112,-5.984567231013971,13.768672767112523,5.492465649152261,2.613098572191886,37.43900843460172,350,159.29552725655265,105.6734521094377,10,2.091800794056112,-4,2.2983578876214725,11,3.024016078812542,0,1.6604638922953212,,,,,,,,,,,,,,,,,129,125.09003285870753,123,394,373.59732866214136,360,274,261.83840595576953,247,337,318.9255528793518,298,267,246.5329537989927,234,363,336.3805561637835,326,438,417.1850229910225,370,58,54.69301510838622,54,3707,3323.4727392161144,2873
Thoai_Son,10.250745,105.24539,SA,T,3.0,5200,2022-07-22,23.62,79.44,27.97,31.62,24.08,0.73,10.250745,105.24539,24.07069434896019,7.540000000000003,0.7757972023291232,16.82451612903226,6.87,23.62,3.7451300323776846,89.27258064516128,79.44,93.35,3.1578401844604382,27.030645161290323,25.9,28.35,0.6175494520298707,29.449677419354842,26.92,31.62,1.1989551469211952,25.12419354838709,24.08,26.05,0.43264955790844944,2.351612903225807,0.53,3.86,0.8572126501489826,25.095780037907694,24.07069434896019,25.86766694000002,0.42718173080931876,4.325483870967743,1.9899999999999984,7.540000000000003,1.2982937654293647,0.38651581626475584,0.22659304192761506,0.7757972023291232,0.1277271751875738,4413.996163682865,4413.996163682865,0.39176765791596513,237.2084398976982,237.2084398976982,189,409,406.4948849104859,406.4948849104859,150,485,44.106138107416875,44.106138107416875,25,51,0.4406950348607305,,,,,,0.510406669662471,,,,0.36384580849258014,,,,1.2999797763091,,,,2.0804497432094884,,,,0.7908145867203575,0.18220825388842898,0.3444447760339028,1.5118548470632809,-16.42041530846383,1.107841472666748,-21.33805555823775,-13.058186641346758,-10.229210476442963,1.1104667724823587,-14.003999507038657,-6.179306307499948,4.336102926319135,1.2655087660601319,1.645756639779172,10.612892046318306,350,171.10766980118748,106.70138902872631,13,1.9340004349229982,-8,2.5981985474277813,17,3.643435628101298,0,2.297759243814086,,,,,,,,,,,,,,,,,124,122.8559842174485,121,390,366.94737996053505,350,305,281.4922166191626,260,334,303.97456698092526,282,240,227.97873273404954,218,380,348.06687130015354,324,451,424.0622670467003,383,59,56.898048673536515,56,3567,3124.8592413944316,2747
Thoai_Son,10.252308,105.334358,WS,T,2.0,7600,2022-04-10,19.36,83.09,27.63,31.63,24.27,1.63,10.252308,105.334358,24.490716162434726,7.359999999999999,0.625544333307912,19.909354838709675,13.91,25.27,2.21220796940431,81.32580645161292,74.06,86.78,2.820396648143946,27.937741935483874,26.95,29.04,0.566936929287379,32.32967741935484,30.27,34.53,1.1575153698442184,24.410322580645158,22.98,25.33,0.5526504108266711,1.7970967741935482,0.95,2.83,0.46968207193725375,24.420803930270907,23.612946047578802,25.30876125962539,0.4129839259566674,7.919354838709679,5.050000000000001,9.709999999999997,1.3117949669745694,0.7062474863029007,0.48813969021282255,1.041477079347301,0.12581155344614364,2351.250629722922,2351.250629722922,0.1438381626007201,117.31486146095716,117.31486146095716,104,142,575.39798488665,575.39798488665,312,587,27.95088161209068,27.95088161209068,25,30,0.3538335697214859,,,,,,0.39962953068934204,,,,0.29614363639025626,,,,0.9846706888082293,,,,1.7058838179734526,,,,0.6568579421977245,0.2126082812587684,0.11247512892504366,1.3204414049110789,-17.580413898421998,2.683662434134524,-24.72742318470618,-7.978183006624529,-10.277706037995632,1.9472180048984211,-17.60643133978989,-1.4024614972130762,5.86163437838866,2.6532308886774123,2.0292900428015344,34.56341778159422,355,165.76796146255148,105.40479709660468,39,3.741295630599311,-16,5.10580788218151,31,5.740349986985042,0,4.247922383494044,124.957,124.957,124.957,33.193,33.193,33.193,27.99,27.99,27.99,28.62,28.62,28.62,0.34408124287923175,0.34408124287923175,0.34408124287923175,91.764,124,122.43232588699081,120,391,359.09156626506035,343,295,269.16516976998906,254,330,288.0021905805039,264,253,230.9833515881709,217,380,364.1362541073385,354,420,404.9412924424973,380,60,56.58466593647318,55,3328,2786.7625410733854,2462
Thoai_Son,10.254048,105.172039,WS,T,3.6,7200,2022-04-22,21.63,79.9,28.5,33.77,24.85,2.29,10.254048,105.172039,24.682030058433043,8.920000000000002,0.7821672857682282,18.940645161290323,6.76,23.06,3.225610155317826,82.1632258064516,75.99,87.15,2.5418946287858115,28.169354838709676,26.71,29.68,0.5255592135932123,32.20225806451613,29.09,34.19,1.0551431936989204,25.014838709677417,23.86,26.1,0.6431619018955865,1.8835483870967742,0.76,2.92,0.47532364788566334,24.82040037633427,24.13497977078476,25.52784040443585,0.3997388240606893,7.18741935483871,4.100000000000001,9.190000000000001,1.2495598392567902,0.6832623786177955,0.4820565470696328,1.000209663814001,0.1145618563613711,2927.856780735108,2927.856780735108,0.21393391190849984,124.61723700887201,124.61723700887201,83,238,327.2686945500634,327.2686945500634,275,504,12.158428390367558,12.158428390367558,11,14,0.3834034301944202,,,,,,0.4373408971482795,,,,0.31919118433998356,,,,1.0920099526383131,,,,1.8333956223091246,,,,0.39291072998529436,0.17225833910360625,0.060959412000645495,1.3755477477709783,-19.071169537253773,3.000886956741046,-27.033125036002836,-4.9013184864380035,-9.02356374159803,1.728956077615008,-16.019306610349176,1.6148983233871061,11.507900053135582,6.455463092489201,1.9079324992402804,64.61743082360513,354,168.65465238879747,101.3210010525926,17,3.2758088962108713,-9,3.5600490337404427,25,4.881268533772654,0,2.8640676769062683,134.342,134.342,134.342,46.717,46.717,46.717,28.27,28.27,28.27,29.05,29.05,29.05,0.4268627166748047,0.4268627166748047,0.4268627166748047,87.625,122,120.64518956826652,119,387,373.433896075422,361,306,288.5097566323174,258,331,307.3676825257618,290,265,254.60030695023016,248,402,376.26310019732495,365,380,369.01490901118166,350,59,56.25915369436527,55,3077,2751.6117079587807,2439
Thoai_Son,10.254048,105.172039,SA,T,3.6,5600,2022-07-20,6.87,92.59,26.64,28.64,25.02,2.61,10.254048,105.172039,25.335976457808076,3.620000000000001,0.25866298156386003,17.079032258064515,6.87,23.62,3.6662738004143356,89.25548387096772,79.44,93.35,3.1503782043407136,27.100322580645162,25.9,28.35,0.5991686922296418,29.538064516129033,26.92,31.62,1.1493796906405753,25.172903225806444,24.08,26.12,0.47685930533687654,2.3409677419354837,0.53,3.86,0.8526442923529118,25.16140586009696,24.07069434896019,25.902008550533132,0.4437840992158635,4.365161290322582,1.9899999999999984,7.540000000000003,1.2650841383920832,0.38848028766838494,0.22659304192761506,0.7757972023291232,0.12688979579822315,5411.0050697084935,5411.0050697084935,0.551734244651666,256.95817490494295,256.95817490494295,242,283,327.2686945500634,327.2686945500634,275,504,66.5982256020279,66.5982256020279,53,74,0.4329329464865852,,,,,,0.5005074359669999,,,,0.35779582715577674,,,,1.2718032195537032,,,,2.046977894571375,,,,0.8445633338480132,0.24535736952482556,0.10789390094255406,1.9763912788561888,-16.783493303417536,1.8259569908697482,-25.215289734703433,0.2523101026935687,-10.8704490007268,2.507778674387065,-18.486824353764284,8.920712754878345,4.2584411515769265,2.2888964556872278,1.0238907360059537,36.07345795319533,354,168.65465238879747,101.3210010525926,17,3.2758088962108713,-9,3.5600490337404427,25,4.881268533772654,0,2.8640676769062683,51.657,51.657,51.657,391.393,391.393,391.393,25.51,25.51,25.51,26.57,26.57,26.57,0.45356305440266925,0.45356305440266925,0.45356305440266925,0.0,122,120.64518956826652,119,387,373.433896075422,361,306,288.5097566323174,258,331,307.3676825257618,290,265,254.60030695023016,248,402,376.26310019732495,365,380,369.01490901118166,350,59,56.25915369436527,55,3077,2751.6117079587807,2439
Thoai_Son,10.255579,105.190922,WS,T,1.65,8000,2022-04-22,21.63,79.9,28.5,33.77,24.85,2.29,10.255579,105.190922,24.682030058433043,8.920000000000002,0.7821672857682282,18.940645161290323,6.76,23.06,3.225610155317826,82.1632258064516,75.99,87.15,2.5418946287858115,28.169354838709676,26.71,29.68,0.5255592135932123,32.20225806451613,29.09,34.19,1.0551431936989204,25.014838709677417,23.86,26.1,0.6431619018955865,1.8835483870967742,0.76,2.92,0.47532364788566334,24.82040037633427,24.13497977078476,25.52784040443585,0.3997388240606893,7.18741935483871,4.100000000000001,9.190000000000001,1.2495598392567902,0.6832623786177955,0.4820565470696328,1.000209663814001,0.1145618563613711,2014.8314465408807,2014.8314465408807,0.06706128394230963,92.388679245283,92.388679245283,76,108,364.3496855345911,364.3496855345911,195,430,14.514465408805034,14.514465408805034,6,24,0.3830338069385085,,,,,,0.43686950506754285,,,,0.31890308999061195,,,,1.090668211840437,,,,1.8318017247549285,,,,0.3471642323942253,0.17155341481908262,0.07867382278257957,1.2349593335969582,-20.958043147503137,2.589157365147068,-27.255795535598686,-12.53378140949734,-10.302613770057278,1.6779780986115411,-15.802432194597998,-6.122772962001359,13.010193129274194,6.1504241409231595,2.2389730505129672,49.842832577924554,353,165.47981996289857,105.44723427378071,10,2.7805320056805263,-5,2.488195540349525,12,3.169038495121798,0,1.8463837723620062,134.342,134.342,134.342,46.717,46.717,46.717,28.27,28.27,28.27,29.05,29.05,29.05,0.4268627166748047,0.4268627166748047,0.4268627166748047,87.625,129,125.09861932938855,120,404,373.4415698311773,352,298,269.8318351238763,243,344,304.4985748739312,292,281,264.75663231747427,240,391,374.52071914053937,357,389,360.6899802674852,346,56,55.343784257838195,55,3434,2902.2350361762774,2555
Thoai_Son,10.257436,105.217205,WS,T,2.3,7200,2022-04-20,21.24,80.99,27.97,32.59,23.86,1.47,10.257436,105.217205,24.393652040431206,8.730000000000004,0.7173105455387468,19.000967741935483,6.76,23.06,3.2424307437463753,81.84161290322581,75.99,85.84,2.2943649016163477,28.14258064516129,26.71,29.68,0.5514202644195143,32.20258064516129,29.09,34.19,1.0461387305211283,24.931935483870966,23.23,26.1,0.7128200214180598,1.8445161290322578,0.76,2.76,0.47889549475970705,24.72986277647131,23.777922210855053,25.406872372688927,0.41390910772614503,7.2706451612903225,4.100000000000001,9.190000000000001,1.2505377823389554,0.6942976621893057,0.4963262437401275,1.000209663814001,0.10566255843304845,1780.3583227445997,1780.3583227445997,0.05957808960902439,71.64803049555273,71.64803049555273,62,88,363.405336721728,363.405336721728,286,574,14.881829733163913,14.881829733163913,13,25,0.377859081355745,,,,,,0.4302700159372288,,,,0.31486976909940967,,,,1.0718838406701723,,,,1.8094871589961858,,,,0.29093371176291444,0.13375958900542068,0.06622683171560521,1.1465221336935816,-20.903273633546455,2.259331354745591,-26.5730513781887,-13.123890114115348,-9.465655240678752,1.476435988800044,-16.074238827425667,-5.294944463706524,15.329541890977467,6.777044253403551,2.4888118444899003,59.39848044032988,349,163.7054059486193,100.9374719814783,9,2.6291618753274295,-5,2.251498864561415,11,3.055542192890259,0,1.6859204600613442,126.751,126.751,126.751,22.859,22.859,22.859,28.35,28.35,28.35,28.96,28.96,28.96,0.3810863494873047,0.3810863494873047,0.3810863494873047,103.892,126,123.09136722173531,119,391,369.43823915900134,352,300,274.27792378449413,251,341,312.9226894437143,292,249,234.4165571616294,211,366,351.4699956197985,331,444,413.93407796758646,384,60,56.826982041173885,55,3694,3205.9480946123513,2749
Thoai_Son,10.257715,105.375007,WS,T,1.65,7200,2022-03-28,19.65,77.37,28.8,33.86,25.0,1.3,10.257715,105.375007,24.43377241042045,8.86,0.8960603380673319,19.941935483870967,13.91,25.27,2.446841834606317,77.38387096774194,61.89,86.5,7.182893961403721,28.367096774193545,26.95,30.47,1.1408717480389567,33.32032258064516,30.27,38.48,2.3004816941184263,24.584838709677417,22.98,25.75,0.6359390869985335,1.8303225806451615,0.68,2.83,0.5458788939952427,23.93815463889834,22.18822299967497,24.806145378787576,0.6554457933461104,8.735483870967744,5.43,13.309999999999999,2.0758625703620597,0.8930487321189048,0.48813969021282255,1.6478924176167693,0.35094767833639057,3568.6262626262633,3568.6262626262633,0.34627235654699795,142.97727272727275,142.97727272727275,77,186,477.1843434343435,477.1843434343435,421,554,41.91540404040405,41.91540404040405,35,50,0.31871936040987636,,,,,,0.3548472830193537,,,,0.2687746731999551,,,,0.8572053130100049,,,,1.5544635503248423,,,,0.7856790579065418,0.2057720720084341,0.26369716654189007,1.8644589985940174,-17.627981026078366,2.035684718589246,-24.296491513071818,-9.857016746184474,-11.365104715228114,1.6749955214076686,-16.327271657533593,-2.4578813122971472,4.4799186932357955,1.6429263414008617,1.1453944565240572,14.16891536020571,352,161.70873434529489,106.229613997141,10,3.6863358846535315,-11,2.2950124396659466,13,2.8768578893783587,0,1.7744045075329211,123.901,123.901,123.901,115.977,115.977,115.977,29.05,29.05,29.05,29.79,29.79,29.79,0.3520628611246745,0.3520628611246745,0.3520628611246745,7.923,123,121.7508218277449,120,384,352.5299145299146,335,303,272.1707210168748,256,326,293.49353495507347,276,239,221.23033092263864,205,418,402.6841989918914,376,399,376.0762656147272,364,60,58.43480166557091,56,3620,3193.5036160420786,2852
Thoai_Son,10.257715,105.375007,SA,T,1.65,6000,2022-07-12,11.11,94.19,26.0,27.4,24.96,3.54,10.257715,105.375007,24.98995440418559,2.4399999999999977,0.1952996540418091,16.540967741935482,6.87,23.62,4.150304578670536,90.28193548387097,81.27,94.19,2.8630081398314076,26.95064516129032,25.66,27.84,0.558159044763032,29.670322580645166,26.96,31.63,1.1254862286054135,24.798709677419353,23.29,25.36,0.43227635974763906,2.4070967741935485,0.86,3.69,0.8010605613140743,25.20859539611094,24.130094953000818,25.85569627986475,0.42849442648557595,4.871612903225807,2.4399999999999977,8.34,1.256939695666894,0.3479853257929781,0.1952996540418091,0.6932754681442975,0.11201806735996692,4322.654040404042,4322.654040404042,0.44025594581994976,216.80303030303034,216.80303030303034,207,308,477.1843434343435,477.1843434343435,421,554,55.74242424242425,55.74242424242425,40,100,0.3941225046158589,,,,,,0.4510112674896444,,,,0.3275459204717597,,,,1.1309204357767184,,,,1.8796186513808055,,,,0.8714430858133659,0.2204115819031367,0.16067802713068288,1.763383881626587,-17.02230161027267,1.5579717343654276,-23.587804825994354,-10.047021099836629,-11.33789315759819,1.8250293145492587,-17.26937322132099,-0.1257034059217884,3.923963084867004,1.5020407076190785,1.2683659761652721,23.894505312457653,352,161.70873434529489,106.229613997141,10,3.6863358846535315,-11,2.2950124396659466,13,2.8768578893783587,0,1.7744045075329211,68.818,68.818,68.818,406.997,406.997,406.997,24.95,24.95,24.95,26.11,26.11,26.11,0.4240163167317708,0.4240163167317708,0.4240163167317708,0.0,123,121.7508218277449,120,384,352.5299145299146,335,303,272.1707210168748,256,326,293.49353495507347,276,239,221.23033092263864,205,418,402.6841989918914,376,399,376.0762656147272,364,60,58.43480166557091,56,3620,3193.5036160420786,2852
Thoai_Son,10.258961,105.323388,WS,T,3.0,7760,2022-04-10,19.36,83.09,27.63,31.63,24.27,1.63,10.258961,105.323388,24.490716162434726,7.359999999999999,0.625544333307912,19.909354838709675,13.91,25.27,2.21220796940431,81.32580645161292,74.06,86.78,2.820396648143946,27.937741935483874,26.95,29.04,0.566936929287379,32.32967741935484,30.27,34.53,1.1575153698442184,24.410322580645158,22.98,25.33,0.5526504108266711,1.7970967741935482,0.95,2.83,0.46968207193725375,24.420803930270907,23.612946047578802,25.30876125962539,0.4129839259566674,7.919354838709679,5.050000000000001,9.709999999999997,1.3117949669745694,0.7062474863029007,0.48813969021282255,1.041477079347301,0.12581155344614364,3058.105527638191,3058.105527638191,0.2566865983555123,113.49999999999999,113.49999999999999,100,127,416.02135678391954,416.02135678391954,326,587,25.02010050251256,25.02010050251256,20,30,0.3534639464655742,,,,,,0.3991581386086053,,,,0.2958555420408847,,,,0.9833289480103533,,,,1.7042899204192568,,,,0.5667599259882735,0.21829816708904734,0.11378090533096608,1.724410753022389,-18.643894693815763,2.942731914520327,-26.01332652544676,-9.851402415142843,-10.481469578083612,1.863838684239296,-17.292633165288173,-3.153747438022588,7.374833066427172,3.9345014003989407,1.319632948814061,34.155283642407255,354,166.91929143587697,106.58734030402064,12,2.9932550652910996,-5,2.6208593413618515,14,3.3286730568360423,0,1.9472401367802414,124.957,124.957,124.957,33.193,33.193,33.193,27.99,27.99,27.99,28.62,28.62,28.62,0.34408124287923175,0.34408124287923175,0.34408124287923175,91.764,127,122.86706088480067,121,399,365.595488392466,343,297,276.52212001752076,257,323,293.57139728427506,263,234,223.9989049496277,215,386,368.01073149364873,343,436,407.9728427507665,387,59,56.05825667980727,55,3341,2891.560446780552,2488
Thoai_Son,10.258961,105.323388,SA,T,3.0,6000,2022-07-20,6.87,92.96,26.47,28.83,24.61,2.26,10.258961,105.323388,25.234797351114793,4.219999999999999,0.24330033151965255,17.079032258064515,6.87,23.62,3.6662738004143356,90.05032258064514,81.27,94.19,2.9039777879171047,26.910322580645154,25.66,27.84,0.5526912681391041,29.711612903225813,26.96,31.63,1.1492131860234986,24.632580645161294,23.29,25.41,0.4348597678446543,2.2570967741935477,0.86,3.69,0.786048482245979,25.12529610008162,24.130094953000818,25.85569627986475,0.41916892260614896,5.079032258064518,2.4399999999999977,8.34,1.3314928678081355,0.35543231253676644,0.1952996540418091,0.6932754681442975,0.1134336443522716,3532.871859296483,3532.871859296483,0.3185235737090676,237.36809045226133,237.36809045226133,232,256,416.02135678391954,416.02135678391954,326,587,38.53140703517588,38.53140703517588,30,54,0.43367219299840853,,,,,,0.5014502201284734,,,,0.35837201585451994,,,,1.2744867011494554,,,,2.0501656896797664,,,,0.9108891148430649,0.2158472629176378,0.2478217997268867,1.9629084613840164,-16.463333756205337,1.5924238864466653,-21.373445993522665,-10.10019997992434,-11.049101387629543,1.9644187839951808,-16.42995744858336,-0.8898763233227026,3.6478993040860037,1.1570700548925232,1.0377924282723106,15.140630099564365,354,166.91929143587697,106.58734030402064,12,2.9932550652910996,-5,2.6208593413618515,14,3.3286730568360423,0,1.9472401367802414,54.558,54.558,54.558,324.749,324.749,324.749,25.44,25.44,25.44,26.55,26.55,26.55,0.4277172088623047,0.4277172088623047,0.4277172088623047,0.0,127,122.86706088480067,121,399,365.595488392466,343,297,276.52212001752076,257,323,293.57139728427506,263,234,223.9989049496277,215,386,368.01073149364873,343,436,407.9728427507665,387,59,56.05825667980727,55,3341,2891.560446780552,2488
Thoai_Son,10.262288,105.409359,SA,T,2.3,6000,2022-07-05,18.78,91.3,27.06,29.6,25.05,2.48,10.262288,105.409359,25.51483388826865,4.550000000000001,0.31127813123795234,16.769677419354835,6.87,22.08,3.821374084794856,90.67870967741938,86.15,94.19,2.035148788942016,26.933870967741942,26.0,27.69,0.46261303706267703,29.690645161290323,27.4,31.11,0.9122073034196071,24.868064516129035,24.1,25.36,0.33833004839079944,2.510967741935484,1.3,3.69,0.6552288683560571,25.27051847992099,24.572449904982665,25.85569627986475,0.36964392748080976,4.822580645161291,2.4399999999999977,6.390000000000001,0.9618160502217147,0.33238483973626637,0.1952996540418091,0.5120479976348612,0.07852879243964851,3060.4779874213837,3060.4779874213837,0.3491354485275318,222.8817610062893,222.8817610062893,212,235,470.2880503144654,470.2880503144654,426,539,28.833962264150948,28.833962264150948,16,47,0.3852515464739786,,,,,,0.4396978575519631,,,,0.3206316560868415,,,,1.0987186566276934,,,,1.8413651100801038,,,,0.8019898495390233,0.22602754316085266,0.14217649462548707,1.5457140246710779,-16.168525469627642,2.1335532959236003,-27.755011663196573,-10.82553696725478,-9.976018774670324,1.6065366499378946,-19.616989832779765,-5.288999342596044,4.519556473152703,2.1816074219115764,1.5878008067185554,27.134045719277044,354,162.41975715439,105.98906085084376,11,2.852598975237656,-5,2.198587052048799,10,2.966209203090762,0,1.7126830713696735,,,,,,,,,,,,,,,,,123,120.11437335670463,116,397,366.6985100788781,345,329,307.3650306748466,292,343,327.8602103418055,300,221,210.45771253286594,188,448,417.1365030674847,391,393,372.4861963190183,355,61,58.05828220858896,54,3471,3044.6244522348816,2792
Thoai_Son,10.262681,105.14739,WS,T,5.0,6400,2022-04-22,21.63,79.9,28.5,33.77,24.85,2.29,10.262681,105.14739,24.682030058433043,8.920000000000002,0.7821672857682282,18.940645161290323,6.76,23.06,3.225610155317826,82.1632258064516,75.99,87.15,2.5418946287858115,28.169354838709676,26.71,29.68,0.5255592135932123,32.20225806451613,29.09,34.19,1.0551431936989204,25.014838709677417,23.86,26.1,0.6431619018955865,1.8835483870967742,0.76,2.92,0.47532364788566334,24.82040037633427,24.13497977078476,25.52784040443585,0.3997388240606893,7.18741935483871,4.100000000000001,9.190000000000001,1.2495598392567902,0.6832623786177955,0.4820565470696328,1.000209663814001,0.1145618563613711,3888.7344345616257,3888.7344345616257,0.3943432556841028,93.23747980613894,93.23747980613894,77,133,271.18901453957994,271.18901453957994,123,296,30.872374798061383,30.872374798061383,20,33,0.3826641836825968,,,,,,0.4363981129868061,,,,0.3186149956412404,,,,1.089326471042561,,,,1.8302078272007325,,,,0.5154997825364923,0.24386751466627934,0.08487353367872377,1.7169272766674466,-19.70238168650146,4.674327957496875,-28.048056832013263,-4.452174127082587,-10.894807678729276,3.202512868318847,-19.357318955033385,3.267783134216358,8.991113520296109,5.574460082270798,1.3297434051860335,46.12894381352624,357,159.92453955388612,113.19933519925469,47,4.625850878060034,-7,6.47063488072888,24,4.442357747685413,0,3.139250867548376,,,,,,,,,,,,,,,,,125,120.93060909791828,119,373,354.05110246433213,331,322,291.0814526588846,250,317,290.5870298313878,258,339,239.8088197146563,229,407,388.08456549935147,287,390,372.08197146562907,361,58,56.766018158236065,56,3224,2720.5447470817126,2252
Thoai_Son,10.262681,105.14739,SA,T,5.0,6520,2022-07-25,19.74,86.46,27.42,30.49,24.54,1.33,10.262681,105.14739,24.95208659741062,5.949999999999999,0.49477048235839516,16.470000000000002,6.87,23.62,3.769222560379981,89.21354838709676,79.44,93.35,3.1599587057194656,26.877741935483872,24.86,28.35,0.7761181722351781,29.280322580645162,26.92,31.62,1.3371599269104935,24.95903225806451,23.04,26.05,0.5779851255966976,2.4164516129032267,0.53,3.86,0.9059464784700237,24.933827191792904,23.013919027872713,25.86766694000002,0.5998815499262732,4.321290322580645,1.9899999999999984,7.540000000000003,1.3153675849186555,0.38549381263599203,0.22659304192761506,0.7757972023291232,0.12860285669346824,4213.6925031766195,4213.6925031766195,0.4450630068566361,224.35702746365104,224.35702746365104,199,256,271.18901453957994,271.18901453957994,123,296,33.97415185783522,33.97415185783522,25,53,0.44845712323487574,,,,,,0.5203059033579421,,,,0.36989578982938354,,,,1.3281563330644972,,,,2.1139215918476024,,,,0.807964030244572,0.2045923738452107,0.2525753678192508,2.380822314976514,-16.012889156017494,2.735046352030549,-26.429128541313965,3.553337548430501,-9.917098103673904,2.5535067774615023,-20.394243762792918,6.6109035070646955,4.2833450474770745,1.423591590036324,0.6800917795662793,14.836857071757288,357,159.92453955388612,113.19933519925469,47,4.625850878060034,-7,6.47063488072888,24,4.442357747685413,0,3.139250867548376,,,,,,,,,,,,,,,,,125,120.93060909791828,119,373,354.05110246433213,331,322,291.0814526588846,250,317,290.5870298313878,258,339,239.8088197146563,229,407,388.08456549935147,287,390,372.08197146562907,361,58,56.766018158236065,56,3224,2720.5447470817126,2252
Thoai_Son,10.262836,105.117192,WS,T,6.0,6400,2022-04-22,21.63,79.9,28.5,33.77,24.85,2.29,10.262836,105.117192,24.682030058433043,8.920000000000002,0.7821672857682282,18.940645161290323,6.76,23.06,3.225610155317826,82.1632258064516,75.99,87.15,2.5418946287858115,28.169354838709676,26.71,29.68,0.5255592135932123,32.20225806451613,29.09,34.19,1.0551431936989204,25.014838709677417,23.86,26.1,0.6431619018955865,1.8835483870967742,0.76,2.92,0.47532364788566334,24.82040037633427,24.13497977078476,25.52784040443585,0.3997388240606893,7.18741935483871,4.100000000000001,9.190000000000001,1.2495598392567902,0.6832623786177955,0.4820565470696328,1.000209663814001,0.1145618563613711,3251.2427672955973,3251.2427672955973,0.2359240990157744,81.9132075471698,81.9132075471698,78,99,281.3823899371069,281.3823899371069,43,499,19.345911949685537,19.345911949685537,16,23,0.3848819232180669,,,,,,0.43922646547122646,,,,0.3203435617374699,,,,1.0973769158298172,,,,1.839771212525908,,,,0.6044093132311409,0.22950641750937997,0.13955388826418177,1.584542134789221,-20.36115572548738,1.932484608738922,-26.26884947235244,-12.656514723580164,-12.548534240406143,2.30621058050228,-19.262707785866226,-7.46711386398572,6.749972924741613,3.391562859500534,1.52438853608149,27.662762820537257,354,166.75951406599052,103.21045680437007,15,2.6887030557038254,-11,2.877085209157777,15,3.804206288015075,0,2.3039844838010524,,,,,,,,,,,,,,,,,121,120.16184844502854,117,402,381.84290096406676,369,324,300.3687554776513,276,334,324.34531113058733,316,273,258.17857142857144,247,384,368.2412357581069,359,387,373.7769500438214,357,59,56.706397896581954,54,3529,3136.740797546013,2723
Thoai_Son,10.265814,105.21507,WS,T,5.0,7200,2022-04-20,21.24,80.99,27.97,32.59,23.86,1.47,10.265814,105.21507,24.393652040431206,8.730000000000004,0.7173105455387468,19.000967741935483,6.76,23.06,3.2424307437463753,81.84161290322581,75.99,85.84,2.2943649016163477,28.14258064516129,26.71,29.68,0.5514202644195143,32.20258064516129,29.09,34.19,1.0461387305211283,24.931935483870966,23.23,26.1,0.7128200214180598,1.8445161290322578,0.76,2.76,0.47889549475970705,24.72986277647131,23.777922210855053,25.406872372688927,0.41390910772614503,7.2706451612903225,4.100000000000001,9.190000000000001,1.2505377823389554,0.6942976621893057,0.4963262437401275,1.000209663814001,0.10566255843304845,2811.5316455696207,2811.5316455696207,0.17266955729479,101.51518987341774,101.51518987341774,64,116,483.8278481012659,483.8278481012659,286,554,16.093670886075948,16.093670886075948,5,24,0.3782287046116567,,,,,,0.43074140801796545,,,,0.3151578634487813,,,,1.0732255814680485,,,,1.8110810565503819,,,,0.38956834171290905,0.1935768626973574,0.0682778416957092,1.458252972435302,-19.27336777520568,3.557659511000668,-28.0781632249845,-7.029320284119871,-9.090481493484486,2.2550052273052072,-17.536247280241234,3.0493023849973637,12.084282153042382,6.782684730129464,1.7430082952753714,57.584159965492475,354,163.44166845131204,106.36922684358588,16,2.638380310693045,-10,3.0170803647966613,22,3.6065861654283937,0,2.5031879305824862,126.751,126.751,126.751,22.859,22.859,22.859,28.35,28.35,28.35,28.96,28.96,28.96,0.3810863494873047,0.3810863494873047,0.3810863494873047,103.892,126,124.60797196671045,120,388,369.77295638834096,352,302,270.3144860837168,244,340,320.61275476660086,289,249,230.63094455402148,205,373,349.8308130615823,336,446,419.3600701293008,387,58,56.15296953758492,55,3519,3180.1222879684415,2749
Thoai_Son,10.265977,105.125368,WS,T,2.0,8000,2022-04-22,21.63,79.9,28.5,33.77,24.85,2.29,10.265977,105.125368,24.682030058433043,8.920000000000002,0.7821672857682282,18.940645161290323,6.76,23.06,3.225610155317826,82.1632258064516,75.99,87.15,2.5418946287858115,28.169354838709676,26.71,29.68,0.5255592135932123,32.20225806451613,29.09,34.19,1.0551431936989204,25.014838709677417,23.86,26.1,0.6431619018955865,1.8835483870967742,0.76,2.92,0.47532364788566334,24.82040037633427,24.13497977078476,25.52784040443585,0.3997388240606893,7.18741935483871,4.100000000000001,9.190000000000001,1.2495598392567902,0.6832623786177955,0.4820565470696328,1.000209663814001,0.1145618563613711,2729.9116517285534,2729.9116517285534,0.14114159368141702,86.56978233034572,86.56978233034572,78,99,159.17285531370038,159.17285531370038,43,224,17.69910371318822,17.69910371318822,11,27,0.38192493717077347,,,,,,0.43545532882533267,,,,0.3180388069424972,,,,1.0866429894468088,,,,1.8270200320923409,,,,0.5241854901536926,0.27355584330731386,0.09338447472908741,1.574624988808609,-19.936248787024084,3.055298729182041,-28.236695866748263,-9.49648410264727,-11.109211569103554,2.6955490662926658,-20.107496658336828,-2.8750563187820513,9.296307828436733,5.990874325217045,1.5402873880634116,41.833672423646235,354,167.3311334866528,105.45785246832095,13,2.9167001640824255,-10,2.756891157055839,14,3.790182072183088,0,2.2017494092098686,134.342,134.342,134.342,46.717,46.717,46.717,28.27,28.27,28.27,29.05,29.05,29.05,0.4268627166748047,0.4268627166748047,0.4268627166748047,87.625,121,119.2803943044907,117,397,372.5269382391588,350,330,304.93517301795885,281,328,315.3363994743758,299,259,248.90494962768278,236,395,378.7612790188348,368,388,372.3495400788435,350,59,57.19250985545334,54,3306,2878.5183968462543,2445
Thoai_Son,10.265977,105.125368,SA,T,2.0,5600,2022-07-20,6.87,92.59,26.64,28.64,25.02,2.61,10.265977,105.125368,25.335976457808076,3.620000000000001,0.25866298156386003,17.079032258064515,6.87,23.62,3.6662738004143356,89.25548387096772,79.44,93.35,3.1503782043407136,27.100322580645162,25.9,28.35,0.5991686922296418,29.538064516129033,26.92,31.62,1.1493796906405753,25.172903225806444,24.08,26.12,0.47685930533687654,2.3409677419354837,0.53,3.86,0.8526442923529118,25.16140586009696,24.07069434896019,25.902008550533132,0.4437840992158635,4.365161290322582,1.9899999999999984,7.540000000000003,1.2650841383920832,0.38848028766838494,0.22659304192761506,0.7757972023291232,0.12688979579822315,4394.492957746479,4394.492957746479,0.3764982459518162,280.45966709346993,280.45966709346993,249,327,159.17285531370038,159.17285531370038,43,224,46.381562099871964,46.381562099871964,44,57,0.43847729532526036,,,,,,0.5075783171780507,,,,0.36211724239635057,,,,1.2919293315218439,,,,2.070886357884313,,,,0.9037095977868183,0.22849524081607653,0.35996874652452715,1.8976637333438757,-16.981485077676243,1.723098887205254,-21.854353469726565,-9.166787915933838,-11.509030274277702,1.9739898706506185,-17.218595511861196,-4.189617656295236,3.7155021375308497,1.2162887123518453,1.107855005982327,10.11207580830202,354,167.3311334866528,105.45785246832095,13,2.9167001640824255,-10,2.756891157055839,14,3.790182072183088,0,2.2017494092098686,51.657,51.657,51.657,391.393,391.393,391.393,25.51,25.51,25.51,26.57,26.57,26.57,0.45356305440266925,0.45356305440266925,0.45356305440266925,0.0,121,119.2803943044907,117,397,372.5269382391588,350,330,304.93517301795885,281,328,315.3363994743758,299,259,248.90494962768278,236,395,378.7612790188348,368,388,372.3495400788435,350,59,57.19250985545334,54,3306,2878.5183968462543,2445
Thoai_Son,10.268095,105.344826,SA,T,1.5,6000,2022-07-20,6.87,92.96,26.47,28.83,24.61,2.26,10.268095,105.344826,25.234797351114793,4.219999999999999,0.24330033151965255,17.079032258064515,6.87,23.62,3.6662738004143356,90.05032258064514,81.27,94.19,2.9039777879171047,26.910322580645154,25.66,27.84,0.5526912681391041,29.711612903225813,26.96,31.63,1.1492131860234986,24.632580645161294,23.29,25.41,0.4348597678446543,2.2570967741935477,0.86,3.69,0.786048482245979,25.12529610008162,24.130094953000818,25.85569627986475,0.41916892260614896,5.079032258064518,2.4399999999999977,8.34,1.3314928678081355,0.35543231253676644,0.1952996540418091,0.6932754681442975,0.1134336443522716,5331.686548223351,5331.686548223351,0.5777628942214762,278.6522842639594,278.6522842639594,231,341,393.4162436548224,393.4162436548224,133,651,36.90736040609138,36.90736040609138,34,39,0.43404181625432026,,,,,,0.50192161220921,,,,0.3586601102038915,,,,1.2758284419473314,,,,2.0517595872339625,,,,0.8628879025402786,0.21038904352883203,0.1108661136005229,1.9947361041751146,-15.418383840703964,1.713439292106818,-22.512409443001054,-2.3283286636659577,-9.687625705614026,2.039207674533449,-17.18579169164846,7.067672250782446,3.951044932689443,1.4897895228947386,1.0052777866845324,35.079554609562265,352,164.72432118981632,108.0956138810213,12,3.4087061668681966,-4,2.3821214156034607,13,2.846475722301478,0,1.827313888530861,54.558,54.558,54.558,324.749,324.749,324.749,25.44,25.44,25.44,26.55,26.55,26.55,0.4277172088623047,0.4277172088623047,0.4277172088623047,0.0,125,123.23455978975032,122,378,361.4265060240964,345,288,268.3774370208106,250,325,297.5872946330779,279,237,224.87754654983573,219,370,355.0499452354875,345,431,420.0446878422782,397,60,58.76078860898139,56,3363,3016.362541073385,2614
Thoai_Son,10.268524,105.337611,SA,T,2.0,6000,2022-07-20,6.87,92.96,26.47,28.83,24.61,2.26,10.268524,105.337611,25.234797351114793,4.219999999999999,0.24330033151965255,17.079032258064515,6.87,23.62,3.6662738004143356,90.05032258064514,81.27,94.19,2.9039777879171047,26.910322580645154,25.66,27.84,0.5526912681391041,29.711612903225813,26.96,31.63,1.1492131860234986,24.632580645161294,23.29,25.41,0.4348597678446543,2.2570967741935477,0.86,3.69,0.786048482245979,25.12529610008162,24.130094953000818,25.85569627986475,0.41916892260614896,5.079032258064518,2.4399999999999977,8.34,1.3314928678081355,0.35543231253676644,0.1952996540418091,0.6932754681442975,0.1134336443522716,5013.9735849056615,5013.9735849056615,0.517932296310191,269.82767295597483,269.82767295597483,231,339,277.7685534591195,277.7685534591195,133,478,35.78490566037737,35.78490566037737,19,39,0.4344114395102319,,,,,,0.5023930042899468,,,,0.3589482045532631,,,,1.2771701827452073,,,,2.0533534847881585,,,,0.8778687955725853,0.20368742353197763,0.3260104926168,1.8041681446610915,-15.895776509598535,1.2707129454281416,-20.567657583742935,-11.516910541173429,-10.276945543140164,1.3714409154817448,-14.692811727411055,-3.563584582027603,3.8154618771657915,1.171109801273941,1.2170882530194491,11.269543743494443,352,157.50792709445304,104.41543110429001,15,2.6943554870253963,-12,2.730167267143062,17,3.5038680003690112,0,2.282906816880995,54.558,54.558,54.558,324.749,324.749,324.749,25.44,25.44,25.44,26.55,26.55,26.55,0.4277172088623047,0.4277172088623047,0.4277172088623047,0.0,125,123.43830813061578,122,378,364.72645641699506,348,288,262.82479194042924,251,337,296.7240473061761,279,236,226.2137538326763,217,357,346.1572492334647,330,445,427.7025843188786,409,60,58.23280770915462,56,3388,2933.4643013578625,2663
Thoai_Son,10.270486,105.19207,WS,T,3.2,8000,2022-04-22,21.63,79.9,28.5,33.77,24.85,2.29,10.270486,105.19207,24.682030058433043,8.920000000000002,0.7821672857682282,18.940645161290323,6.76,23.06,3.225610155317826,82.1632258064516,75.99,87.15,2.5418946287858115,28.169354838709676,26.71,29.68,0.5255592135932123,32.20225806451613,29.09,34.19,1.0551431936989204,25.014838709677417,23.86,26.1,0.6431619018955865,1.8835483870967742,0.76,2.92,0.47532364788566334,24.82040037633427,24.13497977078476,25.52784040443585,0.3997388240606893,7.18741935483871,4.100000000000001,9.190000000000001,1.2495598392567902,0.6832623786177955,0.4820565470696328,1.000209663814001,0.1145618563613711,2358.6186224489797,2358.6186224489797,0.03913229126146806,86.19770408163265,86.19770408163265,83,93,340.0663265306123,340.0663265306123,222,498,16.346938775510207,16.346938775510207,10,23,0.3815553139148618,,,,,,0.43498393674459596,,,,0.3177507125931256,,,,1.0853012486489328,,,,1.8254261345381448,,,,0.31018963931167093,0.19543281566468287,0.05992262798455947,1.2550775641663967,-21.97029444897744,3.113868252703189,-29.030361532624596,-12.002998155290818,-10.551575953121734,1.9386933818630014,-18.528308562034066,-4.997365725733429,16.063138047467707,7.954069645132116,2.1870540229573288,65.75274657564582,350,164.37661948255646,106.13624934633522,12,2.4400083033490203,-5,2.2554877474661033,14,2.912913684709978,0,1.8132497178647637,134.342,134.342,134.342,46.717,46.717,46.717,28.27,28.27,28.27,29.05,29.05,29.05,0.4268627166748047,0.4268627166748047,0.4268627166748047,87.625,128,125.42813321647672,123,406,375.3395399780943,353,294,271.4591456736036,250,344,322.7916757940855,308,266,245.51588170865287,221,372,357.39890470974814,339,426,397.1899233296825,370,56,54.97042716319826,54,3844,3329.6906900328604,3023
Thoai_Son,10.27049,105.316832,WS,T,2.5,7600,2022-04-10,19.36,83.09,27.63,31.63,24.27,1.63,10.27049,105.316832,24.490716162434726,7.359999999999999,0.625544333307912,19.909354838709675,13.91,25.27,2.21220796940431,81.32580645161292,74.06,86.78,2.820396648143946,27.937741935483874,26.95,29.04,0.566936929287379,32.32967741935484,30.27,34.53,1.1575153698442184,24.410322580645158,22.98,25.33,0.5526504108266711,1.7970967741935482,0.95,2.83,0.46968207193725375,24.420803930270907,23.612946047578802,25.30876125962539,0.4129839259566674,7.919354838709679,5.050000000000001,9.709999999999997,1.3117949669745694,0.7062474863029007,0.48813969021282255,1.041477079347301,0.12581155344614364,2820.3775510204073,2820.3775510204073,0.23159014428112795,107.35459183673467,107.35459183673467,102,112,550.3201530612243,550.3201530612243,421,574,26.572704081632644,26.572704081632644,26,27,0.3530943232096625,,,,,,0.39868674652786856,,,,0.2955674476915131,,,,0.9819872072124772,,,,1.702696022865061,,,,0.6062887158716047,0.19866403257270557,0.15398907463884695,1.4164643884187516,-18.381236934978794,2.6069058052992946,-25.191554301092122,-11.05168832863432,-10.65451147654981,1.9857285485446563,-16.915496084486254,-3.2533353767148414,6.478474652932451,3.004616421831196,1.8239326259838688,24.975868803558075,354,154.71071082614515,103.830218272513,14,2.507505617681366,-7,2.4948933500317487,17,3.172912561860394,0,1.9977940013286213,124.957,124.957,124.957,33.193,33.193,33.193,27.99,27.99,27.99,28.62,28.62,28.62,0.34408124287923175,0.34408124287923175,0.34408124287923175,91.764,127,124.97108433734941,121,413,359.04467805519056,342,299,275.0908891809023,250,335,297.344502847131,273,229,224.25186158563298,220,386,362.6622864651774,346,426,413.07818659658346,387,57,55.49759088918091,55,3440,3019.216381953571,2558
Thoai_Son,10.270666,105.424059,SA,T,1.7,6000,2022-07-05,18.78,91.3,27.06,29.6,25.05,2.48,10.270666,105.424059,25.51483388826865,4.550000000000001,0.31127813123795234,16.769677419354835,6.87,22.08,3.821374084794856,90.67870967741938,86.15,94.19,2.035148788942016,26.933870967741942,26.0,27.69,0.46261303706267703,29.690645161290323,27.4,31.11,0.9122073034196071,24.868064516129035,24.1,25.36,0.33833004839079944,2.510967741935484,1.3,3.69,0.6552288683560571,25.27051847992099,24.572449904982665,25.85569627986475,0.36964392748080976,4.822580645161291,2.4399999999999977,6.390000000000001,0.9618160502217147,0.33238483973626637,0.1952996540418091,0.5120479976348612,0.07852879243964851,2747.781407035176,2747.781407035176,0.30780140052554195,211.56407035175877,211.56407035175877,202,240,570.2261306532663,570.2261306532663,506,602,17.782663316582916,17.782663316582916,12,31,0.38562116972989025,,,,,,0.4401692496326999,,,,0.3209197504362131,,,,1.1000603974255694,,,,1.8429590076342999,,,,0.8035369621929026,0.21442860233576563,0.049498973323607906,1.983293482130012,-16.05237793488927,2.151942505128315,-26.782199352970654,-8.798423090504388,-9.90477119550763,2.1096430434129023,-20.88835833742635,7.578588172972529,4.4025821540638495,2.2226039000611943,1.0168472472889345,79.8097568781745,353,163.66391006675144,107.31521772595325,12,3.0654236707367692,-5,2.143974953002775,12,2.9326719690030787,0,1.7828819365882103,120.264,120.264,120.264,196.907,196.907,196.907,27.61,27.61,27.61,28.26,28.26,28.26,0.4101829528808594,0.4101829528808594,0.4101829528808594,0.0,121,119.37146614069695,117,419,390.5297853701272,377,324,299.1992991677619,283,343,327.90538764783196,308,204,197.74244415243106,189,447,435.62855891371015,427,375,366.7163819535701,358,61,57.171046868155955,55,3594,3055.079719667106,2773
Thoai_Son,10.272277,105.291556,WS,T,1.5,6400,2022-04-10,19.36,82.44,27.81,31.8,24.75,1.74,10.272277,105.291556,24.534853223742125,7.050000000000001,0.6564479686942216,19.909354838709675,13.91,25.27,2.21220796940431,81.36967741935482,72.53,87.54,2.92292990863285,28.021612903225805,26.71,29.39,0.6336585870915009,32.13967741935485,29.09,34.49,1.15118868123896,24.706774193548394,23.23,25.96,0.6664997016032738,1.8893548387096775,1.1,2.83,0.5194347764567905,24.510502053587818,23.45507529294824,25.345762139075116,0.4496529651755884,7.432903225806452,4.100000000000001,9.55,1.3344618186645376,0.7085235262616059,0.4539761277216749,1.125403854694864,0.13341450826484239,3029.6045627376425,3029.6045627376425,0.25582781009286737,132.82002534854246,132.82002534854246,129,151,513.0177439797211,513.0177439797211,325,608,27.00887198986058,27.00887198986058,24,35,0.35272469995375083,,,,,,0.39821535444713185,,,,0.2952793533421415,,,,0.9806454664146012,,,,1.701102125310865,,,,0.562647563155012,0.20197251317132647,0.10745606209130783,1.6499608539654822,-18.917204162419427,2.3638465400709543,-24.964213741430186,-11.158489630002833,-10.780205822625074,1.7120110367552006,-16.668477723870197,-4.005288512866947,7.142108947261169,3.2997708036726277,1.424299940441909,36.224516906278495,352,166.72129419129516,105.09202055474564,8,1.8610721228295588,-8,2.185345806556295,11,3.07914730980857,0,1.752697512005595,125.723,125.723,125.723,31.809,31.809,31.809,27.9,27.9,27.9,28.53,28.53,28.53,0.4057776133219401,0.4057776133219401,0.4057776133219401,93.915,128,125.74123575810692,120,395,365.6835997372454,349,295,261.7709656229472,240,342,315.61681629078157,278,255,245.44142763301946,227,386,352.9706590759797,334,419,401.67133785855043,374,59,56.09218305233193,55,3595,3199.5395226625787,2899
Thoai_Son,10.272277,105.291556,SA,T,1.5,6000,2022-07-20,6.87,92.59,26.64,28.64,25.02,2.61,10.272277,105.291556,25.335976457808076,3.620000000000001,0.25866298156386003,17.079032258064515,6.87,23.62,3.6662738004143356,89.25548387096772,79.44,93.35,3.1503782043407136,27.100322580645162,25.9,28.35,0.5991686922296418,29.538064516129033,26.92,31.62,1.1493796906405753,25.172903225806444,24.08,26.12,0.47685930533687654,2.3409677419354837,0.53,3.86,0.8526442923529118,25.16140586009696,24.07069434896019,25.902008550533132,0.4437840992158635,4.365161290322582,1.9899999999999984,7.540000000000003,1.2650841383920832,0.38848028766838494,0.22659304192761506,0.7757972023291232,0.12688979579822315,3644.683143219265,3644.683143219265,0.33332180827910896,253.5868187579214,253.5868187579214,237,275,513.0177439797211,513.0177439797211,325,608,28.2509505703422,28.2509505703422,18,39,0.4347810627661436,,,,,,0.5028643963706835,,,,0.3592362989026347,,,,1.2785119235430835,,,,2.054947382342354,,,,0.8886661983342667,0.19565896401072283,0.32211767848290884,1.750221101578102,-16.24384711157355,1.4062852071033074,-21.769533783736875,-10.116053101280642,-10.70497610807624,1.5862838959491241,-15.37652394739741,-4.480472906263261,3.7291219095292543,1.0961867564909533,1.285425536461288,11.417822017217336,352,166.72129419129516,105.09202055474564,8,1.8610721228295588,-8,2.185345806556295,11,3.07914730980857,0,1.752697512005595,54.185,54.185,54.185,365.11,365.11,365.11,25.38,25.38,25.38,26.47,26.47,26.47,0.44306055704752606,0.44306055704752606,0.44306055704752606,0.0,128,125.74123575810692,120,395,365.6835997372454,349,295,261.7709656229472,240,342,315.61681629078157,278,255,245.44142763301946,227,386,352.9706590759797,334,419,401.67133785855043,374,59,56.09218305233193,55,3595,3199.5395226625787,2899
Thoai_Son,10.275419,105.234563,WS,T,3.0,6400,2022-04-20,21.24,80.99,27.97,32.59,23.86,1.47,10.275419,105.234563,24.393652040431206,8.730000000000004,0.7173105455387468,19.000967741935483,6.76,23.06,3.2424307437463753,81.84161290322581,75.99,85.84,2.2943649016163477,28.14258064516129,26.71,29.68,0.5514202644195143,32.20258064516129,29.09,34.19,1.0461387305211283,24.931935483870966,23.23,26.1,0.7128200214180598,1.8445161290322578,0.76,2.76,0.47889549475970705,24.72986277647131,23.777922210855053,25.406872372688927,0.41390910772614503,7.2706451612903225,4.100000000000001,9.190000000000001,1.2505377823389554,0.6942976621893057,0.4963262437401275,1.000209663814001,0.10566255843304845,1715.5926395939084,1715.5926395939084,0.025907446973654675,77.28680203045685,77.28680203045685,57,109,418.3870558375635,418.3870558375635,365,509,7.624365482233501,7.624365482233501,6,10,0.37859832786756836,,,,,,0.4312128000987022,,,,0.3154459577981529,,,,1.0745673222659244,,,,1.8126749541045777,,,,0.29718459938702657,0.1424275986766825,0.05258657309777665,1.092162360839684,-21.030155619067763,2.4612045541433685,-27.698443680773117,-12.872840360280179,-9.625174378006779,1.4557478749744606,-15.244898377034385,-5.370881724244091,15.539634873174816,7.70974028713913,2.6624591209357296,75.0650440667167,350,157.0944043386722,106.69294902867905,9,2.09546528370395,-5,1.8430927925909277,8,2.4361900870831605,0,1.44770591021089,,,,,,,,,,,,,,,,,123,121.01468010517092,120,397,374.35684556407455,356,301,286.16122672508214,261,339,306.2002190580504,284,203,197.90755750273826,187,387,374.1636363636364,362,438,427.83110624315447,420,61,58.43592552026288,56,3518,3118.3318729463313,2766
Thoai_Son,10.275776,105.258985,WS,T,1.5,6400,2022-04-20,21.24,80.99,27.97,32.59,23.86,1.47,10.275776,105.258985,24.393652040431206,8.730000000000004,0.7173105455387468,19.000967741935483,6.76,23.06,3.2424307437463753,81.84161290322581,75.99,85.84,2.2943649016163477,28.14258064516129,26.71,29.68,0.5514202644195143,32.20258064516129,29.09,34.19,1.0461387305211283,24.931935483870966,23.23,26.1,0.7128200214180598,1.8445161290322578,0.76,2.76,0.47889549475970705,24.72986277647131,23.777922210855053,25.406872372688927,0.41390910772614503,7.2706451612903225,4.100000000000001,9.190000000000001,1.2505377823389554,0.6942976621893057,0.4963262437401275,1.000209663814001,0.10566255843304845,2011.4203262233377,2011.4203262233377,0.0801243558334415,89.14178168130488,89.14178168130488,63,125,410.15056461731496,410.15056461731496,184,499,17.0276035131744,17.0276035131744,12,22,0.37748945809983336,,,,,,0.42979862385649203,,,,0.31458167475003807,,,,1.0705420998722963,,,,1.80789326144199,,,,0.29558670436793233,0.13953702811249163,0.06169392447286982,1.1278679239771046,-20.962599394100913,2.0892661913000317,-27.808530541513452,-13.367272701889359,-9.595883342684052,1.2986005283646376,-14.964304871276578,-5.569177312277484,15.016699665630092,6.266610132929222,2.5465145474614976,63.83620606367841,349,159.19195440168684,104.58474697034683,8,1.7768252503953612,-9,2.0504204250518385,10,2.7189015550869784,0,1.5845681308170763,,,,,,,,,,,,,,,,,125,121.49978079789565,120,386,371.4615384615385,361,322,286.3109796186719,259,336,315.7365768134998,290,232,223.39710716633795,212,384,366.7534516765285,355,421,409.93118562349326,399,60,57.72233179925488,57,3570,3240.75147928994,2859
Thoai_Son,10.275776,105.258985,SA,T,1.5,5600,2022-07-22,23.62,79.44,27.97,31.62,24.08,0.73,10.275776,105.258985,24.07069434896019,7.540000000000003,0.7757972023291232,16.82451612903226,6.87,23.62,3.7451300323776846,89.27258064516128,79.44,93.35,3.1578401844604382,27.030645161290323,25.9,28.35,0.6175494520298707,29.449677419354842,26.92,31.62,1.1989551469211952,25.12419354838709,24.08,26.05,0.43264955790844944,2.351612903225807,0.53,3.86,0.8572126501489826,25.095780037907694,24.07069434896019,25.86766694000002,0.42718173080931876,4.325483870967743,1.9899999999999984,7.540000000000003,1.2982937654293647,0.38651581626475584,0.22659304192761506,0.7757972023291232,0.1277271751875738,3124.521957340025,3124.521957340025,0.23744231166263827,254.46800501882058,254.46800501882058,186,357,410.15056461731496,410.15056461731496,184,499,26.441656210790462,26.441656210790462,16,39,0.44106465811664214,,,,,,0.5108780617432077,,,,0.36413390284195174,,,,1.3013215171069763,,,,2.0820436407636844,,,,0.8034700107867784,0.18668224891577015,0.34520151781932207,1.6431121889397662,-16.82135554289469,1.3527424134280275,-21.214692800433834,-12.093832759173749,-10.716788577290355,1.4180080606789152,-16.213212214331364,-5.914841027109496,4.250162360018512,1.2299544524374735,1.4344046784663185,10.587434566535114,349,159.19195440168684,104.58474697034683,8,1.7768252503953612,-9,2.0504204250518385,10,2.7189015550869784,0,1.5845681308170763,,,,,,,,,,,,,,,,,125,121.49978079789565,120,386,371.4615384615385,361,322,286.3109796186719,259,336,315.7365768134998,290,232,223.39710716633795,212,384,366.7534516765285,355,421,409.93118562349326,399,60,57.72233179925488,57,3570,3240.75147928994,2859
Thoai_Son,10.275826,105.364451,WS,T,2.1,6960,2022-03-28,19.65,77.37,28.8,33.86,25.0,1.3,10.275826,105.364451,24.43377241042045,8.86,0.8960603380673319,19.941935483870967,13.91,25.27,2.446841834606317,77.38387096774194,61.89,86.5,7.182893961403721,28.367096774193545,26.95,30.47,1.1408717480389567,33.32032258064516,30.27,38.48,2.3004816941184263,24.584838709677417,22.98,25.75,0.6359390869985335,1.8303225806451615,0.68,2.83,0.5458788939952427,23.93815463889834,22.18822299967497,24.806145378787576,0.6554457933461104,8.735483870967744,5.43,13.309999999999999,2.0758625703620597,0.8930487321189048,0.48813969021282255,1.6478924176167693,0.35094767833639057,4235.477329974812,4235.477329974812,0.4181672543091129,151.88916876574308,151.88916876574308,107,213,509.35264483627213,509.35264483627213,424,624,44.429471032745596,44.429471032745596,12,60,0.31908898366578803,,,,,,0.3553186751000904,,,,0.26906276754932673,,,,0.858547053807881,,,,1.5560574478790383,,,,0.6924242532868226,0.2164259789142401,0.1377138663251864,1.7106307646280348,-17.182501107306912,2.118829646914284,-24.174546687550553,-7.9691983450080155,-10.161613914387283,1.9011507133688517,-16.771762190619825,-2.495306591526914,5.518588816943437,2.67955364184836,1.3383187551112312,28.0457316081354,356,163.60900278742432,104.80697535969836,12,3.0586545241280234,-10,2.698226249863966,15,3.386255955401213,0,2.2299131681708664,,,,,,,,,,,,,,,,,124,123.10297984224363,121,410,360.5357142857143,337,285,255.0105170902717,246,324,296.635407537248,273,222,212.11722173531993,196,417,387.2471516213847,359,425,400.5845749342681,376,61,57.702673093777385,55,3507,3095.3301928133214,2804
Thoai_Son,10.275826,105.364451,SA,T,2.1,6800,2022-07-12,11.11,94.19,26.0,27.4,24.96,3.54,10.275826,105.364451,24.98995440418559,2.4399999999999977,0.1952996540418091,16.540967741935482,6.87,23.62,4.150304578670536,90.28193548387097,81.27,94.19,2.8630081398314076,26.95064516129032,25.66,27.84,0.558159044763032,29.670322580645166,26.96,31.63,1.1254862286054135,24.798709677419353,23.29,25.36,0.43227635974763906,2.4070967741935485,0.86,3.69,0.8010605613140743,25.20859539611094,24.130094953000818,25.85569627986475,0.42849442648557595,4.871612903225807,2.4399999999999977,8.34,1.256939695666894,0.3479853257929781,0.1952996540418091,0.6932754681442975,0.11201806735996692,4313.969773299749,4313.969773299749,0.4290296947586663,241.2921914357683,241.2921914357683,209,307,509.35264483627213,509.35264483627213,424,624,41.9080604534005,41.9080604534005,39,49,0.39375288135994724,,,,,,0.4505398754089077,,,,0.3272578261223881,,,,1.1295786949788424,,,,1.8780247538266095,,,,0.8449182577834592,0.240786433181128,0.19999445876174496,2.300037494925147,-16.60676135220893,1.805669105973199,-22.662179034898177,-6.369397803564248,-10.712263824030465,2.1567698129715307,-16.614184317124586,-1.454734382294109,4.18286982301596,1.760925540294632,0.7391020836945866,19.000554139178593,356,163.60900278742432,104.80697535969836,12,3.0586545241280234,-10,2.698226249863966,15,3.386255955401213,0,2.2299131681708664,,,,,,,,,,,,,,,,,124,123.10297984224363,121,410,360.5357142857143,337,285,255.0105170902717,246,324,296.635407537248,273,222,212.11722173531993,196,417,387.2471516213847,359,425,400.5845749342681,376,61,57.702673093777385,55,3507,3095.3301928133214,2804
Thoai_Son,10.277579,105.307934,WS,T,2.3,8000,2022-04-10,19.36,82.44,27.81,31.8,24.75,1.74,10.277579,105.307934,24.534853223742125,7.050000000000001,0.6564479686942216,19.909354838709675,13.91,25.27,2.21220796940431,81.36967741935482,72.53,87.54,2.92292990863285,28.021612903225805,26.71,29.39,0.6336585870915009,32.13967741935485,29.09,34.49,1.15118868123896,24.706774193548394,23.23,25.96,0.6664997016032738,1.8893548387096775,1.1,2.83,0.5194347764567905,24.510502053587818,23.45507529294824,25.345762139075116,0.4496529651755884,7.432903225806452,4.100000000000001,9.55,1.3344618186645376,0.7085235262616059,0.4539761277216749,1.125403854694864,0.13341450826484239,2943.320302648171,2943.320302648171,0.22850736336944186,136.74148802017652,136.74148802017652,127,167,518.7591424968473,518.7591424968473,402,645,24.766708701134924,24.766708701134924,23,35,0.35235507669783916,,,,,,0.39774396236639514,,,,0.2949912589927699,,,,0.9793037256167252,,,,1.699508227756669,,,,0.47599640270708427,0.1976828016304707,0.08465704131917182,1.3558632987057244,-19.80237743643043,3.2329980614903313,-27.149452965071013,-10.162147083967566,-10.737253549973131,2.2845766709051833,-19.585884701618518,-5.007668114776936,9.064081246932346,4.739931418258143,1.9501499183717907,46.24946605350053,352,157.01406803393465,107.19626040117696,9,2.128506712791368,-10,2.1938170377977984,13,2.7440836833868705,0,1.8097974752798922,124.957,124.957,124.957,33.193,33.193,33.193,27.99,27.99,27.99,28.62,28.62,28.62,0.34408124287923175,0.34408124287923175,0.34408124287923175,91.764,126,124.86853637160385,123,382,363.6455640744798,340,310,288.259364731654,255,336,311.6926615553122,282,237,224.98970427163204,216,382,366.1029572836802,354,423,408.9695509309968,388,56,55.36516976998906,55,3558,3210.1334063526842,2759
Thoai_Son,10.277579,105.307934,SA,T,2.3,6000,2022-07-20,6.87,92.59,26.64,28.64,25.02,2.61,10.277579,105.307934,25.335976457808076,3.620000000000001,0.25866298156386003,17.079032258064515,6.87,23.62,3.6662738004143356,89.25548387096772,79.44,93.35,3.1503782043407136,27.100322580645162,25.9,28.35,0.5991686922296418,29.538064516129033,26.92,31.62,1.1493796906405753,25.172903225806444,24.08,26.12,0.47685930533687654,2.3409677419354837,0.53,3.86,0.8526442923529118,25.16140586009696,24.07069434896019,25.902008550533132,0.4437840992158635,4.365161290322582,1.9899999999999984,7.540000000000003,1.2650841383920832,0.38848028766838494,0.22659304192761506,0.7757972023291232,0.12688979579822315,3639.8297604035297,3639.8297604035297,0.31939719301829667,241.42370744010088,241.42370744010088,230,310,518.7591424968473,518.7591424968473,402,645,34.00882723833543,34.00882723833543,13,38,0.4351506860220553,,,,,,0.5033357884514202,,,,0.3595243932520063,,,,1.2798536643409597,,,,2.05654127989655,,,,0.9487690353970456,0.2356227222875167,0.3050841877589732,1.9147513805872292,-16.64909895155316,1.4503996730220918,-21.551116273020906,-10.042677462210552,-11.458737509313538,1.852112459195575,-16.614251091327503,-4.50258479658721,3.4797620660684463,1.1420462274785899,1.0890440610484127,12.111135091537864,352,157.01406803393465,107.19626040117696,9,2.128506712791368,-10,2.1938170377977984,13,2.7440836833868705,0,1.8097974752798922,54.558,54.558,54.558,324.749,324.749,324.749,25.44,25.44,25.44,26.55,26.55,26.55,0.4277172088623047,0.4277172088623047,0.4277172088623047,0.0,126,124.86853637160385,123,382,363.6455640744798,340,310,288.259364731654,255,336,311.6926615553122,282,237,224.98970427163204,216,382,366.1029572836802,354,423,408.9695509309968,388,56,55.36516976998906,55,3558,3210.1334063526842,2759
Thoai_Son,10.279364,105.19089,WS,T,3.0,7200,2022-04-22,21.63,79.9,28.5,33.77,24.85,2.29,10.279364,105.19089,24.682030058433043,8.920000000000002,0.7821672857682282,18.940645161290323,6.76,23.06,3.225610155317826,82.1632258064516,75.99,87.15,2.5418946287858115,28.169354838709676,26.71,29.68,0.5255592135932123,32.20225806451613,29.09,34.19,1.0551431936989204,25.014838709677417,23.86,26.1,0.6431619018955865,1.8835483870967742,0.76,2.92,0.47532364788566334,24.82040037633427,24.13497977078476,25.52784040443585,0.3997388240606893,7.18741935483871,4.100000000000001,9.190000000000001,1.2495598392567902,0.6832623786177955,0.4820565470696328,1.000209663814001,0.1145618563613711,2468.8331210191086,2468.8331210191086,0.12131766275753297,85.06369426751596,85.06369426751596,73,114,446.6535031847135,446.6535031847135,123,518,11.547770700636944,11.547770700636944,6,14,0.38118569065895014,,,,,,0.43451254466385925,,,,0.317462618243754,,,,1.0839595078510569,,,,1.823832236983949,,,,0.28944474075786925,0.1516663339481901,0.052360352128387105,1.0855417935897467,-20.661043519871637,2.495447940660327,-27.335015297750232,-13.09966493570503,-9.078556046128938,1.6541738491947613,-15.423299858152806,-4.936763282439234,16.31677170510126,8.203721073226754,2.6847959457852983,75.39368028297511,350,169.23648853452835,103.76897962641641,10,2.6653202424881415,-4,2.4115585808751137,12,3.2842448603057464,0,1.9078508962855822,134.342,134.342,134.342,46.717,46.717,46.717,28.27,28.27,28.27,29.05,29.05,29.05,0.4268627166748047,0.4268627166748047,0.4268627166748047,87.625,128,122.53670830593909,120,400,372.57865907099034,357,319,289.82033304119193,250,344,314.21034180543387,284,251,226.71450482033302,216,414,380.24561787905344,352,426,393.0313321647677,345,56,55.81178790534619,55,3844,3147.566170026292,2719
Thoai_Son,10.280379,105.241273,WS,T,2.54,6400,2022-04-20,21.24,80.99,27.97,32.59,23.86,1.47,10.280379,105.241273,24.393652040431206,8.730000000000004,0.7173105455387468,19.000967741935483,6.76,23.06,3.2424307437463753,81.84161290322581,75.99,85.84,2.2943649016163477,28.14258064516129,26.71,29.68,0.5514202644195143,32.20258064516129,29.09,34.19,1.0461387305211283,24.931935483870966,23.23,26.1,0.7128200214180598,1.8445161290322578,0.76,2.76,0.47889549475970705,24.72986277647131,23.777922210855053,25.406872372688927,0.41390910772614503,7.2706451612903225,4.100000000000001,9.190000000000001,1.2505377823389554,0.6942976621893057,0.4963262437401275,1.000209663814001,0.10566255843304845,1189.3911949685535,1189.3911949685535,-0.06308390810523976,64.03899371069183,64.03899371069183,61,90,429.114465408805,429.114465408805,330,494,5.849056603773585,5.849056603773585,5,12,0.37675021158801,,,,,,0.4288558396950186,,,,0.3140054860512949,,,,1.0678586182765442,,,,1.8047054663335982,,,,0.30838875753210143,0.11758954901826198,0.07275703275641493,0.9541710226855068,-20.856400279598578,2.104874287624743,-28.48264549868628,-13.837788033864074,-9.772040311899607,1.4601868261402915,-16.61551580222812,-4.711275575585057,13.968817346383469,6.002764564117268,3.192120599871113,53.977503183667466,354,168.9468963858439,105.92249757176378,12,1.9005703440845318,-9,2.6598976891091657,17,3.70375715401267,0,2.382881670287776,126.751,126.751,126.751,22.859,22.859,22.859,28.35,28.35,28.35,28.96,28.96,28.96,0.3810863494873047,0.3810863494873047,0.3810863494873047,103.892,123,121.4748028045574,120,395,368.2577251808021,343,299,281.3721236028929,253,341,316.38373876835425,295,217,205.7769011615166,197,377,358.4784133245672,340,447,435.89349112426044,412,61,58.24150777996933,56,3514,3239.0359412667112,2890
Thoai_Son,10.280407,105.223352,SA,T,1.88,5600,2022-07-22,23.62,79.44,27.97,31.62,24.08,0.73,10.280407,105.223352,24.07069434896019,7.540000000000003,0.7757972023291232,16.82451612903226,6.87,23.62,3.7451300323776846,89.27258064516128,79.44,93.35,3.1578401844604382,27.030645161290323,25.9,28.35,0.6175494520298707,29.449677419354842,26.92,31.62,1.1989551469211952,25.12419354838709,24.08,26.05,0.43264955790844944,2.351612903225807,0.53,3.86,0.8572126501489826,25.095780037907694,24.07069434896019,25.86766694000002,0.42718173080931876,4.325483870967743,1.9899999999999984,7.540000000000003,1.2982937654293647,0.38651581626475584,0.22659304192761506,0.7757972023291232,0.1277271751875738,3518.2075471698113,3518.2075471698113,0.2742409858128988,236.70691823899372,236.70691823899372,209,269,550.1949685534591,550.1949685534591,445,582,24.722012578616354,24.722012578616354,12,44,0.4414342813725538,,,,,,0.5113494538239445,,,,0.36442199719132334,,,,1.3026632579048525,,,,2.0836375383178805,,,,0.707104369778772,0.1668956812906637,0.22143080913745916,1.5286584468970545,-17.129054802743127,1.3109404068053,-24.902623055403108,-10.941321394528742,-10.330363847565376,1.1678682054706757,-16.216569273147698,-5.504745492000773,4.997783092837658,1.5562707795140192,1.6166734682422976,17.064333574813844,355,158.81192382458565,105.82826798514994,10,2.5413956706533547,-5,2.00642251096747,11,2.6250568350301475,0,1.6114455435207637,119.908,119.908,119.908,18.395,18.395,18.395,28.08,28.08,28.08,28.04,28.04,28.04,0.4414634704589844,0.4414634704589844,0.4414634704589844,101.514,123,121.50372154115585,120,407,371.72273324572933,353,301,279.9467805519055,259,334,302.9559789750329,285,217,200.0098554533508,187,384,370.02365308804207,338,450,429.9971528690319,411,61,57.5946123521682,56,3499,3044.885019710907,2770
Thoai_Son,10.281814,105.114918,WS,T,5.0,6640,2022-04-22,21.63,79.9,28.5,33.77,24.85,2.29,10.281814,105.114918,24.682030058433043,8.920000000000002,0.7821672857682282,18.940645161290323,6.76,23.06,3.225610155317826,82.1632258064516,75.99,87.15,2.5418946287858115,28.169354838709676,26.71,29.68,0.5255592135932123,32.20225806451613,29.09,34.19,1.0551431936989204,25.014838709677417,23.86,26.1,0.6431619018955865,1.8835483870967742,0.76,2.92,0.47532364788566334,24.82040037633427,24.13497977078476,25.52784040443585,0.3997388240606893,7.18741935483871,4.100000000000001,9.190000000000001,1.2495598392567902,0.6832623786177955,0.4820565470696328,1.000209663814001,0.1145618563613711,3562.491761723701,3562.491761723701,0.15071550776915482,109.54752851711025,109.54752851711025,93,122,122.0570342205323,122.0570342205323,43,238,22.880861850443598,22.880861850443598,18,30,0.3808160674030384,,,,,,0.4340411525831225,,,,0.3171745238943824,,,,1.0826177670531807,,,,1.8222383394297532,,,,0.6882378364823303,0.19212473187908374,0.231725447899882,1.5780046125504945,-19.10693480886204,2.360515335065368,-23.933006541931082,-10.23779527344792,-12.119649252731731,2.3133795056280078,-19.07843208249501,-0.1867957423149717,5.303618735334781,1.9124912676487673,1.534846836432808,16.261807178502973,350,167.8019688139346,104.95277127711394,9,1.5758517195823853,-6,2.2479561298514925,10,3.076700062266706,0,1.693016532456197,134.342,134.342,134.342,46.717,46.717,46.717,28.27,28.27,28.27,29.05,29.05,29.05,0.4268627166748047,0.4268627166748047,0.4268627166748047,87.625,120,117.7501642215897,116,414,383.1869384177077,371,322,309.3629191321499,294,338,322.61823361823366,308,250,239.12491781722557,229,391,369.4924391847469,343,415,391.2226605303529,366,60,56.16809116809119,55,3383,3116.9583607275918,2920
Thoai_Son,10.281994,105.246519,WS,T,3.2,6400,2022-04-20,21.24,80.99,27.97,32.59,23.86,1.47,10.281994,105.246519,24.393652040431206,8.730000000000004,0.7173105455387468,19.000967741935483,6.76,23.06,3.2424307437463753,81.84161290322581,75.99,85.84,2.2943649016163477,28.14258064516129,26.71,29.68,0.5514202644195143,32.20258064516129,29.09,34.19,1.0461387305211283,24.931935483870966,23.23,26.1,0.7128200214180598,1.8445161290322578,0.76,2.76,0.47889549475970705,24.72986277647131,23.777922210855053,25.406872372688927,0.41390910772614503,7.2706451612903225,4.100000000000001,9.190000000000001,1.2505377823389554,0.6942976621893057,0.4963262437401275,1.000209663814001,0.10566255843304845,1631.1471698113207,1631.1471698113207,-0.02433216952428931,71.24276729559747,71.24276729559747,61,90,370.32327044025146,370.32327044025146,330,587,7.255345911949685,7.255345911949685,5,13,0.3763805883320983,,,,,,0.42838444761428185,,,,0.3137173917019233,,,,1.0665168774786682,,,,1.8031115687794024,,,,0.32261850788735963,0.18198531932381456,0.06147223499372835,1.031784907773621,-20.970153108143005,3.006116464894579,-28.437455839400826,-11.743886524986797,-9.809719995509514,1.5404247811562168,-16.42917238873366,-2.9447722510575858,15.155271842990016,8.08699092410298,2.876777000577741,64.07002714978715,354,168.9021167943331,104.06879099107674,13,2.156586772094553,-13,2.8300712163328874,18,3.719726546412979,0,2.6348152231034825,126.751,126.751,126.751,22.859,22.859,22.859,28.35,28.35,28.35,28.96,28.96,28.96,0.3810863494873047,0.3810863494873047,0.3810863494873047,103.892,123,121.5347054959492,121,380,360.6898138006571,346,296,275.7461117196056,250,341,315.1570646221248,303,224,211.55355969331873,197,371,355.014238773275,340,447,433.5568455640745,406,60,57.237239868565176,56,3628,3285.359255202629,2985
Thoai_Son,10.281994,105.246519,SA,T,3.2,5600,2022-07-22,23.62,79.44,27.97,31.62,24.08,0.73,10.281994,105.246519,24.07069434896019,7.540000000000003,0.7757972023291232,16.82451612903226,6.87,23.62,3.7451300323776846,89.27258064516128,79.44,93.35,3.1578401844604382,27.030645161290323,25.9,28.35,0.6175494520298707,29.449677419354842,26.92,31.62,1.1989551469211952,25.12419354838709,24.08,26.05,0.43264955790844944,2.351612903225807,0.53,3.86,0.8572126501489826,25.095780037907694,24.07069434896019,25.86766694000002,0.42718173080931876,4.325483870967743,1.9899999999999984,7.540000000000003,1.2982937654293647,0.38651581626475584,0.22659304192761506,0.7757972023291232,0.1277271751875738,3843.9345911949686,3843.9345911949686,0.2961476580956946,279.0540880503145,279.0540880503145,227,305,370.32327044025146,370.32327044025146,330,587,33.08805031446541,33.08805031446541,18,39,0.4418039046284655,,,,,,0.5118208459046811,,,,0.3647100915406949,,,,1.3040049987027285,,,,2.0852314358720765,,,,0.7988205969942471,0.19411863700769735,0.26494159365632725,1.637585612736953,-16.284767730116776,1.3025378495392406,-24.07056003273125,-9.033321400647628,-10.13432328161913,1.4499516837694781,-16.05380778261226,-2.205770925911731,4.323916156161982,1.3951177539791082,1.4426203850891575,14.09766716806519,354,168.9021167943331,104.06879099107674,13,2.156586772094553,-13,2.8300712163328874,18,3.719726546412979,0,2.6348152231034825,119.908,119.908,119.908,18.395,18.395,18.395,28.08,28.08,28.08,28.04,28.04,28.04,0.4414634704589844,0.4414634704589844,0.4414634704589844,101.514,123,121.5347054959492,121,380,360.6898138006571,346,296,275.7461117196056,250,341,315.1570646221248,303,224,211.55355969331873,197,371,355.014238773275,340,447,433.5568455640745,406,60,57.237239868565176,56,3628,3285.359255202629,2985
Thoai_Son,10.282365,105.276189,SA,T,1.91,5600,2022-07-20,6.87,92.59,26.64,28.64,25.02,2.61,10.282365,105.276189,25.335976457808076,3.620000000000001,0.25866298156386003,17.079032258064515,6.87,23.62,3.6662738004143356,89.25548387096772,79.44,93.35,3.1503782043407136,27.100322580645162,25.9,28.35,0.5991686922296418,29.538064516129033,26.92,31.62,1.1493796906405753,25.172903225806444,24.08,26.12,0.47685930533687654,2.3409677419354837,0.53,3.86,0.8526442923529118,25.16140586009696,24.07069434896019,25.902008550533132,0.4437840992158635,4.365161290322582,1.9899999999999984,7.540000000000003,1.2650841383920832,0.38848028766838494,0.22659304192761506,0.7757972023291232,0.12688979579822315,4535.508883248732,4535.508883248732,0.36105901829278697,267.4467005076143,267.4467005076143,240,332,346.0000000000001,346.0000000000001,165,475,45.50507614213199,45.50507614213199,37,53,0.4355203092779669,,,,,,0.5038071805321569,,,,0.35981248760137785,,,,1.2811954051388357,,,,2.058135177450746,,,,0.8782334444905299,0.21053269649812295,0.18594203645886878,2.5078417806780173,-15.510651345016834,1.4045344904587234,-20.961181591712396,-5.128197884048797,-9.89028773010295,1.587376045184955,-14.335645078079178,1.5207546726666652,3.8256336622907847,1.2881139564455064,0.5949969534834708,20.512080195404433,352,160.51157948146857,103.5131827704591,9,1.8352942726952228,-7,2.185831676632659,10,2.9507464309366056,0,1.6833017025046886,54.185,54.185,54.185,365.11,365.11,365.11,25.38,25.38,25.38,26.47,26.47,26.47,0.44306055704752606,0.44306055704752606,0.44306055704752606,0.0,130,128.24134151687858,125,375,358.29156519814023,343,278,254.86761124640242,233,334,298.35753818906346,270,244,232.42129732123084,216,396,359.4142129732123,339,433,408.21452291343803,384,58,55.04405578924063,54,3635,3209.585122869161,2788
Thoai_Son,10.282445,105.330149,WS,T,2.04,6640,2022-04-10,19.36,83.09,27.63,31.63,24.27,1.63,10.282445,105.330149,24.490716162434726,7.359999999999999,0.625544333307912,19.909354838709675,13.91,25.27,2.21220796940431,81.32580645161292,74.06,86.78,2.820396648143946,27.937741935483874,26.95,29.04,0.566936929287379,32.32967741935484,30.27,34.53,1.1575153698442184,24.410322580645158,22.98,25.33,0.5526504108266711,1.7970967741935482,0.95,2.83,0.46968207193725375,24.420803930270907,23.612946047578802,25.30876125962539,0.4129839259566674,7.919354838709679,5.050000000000001,9.709999999999997,1.3117949669745694,0.7062474863029007,0.48813969021282255,1.041477079347301,0.12581155344614364,2587.4388398486763,2587.4388398486763,0.23317478827261004,116.69356872635561,116.69356872635561,100,186,522.016393442623,522.016393442623,426,573,29.69482976040353,29.69482976040353,24,32,0.35198545344192744,,,,,,0.39727257028565843,,,,0.2947031646433983,,,,0.9779619848188491,,,,1.697914330202473,,,,0.5621477255505116,0.20946611432642306,0.10219061316030625,1.5681000719722233,-19.459261378277766,2.8301492718682373,-26.953555132067258,-9.58565867160372,-11.25734914252184,2.001018219623133,-17.17557437365189,-3.931726171242491,7.498202647034681,4.333233751173634,1.5508576088317751,38.1425384024774,350,161.85282616072402,104.36623407307127,10,2.2542605727764804,-4,2.054791239507558,11,2.7748625382570293,0,1.5552452788115865,124.957,124.957,124.957,33.193,33.193,33.193,27.99,27.99,27.99,28.62,28.62,28.62,0.34408124287923175,0.34408124287923175,0.34408124287923175,91.764,125,122.5531448608372,120,403,369.7769264448337,354,313,289.8185201401051,256,342,314.8785026269703,292,232,216.68739054290722,208,375,365.3272767075307,340,431,418.02298598949216,408,59,57.002408056042036,56,3624,3229.704903677759,2868
Thoai_Son,10.282445,105.330149,SA,T,2.04,5440,2022-07-20,6.87,92.96,26.47,28.83,24.61,2.26,10.282445,105.330149,25.234797351114793,4.219999999999999,0.24330033151965255,17.079032258064515,6.87,23.62,3.6662738004143356,90.05032258064514,81.27,94.19,2.9039777879171047,26.910322580645154,25.66,27.84,0.5526912681391041,29.711612903225813,26.96,31.63,1.1492131860234986,24.632580645161294,23.29,25.41,0.4348597678446543,2.2570967741935477,0.86,3.69,0.786048482245979,25.12529610008162,24.130094953000818,25.85569627986475,0.41916892260614896,5.079032258064518,2.4399999999999977,8.34,1.3314928678081355,0.35543231253676644,0.1952996540418091,0.6932754681442975,0.1134336443522716,3204.4262295081962,3204.4262295081962,0.3085900310945439,268.8448928121059,268.8448928121059,246,345,522.016393442623,522.016393442623,426,573,36.7061790668348,36.7061790668348,35,40,0.43588993253387864,,,,,,0.5042785726128937,,,,0.36010058195074945,,,,1.2825371459367116,,,,2.0597290750049417,,,,0.8939703599116287,0.20986271631496523,0.17129713852865153,2.0469666192005715,-15.705326368519591,1.2608219472895212,-21.61287429117084,-11.478359352231726,-10.181292574951662,1.6514721160789971,-16.157306658997634,-3.141603732993433,3.759440379639596,1.38823843259487,0.9541110062469764,22.351236537619986,350,161.85282616072402,104.36623407307127,10,2.2542605727764804,-4,2.054791239507558,11,2.7748625382570293,0,1.5552452788115865,54.558,54.558,54.558,324.749,324.749,324.749,25.44,25.44,25.44,26.55,26.55,26.55,0.4277172088623047,0.4277172088623047,0.4277172088623047,0.0,125,122.5531448608372,120,403,369.7769264448337,354,313,289.8185201401051,256,342,314.8785026269703,292,232,216.68739054290722,208,375,365.3272767075307,340,431,418.02298598949216,408,59,57.002408056042036,56,3624,3229.704903677759,2868
Thoai_Son,10.282741,105.414218,WS,D,2.9,6800,2022-03-18,16.65,64.88,30.31,37.21,24.47,0.68,10.282741,105.414218,22.947909756383066,12.740000000000002,1.5168666447013646,19.908709677419353,13.91,25.27,2.5579196965067754,72.65354838709676,60.66,86.5,7.801650589784065,28.863225806451617,27.19,30.47,1.0107052379619412,34.664838709677426,30.63,38.48,2.235441604590426,24.520967741935486,22.56,25.75,0.7036465151723951,1.9193548387096775,0.68,2.83,0.5399219506550622,23.350234244977916,21.12681833274576,24.806145378787576,1.0183582821884698,10.143870967741934,5.43,14.7,2.4553111325337618,1.1046005988873946,0.48813969021282255,1.6478924176167693,0.36608936320178753,0.4113480270804248,0.4113480270804248,0.4215846316170928,134.734096692112,134.734096692112,124,151,536.4783715012724,536.4783715012724,453,590,39.31424936386768,39.31424936386768,29,46,0.2870080224252518,0.2870080224252518,-0.033472188619404056,0.6812913785444071,-0.08710803836584091,0.8898208737373352,0.3022365677714318,0.3022365677714318,-0.036233642773694674,0.8464465519214946,0.2155262582858115,0.2155262582858115,-0.2394514859889174,0.6277489630746698,0.6011673033534943,0.6011673033534943,-0.38638299069506055,3.372718412067659,1.370257161976975,1.370257161976975,-0.4331568828076124,3.101371921181679,0.7611680596979916,0.18150448885684248,0.24754387395604413,1.6069766984769112,-17.06743041882599,1.9930567175435125,-22.15762589323183,-5.337650102919006,-10.657433454360257,1.8426530812786894,-16.92425542536916,0.03288872118974373,4.587385637766008,1.505177204408093,1.4891462357800151,15.158751723786434,352,164.73997561859574,106.26237956129026,29,4.102935652861518,-9,3.5045925130159894,32,4.187680801291553,0,3.090303759222229,125.443,125.443,125.443,85.973,85.973,85.973,30.04,30.04,30.04,31.06,31.06,31.06,0.19265429178873697,0.19265429178873697,0.19265429178873697,39.47,123,120.43977222952257,119,381,361.0324276950044,337,321,286.94938650306756,264,343,307.296888694128,291,219,200.36787905346185,181,459,440.08413672217347,428,385,359.6713409290097,342,58,55.50284837861526,55,3354,2824.2210780017526,2678
Thoai_Son,10.282741,105.414218,SA,D,2.9,5600,2022-07-05,18.78,91.3,27.06,29.6,25.05,2.48,10.282741,105.414218,25.51483388826865,4.550000000000001,0.31127813123795234,16.769677419354835,6.87,22.08,3.821374084794856,90.67870967741938,86.15,94.19,2.035148788942016,26.933870967741942,26.0,27.69,0.46261303706267703,29.690645161290323,27.4,31.11,0.9122073034196071,24.868064516129035,24.1,25.36,0.33833004839079944,2.510967741935484,1.3,3.69,0.6552288683560571,25.27051847992099,24.572449904982665,25.85569627986475,0.36964392748080976,4.822580645161291,2.4399999999999977,6.390000000000001,0.9618160502217147,0.33238483973626637,0.1952996540418091,0.5120479976348612,0.07852879243964851,3461.4783715012727,3461.4783715012727,0.35440499497145356,213.7455470737914,213.7455470737914,200,223,536.4783715012724,536.4783715012724,453,590,22.001272264631044,22.001272264631044,12,25,0.38599079298580197,,,,,,0.4406406417134366,,,,0.3212078447855847,,,,1.1014021382234453,,,,1.8445529051884957,,,,0.9183545402187224,0.21877221146132117,0.3144282315872806,2.0554519273559317,-15.407907735663855,1.4530576410238996,-20.45175061221235,-8.483089331319722,-10.036438145429063,1.7894631687582436,-17.155965420818912,-0.5317170044814287,3.6197784965117545,1.1791905551633843,0.946044053263495,11.721503981393157,352,164.73997561859574,106.26237956129026,29,4.102935652861518,-9,3.5045925130159894,32,4.187680801291553,0,3.090303759222229,120.264,120.264,120.264,196.907,196.907,196.907,27.61,27.61,27.61,28.26,28.26,28.26,0.4101829528808594,0.4101829528808594,0.4101829528808594,0.0,123,120.43977222952257,119,381,361.0324276950044,337,321,286.94938650306756,264,343,307.296888694128,291,219,200.36787905346185,181,459,440.08413672217347,428,385,359.6713409290097,342,58,55.50284837861526,55,3354,2824.2210780017526,2678
Thoai_Son,10.283009,105.129752,WS,T,6.0,7600,2022-04-22,21.63,79.9,28.5,33.77,24.85,2.29,10.283009,105.129752,24.682030058433043,8.920000000000002,0.7821672857682282,18.940645161290323,6.76,23.06,3.225610155317826,82.1632258064516,75.99,87.15,2.5418946287858115,28.169354838709676,26.71,29.68,0.5255592135932123,32.20225806451613,29.09,34.19,1.0551431936989204,25.014838709677417,23.86,26.1,0.6431619018955865,1.8835483870967742,0.76,2.92,0.47532364788566334,24.82040037633427,24.13497977078476,25.52784040443585,0.3997388240606893,7.18741935483871,4.100000000000001,9.190000000000001,1.2495598392567902,0.6832623786177955,0.4820565470696328,1.000209663814001,0.1145618563613711,2435.001262626263,2435.001262626263,0.11485983796540282,78.32449494949495,78.32449494949495,74,92,169.36742424242428,169.36742424242428,138,205,13.55176767676768,13.55176767676768,11,21,0.38044644414712675,,,,,,0.4335697605023858,,,,0.31688642954501084,,,,1.0812760262553047,,,,1.8206444418755572,,,,0.4230075314730263,0.20877863041880293,0.07128307075041418,1.419454785100184,-21.44276927388434,2.461009907777746,-29.536470982383605,-13.55563570547324,-11.614847720539423,2.0563368772109456,-18.769508850780408,-7.610867317978673,11.43558036050274,7.247475236043569,1.8179833848794862,55.11430537280493,350,159.49099061996537,107.09263776743545,9,1.6326663745358578,-6,1.9814762608641594,9,2.699726868676221,0,1.5721001744482572,134.342,134.342,134.342,46.717,46.717,46.717,28.27,28.27,28.27,29.05,29.05,29.05,0.4268627166748047,0.4268627166748047,0.4268627166748047,87.625,121,119.28596452813663,118,390,374.2081051478642,341,317,307.0884994523548,291,349,328.24906900328585,309,241,231.60898138006576,225,398,388.32661555312154,369,396,380.1123767798466,367,60,57.425410733844465,56,3388,3135.4190580503832,2830
Thoai_Son,10.283233,105.260351,WS,T,5.0,7200,2022-04-20,21.24,80.99,27.97,32.59,23.86,1.47,10.283233,105.260351,24.393652040431206,8.730000000000004,0.7173105455387468,19.000967741935483,6.76,23.06,3.2424307437463753,81.84161290322581,75.99,85.84,2.2943649016163477,28.14258064516129,26.71,29.68,0.5514202644195143,32.20258064516129,29.09,34.19,1.0461387305211283,24.931935483870966,23.23,26.1,0.7128200214180598,1.8445161290322578,0.76,2.76,0.47889549475970705,24.72986277647131,23.777922210855053,25.406872372688927,0.41390910772614503,7.2706451612903225,4.100000000000001,9.190000000000001,1.2505377823389554,0.6942976621893057,0.4963262437401275,1.000209663814001,0.10566255843304845,1750.5516372795971,1750.5516372795971,0.061779112952572574,120.25882352941177,120.25882352941177,76,125,458.04705882352937,458.04705882352937,122,499,15.458823529411765,15.458823529411765,12,17,0.37711983484392164,,,,,,0.4293272317757553,,,,0.3142935804006665,,,,1.0692003590744203,,,,1.8062993638877942,,,,0.36625321832379837,0.20338820108455216,0.058383287215822754,1.2268055643119553,-20.321195115269354,3.3741296687060047,-27.639197826411774,-8.470100672159674,-9.722066792950137,1.9749133566168449,-16.097137067230804,1.4757832931599437,13.623853020705539,8.022915645105943,2.260500372969347,67.5127575159204,352,161.02842382369118,104.48657029892348,9,1.9370504723026694,-6,2.076614824406703,11,2.7751529588518458,0,1.5926587909263596,126.751,126.751,126.751,22.859,22.859,22.859,28.35,28.35,28.35,28.96,28.96,28.96,0.3810863494873047,0.3810863494873047,0.3810863494873047,103.892,125,122.26072679509636,121,384,365.9218476357269,352,296,276.5251751313486,259,335,314.07990367775835,290,235,226.5372154115587,216,387,370.7007443082312,357,418,402.5148861646236,387,60,58.2532837127846,56,3559,3265.754816112085,2859
Thoai_Son,10.283233,105.260351,SA,T,5.0,5600,2022-07-22,23.62,79.44,27.97,31.62,24.08,0.73,10.283233,105.260351,24.07069434896019,7.540000000000003,0.7757972023291232,16.82451612903226,6.87,23.62,3.7451300323776846,89.27258064516128,79.44,93.35,3.1578401844604382,27.030645161290323,25.9,28.35,0.6175494520298707,29.449677419354842,26.92,31.62,1.1989551469211952,25.12419354838709,24.08,26.05,0.43264955790844944,2.351612903225807,0.53,3.86,0.8572126501489826,25.095780037907694,24.07069434896019,25.86766694000002,0.42718173080931876,4.325483870967743,1.9899999999999984,7.540000000000003,1.2982937654293647,0.38651581626475584,0.22659304192761506,0.7757972023291232,0.1277271751875738,3091.4534005037785,3091.4534005037785,0.24538665606964596,288.17647058823525,288.17647058823525,210,357,458.04705882352937,458.04705882352937,122,499,25.26078431372549,25.26078431372549,13,32,0.44217352788437714,,,,,,0.5122922379854179,,,,0.3649981858900665,,,,1.3053467395006044,,,,2.086825333426272,,,,0.7515314093005263,0.18472104393486893,0.19215468029257368,1.6424036699687434,-16.403127882887887,1.826151962496795,-26.81394858935446,-7.402066995450221,-9.91990062470281,1.7934366214756043,-17.267729574428408,0.7535895289864593,4.670296862567971,1.5406232811908291,1.435454859934722,19.81656295807951,352,161.02842382369118,104.48657029892348,9,1.9370504723026694,-6,2.076614824406703,11,2.7751529588518458,0,1.5926587909263596,119.908,119.908,119.908,18.395,18.395,18.395,28.08,28.08,28.08,28.04,28.04,28.04,0.4414634704589844,0.4414634704589844,0.4414634704589844,101.514,125,122.26072679509636,121,384,365.9218476357269,352,296,276.5251751313486,259,335,314.07990367775835,290,235,226.5372154115587,216,387,370.7007443082312,357,418,402.5148861646236,387,60,58.2532837127846,56,3559,3265.754816112085,2859
Thoai_Son,10.284027,105.15814,WS,T,3.2,8000,2022-04-22,21.63,79.9,28.5,33.77,24.85,2.29,10.284027,105.15814,24.682030058433043,8.920000000000002,0.7821672857682282,18.940645161290323,6.76,23.06,3.225610155317826,82.1632258064516,75.99,87.15,2.5418946287858115,28.169354838709676,26.71,29.68,0.5255592135932123,32.20225806451613,29.09,34.19,1.0551431936989204,25.014838709677417,23.86,26.1,0.6431619018955865,1.8835483870967742,0.76,2.92,0.47532364788566334,24.82040037633427,24.13497977078476,25.52784040443585,0.3997388240606893,7.18741935483871,4.100000000000001,9.190000000000001,1.2495598392567902,0.6832623786177955,0.4820565470696328,1.000209663814001,0.1145618563613711,2654.390088945362,2654.390088945362,0.15246588187418494,116.10673443456162,116.10673443456162,79,147,325.836086404066,325.836086404066,246,450,16.856416772554002,16.856416772554002,10,23,0.3800768208912151,,,,,,0.43309836842164906,,,,0.31659833519563924,,,,1.0799342854574285,,,,1.8190505443213614,,,,0.410637907751613,0.2077031299621537,0.06985959155887816,1.1496324899830759,-20.009678687597244,2.8206657790581806,-27.30766690677109,-12.753736649607106,-9.99769624334655,1.372091748019087,-15.106125758692663,-5.282030979061446,12.084390602550565,7.85601611870832,2.4793727863927066,56.25770664760861,350,163.43328303229592,103.07099190137124,10,2.347268258288139,-11,2.372823596969658,15,3.1879995782620454,0,2.0101287362489337,134.342,134.342,134.342,46.717,46.717,46.717,28.27,28.27,28.27,29.05,29.05,29.05,0.4268627166748047,0.4268627166748047,0.4268627166748047,87.625,127,122.33209281961472,120,401,375.87779237844944,366,311,295.64826982041177,256,342,319.6381953569864,304,261,255.42049934296975,243,403,388.0361366622864,374,370,356.51182654402106,351,57,55.95992115637319,55,3548,3267.7150678931234,2895
Thoai_Son,10.284027,105.15814,SA,T,3.2,5600,2022-07-25,19.74,86.46,27.42,30.49,24.54,1.33,10.284027,105.15814,24.95208659741062,5.949999999999999,0.49477048235839516,16.470000000000002,6.87,23.62,3.769222560379981,89.21354838709676,79.44,93.35,3.1599587057194656,26.877741935483872,24.86,28.35,0.7761181722351781,29.280322580645162,26.92,31.62,1.3371599269104935,24.95903225806451,23.04,26.05,0.5779851255966976,2.4164516129032267,0.53,3.86,0.9059464784700237,24.933827191792904,23.013919027872713,25.86766694000002,0.5998815499262732,4.321290322580645,1.9899999999999984,7.540000000000003,1.3153675849186555,0.38549381263599203,0.22659304192761506,0.7757972023291232,0.12860285669346824,3121.072426937738,3121.072426937738,0.21496978927458496,259.2299872935197,259.2299872935197,192,365,325.836086404066,325.836086404066,246,450,29.91994917407878,29.91994917407878,26,41,0.448087499978964,,,,,,0.5198345112772054,,,,0.36960769548001193,,,,1.3268145922666212,,,,2.1123276942934064,,,,0.5842019162822124,0.18897220554857436,0.13242082123407253,1.282669119412071,-18.807736492507,2.4608378868283265,-25.499664644074535,-12.443131193573997,-10.896984028131588,1.9089852961659015,-17.75873642152282,-4.564785717136422,6.743679912214017,3.1229634429506135,2.1184971552394236,29.2067300498721,350,163.43328303229592,103.07099190137124,10,2.347268258288139,-11,2.372823596969658,15,3.1879995782620454,0,2.0101287362489337,114.925,114.925,114.925,41.207,41.207,41.207,28.42,28.42,28.42,29.01,29.01,29.01,0.4689871470133464,0.4689871470133464,0.4689871470133464,73.719,127,122.33209281961472,120,401,375.87779237844944,366,311,295.64826982041177,256,342,319.6381953569864,304,261,255.42049934296975,243,403,388.0361366622864,374,370,356.51182654402106,351,57,55.95992115637319,55,3548,3267.7150678931234,2895
Thoai_Son,10.284175,105.143442,WS,T,1.26,8000,2022-04-22,21.63,79.9,28.5,33.77,24.85,2.29,10.284175,105.143442,24.682030058433043,8.920000000000002,0.7821672857682282,18.940645161290323,6.76,23.06,3.225610155317826,82.1632258064516,75.99,87.15,2.5418946287858115,28.169354838709676,26.71,29.68,0.5255592135932123,32.20225806451613,29.09,34.19,1.0551431936989204,25.014838709677417,23.86,26.1,0.6431619018955865,1.8835483870967742,0.76,2.92,0.47532364788566334,24.82040037633427,24.13497977078476,25.52784040443585,0.3997388240606893,7.18741935483871,4.100000000000001,9.190000000000001,1.2495598392567902,0.6832623786177955,0.4820565470696328,1.000209663814001,0.1145618563613711,3476.5345911949685,3476.5345911949685,0.2416981682399318,117.71572327044025,117.71572327044025,92,165,125.9798742138365,125.9798742138365,64,290,31.95220125786164,31.95220125786164,17,39,0.3797071976353034,,,,,,0.43262697634091235,,,,0.31631024084626763,,,,1.0785925446595526,,,,1.8174566467671656,,,,0.6968959479915653,0.18119670172623767,0.22955698011716777,1.418729871550795,-19.001245253254194,2.1287405244934363,-24.2657267980094,-13.125735398513813,-12.100869774994642,1.7931076125610017,-17.55170509238696,-7.111887212379952,5.1615881945242075,1.761671815576492,1.8194232603474068,16.42486766448298,350,163.3395325698774,103.40770579612044,16,2.1254958291053354,-7,2.5254469438009584,21,3.3375986716392374,0,2.145243617428352,134.342,134.342,134.342,46.717,46.717,46.717,28.27,28.27,28.27,29.05,29.05,29.05,0.4268627166748047,0.4268627166748047,0.4268627166748047,87.625,122,121.11337719298244,120,378,358.12776682007456,329,316,297.27964058733284,273,327,312.6175761560377,282,260,245.30769230769232,226,404,387.28073635765946,376,390,367.40192855577476,348,60,56.9975893052816,55,3395,3046.4646066184528,2457
Thoai_Son,10.284315,105.252391,SA,T,3.3,5600,2022-07-22,23.62,79.44,27.97,31.62,24.08,0.73,10.284315,105.252391,24.07069434896019,7.540000000000003,0.7757972023291232,16.82451612903226,6.87,23.62,3.7451300323776846,89.27258064516128,79.44,93.35,3.1578401844604382,27.030645161290323,25.9,28.35,0.6175494520298707,29.449677419354842,26.92,31.62,1.1989551469211952,25.12419354838709,24.08,26.05,0.43264955790844944,2.351612903225807,0.53,3.86,0.8572126501489826,25.095780037907694,24.07069434896019,25.86766694000002,0.42718173080931876,4.325483870967743,1.9899999999999984,7.540000000000003,1.2982937654293647,0.38651581626475584,0.22659304192761506,0.7757972023291232,0.1277271751875738,3820.5541561712844,3820.5541561712844,0.31619313243819336,243.72493573264785,243.72493573264785,191,281,495.228791773779,495.228791773779,330,550,30.506426735218508,30.506426735218508,18,39,0.44254315114028886,,,,,,0.5127636300661547,,,,0.3652862802394381,,,,1.3066884802984804,,,,2.088419230980468,,,,0.7028170567327681,0.18940907607773133,0.16651909310728194,1.5542719019144282,-16.618831231237476,2.188446741234439,-25.67319132990442,-4.318509199891986,-9.75116119632015,2.0495973722296608,-17.05669834716945,3.567048348793152,5.151203533695823,1.883193226146946,1.5735522819869026,23.021269425380254,352,160.9594744627508,106.04856034984292,12,2.360713850370795,-6,2.3128949945660047,11,2.9544470690558318,0,1.7774840667175351,119.908,119.908,119.908,18.395,18.395,18.395,28.08,28.08,28.08,28.04,28.04,28.04,0.4414634704589844,0.4414634704589844,0.4414634704589844,101.514,123,121.66388949791708,120,384,360.6296296296296,348,290,267.8660968660968,250,342,314.5261889108043,300,235,222.24194608809995,209,373,362.85163269778667,342,443,414.6484768792461,399,60,57.03725619110235,56,3628,3255.4749068595224,2977
Thoai_Son,10.286013,105.107472,WS,T,2.3,7600,2022-04-22,21.63,79.9,28.5,33.77,24.85,2.29,10.286013,105.107472,24.682030058433043,8.920000000000002,0.7821672857682282,18.940645161290323,6.76,23.06,3.225610155317826,82.1632258064516,75.99,87.15,2.5418946287858115,28.169354838709676,26.71,29.68,0.5255592135932123,32.20225806451613,29.09,34.19,1.0551431936989204,25.014838709677417,23.86,26.1,0.6431619018955865,1.8835483870967742,0.76,2.92,0.47532364788566334,24.82040037633427,24.13497977078476,25.52784040443585,0.3997388240606893,7.18741935483871,4.100000000000001,9.190000000000001,1.2495598392567902,0.6832623786177955,0.4820565470696328,1.000209663814001,0.1145618563613711,4036.1259445843825,4036.1259445843825,0.24695317976220235,93.46725440806046,93.46725440806046,80,108,205.50755667506297,205.50755667506297,96,230,33.9647355163728,33.9647355163728,20,41,0.3822945604266852,,,,,,0.4359267209060694,,,,0.3183269012918688,,,,1.0879847302446848,,,,1.8286139296465367,,,,0.5792920991310087,0.200495715645546,0.08449338027413135,1.468773322874465,-19.401146649852564,2.1059439363817294,-27.75032202770965,-13.786796774568952,-11.412443099203777,1.4835576709345408,-17.66261771612734,-6.277036736240259,7.01258232429944,4.186616652897199,1.7233610099697303,46.34098679709998,355,169.60640544538634,103.72264441414163,13,1.3914102061458267,-11,2.90678209605342,17,3.9020206046988224,0,2.477257746215176,134.342,134.342,134.342,46.717,46.717,46.717,28.27,28.27,28.27,29.05,29.05,29.05,0.4268627166748047,0.4268627166748047,0.4268627166748047,87.625,121,119.24518388791593,117,414,391.2295225580377,365,326,300.6154183092421,276,338,322.6219886114761,307,252,232.90451160753392,216,390,360.54402102496715,337,420,406.75054752518616,376,60,57.686377573368375,55,3488,3145.7566798072703,2907
Thoai_Son,10.28697,105.341571,WS,T,1.78,6640,2022-04-10,19.36,83.09,27.63,31.63,24.27,1.63,10.28697,105.341571,24.490716162434726,7.359999999999999,0.625544333307912,19.909354838709675,13.91,25.27,2.21220796940431,81.32580645161292,74.06,86.78,2.820396648143946,27.937741935483874,26.95,29.04,0.566936929287379,32.32967741935484,30.27,34.53,1.1575153698442184,24.410322580645158,22.98,25.33,0.5526504108266711,1.7970967741935482,0.95,2.83,0.46968207193725375,24.420803930270907,23.612946047578802,25.30876125962539,0.4129839259566674,7.919354838709679,5.050000000000001,9.709999999999997,1.3117949669745694,0.7062474863029007,0.48813969021282255,1.041477079347301,0.12581155344614364,3126.971032745592,3126.971032745592,0.2983525194571234,122.61335012594459,122.61335012594459,106,141,498.8513853904283,498.8513853904283,203,635,31.848866498740556,31.848866498740556,25,37,0.3516158301860158,,,,,,0.3968011782049217,,,,0.29441507029402675,,,,0.976620244020973,,,,1.6963204326482773,,,,0.6835250804307489,0.23355743952429056,0.11536461966320967,1.6095012649107634,-18.45382511109639,2.448201053699992,-25.049867103002136,-10.829105190862254,-11.281190916345823,2.2740548982618387,-18.7763358208992,-1.4549523658431716,6.0093100021774575,3.999166368336176,1.485241911395313,33.67267531135128,350,161.95831562439258,105.34832738756944,10,2.78290980136334,-6,2.345034698820205,11,3.015402660130008,0,1.7660148468918733,,,,,,,,,,,,,,,,,126,124.39995616918696,121,385,356.3950887963167,347,291,275.75970181977647,255,336,299.73755755316824,277,241,231.4595483446613,223,375,357.60118395088807,343,427,410.83468537601414,384,59,57.3681210260908,56,3336,3012.1767156325377,2627
Thoai_Son,10.287565,105.192862,SA,T,2.2,5600,2022-07-23,18.59,81.73,28.35,31.2,25.53,0.53,10.287565,105.192862,24.91620180634639,5.669999999999998,0.7047923609856878,16.657419354838712,6.87,23.62,3.736686446349903,89.3332258064516,79.44,93.35,3.1906459929357966,26.97451612903226,25.78,28.35,0.6488045518598401,29.36193548387097,26.92,31.62,1.2635061799632843,25.079032258064508,24.08,26.05,0.42438840121809357,2.378709677419355,0.53,3.86,0.8798267495712927,25.051531773859857,24.07069434896019,25.86766694000002,0.42900693825443115,4.282903225806452,1.9899999999999984,7.540000000000003,1.3301811507687826,0.3833593308887374,0.22659304192761506,0.7757972023291232,0.12942714793285082,3198.508196721312,3198.508196721312,0.24334643260272126,238.2673392181589,238.2673392181589,197,264,389.8764186633039,389.8764186633039,282,518,27.880201765447666,27.880201765447666,12,47,0.44623938369940563,,,,,,0.5174775508735218,,,,0.368167223733154,,,,1.320105888277241,,,,2.104358206522427,,,,0.5807481483619874,0.1856133548226219,0.03843162478038062,1.6358075682866935,-19.953888321482964,3.294869258964374,-28.385092020575392,-10.356892539775451,-12.022314445373176,3.3148960087059125,-22.17900610422524,7.893778652413898,6.826004304910312,4.362439048509606,1.4452753964144487,103.08094955282775,354,166.16695825220003,105.52873247345507,13,2.9471620655457915,-5,2.5421877134230786,12,3.362748877313327,0,1.9865420353699426,,,,,,,,,,,,,,,,,123,121.74600394131818,121,396,373.1861585632939,357,319,290.66425755584754,271,318,305.2555847568988,284,241,230.0981165133596,219,415,397.83880858519495,382,392,372.0843188786684,345,60,56.4689005694262,56,3221,2927.3587385019714,2716
Thoai_Son,10.28859,105.207594,WS,T,1.75,8000,2022-04-16,15.17,81.66,28.33,31.91,25.63,1.76,10.28859,105.207594,24.882322232506183,6.280000000000001,0.7066714128202889,19.19161290322581,6.76,23.06,3.087509798102978,81.8083870967742,75.99,87.54,2.407540703135228,28.00967741935483,26.71,29.68,0.6404659789054182,32.08741935483871,29.09,34.19,1.1353327428752968,24.79129032258065,23.23,26.08,0.7319295838486098,1.9193548387096775,0.76,2.83,0.5419614049100459,24.592665358464867,23.45507529294824,25.37939711490254,0.45388546077394226,7.296129032258064,4.100000000000001,9.190000000000001,1.2928480124711783,0.6907990977557419,0.4539761277216749,1.000209663814001,0.11216900376122681,2820.618686868687,2820.618686868687,0.18995931517903775,98.81565656565657,98.81565656565657,69,158,381.69191919191917,381.69191919191917,296,555,14.965909090909092,14.965909090909092,9,21,0.3749020953084516,,,,,,0.426498879291335,,,,0.31256501430443695,,,,1.061149914287164,,,,1.796735978562619,,,,0.5083476597737245,0.18194357064869554,0.08474064402209766,1.3132545600838421,-18.108802779387858,2.4340045942122615,-25.429495971974923,-9.807444512069623,-9.468883022415547,1.4888520589983283,-14.185520297878549,-2.623242708190242,7.960201176381292,3.455910426623242,2.04586796922649,46.20285107765912,356,165.5566291971957,105.51186097364811,16,3.5535587212060515,-9,3.4938713754528252,20,4.478865768805019,0,2.937304053386509,,,,,,,,,,,,,,,,,126,122.61449211908932,121,398,360.1609371578717,336,305,275.04510619662796,250,318,291.20976571053217,278,249,242.31070724764615,226,397,381.71841471425444,371,393,375.6748412524634,361,60,57.19159185460916,56,3279,2860.556382745785,2612
Thoai_Son,10.290802,105.32462,WS,T,1.9,7200,2022-04-10,19.36,83.09,27.63,31.63,24.27,1.63,10.290802,105.32462,24.490716162434726,7.359999999999999,0.625544333307912,19.909354838709675,13.91,25.27,2.21220796940431,81.32580645161292,74.06,86.78,2.820396648143946,27.937741935483874,26.95,29.04,0.566936929287379,32.32967741935484,30.27,34.53,1.1575153698442184,24.410322580645158,22.98,25.33,0.5526504108266711,1.7970967741935482,0.95,2.83,0.46968207193725375,24.420803930270907,23.612946047578802,25.30876125962539,0.4129839259566674,7.919354838709679,5.050000000000001,9.709999999999997,1.3117949669745694,0.7062474863029007,0.48813969021282255,1.041477079347301,0.12581155344614364,2794.761421319797,2794.761421319797,0.2451850942349992,117.07994923857869,117.07994923857869,102,141,487.4631979695432,487.4631979695432,328,651,26.45939086294417,26.45939086294417,18,27,0.3512462069301041,,,,,,0.396329786124185,,,,0.29412697594465514,,,,0.9752785032230971,,,,1.6947265350940812,,,,0.5214553237621928,0.22374578850148888,0.09069225911056446,1.3880428257772286,-19.358197815399873,2.6835641092703333,-27.83530978711801,-11.72763054464038,-10.693299041653562,2.016439589667014,-17.668584490398633,-5.736707433963732,8.482474565200876,4.925003653495234,1.8817554658374591,43.10519750228664,356,162.56034633289735,105.26375319577075,26,2.502620888697069,-10,3.4254447382251962,27,4.050981309488902,0,3.243591090121291,124.957,124.957,124.957,33.193,33.193,33.193,27.99,27.99,27.99,28.62,28.62,28.62,0.34408124287923175,0.34408124287923175,0.34408124287923175,91.764,125,123.05480052608505,122,403,364.8199342825848,340,298,276.50120481927706,242,332,304.6249726177437,277,243,232.75355969331875,223,370,362.2764512595838,353,420,404.84381161007667,388,59,57.198904709748085,56,3583,2966.3728368017532,2485
Thoai_Son,10.290816,105.182958,SA,T,2.0,5600,2022-07-23,18.59,81.73,28.35,31.2,25.53,0.53,10.290816,105.182958,24.91620180634639,5.669999999999998,0.7047923609856878,16.657419354838712,6.87,23.62,3.736686446349903,89.3332258064516,79.44,93.35,3.1906459929357966,26.97451612903226,25.78,28.35,0.6488045518598401,29.36193548387097,26.92,31.62,1.2635061799632843,25.079032258064508,24.08,26.05,0.42438840121809357,2.378709677419355,0.53,3.86,0.8798267495712927,25.051531773859857,24.07069434896019,25.86766694000002,0.42900693825443115,4.282903225806452,1.9899999999999984,7.540000000000003,1.3301811507687826,0.3833593308887374,0.22659304192761506,0.7757972023291232,0.12942714793285082,3381.1634980988592,3381.1634980988592,0.24282779443550123,266.0278833967047,266.0278833967047,197,320,460.3003802281369,460.3003802281369,355,478,31.768060836501906,31.768060836501906,13,47,0.44586976044349397,,,,,,0.5170061587927851,,,,0.3678791293837824,,,,1.318764147479365,,,,2.102764308968231,,,,0.6213653545573793,0.16133765252272178,0.20397663944368485,1.456451041765954,-17.78368816089405,2.060154063644071,-24.56792529800129,-12.665257472398496,-10.28868385115053,1.7312507103632233,-17.15748277880763,-5.7069026905618125,5.893844585723759,1.8895392465667296,1.7464019629180123,18.61008873814859,353,157.9510069745299,107.7187666136965,16,2.6142495214688344,-4,2.1260747878490394,17,2.790717977946385,0,1.7775047621995919,115.489,115.489,115.489,107.571,107.571,107.571,28.67,28.67,28.67,28.93,28.93,28.93,0.48367754618326825,0.48367754618326825,0.48367754618326825,7.918,124,122.55511724742502,122,402,385.0552268244577,374,314,296.08700416392725,278,326,304.76397107166343,288,249,234.09051062897217,226,404,387.4429103659874,369,398,378.52947622178397,356,59,56.785667324128866,56,3417,3022.7541091387247,2448
Thoai_Son,10.291025,105.299533,WS,T,1.5,7600,2022-04-10,19.36,82.44,27.81,31.8,24.75,1.74,10.291025,105.299533,24.534853223742125,7.050000000000001,0.6564479686942216,19.909354838709675,13.91,25.27,2.21220796940431,81.36967741935482,72.53,87.54,2.92292990863285,28.021612903225805,26.71,29.39,0.6336585870915009,32.13967741935485,29.09,34.49,1.15118868123896,24.706774193548394,23.23,25.96,0.6664997016032738,1.8893548387096775,1.1,2.83,0.5194347764567905,24.510502053587818,23.45507529294824,25.345762139075116,0.4496529651755884,7.432903225806452,4.100000000000001,9.55,1.3344618186645376,0.7085235262616059,0.4539761277216749,1.125403854694864,0.13341450826484239,1933.4666666666672,1933.4666666666672,0.10232798155368848,145.67169811320755,145.67169811320755,134,151,561.9672955974844,561.9672955974844,445,637,21.68679245283019,21.68679245283019,17,26,0.35087658367419244,,,,,,0.39585839404344825,,,,0.29383888159528354,,,,0.973936762425221,,,,1.6931326375398854,,,,0.49943538201747756,0.2043902365759849,0.08610514587803686,1.6296695589439418,-18.197718415086545,2.659764204536191,-26.11634371756422,-7.985796913162106,-9.377822281961317,1.484725082528194,-15.959559083001807,-3.989036371556412,8.578906436052545,4.519297942282755,1.454485314551791,45.45483100006331,352,158.41632623477935,102.98715050400337,19,1.9965374782562848,-6,2.298188376977522,23,2.8794047493542765,0,2.0849874008197804,124.957,125.34,125.723,33.193,32.501,31.809,27.99,27.95,27.9,28.62,28.57,28.53,0.4057776133219401,0.37492942810058594,0.34408124287923175,92.839,125,124.2563540753725,123,390,358.1146427005699,340,295,276.8947829899166,255,336,307.1161771153003,282,238,229.05567733450246,219,400,381.8950021920211,369,407,388.96953090749673,375,56,55.561595791319604,55,3612,3220.5951337132833,2824
Thoai_Son,10.292156,105.361294,WS,T,2.3,7600,2022-03-28,19.65,77.37,28.8,33.86,25.0,1.3,10.292156,105.361294,24.43377241042045,8.86,0.8960603380673319,19.941935483870967,13.91,25.27,2.446841834606317,77.38387096774194,61.89,86.5,7.182893961403721,28.367096774193545,26.95,30.47,1.1408717480389567,33.32032258064516,30.27,38.48,2.3004816941184263,24.584838709677417,22.98,25.75,0.6359390869985335,1.8303225806451615,0.68,2.83,0.5458788939952427,23.93815463889834,22.18822299967497,24.806145378787576,0.6554457933461104,8.735483870967744,5.43,13.309999999999999,2.0758625703620597,0.8930487321189048,0.48813969021282255,1.6478924176167693,0.35094767833639057,4915.876729559749,4915.876729559749,0.5027318828485217,135.95220125786162,135.95220125786162,77,199,392.5421383647799,392.5421383647799,312,506,47.81635220125786,47.81635220125786,45,65,0.31834973715396464,,,,,,0.354375890938617,,,,0.2684865788505836,,,,0.8558635722121288,,,,1.5528696527706465,,,,0.7622723219826153,0.20399996123196085,0.23885556341426867,1.7788627770398577,-16.78972216389602,1.8959430466761473,-23.80204775589138,-9.281703185667894,-10.353053300646373,1.975511095325641,-16.824859066360798,-4.383885421448786,4.681482146168616,1.76317758206228,1.2486276353796426,15.746522219632963,353,161.39919673686697,105.4414609867074,12,2.5817496507551603,-5,2.115385933290285,12,3.0190667914283438,0,1.7346751884932812,123.901,123.901,123.901,115.977,115.977,115.977,29.05,29.05,29.05,29.79,29.79,29.79,0.3520628611246745,0.3520628611246745,0.3520628611246745,7.923,125,122.63263964950713,120,390,367.3600525624179,356,302,278.5102934734997,254,332,312.0946123521682,299,229,220.5832238282961,211,392,364.6471747700393,325,463,414.71922908453786,381,60,56.72974156811213,56,3796,3228.9445904511604,2903
Thoai_Son,10.292251,105.405536,WS,D,1.26,7200,2022-03-18,16.65,64.88,30.31,37.21,24.47,0.68,10.292251,105.405536,22.947909756383066,12.740000000000002,1.5168666447013646,19.908709677419353,13.91,25.27,2.5579196965067754,72.65354838709676,60.66,86.5,7.801650589784065,28.863225806451617,27.19,30.47,1.0107052379619412,34.664838709677426,30.63,38.48,2.235441604590426,24.520967741935486,22.56,25.75,0.7036465151723951,1.9193548387096775,0.68,2.83,0.5399219506550622,23.350234244977916,21.12681833274576,24.806145378787576,1.0183582821884698,10.143870967741934,5.43,14.7,2.4553111325337618,1.1046005988873946,0.48813969021282255,1.6478924176167693,0.36608936320178753,0.40332896824793985,0.40332896824793985,0.37525669842447107,128.09240506329115,128.09240506329115,119,152,514.6506329113924,514.6506329113924,397,584,33.46962025316456,33.46962025316456,30,47,0.2964949670130255,0.2964949670130255,-0.08989310143532117,0.5426521903778425,-0.3151618540287018,0.742401659488678,0.3849582738626701,0.3849582738626701,-0.15004452609323954,0.7723833401140532,0.21327504804756034,0.21327504804756034,-0.3404605175112762,0.49239693614518276,0.6011708520979421,0.6011708520979421,-0.5079754503226719,1.940086540872481,1.3412442071210464,1.3412442071210464,-1.2582555878758428,2.568009204030037,0.6562115780925218,0.19411657786248282,0.15322876050965425,1.5994669986768912,-16.813497713598146,2.2732276282251695,-22.440188196568158,-7.426419514567404,-9.541487885911753,2.3874504816058533,-15.874421158440565,2.403276658820535,5.761125745046381,2.535492491727745,1.5008330920918493,25.104759881210278,353,171.3993983803054,104.38482883811635,21,4.122389741494627,-14,4.219400571918751,20,5.148688363633971,0,3.3275635279896973,125.443,125.443,125.443,85.973,85.973,85.973,30.04,30.04,30.04,31.06,31.06,31.06,0.19265429178873697,0.19265429178873697,0.19265429178873697,39.47,124,121.53826530612244,119,375,356.76873115286475,343,314,288.3094409649733,270,336,298.65182092321965,287,226,194.76316399907216,175,437,397.2832289491997,355,421,407.98260264439796,373,60,57.41289723961959,56,3180,2713.2043609371376,2534
Thoai_Son,10.292251,105.405536,SA,D,1.26,5600,2022-07-05,18.78,91.3,27.06,29.6,25.05,2.48,10.292251,105.405536,25.51483388826865,4.550000000000001,0.31127813123795234,16.769677419354835,6.87,22.08,3.821374084794856,90.67870967741938,86.15,94.19,2.035148788942016,26.933870967741942,26.0,27.69,0.46261303706267703,29.690645161290323,27.4,31.11,0.9122073034196071,24.868064516129035,24.1,25.36,0.33833004839079944,2.510967741935484,1.3,3.69,0.6552288683560571,25.27051847992099,24.572449904982665,25.85569627986475,0.36964392748080976,4.822580645161291,2.4399999999999977,6.390000000000001,0.9618160502217147,0.33238483973626637,0.1952996540418091,0.5120479976348612,0.07852879243964851,2683.174683544304,2683.174683544304,0.2352341633330162,228.26202531645572,228.26202531645572,215,256,514.6506329113924,514.6506329113924,397,584,19.89746835443038,19.89746835443038,15,29,0.38636041624171363,,,,,,0.4411120337941733,,,,0.3214959391349563,,,,1.1027438790213213,,,,1.8461468027426915,,,,0.7838831255196458,0.25256554786431085,0.10978518294002478,1.9865215229982045,-15.774045860670832,2.1736886447560937,-23.790356633357334,-5.311118228222757,-9.404073489492879,2.8241927677906413,-16.40578893771576,7.001508271992315,4.835419307625545,2.888599320109371,1.0135699279829125,35.4347892209205,353,171.3993983803054,104.38482883811635,21,4.122389741494627,-14,4.219400571918751,20,5.148688363633971,0,3.3275635279896973,120.264,120.264,120.264,196.907,196.907,196.907,27.61,27.61,27.61,28.26,28.26,28.26,0.4101829528808594,0.4101829528808594,0.4101829528808594,0.0,124,121.53826530612244,119,375,356.76873115286475,343,314,288.3094409649733,270,336,298.65182092321965,287,226,194.76316399907216,175,437,397.2832289491997,355,421,407.98260264439796,373,60,57.41289723961959,56,3180,2713.2043609371376,2534
Thoai_Son,10.29466,105.248528,WS,T,2.2,7840,2022-04-13,21.33,81.05,28.37,33.04,24.71,2.28,10.29466,105.248528,24.795377031149727,8.329999999999998,0.7318738473889385,19.827096774193546,13.91,23.06,2.056793924703997,81.51387096774191,75.99,87.54,2.6707576277025455,28.03193548387096,26.71,29.68,0.6562671532865486,32.16709677419355,29.09,34.19,1.1725879664323067,24.74096774193549,23.23,26.08,0.7144379917954444,1.9222580645161291,1.07,2.83,0.5030917935700643,24.55211244592468,23.45507529294824,25.37939711490254,0.4601753959938378,7.426129032258065,4.100000000000001,9.219999999999999,1.3248436972187903,0.7032617809904468,0.4539761277216749,1.000209663814001,0.12326149258240529,2990.3737244897966,2990.3737244897966,0.24192531366282133,161.19260204081633,161.19260204081633,148,179,443.73596938775523,443.73596938775523,299,566,15.721938775510205,15.721938775510205,11,18,0.37379322554071653,,,,,,0.4250847030491248,,,,0.3117007312563222,,,,1.0571246918935358,,,,1.791954285900031,,,,0.39381997328371476,0.19852285963349134,0.07192914555184796,1.2858432576943148,-20.476454164355587,2.7314593864370558,-26.97457500976528,-11.727656513757537,-10.327792957526562,1.3522332566364301,-16.09452077893814,-5.931010011780849,12.076946511655015,7.066379946885025,2.110799062066494,54.6102810524382,353,159.15677444010308,106.10451465409052,9,2.003261535623217,-6,2.0212583502394925,10,2.797445459876524,0,1.6169300148634749,149.403,149.403,149.403,15.066,15.066,15.066,29.35,29.35,29.35,29.51,29.51,29.51,0.3717664082845052,0.3717664082845052,0.3717664082845052,134.337,123,119.63140604467807,117,404,385.52616597328654,345,300,280.27151302824603,256,354,325.7052769870812,296,237,219.93015108386248,206,393,375.61484563170563,357,437,404.45106196627967,373,60,57.83008539522662,56,3703,3362.656886358659,3023
Thoai_Son,10.297494,105.145318,WS,T,9.0,6640,2022-04-09,19.79,80.99,27.8,31.74,24.38,1.68,10.297494,105.145318,24.228196758627018,7.359999999999999,0.710239252237945,20.031290322580645,13.91,25.27,2.3438660397913087,81.32290322580643,72.53,87.54,2.944156808530314,28.033225806451615,26.71,29.39,0.6458671944621543,32.182580645161295,29.09,34.49,1.199870874079415,24.74129032258065,23.23,25.96,0.6681015082981167,1.9022580645161289,1.1,2.83,0.5163001732389565,24.511965949444267,23.45507529294824,25.345762139075116,0.4509158367941826,7.441290322580645,4.100000000000001,9.55,1.342625597982535,0.7108941921382841,0.4539761277216749,1.125403854694864,0.13478258116782108,3657.1643312101914,3657.1643312101914,0.25558688232341786,176.25859872611463,176.25859872611463,166,194,127.85987261146498,127.85987261146498,64,174,35.53248407643312,35.53248407643312,32,39,0.3327650441345201,,,,,,0.372760182087349,,,,0.27972225847607557,,,,0.9081914633292947,,,,1.6150316573842864,,,,0.7473811395846192,0.17118690970122363,0.31742712673994,1.526796812051419,-17.58383718845846,1.4440888758943515,-24.395781004022925,-9.06690391463191,-11.088658720718817,1.3097934050759301,-15.409399877072602,-5.339598945665667,4.645968642521126,1.349611357035375,1.6198639978986862,11.60131747743506,354,165.6828841591987,105.32673349547413,12,1.4504810226673701,-20,2.771755922793754,25,3.553383632050609,0,2.469591105191892,112.976,112.976,112.976,28.452,28.452,28.452,27.76,27.76,27.76,28.44,28.44,28.44,0.46512476603190106,0.46512476603190106,0.46512476603190106,84.524,123,122.48368732209332,120,407,373.5885701773594,342,318,293.71753886577625,268,353,318.9404423034815,286,257,241.6855703963215,230,424,408.06875410553977,386,360,349.96146266695865,342,59,56.30282461134224,55,3496,3051.5749945259477,2421
Thoai_Son,10.297494,105.145318,SA,T,9.0,5600,2022-07-25,19.74,86.46,27.42,30.49,24.54,1.33,10.297494,105.145318,24.95208659741062,5.949999999999999,0.49477048235839516,16.470000000000002,6.87,23.62,3.769222560379981,89.21354838709676,79.44,93.35,3.1599587057194656,26.877741935483872,24.86,28.35,0.7761181722351781,29.280322580645162,26.92,31.62,1.3371599269104935,24.95903225806451,23.04,26.05,0.5779851255966976,2.4164516129032267,0.53,3.86,0.9059464784700237,24.933827191792904,23.013919027872713,25.86766694000002,0.5998815499262732,4.321290322580645,1.9899999999999984,7.540000000000003,1.3153675849186555,0.38549381263599203,0.22659304192761506,0.7757972023291232,0.12860285669346824,4812.309554140127,4812.309554140127,0.4205493395851761,302.98216560509553,302.98216560509553,263,349,127.85987261146498,127.85987261146498,64,174,47.52866242038217,47.52866242038217,21,56,0.4488267464907874,,,,,,0.5207772954386789,,,,0.37018388417875514,,,,1.3294980738623732,,,,2.1155154894017985,,,,0.8099300447962318,0.17869821057088364,0.3226907972935539,1.6620033799478366,-16.436254605649346,1.2051135505231085,-20.214591952420022,-11.256746679956361,-10.384934949405258,1.4120121217540593,-15.826335461225579,-3.9954688171014765,4.184479010571454,1.1630034555532904,1.4067339743469975,11.395767197417701,354,165.6828841591987,105.32673349547413,12,1.4504810226673701,-20,2.771755922793754,25,3.553383632050609,0,2.469591105191892,114.925,114.925,114.925,41.207,41.207,41.207,28.42,28.42,28.42,29.01,29.01,29.01,0.4689871470133464,0.4689871470133464,0.4689871470133464,73.719,123,122.48368732209332,120,407,373.5885701773594,342,318,293.71753886577625,268,353,318.9404423034815,286,257,241.6855703963215,230,424,408.06875410553977,386,360,349.96146266695865,342,59,56.30282461134224,55,3496,3051.5749945259477,2421
Thoai_Son,10.298963,105.275991,WS,T,2.1,7600,2022-04-10,19.36,82.44,27.81,31.8,24.75,1.74,10.298963,105.275991,24.534853223742125,7.050000000000001,0.6564479686942216,19.909354838709675,13.91,25.27,2.21220796940431,81.36967741935482,72.53,87.54,2.92292990863285,28.021612903225805,26.71,29.39,0.6336585870915009,32.13967741935485,29.09,34.49,1.15118868123896,24.706774193548394,23.23,25.96,0.6664997016032738,1.8893548387096775,1.1,2.83,0.5194347764567905,24.510502053587818,23.45507529294824,25.345762139075116,0.4496529651755884,7.432903225806452,4.100000000000001,9.55,1.3344618186645376,0.7085235262616059,0.4539761277216749,1.125403854694864,0.13341450826484239,2246.5896464646466,2246.5896464646466,-0.0035603889970677776,149.1199494949495,149.1199494949495,136,157,359.19191919191917,359.19191919191917,283,435,30.27020202020201,30.27020202020201,24,40,0.3505069604182808,,,,,,0.39538700196271154,,,,0.293550787245912,,,,0.9725950216273449,,,,1.6915387399856896,,,,0.7798929049102667,0.22815659599491012,0.1694153309587918,2.139330458614676,-16.064302557752164,3.5600582237103477,-24.887319347648646,-4.977985203828311,-9.728825976823375,2.90517252270643,-17.408638631551533,1.2957547062675872,4.616568107182697,1.879063211766097,0.8697438649053785,22.610614088833263,354,167.99036028675343,104.8531027669527,15,3.613719624690318,-5,2.7700448780644096,14,3.4141518633704084,0,2.1387727343446743,125.723,125.723,125.723,31.809,31.809,31.809,27.9,27.9,27.9,28.53,28.53,28.53,0.4057776133219401,0.4057776133219401,0.4057776133219401,93.915,126,123.46898969975888,122,398,356.95051456098105,342,296,272.1655353623824,240,319,287.0442303481498,266,257,217.16816290781702,210,398,383.53733304138393,367,412,399.4390190497044,376,59,56.41230567111891,55,3548,2882.101598423473,2561
Thoai_Son,10.298963,105.275991,SA,T,2.1,6000,2022-07-20,6.87,92.59,26.64,28.64,25.02,2.61,10.298963,105.275991,25.335976457808076,3.620000000000001,0.25866298156386003,17.079032258064515,6.87,23.62,3.6662738004143356,89.25548387096772,79.44,93.35,3.1503782043407136,27.100322580645162,25.9,28.35,0.5991686922296418,29.538064516129033,26.92,31.62,1.1493796906405753,25.172903225806444,24.08,26.12,0.47685930533687654,2.3409677419354837,0.53,3.86,0.8526442923529118,25.16140586009696,24.07069434896019,25.902008550533132,0.4437840992158635,4.365161290322582,1.9899999999999984,7.540000000000003,1.2650841383920832,0.38848028766838494,0.22659304192761506,0.7757972023291232,0.12688979579822315,4063.3446969696965,4063.3446969696965,0.321221893805551,240.58964646464645,240.58964646464645,236,243,359.19191919191917,359.19191919191917,283,435,41.43939393939394,41.43939393939394,36,47,0.4362595557897903,,,,,,0.5047499646936304,,,,0.36038867630012106,,,,1.2838788867345876,,,,2.0613229725591378,,,,0.8891959720886727,0.227098091557576,0.16150704222722256,2.81885046459988,-14.319949747434555,2.5301991335736544,-23.84017360307373,0.5385990673818827,-8.765647762792947,2.427539515660221,-16.87630075568459,4.571526360959743,3.769872291930301,1.1815290256275377,0.4190181601448579,23.766721901652076,354,167.99036028675343,104.8531027669527,15,3.613719624690318,-5,2.7700448780644096,14,3.4141518633704084,0,2.1387727343446743,54.185,54.185,54.185,365.11,365.11,365.11,25.38,25.38,25.38,26.47,26.47,26.47,0.44306055704752606,0.44306055704752606,0.44306055704752606,0.0,126,123.46898969975888,122,398,356.95051456098105,342,296,272.1655353623824,240,319,287.0442303481498,266,257,217.16816290781702,210,398,383.53733304138393,367,412,399.4390190497044,376,59,56.41230567111891,55,3548,2882.101598423473,2561
Thoai_Son,10.299014,105.215448,SA,T,3.0,5600,2022-07-23,18.59,81.73,28.35,31.2,25.53,0.53,10.299014,105.215448,24.91620180634639,5.669999999999998,0.7047923609856878,16.657419354838712,6.87,23.62,3.736686446349903,89.3332258064516,79.44,93.35,3.1906459929357966,26.97451612903226,25.78,28.35,0.6488045518598401,29.36193548387097,26.92,31.62,1.2635061799632843,25.079032258064508,24.08,26.05,0.42438840121809357,2.378709677419355,0.53,3.86,0.8798267495712927,25.051531773859857,24.07069434896019,25.86766694000002,0.42900693825443115,4.282903225806452,1.9899999999999984,7.540000000000003,1.3301811507687826,0.3833593308887374,0.22659304192761506,0.7757972023291232,0.12942714793285082,2645.9632446134356,2645.9632446134356,0.18261770946707828,236.9885931558936,236.9885931558936,192,288,444.0063371356148,444.0063371356148,267,504,24.72496831432193,24.72496831432193,18,29,0.4455001371875823,,,,,,0.5165347667120483,,,,0.3675910350344108,,,,1.3174224066814888,,,,2.101170411414035,,,,0.6641633288644436,0.16525469486631364,0.2536769532959081,1.3369654362101813,-17.938317085296063,2.1079976764201027,-25.601437668236898,-11.00662457584469,-10.799385785546267,1.891454702719058,-18.84337815600184,-4.466189656982168,5.415695993407341,1.6902493204663342,1.9918499698380905,14.768085937763905,357,162.5508578996613,106.4715246720342,27,3.8625087305457106,-11,4.452968075030793,26,5.676923685146874,0,3.868664590728299,119.14,119.14,119.14,131.406,131.406,131.406,28.55,28.55,28.55,28.76,28.76,28.76,0.45314598083496094,0.45314598083496094,0.45314598083496094,0.0,123,120.74337639588349,119,374,356.1349102058694,340,303,273.82873412176957,257,308,294.1438896189224,284,251,241.6327201051248,226,407,394.89925536574685,385,383,363.46211125711784,346,59,55.851949189662726,54,3340,3090.212220762155,2882
Thoai_Son,10.303175,105.416814,WS,D,2.0,8000,2022-03-18,16.65,64.88,30.31,37.21,24.47,0.68,10.303175,105.416814,22.947909756383066,12.740000000000002,1.5168666447013646,19.908709677419353,13.91,25.27,2.5579196965067754,72.65354838709676,60.66,86.5,7.801650589784065,28.863225806451617,27.19,30.47,1.0107052379619412,34.664838709677426,30.63,38.48,2.235441604590426,24.520967741935486,22.56,25.75,0.7036465151723951,1.9193548387096775,0.68,2.83,0.5399219506550622,23.350234244977916,21.12681833274576,24.806145378787576,1.0183582821884698,10.143870967741934,5.43,14.7,2.4553111325337618,1.1046005988873946,0.48813969021282255,1.6478924176167693,0.36608936320178753,0.29069138350881923,0.29069138350881923,0.39955664996672163,145.0152091254753,145.0152091254753,124,164,526.4372623574145,526.4372623574145,459,549,31.84030418250951,31.84030418250951,24,45,0.17050980524916512,0.17050980524916512,-0.11325967278824782,0.6595965396652922,-0.32453826551273757,0.8715370090345742,0.18591916443321202,0.18591916443321202,-0.16295022984537819,0.7822063911436372,0.14767970207206668,0.14767970207206668,-0.5099631054096464,0.6786654877086017,0.46762990380061115,0.46762990380061115,-0.6754643256946277,4.224043554295608,0.933721425534905,0.933721425534905,-1.2921794446250843,3.0352208986870894,0.6799002555294196,0.2043292715789957,0.138390416098834,1.8191721356862736,-16.499689064405295,2.8622253217672196,-26.88302716073541,-6.0866375251868945,-9.412554749234893,2.3840987971147083,-17.733701581828,-0.7010673987753031,5.531490191637327,2.5681102584554716,1.1988023681392967,27.903735625329194,354,166.10120969335983,107.60470847569648,13,4.08052762660271,-8,3.037061117667803,16,3.773597585884274,0,2.379221527670051,112.931,112.931,112.931,78.063,78.063,78.063,30.19,30.19,30.19,31.14,31.14,31.14,0.18091201782226562,0.18091201782226562,0.18091201782226562,34.868,124,121.92971315962338,120,380,360.7163819535699,343,310,287.5716162943496,262,342,313.5398598335524,288,212,197.13534822601844,169,464,450.8480070083225,420,397,352.0700832238283,335,60,56.54708716600965,55,3203,2796.7043363994744,2575
Thoai_Son,10.303175,105.416814,SA,D,2.0,6240,2022-07-05,18.78,91.3,27.06,29.6,25.05,2.48,10.303175,105.416814,25.51483388826865,4.550000000000001,0.31127813123795234,16.769677419354835,6.87,22.08,3.821374084794856,90.67870967741938,86.15,94.19,2.035148788942016,26.933870967741942,26.0,27.69,0.46261303706267703,29.690645161290323,27.4,31.11,0.9122073034196071,24.868064516129035,24.1,25.36,0.33833004839079944,2.510967741935484,1.3,3.69,0.6552288683560571,25.27051847992099,24.572449904982665,25.85569627986475,0.36964392748080976,4.822580645161291,2.4399999999999977,6.390000000000001,0.9618160502217147,0.33238483973626637,0.1952996540418091,0.5120479976348612,0.07852879243964851,3271.3561470215463,3271.3561470215463,0.3434069399383535,207.0506970849176,207.0506970849176,202,216,526.4372623574145,526.4372623574145,459,549,16.434727503168567,16.434727503168567,14,29,0.3867300394976253,,,,,,0.44158342587491,,,,0.3217840334843279,,,,1.1040856198191975,,,,1.8477407002968875,,,,0.8478135009644541,0.25870733396490203,0.054514357635382475,2.081127763366965,-15.383778575982642,2.30859271231789,-24.7274240509196,-6.587403042219182,-9.484843529794992,2.9352524805230766,-19.111994194226423,6.413297510829013,4.267598691801693,2.602771173015724,0.9220348074779301,72.37516525011395,354,166.10120969335983,107.60470847569648,13,4.08052762660271,-8,3.037061117667803,16,3.773597585884274,0,2.379221527670051,109.549,109.549,109.549,188.411,188.411,188.411,27.79,27.79,27.79,28.43,28.43,28.43,0.4149881998697917,0.4149881998697917,0.4149881998697917,0.0,124,121.92971315962338,120,380,360.7163819535699,343,310,287.5716162943496,262,342,313.5398598335524,288,212,197.13534822601844,169,464,450.8480070083225,420,397,352.0700832238283,335,60,56.54708716600965,55,3203,2796.7043363994744,2575
Thoai_Son,10.303437,105.381252,SA,T,2.1,6000,2022-07-12,11.11,94.19,26.0,27.4,24.96,3.54,10.303437,105.381252,24.98995440418559,2.4399999999999977,0.1952996540418091,16.540967741935482,6.87,23.62,4.150304578670536,90.28193548387097,81.27,94.19,2.8630081398314076,26.95064516129032,25.66,27.84,0.558159044763032,29.670322580645166,26.96,31.63,1.1254862286054135,24.798709677419353,23.29,25.36,0.43227635974763906,2.4070967741935485,0.86,3.69,0.8010605613140743,25.20859539611094,24.130094953000818,25.85569627986475,0.42849442648557595,4.871612903225807,2.4399999999999977,8.34,1.256939695666894,0.3479853257929781,0.1952996540418091,0.6932754681442975,0.11201806735996692,5182.605793450883,5182.605793450883,0.5698843513703981,225.41435768261965,225.41435768261965,198,274,567.1309823677583,567.1309823677583,373,608,30.70025188916877,30.70025188916877,24,41,0.3933832581040355,,,,,,0.45006848332817095,,,,0.3269697317730165,,,,1.1282369541809663,,,,1.8764308562724137,,,,0.829813151078586,0.24987264915798651,0.2094824344509967,2.2592941770157884,-17.02297754631536,1.8048867839354112,-22.714274261687024,-8.816296059307005,-11.027730298395205,1.722643195500554,-17.20829457431534,-3.9766889896307394,4.263766124280769,1.651371873041163,0.770464440041819,18.09467975433378,353,162.1405429446842,104.31696149715239,12,2.392560867130102,-8,2.4225368348513885,12,3.0755905511811026,0,1.910444123059454,69.783,69.783,69.783,455.887,455.887,455.887,25.21,25.21,25.21,26.36,26.36,26.36,0.4216988881429036,0.4216988881429036,0.4216988881429036,0.0,126,123.76571053207796,118,385,364.94787560227763,348,290,263.18462549277274,240,347,329.34559789750324,307,234,218.0784056066579,192,423,387.35808147174765,355,433,394.6151992991678,372,61,57.259307928164695,56,3878,3438.004380201489,3001
Thoai_Son,10.303589,105.234936,WS,T,2.0,6400,2022-04-13,21.33,81.05,28.37,33.04,24.71,2.28,10.303589,105.234936,24.795377031149727,8.329999999999998,0.7318738473889385,19.827096774193546,13.91,23.06,2.056793924703997,81.51387096774191,75.99,87.54,2.6707576277025455,28.03193548387096,26.71,29.68,0.6562671532865486,32.16709677419355,29.09,34.19,1.1725879664323067,24.74096774193549,23.23,26.08,0.7144379917954444,1.9222580645161291,1.07,2.83,0.5030917935700643,24.55211244592468,23.45507529294824,25.37939711490254,0.4601753959938378,7.426129032258065,4.100000000000001,9.219999999999999,1.3248436972187903,0.7032617809904468,0.4539761277216749,1.000209663814001,0.12326149258240529,3031.1066838046268,3031.1066838046268,0.24304738179184135,157.1478149100257,157.1478149100257,150,171,467.97814910025704,467.97814910025704,424,546,19.854755784061695,19.854755784061695,17,28,0.37305397902889315,,,,,,0.4241419188876514,,,,0.31112454255757904,,,,1.0544412102977838,,,,1.7887664907916392,,,,0.3934265900100609,0.19599595835055234,0.0625715763118274,1.161359340631619,-20.455802104179014,2.6455046634015877,-27.70102760250913,-11.192144771959445,-10.2966728662892,1.508886612487045,-15.48242932759852,0.7815527588468976,12.13453261874548,7.059590162723982,2.444239745662659,62.92678969866245,350,160.16795145477542,104.93407222764186,10,2.4735696025722116,-5,2.0905792232336653,9,2.7390595351043636,0,1.6152430955462855,139.44,139.44,139.44,14.169,14.169,14.169,29.46,29.46,29.46,29.74,29.74,29.74,0.2850030263264974,0.2850030263264974,0.2850030263264974,125.271,123,120.69264448336257,117,372,357.5029546946817,344,299,279.65156489384987,262,322,303.22390019697974,290,238,226.56839571022104,213,403,387.02779601663394,363,410,386.4502079229591,365,61,57.95578901291312,56,3794,3301.620923615671,2897
Thoai_Son,10.303589,105.234936,SA,T,2.0,6000,2022-07-20,6.87,92.59,26.64,28.64,25.02,2.61,10.303589,105.234936,25.335976457808076,3.620000000000001,0.25866298156386003,17.079032258064515,6.87,23.62,3.6662738004143356,89.25548387096772,79.44,93.35,3.1503782043407136,27.100322580645162,25.9,28.35,0.5991686922296418,29.538064516129033,26.92,31.62,1.1493796906405753,25.172903225806444,24.08,26.12,0.47685930533687654,2.3409677419354837,0.53,3.86,0.8526442923529118,25.16140586009696,24.07069434896019,25.902008550533132,0.4437840992158635,4.365161290322582,1.9899999999999984,7.540000000000003,1.2650841383920832,0.38848028766838494,0.22659304192761506,0.7757972023291232,0.12688979579822315,2351.7467866323905,2351.7467866323905,0.15694885445388393,248.9498714652956,248.9498714652956,236,275,467.97814910025704,467.97814910025704,424,546,32.34832904884319,32.34832904884319,16,54,0.436629179045702,,,,,,0.5052213567743671,,,,0.36067677064949266,,,,1.2852206275324636,,,,2.062916870113334,,,,0.9171133668168533,0.2546931453845645,0.2369234046145776,2.3029143183849685,-16.871592385913786,1.3274962856885522,-24.26141861932239,-10.738463811538203,-11.456961991182254,1.3987807435663784,-16.458134522142018,-3.8486557068813476,3.7096680305893894,1.3517501471247728,0.7369295800832034,15.883093531882688,350,160.16795145477542,104.93407222764186,10,2.4735696025722116,-5,2.0905792232336653,9,2.7390595351043636,0,1.6152430955462855,52.961,52.961,52.961,369.626,369.626,369.626,25.59,25.59,25.59,26.71,26.71,26.71,0.42813682556152344,0.42813682556152344,0.42813682556152344,0.0,123,120.69264448336257,117,372,357.5029546946817,344,299,279.65156489384987,262,322,303.22390019697974,290,238,226.56839571022104,213,403,387.02779601663394,363,410,386.4502079229591,365,61,57.95578901291312,56,3794,3301.620923615671,2897
Thoai_Son,10.3037,105.354593,WS,T,4.0,7600,2022-03-28,19.65,77.37,28.8,33.86,25.0,1.3,10.3037,105.354593,24.43377241042045,8.86,0.8960603380673319,19.941935483870967,13.91,25.27,2.446841834606317,77.38387096774194,61.89,86.5,7.182893961403721,28.367096774193545,26.95,30.47,1.1408717480389567,33.32032258064516,30.27,38.48,2.3004816941184263,24.584838709677417,22.98,25.75,0.6359390869985335,1.8303225806451615,0.68,2.83,0.5458788939952427,23.93815463889834,22.18822299967497,24.806145378787576,0.6554457933461104,8.735483870967744,5.43,13.309999999999999,2.0758625703620597,0.8930487321189048,0.48813969021282255,1.6478924176167693,0.35094767833639057,5180.663278271917,5180.663278271917,0.5306996906954256,130.18170266836083,130.18170266836083,64,196,402.0775095298601,402.0775095298601,280,446,57.31766200762388,57.31766200762388,45,60,0.31724086738622964,,,,,,0.3529617146964068,,,,0.26762229580246877,,,,0.8518383498185007,,,,1.5480879601080588,,,,0.8902443543340238,0.24164262508488313,0.1727453581558978,1.9484326397376626,-16.262424735800487,2.0121871188875717,-26.787972389979064,-9.211519214732288,-10.680169894264548,2.067814588869711,-19.210946607532847,0.26746919077080666,3.8589898332311527,1.4899230133464663,1.0529321457777268,22.155470240711843,349,157.34416664744896,103.68416303445954,15,3.7514718042821515,-5,2.8697322694198033,14,3.5028480689466575,0,2.171434383832018,119.293,119.293,119.293,110.425,110.425,110.425,29.33,29.33,29.33,30.18,30.18,30.18,0.34681129455566406,0.34681129455566406,0.34681129455566406,8.869,130,125.5140166447657,123,377,355.6911281489595,341,284,264.63001095290247,244,327,305.13603504928807,292,224,209.27426067907993,197,367,346.38992332968235,313,478,444.2013143483022,425,61,56.87557502738225,56,3002,2820.8913472070094,2532
Thoai_Son,10.3037,105.354593,SA,T,4.0,6400,2022-07-12,11.11,94.19,26.0,27.4,24.96,3.54,10.3037,105.354593,24.98995440418559,2.4399999999999977,0.1952996540418091,16.540967741935482,6.87,23.62,4.150304578670536,90.28193548387097,81.27,94.19,2.8630081398314076,26.95064516129032,25.66,27.84,0.558159044763032,29.670322580645166,26.96,31.63,1.1254862286054135,24.798709677419353,23.29,25.36,0.43227635974763906,2.4070967741935485,0.86,3.69,0.8010605613140743,25.20859539611094,24.130094953000818,25.85569627986475,0.42849442648557595,4.871612903225807,2.4399999999999977,8.34,1.256939695666894,0.3479853257929781,0.1952996540418091,0.6932754681442975,0.11201806735996692,5448.292249047013,5448.292249047013,0.5707600976271535,219.44091486658192,219.44091486658192,206,268,402.0775095298601,402.0775095298601,280,446,46.35196950444726,46.35196950444726,31,70,0.39301363484812385,,,,,,0.44959709124743424,,,,0.3266816374236449,,,,1.1268952133830903,,,,1.8748369587182179,,,,0.8822111212493808,0.19587674396715485,0.15005094064092528,2.4878499692637543,-15.948785660067431,1.6053779550016183,-24.42951678828805,-4.776187702032224,-10.364783759249484,1.9455456735253824,-18.72847073835327,1.8826686213299246,3.78154005750069,1.2423132650454043,0.6078139957867902,25.65761362717529,349,157.34416664744896,103.68416303445954,15,3.7514718042821515,-5,2.8697322694198033,14,3.5028480689466575,0,2.171434383832018,69.783,69.783,69.783,455.887,455.887,455.887,25.21,25.21,25.21,26.36,26.36,26.36,0.4216988881429036,0.4216988881429036,0.4216988881429036,0.0,130,125.5140166447657,123,377,355.6911281489595,341,284,264.63001095290247,244,327,305.13603504928807,292,224,209.27426067907993,197,367,346.38992332968235,313,478,444.2013143483022,425,61,56.87557502738225,56,3002,2820.8913472070094,2532
Thoai_Son,10.303766,105.203102,SA,T,2.2,5600,2022-07-23,18.59,81.73,28.35,31.2,25.53,0.53,10.303766,105.203102,24.91620180634639,5.669999999999998,0.7047923609856878,16.657419354838712,6.87,23.62,3.736686446349903,89.3332258064516,79.44,93.35,3.1906459929357966,26.97451612903226,25.78,28.35,0.6488045518598401,29.36193548387097,26.92,31.62,1.2635061799632843,25.079032258064508,24.08,26.05,0.42438840121809357,2.378709677419355,0.53,3.86,0.8798267495712927,25.051531773859857,24.07069434896019,25.86766694000002,0.42900693825443115,4.282903225806452,1.9899999999999984,7.540000000000003,1.3301811507687826,0.3833593308887374,0.22659304192761506,0.7757972023291232,0.12942714793285082,3822.7648546144123,3822.7648546144123,0.34299946533787873,241.47914032869787,241.47914032869787,191,300,278.25031605562583,278.25031605562583,166,549,16.682680151706702,16.682680151706702,12,29,0.4451305139316706,,,,,,0.5160633746313117,,,,0.3673029406850392,,,,1.3160806658836128,,,,2.0995765138598395,,,,0.6455343223105945,0.14301346008527036,0.2018509279170556,1.3292747438364745,-17.175536857030544,2.1311166587437462,-23.075189512822035,0.2854862765998671,-9.916321417472822,2.0479037865565517,-15.478274961357984,7.4952099851122025,5.5107681716904064,1.5013175585339662,2.009159707988911,18.816604467846073,354,167.5909740798819,104.83483207160606,13,2.679925415420296,-5,2.5987039410310326,12,3.506967596558041,0,2.019186377841263,117.531,117.531,117.531,134.54,134.54,134.54,28.84,28.84,28.84,29.11,29.11,29.11,0.41229693094889325,0.41229693094889325,0.41229693094889325,0.0,123,122.03003727252795,120,401,371.6682007451238,355,303,286.4407188253341,263,329,302.0683760683761,286,238,225.94280078895466,221,414,395.32829278983127,376,394,378.8557966250274,355,59,56.74950690335306,55,3253,3034.5476660092045,2687
Thoai_Son,10.304295,105.27046,WS,T,2.3,7200,2022-04-13,21.33,81.05,28.37,33.04,24.71,2.28,10.304295,105.27046,24.795377031149727,8.329999999999998,0.7318738473889385,19.827096774193546,13.91,23.06,2.056793924703997,81.51387096774191,75.99,87.54,2.6707576277025455,28.03193548387096,26.71,29.68,0.6562671532865486,32.16709677419355,29.09,34.19,1.1725879664323067,24.74096774193549,23.23,26.08,0.7144379917954444,1.9222580645161291,1.07,2.83,0.5030917935700643,24.55211244592468,23.45507529294824,25.37939711490254,0.4601753959938378,7.426129032258065,4.100000000000001,9.219999999999999,1.3248436972187903,0.7032617809904468,0.4539761277216749,1.000209663814001,0.12326149258240529,3023.1430379746835,3023.1430379746835,0.19875126881700414,153.43544303797464,153.43544303797464,148,156,432.9329113924049,432.9329113924049,394,478,25.568354430379745,25.568354430379745,22,35,0.37342360228480487,,,,,,0.4246133109683881,,,,0.3114126369069506,,,,1.0557829510956598,,,,1.7903603883458352,,,,0.4551243732311098,0.2067412427056003,0.08666073864403821,1.3311446338975217,-18.906299590464698,2.8399292261510225,-28.04034652711843,-10.10033470408045,-9.546880844272067,1.704893308599671,-15.213144122413702,1.1942232520996354,9.885046328100476,5.390593211752958,2.0049326708309745,45.15700330492369,354,162.64303645672052,109.0283990811611,14,2.7830485804083858,-4,2.3018904192605016,13,2.982766572883792,0,1.8495305889049214,139.44,139.44,139.44,14.169,14.169,14.169,29.46,29.46,29.46,29.74,29.74,29.74,0.2850030263264974,0.2850030263264974,0.2850030263264974,125.271,126,124.21893491124258,122,397,369.09114811568804,349,296,277.3146362839615,255,333,298.5037248028045,273,233,220.29360210341804,215,393,382.2638036809816,365,408,397.65687992988603,390,60,57.15600350569676,56,3314,2992.801270815074,2561
Thoai_Son,10.306769,105.34023,SA,T,2.1,6000,2022-07-20,6.87,92.96,26.47,28.83,24.61,2.26,10.306769,105.34023,25.234797351114793,4.219999999999999,0.24330033151965255,17.079032258064515,6.87,23.62,3.6662738004143356,90.05032258064514,81.27,94.19,2.9039777879171047,26.910322580645154,25.66,27.84,0.5526912681391041,29.711612903225813,26.96,31.63,1.1492131860234986,24.632580645161294,23.29,25.41,0.4348597678446543,2.2570967741935477,0.86,3.69,0.786048482245979,25.12529610008162,24.130094953000818,25.85569627986475,0.41916892260614896,5.079032258064518,2.4399999999999977,8.34,1.3314928678081355,0.35543231253676644,0.1952996540418091,0.6932754681442975,0.1134336443522716,4129.7169811320755,4129.7169811320755,0.32824223071417064,239.451572327044,239.451572327044,231,242,296.3471698113208,296.3471698113208,179,490,48.62641509433962,48.62641509433962,31,65,0.4369988023016137,,,,,,0.5056927488551038,,,,0.36096486499886427,,,,1.2865623683303398,,,,2.06451076766753,,,,0.7985622545901607,0.20535809354679233,0.10079575525953775,2.177498226782002,-16.430956697463788,2.2748273109398096,-27.767475992008993,-8.121431881676417,-10.261682545481225,2.243052931928919,-20.98684881805319,-1.6059209600270759,4.384009971648706,1.6788910805482344,0.8369704970604578,38.68421080531069,354,165.48727477588784,105.34934073785813,11,2.5319654335142046,-5,2.4494485380408593,11,3.122728815178681,0,1.823444685885433,52.989,52.989,52.989,347.64,347.64,347.64,25.66,25.66,25.66,26.71,26.71,26.71,0.4198131561279297,0.4198131561279297,0.4198131561279297,0.0,124,121.73280770915461,119,383,362.7910186199344,346,304,266.8795180722892,240,322,305.8569550930998,288,230,220.56276013143483,212,372,363.6431544359255,359,426,415.81292442497266,399,61,56.39671412924427,55,3462,3037.1329682365827,2799
Thoai_Son,10.306886,105.290958,WS,T,1.85,8000,2022-04-10,19.36,82.44,27.81,31.8,24.75,1.74,10.306886,105.290958,24.534853223742125,7.050000000000001,0.6564479686942216,19.909354838709675,13.91,25.27,2.21220796940431,81.36967741935482,72.53,87.54,2.92292990863285,28.021612903225805,26.71,29.39,0.6336585870915009,32.13967741935485,29.09,34.49,1.15118868123896,24.706774193548394,23.23,25.96,0.6664997016032738,1.8893548387096775,1.1,2.83,0.5194347764567905,24.510502053587818,23.45507529294824,25.345762139075116,0.4496529651755884,7.432903225806452,4.100000000000001,9.55,1.3344618186645376,0.7085235262616059,0.4539761277216749,1.125403854694864,0.13341450826484239,2429.6256345177667,2429.6256345177667,0.07917937482182402,143.58375634517765,143.58375634517765,133,165,400.2880710659899,400.2880710659899,306,515,34.09771573604061,34.09771573604061,32,35,0.35013733716236906,,,,,,0.3949156098819748,,,,0.2932626928965404,,,,0.9712532808294689,,,,1.6899448424314936,,,,0.6639340550340742,0.202876222177058,0.17046252027448133,1.8983110356461683,-18.241379380007125,3.047179333402017,-27.220016266872946,-3.9483947407546913,-11.032544616889838,2.5892132997090145,-20.44014139923603,-0.34477461700509204,5.64873283568412,2.298849753635321,1.10713625158821,22.465568815708814,354,163.53048396820316,105.45338643545728,14,2.40604770830794,-16,3.682711788777553,20,4.642286519981683,0,2.7806962487200435,117.39,117.39,117.39,26.404,26.404,26.404,28.1,28.1,28.1,28.79,28.79,28.79,0.3257325490315755,0.3257325490315755,0.3257325490315755,90.987,125,123.48171666301732,122,411,366.3679947460595,352,287,263.67491243432573,244,355,311.30713660245186,284,226,218.88353765323987,212,397,384.62675131348504,371,411,396.5665499124342,386,59,55.56151488616461,55,3427,3037.4242556917684,2636
Thoai_Son,10.30701,105.130668,WS,T,4.9,7200,2022-04-09,19.79,80.99,27.8,31.74,24.38,1.68,10.30701,105.130668,24.228196758627018,7.359999999999999,0.710239252237945,20.031290322580645,13.91,25.27,2.3438660397913087,81.32290322580643,72.53,87.54,2.944156808530314,28.033225806451615,26.71,29.39,0.6458671944621543,32.182580645161295,29.09,34.49,1.199870874079415,24.74129032258065,23.23,25.96,0.6681015082981167,1.9022580645161289,1.1,2.83,0.5163001732389565,24.511965949444267,23.45507529294824,25.345762139075116,0.4509158367941826,7.441290322580645,4.100000000000001,9.55,1.342625597982535,0.7108941921382841,0.4539761277216749,1.125403854694864,0.13478258116782108,3889.8480204342277,3889.8480204342277,0.2615540604289664,218.01277139208173,218.01277139208173,193,236,266.5964240102171,266.5964240102171,226,464,36.95530012771392,36.95530012771392,30,43,0.33313466739043185,,,,,,0.3732315741680857,,,,0.2800103528254472,,,,0.9095332041271708,,,,1.6166255549384823,,,,0.7547794837100926,0.2207213698225614,0.2431042013706261,1.7162118789720464,-17.25694577173236,1.4187882356636599,-23.3954585018027,-12.599786025599828,-10.73468775353676,1.376608812470633,-18.818691019127755,-6.882219194093494,4.835197559252592,1.9837618334391542,1.3307145516297592,15.453849737881633,353,164.92778451320424,104.17493561914853,11,1.1797809814980749,-8,2.359700268504378,13,3.234855173686151,0,1.9957509722870512,113.66,113.66,113.66,30.457,30.457,30.457,27.95,27.95,27.95,28.65,28.65,28.65,0.4571634928385417,0.4571634928385417,0.4571634928385417,83.203,121,119.86771791502407,118,419,377.25027394258166,368,317,299.96099057637514,283,348,328.68397983782614,303,239,234.3193074731537,226,401,387.047556432172,377,388,378.6193293885602,365,59,56.31382862152094,55,3986,3414.698882314268,2706
Thoai_Son,10.30701,105.130668,SA,T,4.9,5600,2022-07-25,19.74,86.46,27.42,30.49,24.54,1.33,10.30701,105.130668,24.95208659741062,5.949999999999999,0.49477048235839516,16.470000000000002,6.87,23.62,3.769222560379981,89.21354838709676,79.44,93.35,3.1599587057194656,26.877741935483872,24.86,28.35,0.7761181722351781,29.280322580645162,26.92,31.62,1.3371599269104935,24.95903225806451,23.04,26.05,0.5779851255966976,2.4164516129032267,0.53,3.86,0.9059464784700237,24.933827191792904,23.013919027872713,25.86766694000002,0.5998815499262732,4.321290322580645,1.9899999999999984,7.540000000000003,1.3153675849186555,0.38549381263599203,0.22659304192761506,0.7757972023291232,0.12860285669346824,5895.191570881228,5895.191570881228,0.5540104000281743,238.36909323116222,238.36909323116222,210,260,266.5964240102171,266.5964240102171,226,464,35.31673052362708,35.31673052362708,29,61,0.4473482534671407,,,,,,0.518891727115732,,,,0.3690315067812688,,,,1.324131110670869,,,,2.1091398991850148,,,,0.8362984305234943,0.21405034090877983,0.2542014564362497,1.7116352752400625,-16.733871195434958,1.1204863315810785,-20.79050704675778,-12.435863547861057,-10.822140262354049,1.5872393914963674,-14.990009399094081,-6.406424706413453,4.118585019746304,1.4147925563483,1.336946461587143,14.735551070704215,353,164.92778451320424,104.17493561914853,11,1.1797809814980749,-8,2.359700268504378,13,3.234855173686151,0,1.9957509722870512,118.216,118.216,118.216,38.165,38.165,38.165,28.82,28.82,28.82,29.42,29.42,29.42,0.46841176350911456,0.46841176350911456,0.46841176350911456,80.051,121,119.86771791502407,118,419,377.25027394258166,368,317,299.96099057637514,283,348,328.68397983782614,303,239,234.3193074731537,226,401,387.047556432172,377,388,378.6193293885602,365,59,56.31382862152094,55,3986,3414.698882314268,2706
Thoai_Son,10.307585,105.254064,WS,T,1.7,7200,2022-04-13,21.33,81.05,28.37,33.04,24.71,2.28,10.307585,105.254064,24.795377031149727,8.329999999999998,0.7318738473889385,19.827096774193546,13.91,23.06,2.056793924703997,81.51387096774191,75.99,87.54,2.6707576277025455,28.03193548387096,26.71,29.68,0.6562671532865486,32.16709677419355,29.09,34.19,1.1725879664323067,24.74096774193549,23.23,26.08,0.7144379917954444,1.9222580645161291,1.07,2.83,0.5030917935700643,24.55211244592468,23.45507529294824,25.37939711490254,0.4601753959938378,7.426129032258065,4.100000000000001,9.219999999999999,1.3248436972187903,0.7032617809904468,0.4539761277216749,1.000209663814001,0.12326149258240529,2320.685421994885,2320.685421994885,0.16147081697361226,148.90153452685422,148.90153452685422,145,153,525.2071611253197,525.2071611253197,494,624,27.603580562659847,27.603580562659847,17,35,0.3741628487966282,,,,,,0.4255560951298616,,,,0.3119888256056938,,,,1.058466432691412,,,,1.793548183454227,,,,0.371152395065022,0.195598005484379,0.0749660587045296,1.3894504418533826,-19.985488737211078,2.947224932214565,-28.378013558000244,-11.201856337361937,-9.551352131520265,1.7127334034242132,-15.79470481963186,-1.8820028319336777,12.74029111048976,6.788172202642844,1.8788360343852317,52.35748029338925,350,167.0299521332495,106.7833241117867,11,2.821453396628574,-4,2.2531605212490873,9,3.1015611874116717,0,1.7522245119746034,139.44,139.44,139.44,14.169,14.169,14.169,29.46,29.46,29.46,29.74,29.74,29.74,0.2850030263264974,0.2850030263264974,0.2850030263264974,125.271,123,120.5496383957922,118,399,379.92134092900966,366,303,281.4132340052585,265,355,318.3161700262927,305,227,208.66893076248905,196,416,384.7931638913234,363,422,406.4969325153374,364,60,57.63321647677477,55,3540,2936.3729184925505,2751
Thoai_Son,10.309139,105.215737,WS,T,3.6,7200,2022-04-16,15.17,81.66,28.33,31.91,25.63,1.76,10.309139,105.215737,24.882322232506183,6.280000000000001,0.7066714128202889,19.19161290322581,6.76,23.06,3.087509798102978,81.8083870967742,75.99,87.54,2.407540703135228,28.00967741935483,26.71,29.68,0.6404659789054182,32.08741935483871,29.09,34.19,1.1353327428752968,24.79129032258065,23.23,26.08,0.7319295838486098,1.9193548387096775,0.76,2.83,0.5419614049100459,24.592665358464867,23.45507529294824,25.37939711490254,0.45388546077394226,7.296129032258064,4.100000000000001,9.190000000000001,1.2928480124711783,0.6907990977557419,0.4539761277216749,1.000209663814001,0.11216900376122681,1865.4098984771572,1865.4098984771572,0.08001886469012948,82.11548223350252,82.11548223350252,71,119,409.98730964467006,409.98730964467006,267,482,7.411167512690354,7.411167512690354,6,13,0.37527171856436325,,,,,,0.4269702713720717,,,,0.31285310865380855,,,,1.06249165508504,,,,1.7983298761168147,,,,0.4534042826130566,0.17649957558092433,0.08234122643045755,1.2204012806422915,-18.61137212710167,2.048539349544437,-26.332180466352877,-12.319736774628506,-9.326968095799305,1.1670930300019826,-13.847270976531359,-3.8968069972972534,9.557361527780397,5.3729800190482315,2.2776104576806233,47.578338863804234,350,158.51484094982072,106.31701023988127,13,2.6201145108581065,-8,2.229921165880893,12,3.013579222011386,0,1.8881562158268579,103.662,103.662,103.662,210.177,210.177,210.177,28.21,28.21,28.21,29.19,29.19,29.19,0.34810511271158856,0.34810511271158856,0.34810511271158856,0.0,122,120.89945235487404,120,398,367.55650459921145,360,315,283.4868593955321,270,331,300.9710906701708,291,248,241.29544459045113,231,407,396.1719229084538,381,384,362.49759088918086,350,59,55.80245291283398,54,3451,2923.6351292159434,2594
Thoai_Son,10.309139,105.215737,SA,T,3.6,6000,2022-07-23,18.59,81.73,28.35,31.2,25.53,0.53,10.309139,105.215737,24.91620180634639,5.669999999999998,0.7047923609856878,16.657419354838712,6.87,23.62,3.736686446349903,89.3332258064516,79.44,93.35,3.1906459929357966,26.97451612903226,25.78,28.35,0.6488045518598401,29.36193548387097,26.92,31.62,1.2635061799632843,25.079032258064508,24.08,26.05,0.42438840121809357,2.378709677419355,0.53,3.86,0.8798267495712927,25.051531773859857,24.07069434896019,25.86766694000002,0.42900693825443115,4.282903225806452,1.9899999999999984,7.540000000000003,1.3301811507687826,0.3833593308887374,0.22659304192761506,0.7757972023291232,0.12942714793285082,2076.323604060914,2076.323604060914,0.10744170895842653,264.5190355329949,264.5190355329949,192,342,409.98730964467006,409.98730964467006,267,482,19.7246192893401,19.7246192893401,16,24,0.44660900695531736,,,,,,0.5179489429542585,,,,0.36845531808252563,,,,1.321447629075117,,,,2.105952104076623,,,,0.6189069301062246,0.17665162901243045,0.16561685828593808,1.455429873308858,-18.592388347968964,2.2570382499142294,-26.61694907714993,-11.813003843352657,-11.042527601391326,1.6864507384143756,-16.42627967395152,-4.4556763101833505,6.0493019805467885,2.2610859712961116,1.7483289118603633,23.152130655044708,350,158.51484094982072,106.31701023988127,13,2.6201145108581065,-8,2.229921165880893,12,3.013579222011386,0,1.8881562158268579,117.531,117.531,117.531,134.54,134.54,134.54,28.84,28.84,28.84,29.11,29.11,29.11,0.41229693094889325,0.41229693094889325,0.41229693094889325,0.0,122,120.89945235487404,120,398,367.55650459921145,360,315,283.4868593955321,270,331,300.9710906701708,291,248,241.29544459045113,231,407,396.1719229084538,381,384,362.49759088918086,350,59,55.80245291283398,54,3451,2923.6351292159434,2594
Thoai_Son,10.309795,105.31553,WS,T,2.0,8000,2022-04-10,19.36,83.09,27.63,31.63,24.27,1.63,10.309795,105.31553,24.490716162434726,7.359999999999999,0.625544333307912,19.909354838709675,13.91,25.27,2.21220796940431,81.32580645161292,74.06,86.78,2.820396648143946,27.937741935483874,26.95,29.04,0.566936929287379,32.32967741935484,30.27,34.53,1.1575153698442184,24.410322580645158,22.98,25.33,0.5526504108266711,1.7970967741935482,0.95,2.83,0.46968207193725375,24.420803930270907,23.612946047578802,25.30876125962539,0.4129839259566674,7.919354838709679,5.050000000000001,9.709999999999997,1.3117949669745694,0.7062474863029007,0.48813969021282255,1.041477079347301,0.12581155344614364,3119.064267352185,3119.064267352185,0.1907661078346064,136.8560411311054,136.8560411311054,114,147,310.82904884318765,310.82904884318765,232,450,30.75192802056555,30.75192802056555,24,35,0.3497677139064574,,,,,,0.3944442178012381,,,,0.2929745985471688,,,,0.9699115400315929,,,,1.6883509448772978,,,,0.6010639040847136,0.2303996423519923,0.1192026479278988,2.0637672685417434,-17.112045667228127,3.5272265024265574,-25.958905155120675,-1.2956049624202974,-9.272789466661347,2.6038415948134106,-18.035971527881628,2.6442871888797983,6.796334787027183,3.506772238352862,0.9382030430332375,32.55630155480648,350,168.92837870337132,106.73370952816985,15,2.634886226242914,-9,3.104797979792213,17,3.6636599339133773,0,2.2597045071133897,119.039,119.039,119.039,27.382,27.382,27.382,28.12,28.12,28.12,28.89,28.89,28.89,0.3352101643880208,0.3352101643880208,0.3352101643880208,91.657,125,123.17437020810522,121,402,356.22229522558047,335,300,271.8022339027596,255,329,296.36618484450287,279,232,221.48226018396852,201,405,364.63074901445475,350,430,413.9299167761718,381,56,55.231712658782314,55,3354,2882.411519929917,2665
Thoai_Son,10.314233,105.359823,WS,D,1.52,8000,2022-03-28,19.65,77.37,28.8,33.86,25.0,1.3,10.314233,105.359823,24.43377241042045,8.86,0.8960603380673319,19.941935483870967,13.91,25.27,2.446841834606317,77.38387096774194,61.89,86.5,7.182893961403721,28.367096774193545,26.95,30.47,1.1408717480389567,33.32032258064516,30.27,38.48,2.3004816941184263,24.584838709677417,22.98,25.75,0.6359390869985335,1.8303225806451615,0.68,2.83,0.5458788939952427,23.93815463889834,22.18822299967497,24.806145378787576,0.6554457933461104,8.735483870967744,5.43,13.309999999999999,2.0758625703620597,0.8930487321189048,0.48813969021282255,1.6478924176167693,0.35094767833639057,3939.5829081632646,3939.5829081632646,0.36104675068997105,126.04719387755102,126.04719387755102,98,210,427.81760204081627,427.81760204081627,349,486,48.54209183673469,48.54209183673469,23,59,0.317980113898053,,,,,,0.3539044988578803,,,,0.268198484501212,,,,0.8545218314142529,,,,1.5512757552164504,,,,0.6750540438885322,0.25160374895215876,0.09785756398066967,1.802209175401268,-16.957096726772765,3.0631577571210706,-26.247231640845502,-7.2301714635134084,-9.707337397108505,2.1543061633845046,-15.32645463649119,1.1018700478048356,6.057542516830789,3.712206428173747,1.2194981884438505,39.87573650198509,353,162.19815246146283,103.6670731908456,12,3.723267850259767,-8,2.9820730596983673,11,3.5379111086219535,0,2.147554693817286,119.293,119.293,119.293,110.425,110.425,110.425,29.33,29.33,29.33,30.18,30.18,30.18,0.34681129455566406,0.34681129455566406,0.34681129455566406,8.869,130,127.35122699386505,123,376,354.7231712658782,341,294,261.5707402540517,237,348,311.2431011826544,288,240,228.29916776171703,211,352,338.2006132282085,325,450,433.66841874726236,408,57,56.58256679807274,56,3273,2910.610600087605,2520
Thoai_Son,10.314233,105.359823,SA,D,1.52,6800,2022-07-12,11.11,94.19,26.0,27.4,24.96,3.54,10.314233,105.359823,24.98995440418559,2.4399999999999977,0.1952996540418091,16.540967741935482,6.87,23.62,4.150304578670536,90.28193548387097,81.27,94.19,2.8630081398314076,26.95064516129032,25.66,27.84,0.558159044763032,29.670322580645166,26.96,31.63,1.1254862286054135,24.798709677419353,23.29,25.36,0.43227635974763906,2.4070967741935485,0.86,3.69,0.8010605613140743,25.20859539611094,24.130094953000818,25.85569627986475,0.42849442648557595,4.871612903225807,2.4399999999999977,8.34,1.256939695666894,0.3479853257929781,0.1952996540418091,0.6932754681442975,0.11201806735996692,4937.25,4937.25,0.5006031793303954,223.0714285714286,223.0714285714286,212,277,427.81760204081627,427.81760204081627,349,486,47.25,47.25,31,57,0.3926440115922122,,,,,,0.44912569916669753,,,,0.3263935430742733,,,,1.125553472585214,,,,1.8732430611640218,,,,0.8393120742969074,0.2444666530441358,0.031949744093976766,1.9153656978805382,-15.67710872826674,1.8926850541645088,-22.90822210599718,-5.647954281938641,-9.725409953235992,2.3216644862557976,-15.540104165854283,9.361175717159622,4.364232391393728,3.807761878928031,1.0883740397075237,124.19662092548931,353,162.19815246146283,103.6670731908456,12,3.723267850259767,-8,2.9820730596983673,11,3.5379111086219535,0,2.147554693817286,69.783,69.783,69.783,455.887,455.887,455.887,25.21,25.21,25.21,26.36,26.36,26.36,0.4216988881429036,0.4216988881429036,0.4216988881429036,0.0,130,127.35122699386505,123,376,354.7231712658782,341,294,261.5707402540517,237,348,311.2431011826544,288,240,228.29916776171703,211,352,338.2006132282085,325,450,433.66841874726236,408,57,56.58256679807274,56,3273,2910.610600087605,2520
Thoai_Son,10.3154,105.280846,SA,T,2.3,6000,2022-07-20,6.87,92.59,26.64,28.64,25.02,2.61,10.3154,105.280846,25.335976457808076,3.620000000000001,0.25866298156386003,17.079032258064515,6.87,23.62,3.6662738004143356,89.25548387096772,79.44,93.35,3.1503782043407136,27.100322580645162,25.9,28.35,0.5991686922296418,29.538064516129033,26.92,31.62,1.1493796906405753,25.172903225806444,24.08,26.12,0.47685930533687654,2.3409677419354837,0.53,3.86,0.8526442923529118,25.16140586009696,24.07069434896019,25.902008550533132,0.4437840992158635,4.365161290322582,1.9899999999999984,7.540000000000003,1.2650841383920832,0.38848028766838494,0.22659304192761506,0.7757972023291232,0.12688979579822315,2613.6115384615387,2613.6115384615387,0.13188529217670739,254.56025641025641,254.56025641025641,231,265,513.1794871794872,513.1794871794872,320,557,35.01025641025641,35.01025641025641,30,48,0.4373684255575253,,,,,,0.5061641409358405,,,,0.36125295934823587,,,,1.287904109128216,,,,2.0661046652217254,,,,0.8763274694558839,0.22405522089660415,0.07315078117407942,2.294078475249967,-15.816295972406474,2.334422634186211,-21.939589687770873,-3.041870018104663,-10.169578937434173,2.4808536587566596,-15.563264653636384,4.471968881403338,3.8821129377044103,1.6117020131745414,0.7436195157029896,53.68157599685864,350,167.31943259420802,105.96755121490469,24,2.8608465625895634,-18,3.9836169072646186,22,4.537717792704499,0,3.1769648334186673,52.961,52.961,52.961,369.626,369.626,369.626,25.59,25.59,25.59,26.71,26.71,26.71,0.42813682556152344,0.42813682556152344,0.42813682556152344,0.0,126,123.2558830249029,121,419,368.12920436093714,352,304,272.92229181164475,238,344,309.5532359081419,279,244,228.3474831825563,217,401,390.330549756437,365,415,381.2908837856647,362,59,56.02899559266992,55,3439,2992.9872419392254,2573
Thoai_Son,10.316024,105.309873,WS,T,1.39,7440,2022-04-10,19.36,82.44,27.81,31.8,24.75,1.74,10.316024,105.309873,24.534853223742125,7.050000000000001,0.6564479686942216,19.909354838709675,13.91,25.27,2.21220796940431,81.36967741935482,72.53,87.54,2.92292990863285,28.021612903225805,26.71,29.39,0.6336585870915009,32.13967741935485,29.09,34.49,1.15118868123896,24.706774193548394,23.23,25.96,0.6664997016032738,1.8893548387096775,1.1,2.83,0.5194347764567905,24.510502053587818,23.45507529294824,25.345762139075116,0.4496529651755884,7.432903225806452,4.100000000000001,9.55,1.3344618186645376,0.7085235262616059,0.4539761277216749,1.125403854694864,0.13341450826484239,3396.0817369093234,3396.0817369093234,0.20716165486595634,138.8786717752235,138.8786717752235,132,156,268.7790549169859,268.7790549169859,101,432,22.111111111111114,22.111111111111114,12,25,0.3493980906505457,,,,,,0.3939728257205014,,,,0.2926865041977972,,,,0.9685697992337168,,,,1.686757047323102,,,,0.8244168922155568,0.18190284343367605,0.2895767815820914,1.6272774235719532,-15.269881557537742,1.3233038245463695,-20.935953184829856,-6.4651586644561645,-9.311396873706903,1.3932402542230735,-13.706885429761964,-0.9283317033940115,4.109621457240143,1.2364661030550186,1.4580934646163806,12.813262161925264,352,160.20603766623506,105.83098487914515,13,2.7441963888641814,-6,2.3489849435219554,15,2.7689558276590205,0,1.7770469680124343,119.039,119.039,119.039,27.382,27.382,27.382,28.12,28.12,28.12,28.89,28.89,28.89,0.3352101643880208,0.3352101643880208,0.3352101643880208,91.657,125,123.15396408234783,122,374,362.4986853637161,335,291,267.8369851007888,252,320,301.0944347063979,279,228,208.45092024539883,198,414,402.64921121822965,354,425,389.08041191936917,372,58,55.72633654688871,55,3345,3068.4515775635414,2703
Thoai_Son,10.316024,105.309873,SA,T,1.39,5600,2022-07-20,6.87,92.59,26.64,28.64,25.02,2.61,10.316024,105.309873,25.335976457808076,3.620000000000001,0.25866298156386003,17.079032258064515,6.87,23.62,3.6662738004143356,89.25548387096772,79.44,93.35,3.1503782043407136,27.100322580645162,25.9,28.35,0.5991686922296418,29.538064516129033,26.92,31.62,1.1493796906405753,25.172903225806444,24.08,26.12,0.47685930533687654,2.3409677419354837,0.53,3.86,0.8526442923529118,25.16140586009696,24.07069434896019,25.902008550533132,0.4437840992158635,4.365161290322582,1.9899999999999984,7.540000000000003,1.2650841383920832,0.38848028766838494,0.22659304192761506,0.7757972023291232,0.12688979579822315,6128.3933588761165,6128.3933588761165,0.657790656618875,260.92592592592587,260.92592592592587,230,303,268.7790549169859,268.7790549169859,101,432,58.38058748403575,58.38058748403575,51,67,0.43773804881343703,,,,,,0.5066355330165773,,,,0.3615410536976074,,,,1.289245849926092,,,,2.0676985627759215,,,,0.8589015936256361,0.22320567635858155,0.3101012967446397,1.8598825667083845,-15.465241628897074,1.3577735880670623,-21.437306527795933,-8.767572476169935,-9.696918228355573,1.5904951407571908,-14.64146924636909,-3.9221095129589574,3.9926334640469614,1.3699497755319614,1.1506734197090678,11.899010878028978,352,160.20603766623506,105.83098487914515,13,2.7441963888641814,-6,2.3489849435219554,15,2.7689558276590205,0,1.7770469680124343,52.989,52.989,52.989,347.64,347.64,347.64,25.66,25.66,25.66,26.71,26.71,26.71,0.4198131561279297,0.4198131561279297,0.4198131561279297,0.0,125,123.15396408234783,122,374,362.4986853637161,335,291,267.8369851007888,252,320,301.0944347063979,279,228,208.45092024539883,198,414,402.64921121822965,354,425,389.08041191936917,372,58,55.72633654688871,55,3345,3068.4515775635414,2703
Thoai_Son,10.318227,105.218967,WS,T,3.5,8000,2022-04-16,15.17,81.66,28.33,31.91,25.63,1.76,10.318227,105.218967,24.882322232506183,6.280000000000001,0.7066714128202889,19.19161290322581,6.76,23.06,3.087509798102978,81.8083870967742,75.99,87.54,2.407540703135228,28.00967741935483,26.71,29.68,0.6404659789054182,32.08741935483871,29.09,34.19,1.1353327428752968,24.79129032258065,23.23,26.08,0.7319295838486098,1.9193548387096775,0.76,2.83,0.5419614049100459,24.592665358464867,23.45507529294824,25.37939711490254,0.45388546077394226,7.296129032258064,4.100000000000001,9.190000000000001,1.2928480124711783,0.6907990977557419,0.4539761277216749,1.000209663814001,0.11216900376122681,2613.9035989717227,2613.9035989717227,0.19078181312689244,79.55012853470437,79.55012853470437,71,85,411.0424164524422,411.0424164524422,347,482,7.500000000000001,7.500000000000001,6,12,0.3756413418202749,,,,,,0.42744166345280843,,,,0.31314120300318016,,,,1.063833395882916,,,,1.7999237736710105,,,,0.4577545040528078,0.14191928522030178,0.06440430718025694,1.1288071667783406,-18.48109098359803,1.80989529143003,-26.21098537310604,-12.763680044292693,-9.369508686790091,1.2144863113260111,-14.29327831914834,-5.939285184812643,8.816794834578749,4.158147437954368,2.5435636109718853,61.10764737837588,353,162.51226366298897,105.47935025397373,11,2.361320950520361,-9,2.521301212177508,12,3.308326112954185,0,1.9506431428264086,103.662,103.662,103.662,210.177,210.177,210.177,28.21,28.21,28.21,29.19,29.19,29.19,0.34810511271158856,0.34810511271158856,0.34810511271158856,0.0,124,122.23510078878178,120,379,363.6277948268303,353,315,290.8064445418676,265,335,307.1885138097326,283,249,241.85971065322238,231,416,393.88776852257774,382,380,364.25602805786934,350,60,55.96229723805348,55,3693,3121.9881630863656,2774
Thoai_Son,10.318227,105.218967,SA,T,3.5,6000,2022-07-23,18.59,81.73,28.35,31.2,25.53,0.53,10.318227,105.218967,24.91620180634639,5.669999999999998,0.7047923609856878,16.657419354838712,6.87,23.62,3.736686446349903,89.3332258064516,79.44,93.35,3.1906459929357966,26.97451612903226,25.78,28.35,0.6488045518598401,29.36193548387097,26.92,31.62,1.2635061799632843,25.079032258064508,24.08,26.05,0.42438840121809357,2.378709677419355,0.53,3.86,0.8798267495712927,25.051531773859857,24.07069434896019,25.86766694000002,0.42900693825443115,4.282903225806452,1.9899999999999984,7.540000000000003,1.3301811507687826,0.3833593308887374,0.22659304192761506,0.7757972023291232,0.12942714793285082,3890.8971722365045,3890.8971722365045,0.3544629603203335,302.6426735218509,302.6426735218509,225,337,411.0424164524422,411.0424164524422,347,482,33.35218508997429,33.35218508997429,16,40,0.44439126741984725,,,,,,0.5151205904698382,,,,0.36672675198629606,,,,1.3133971842878607,,,,2.0963887187514474,,,,0.6132333010649402,0.1661322734631248,0.1898202899812309,1.4429238523167487,-17.72292846432513,1.8507409315064245,-24.38422168044888,-12.682097825906144,-10.144061463659998,1.3874620676174623,-15.186067537620161,-2.9868317243706715,6.044826300573767,2.0761293187490653,1.772149059409911,20.072562898284016,353,162.51226366298897,105.47935025397373,11,2.361320950520361,-9,2.521301212177508,12,3.308326112954185,0,1.9506431428264086,117.531,117.531,117.531,134.54,134.54,134.54,28.84,28.84,28.84,29.11,29.11,29.11,0.41229693094889325,0.41229693094889325,0.41229693094889325,0.0,124,122.23510078878178,120,379,363.6277948268303,353,315,290.8064445418676,265,335,307.1885138097326,283,249,241.85971065322238,231,416,393.88776852257774,382,380,364.25602805786934,350,60,55.96229723805348,55,3693,3121.9881630863656,2774
Thoai_Son,10.31856,105.374468,SA,D,1.4,5600,2022-07-12,11.11,94.19,26.0,27.4,24.96,3.54,10.31856,105.374468,24.98995440418559,2.4399999999999977,0.1952996540418091,16.540967741935482,6.87,23.62,4.150304578670536,90.28193548387097,81.27,94.19,2.8630081398314076,26.95064516129032,25.66,27.84,0.558159044763032,29.670322580645166,26.96,31.63,1.1254862286054135,24.798709677419353,23.29,25.36,0.43227635974763906,2.4070967741935485,0.86,3.69,0.8010605613140743,25.20859539611094,24.130094953000818,25.85569627986475,0.42849442648557595,4.871612903225807,2.4399999999999977,8.34,1.256939695666894,0.3479853257929781,0.1952996540418091,0.6932754681442975,0.11201806735996692,3579.347169811321,3579.347169811321,0.373291078530481,233.7685534591195,233.7685534591195,203,327,644.1345911949686,644.1345911949686,595,651,27.90314465408805,27.90314465408805,17,43,0.39227438833630046,,,,,,0.44865430708596077,,,,0.32610544872490177,,,,1.1242117317873381,,,,1.8716491636098258,,,,0.7039323182606684,0.26937828204868297,0.13837637557436527,2.127904314840782,-17.700792825484314,2.6900439081385956,-26.489412177477185,-10.415200433801658,-10.672723947860383,1.9170794086566216,-16.645519727376893,-5.262704882885676,5.730486088527576,3.273244147811181,0.8797837722789221,27.90666837743808,355,167.44036948092813,105.97899354915936,12,2.489871887363661,-7,2.667762953790244,12,3.7043065479425894,0,2.140086082833551,69.783,69.783,69.783,455.887,455.887,455.887,25.21,25.21,25.21,26.36,26.36,26.36,0.4216988881429036,0.4216988881429036,0.4216988881429036,0.0,130,125.79684763572679,121,389,365.8861147612791,348,319,285.15418309242233,258,357,318.8050810337276,293,244,219.97525186158572,200,398,369.62045554095494,341,429,410.527814279457,387,61,57.391371003066155,56,3516,3011.373193166886,2583
Thoai_Son,10.319027,105.191902,SA,T,4.0,5200,2022-07-23,18.59,81.73,28.35,31.2,25.53,0.53,10.319027,105.191902,24.91620180634639,5.669999999999998,0.7047923609856878,16.657419354838712,6.87,23.62,3.736686446349903,89.3332258064516,79.44,93.35,3.1906459929357966,26.97451612903226,25.78,28.35,0.6488045518598401,29.36193548387097,26.92,31.62,1.2635061799632843,25.079032258064508,24.08,26.05,0.42438840121809357,2.378709677419355,0.53,3.86,0.8798267495712927,25.051531773859857,24.07069434896019,25.86766694000002,0.42900693825443115,4.282903225806452,1.9899999999999984,7.540000000000003,1.3301811507687826,0.3833593308887374,0.22659304192761506,0.7757972023291232,0.12942714793285082,5207.62641509434,5207.62641509434,0.497006206226081,288.39119496855346,288.39119496855346,232,314,140.925786163522,140.925786163522,94,384,30.847798742138366,30.847798742138366,15,53,0.4440216441639356,,,,,,0.5146491983891015,,,,0.36643865763692446,,,,1.3120554434899847,,,,2.094794821197252,,,,0.7679276937480768,0.17482450336965216,0.34360007436052176,1.5087519307981823,-16.50165168666944,1.1201569780945415,-20.334201732129678,-12.954172999470753,-10.154837938931285,1.4496253424264014,-14.569638187253615,-5.617311659436646,4.485425675630871,1.2721371173820462,1.6511979327733894,10.641441019605274,356,165.83393072457838,105.2386414439812,20,1.9125919971536038,-12,3.5018446340458547,25,4.605649300591019,0,3.1037859158398478,121.626,121.626,121.626,106.776,106.776,106.776,29.03,29.03,29.03,29.32,29.32,29.32,0.4850616455078125,0.4850616455078125,0.4850616455078125,14.85,124,121.30346187554778,120,402,373.39886039886034,358,317,298.6153846153845,271,328,315.9629629629629,292,256,248.84856454087213,243,395,382.5840455840455,357,387,368.666228358536,356,58,56.09971509971508,54,3804,3250.306596537365,2803
Thoai_Son,10.319903,105.230831,WS,T,1.62,6400,2022-04-13,21.33,81.05,28.37,33.04,24.71,2.28,10.319903,105.230831,24.795377031149727,8.329999999999998,0.7318738473889385,19.827096774193546,13.91,23.06,2.056793924703997,81.51387096774191,75.99,87.54,2.6707576277025455,28.03193548387096,26.71,29.68,0.6562671532865486,32.16709677419355,29.09,34.19,1.1725879664323067,24.74096774193549,23.23,26.08,0.7144379917954444,1.9222580645161291,1.07,2.83,0.5030917935700643,24.55211244592468,23.45507529294824,25.37939711490254,0.4601753959938378,7.426129032258065,4.100000000000001,9.219999999999999,1.3248436972187903,0.7032617809904468,0.4539761277216749,1.000209663814001,0.12326149258240529,3460.8382541720157,3460.8382541720157,0.31357291303962215,156.2105263157895,156.2105263157895,151,162,466.6803594351733,466.6803594351733,438,539,31.65982028241335,31.65982028241335,31,37,0.37268435577298153,,,,,,0.4236705268069147,,,,0.31083644820820744,,,,1.0530994694999078,,,,1.7871725932374434,,,,0.45196632368644696,0.1979487908981875,0.08706968565441374,1.333832164800305,-20.902315815300675,3.131744934111877,-27.584309101558954,-12.84023371726284,-11.548350761530093,1.9264098999770527,-17.107131213248913,-5.3480045610271265,9.723572652901938,4.885502587677877,1.9988780489476807,44.94021409329886,349,161.44196021201807,105.16378049956168,9,2.804189630351926,-5,2.152998060097604,9,2.8664147661574852,0,1.61545210791739,139.44,139.44,139.44,14.169,14.169,14.169,29.46,29.46,29.46,29.74,29.74,29.74,0.2850030263264974,0.2850030263264974,0.2850030263264974,125.271,126,124.02847754654987,121,378,358.1224534501642,343,294,274.33515881708644,259,325,297.95246440306664,279,240,232.15246440306677,223,411,398.67754654983554,382,382,369.2339539978093,359,60,57.11960569550931,55,3673,3003.208543263964,2605
Thoai_Son,10.319903,105.230831,SA,T,1.62,6000,2022-07-20,6.87,92.59,26.64,28.64,25.02,2.61,10.319903,105.230831,25.335976457808076,3.620000000000001,0.25866298156386003,17.079032258064515,6.87,23.62,3.6662738004143356,89.25548387096772,79.44,93.35,3.1503782043407136,27.100322580645162,25.9,28.35,0.5991686922296418,29.538064516129033,26.92,31.62,1.1493796906405753,25.172903225806444,24.08,26.12,0.47685930533687654,2.3409677419354837,0.53,3.86,0.8526442923529118,25.16140586009696,24.07069434896019,25.902008550533132,0.4437840992158635,4.365161290322582,1.9899999999999984,7.540000000000003,1.2650841383920832,0.38848028766838494,0.22659304192761506,0.7757972023291232,0.12688979579822315,3008.160462130937,3008.160462130937,0.25662068347775174,283.86521181001285,283.86521181001285,234,410,466.6803594351733,466.6803594351733,438,539,39.84724005134789,39.84724005134789,19,41,0.4381076720693487,,,,,,0.5071069250973139,,,,0.361829148046979,,,,1.290587590723968,,,,2.069292460330117,,,,0.8436703227451073,0.1979711540814779,0.21458173292113839,2.0769960992359633,-17.28224261370517,1.409613494711517,-23.447736151779004,-12.658470043775536,-11.440849452797693,1.6792643617273317,-16.36434810227354,-5.371470616013064,4.01606851614032,1.2487662800311845,0.9258582148861165,17.640915727295635,349,161.44196021201807,105.16378049956168,9,2.804189630351926,-5,2.152998060097604,9,2.8664147661574852,0,1.61545210791739,52.961,52.961,52.961,369.626,369.626,369.626,25.59,25.59,25.59,26.71,26.71,26.71,0.42813682556152344,0.42813682556152344,0.42813682556152344,0.0,126,124.02847754654987,121,378,358.1224534501642,343,294,274.33515881708644,259,325,297.95246440306664,279,240,232.15246440306677,223,411,398.67754654983554,382,382,369.2339539978093,359,60,57.11960569550931,55,3673,3003.208543263964,2605
Thoai_Son,10.320247,105.141848,SA,T,2.5,5600,2022-07-25,19.74,86.46,27.42,30.49,24.54,1.33,10.320247,105.141848,24.95208659741062,5.949999999999999,0.49477048235839516,16.470000000000002,6.87,23.62,3.769222560379981,89.21354838709676,79.44,93.35,3.1599587057194656,26.877741935483872,24.86,28.35,0.7761181722351781,29.280322580645162,26.92,31.62,1.3371599269104935,24.95903225806451,23.04,26.05,0.5779851255966976,2.4164516129032267,0.53,3.86,0.9059464784700237,24.933827191792904,23.013919027872713,25.86766694000002,0.5998815499262732,4.321290322580645,1.9899999999999984,7.540000000000003,1.3153675849186555,0.38549381263599203,0.22659304192761506,0.7757972023291232,0.12860285669346824,5199.835427135678,5199.835427135678,0.46644656681565205,289.02261306532665,289.02261306532665,247,311,155.9711055276382,155.9711055276382,117,299,48.75628140703518,48.75628140703518,30,92,0.44771787672305235,,,,,,0.5193631191964687,,,,0.3693196011306404,,,,1.3254728514687453,,,,2.1107337967392104,,,,0.832243177266145,0.2074346757057523,0.08994572258277973,1.610261829838345,-16.30323017550399,2.2958271488612323,-26.08836546998843,-0.8639038463157676,-10.360644795419047,2.7559017012327987,-17.270959804162523,5.1614228549671335,4.1828128987573425,1.8573122243932674,1.4840680725826814,43.471264281841535,355,163.20212744930103,105.17306603001427,10,1.8276067677792582,-8,2.5628578979717975,13,3.2684018764247806,0,1.904148757727621,118.216,118.216,118.216,38.165,38.165,38.165,28.82,28.82,28.82,29.42,29.42,29.42,0.46841176350911456,0.46841176350911456,0.46841176350911456,80.051,124,120.94412795793166,120,385,354.84162102957276,339,318,295.27645125958384,271,326,305.610295728368,285,244,228.65564074479732,211,402,387.613143483023,373,407,383.5673603504928,357,59,55.17217962760131,55,3866,3136.3095290251913,2752
Thoai_Son,10.320371,105.259016,SA,T,1.52,5600,2022-07-20,6.87,92.59,26.64,28.64,25.02,2.61,10.320371,105.259016,25.335976457808076,3.620000000000001,0.25866298156386003,17.079032258064515,6.87,23.62,3.6662738004143356,89.25548387096772,79.44,93.35,3.1503782043407136,27.100322580645162,25.9,28.35,0.5991686922296418,29.538064516129033,26.92,31.62,1.1493796906405753,25.172903225806444,24.08,26.12,0.47685930533687654,2.3409677419354837,0.53,3.86,0.8526442923529118,25.16140586009696,24.07069434896019,25.902008550533132,0.4437840992158635,4.365161290322582,1.9899999999999984,7.540000000000003,1.2650841383920832,0.38848028766838494,0.22659304192761506,0.7757972023291232,0.12688979579822315,3399.6108998732575,3399.6108998732575,0.22741569467946737,254.90240811153362,254.90240811153362,233,298,435.82889733840307,435.82889733840307,373,536,37.75158428390368,37.75158428390368,34,54,0.42849746741564504,,,,,,0.4948507309981593,,,,0.35433869496331766,,,,1.2557023299791907,,,,2.0278511239210237,,,,0.8287182534908636,0.22029473904744756,0.15707686576245003,1.8072582948302132,-16.66627754316248,1.5363208112650188,-21.88373909268035,-9.211706047800236,-10.69023362338962,1.8002161494557785,-15.45417484717576,2.471895116716748,4.212907118202121,1.6613182915195002,1.2132973529252988,24.465239458299777,350,158.0134604931561,104.91564393093086,12,2.4494770305216518,-4,2.0463083508173296,14,2.784207145327866,0,1.7624224270113713,52.961,52.961,52.961,369.626,369.626,369.626,25.59,25.59,25.59,26.71,26.71,26.71,0.42813682556152344,0.42813682556152344,0.42813682556152344,0.0,125,123.42816469557596,122,398,380.03044240035035,354,291,277.6016206745511,259,333,317.5858519491897,287,224,215.90188348664037,205,380,373.1377573368375,362,426,411.1070959264125,399,59,56.388742882172586,55,3451,3073.444152431012,2716
Thoai_Son,10.320676,105.364971,SA,D,2.1,6400,2022-07-12,11.11,94.19,26.0,27.4,24.96,3.54,10.320676,105.364971,24.98995440418559,2.4399999999999977,0.1952996540418091,16.540967741935482,6.87,23.62,4.150304578670536,90.28193548387097,81.27,94.19,2.8630081398314076,26.95064516129032,25.66,27.84,0.558159044763032,29.670322580645166,26.96,31.63,1.1254862286054135,24.798709677419353,23.29,25.36,0.43227635974763906,2.4070967741935485,0.86,3.69,0.8010605613140743,25.20859539611094,24.130094953000818,25.85569627986475,0.42849442648557595,4.871612903225807,2.4399999999999977,8.34,1.256939695666894,0.3479853257929781,0.1952996540418091,0.6932754681442975,0.11201806735996692,5206.804785894206,5206.804785894206,0.6126125554219971,224.47229219143577,224.47229219143577,203,327,455.67002518891684,455.67002518891684,389,651,50.89294710327456,50.89294710327456,36,54,0.39449212787177057,,,,,,0.45148265957038114,,,,0.3278340148211313,,,,1.1322621765745944,,,,1.8812125489350013,,,,0.7544084896122856,0.22446474148429407,0.03464498954245647,1.6443204065208987,-16.06893411269248,2.8031991329541186,-26.919793973152068,-5.110227970802081,-9.522831086752408,2.8657305083129745,-16.972174750143317,6.977349595259568,5.007072723131654,3.806786911386057,1.4326159209221985,114.45681072000646,354,165.83850129624565,104.79767382566908,16,4.257384647312473,-6,3.194566440228425,15,3.9589022594533714,0,2.4765462192033354,69.783,69.783,69.783,455.887,455.887,455.887,25.21,25.21,25.21,26.36,26.36,26.36,0.4216988881429036,0.4216988881429036,0.4216988881429036,0.0,130,126.6020609515457,122,370,354.16202587151935,341,306,271.2909449682087,254,335,306.92720894540673,288,244,223.90550317912735,200,398,356.89848717386525,326,446,419.2267046700285,393,59,56.86844990133742,56,3336,2838.443104582328,2520
Thoai_Son,10.320924,105.404264,WS,D,3.6,8000,2022-03-18,16.65,64.88,30.31,37.21,24.47,0.68,10.320924,105.404264,22.947909756383066,12.740000000000002,1.5168666447013646,19.908709677419353,13.91,25.27,2.5579196965067754,72.65354838709676,60.66,86.5,7.801650589784065,28.863225806451617,27.19,30.47,1.0107052379619412,34.664838709677426,30.63,38.48,2.235441604590426,24.520967741935486,22.56,25.75,0.7036465151723951,1.9193548387096775,0.68,2.83,0.5399219506550622,23.350234244977916,21.12681833274576,24.806145378787576,1.0183582821884698,10.143870967741934,5.43,14.7,2.4553111325337618,1.1046005988873946,0.48813969021282255,1.6478924176167693,0.36608936320178753,0.4140517130442553,0.4140517130442553,0.4748313892321607,134.69873417721521,134.69873417721521,130,151,564.6253164556963,564.6253164556963,510,642,40.33924050632912,40.33924050632912,38,47,0.27074218300204067,0.27074218300204067,-0.008777966126146921,0.6360467460761777,-0.01027189993496611,0.8889431927501623,0.28395602965515404,0.28395602965515404,-0.015468602701737172,0.7423361296059471,0.22348473762348692,0.22348473762348692,-0.26831841356956143,0.6074040290392875,0.6655680790359306,0.6655680790359306,-0.42310891444744514,3.0942957848137,1.3800390977941093,1.3800390977941093,-0.1551637339647074,3.098196471370087,0.8230598400598913,0.20375238802361476,0.22477639621100012,1.8217799896003735,-16.157668956637064,2.0236024612059875,-23.042964586291088,-6.169058824249321,-10.15719317347647,1.7817733715662996,-15.041803070374156,-3.5895595570948853,4.216073888441403,1.573678037561577,1.1956548116863674,16.795462812942134,354,166.58183171806755,103.39378956205293,17,3.1388546656037315,-8,3.3468747350183263,18,3.851684334666394,0,2.6561918724553992,112.931,112.931,112.931,78.063,78.063,78.063,30.19,30.19,30.19,31.14,31.14,31.14,0.18091201782226562,0.18091201782226562,0.18091201782226562,34.868,125,121.99890398947824,120,384,368.74479737130343,347,309,290.564512595838,255,348,314.73822562979194,288,207,195.8801752464403,180,449,440.30054764512596,428,379,363.79912376779845,346,61,57.85870755750273,55,3219,2783.626725082146,2490
Thoai_Son,10.321392,105.177554,WS,T,6.0,7200,2022-04-16,15.17,81.66,28.33,31.91,25.63,1.76,10.321392,105.177554,24.882322232506183,6.280000000000001,0.7066714128202889,19.19161290322581,6.76,23.06,3.087509798102978,81.8083870967742,75.99,87.54,2.407540703135228,28.00967741935483,26.71,29.68,0.6404659789054182,32.08741935483871,29.09,34.19,1.1353327428752968,24.79129032258065,23.23,26.08,0.7319295838486098,1.9193548387096775,0.76,2.83,0.5419614049100459,24.592665358464867,23.45507529294824,25.37939711490254,0.45388546077394226,7.296129032258064,4.100000000000001,9.190000000000001,1.2928480124711783,0.6907990977557419,0.4539761277216749,1.000209663814001,0.11216900376122681,3173.6863979848863,3173.6863979848863,0.1956456899800778,113.46095717884131,113.46095717884131,91,129,176.35138539042822,176.35138539042822,64,232,24.20151133501259,24.20151133501259,11,28,0.3760109650761866,,,,,,0.4279130555335452,,,,0.31342929735255176,,,,1.065175136680792,,,,1.8015176712252066,,,,0.6667405395812201,0.22507929294833215,0.06494675258770012,1.5979045169170232,-18.539615794967258,1.8180931341824778,-25.971726197492018,-13.691303379266586,-11.281324103847064,1.397467413709046,-15.357003084488976,-6.97929594662523,5.967430370179465,3.765429648039266,1.5032784860747181,60.58891462045996,353,165.89115395258744,105.13672378430086,19,1.5365510561756293,-14,2.9324185996688206,19,3.891829298825887,0,2.6458684768906133,104.899,104.899,104.899,285.163,285.163,285.163,28.31,28.31,28.31,29.32,29.32,29.32,0.4348214467366536,0.4348214467366536,0.4348214467366536,0.0,124,121.82942850886799,121,392,372.8258869908016,360,310,288.6057818659659,257,326,313.34910205869477,274,255,236.51905387647835,221,416,391.00306614104255,371,387,372.3160315374507,357,58,55.896627244853285,55,3508,3121.354796320631,2691
Thoai_Son,10.321392,105.177554,SA,T,6.0,6000,2022-07-23,18.59,81.73,28.35,31.2,25.53,0.53,10.321392,105.177554,24.91620180634639,5.669999999999998,0.7047923609856878,16.657419354838712,6.87,23.62,3.736686446349903,89.3332258064516,79.44,93.35,3.1906459929357966,26.97451612903226,25.78,28.35,0.6488045518598401,29.36193548387097,26.92,31.62,1.2635061799632843,25.079032258064508,24.08,26.05,0.42438840121809357,2.378709677419355,0.53,3.86,0.8798267495712927,25.051531773859857,24.07069434896019,25.86766694000002,0.42900693825443115,4.282903225806452,1.9899999999999984,7.540000000000003,1.3301811507687826,0.3833593308887374,0.22659304192761506,0.7757972023291232,0.12942714793285082,3897.4571788413095,3897.4571788413095,0.29695448918094086,248.53400503778337,248.53400503778337,204,280,176.35138539042822,176.35138539042822,64,232,18.979848866498745,18.979848866498745,11,63,0.44476089067575897,,,,,,0.5155919825505749,,,,0.3670148463356676,,,,1.3147389250857366,,,,2.0979826163056434,,,,0.7414113800015504,0.1650074369870971,0.16744060704232572,1.4926675580339392,-16.34755352235872,1.453826772370055,-25.006795540157917,-12.180120587448226,-9.808955976861194,1.3268964558887058,-13.923062122353613,-6.178056380751229,4.707453742263748,1.5585869457406505,1.6797661532006383,22.88906771574758,353,165.89115395258744,105.13672378430086,19,1.5365510561756293,-14,2.9324185996688206,19,3.891829298825887,0,2.6458684768906133,121.626,121.626,121.626,106.776,106.776,106.776,29.03,29.03,29.03,29.32,29.32,29.32,0.4850616455078125,0.4850616455078125,0.4850616455078125,14.85,124,121.82942850886799,121,392,372.8258869908016,360,310,288.6057818659659,257,326,313.34910205869477,274,255,236.51905387647835,221,416,391.00306614104255,371,387,372.3160315374507,357,58,55.896627244853285,55,3508,3121.354796320631,2691
Thoai_Son,10.325047,105.251136,SA,T,2.0,5600,2022-07-20,6.87,92.59,26.64,28.64,25.02,2.61,10.325047,105.251136,25.335976457808076,3.620000000000001,0.25866298156386003,17.079032258064515,6.87,23.62,3.6662738004143356,89.25548387096772,79.44,93.35,3.1503782043407136,27.100322580645162,25.9,28.35,0.5991686922296418,29.538064516129033,26.92,31.62,1.1493796906405753,25.172903225806444,24.08,26.12,0.47685930533687654,2.3409677419354837,0.53,3.86,0.8526442923529118,25.16140586009696,24.07069434896019,25.902008550533132,0.4437840992158635,4.365161290322582,1.9899999999999984,7.540000000000003,1.2650841383920832,0.38848028766838494,0.22659304192761506,0.7757972023291232,0.12688979579822315,4281.179617834396,4281.179617834396,0.3504238542834335,261.3936305732484,261.3936305732484,235,320,464.46369426751596,464.46369426751596,373,488,37.20127388535032,37.20127388535032,34,39,0.43330256974249687,,,,,,0.5009788280477366,,,,0.35808392150514834,,,,1.2731449603515794,,,,2.0485717921255704,,,,0.8030255455679542,0.1948972752911245,0.27099039485880866,1.8120168109761041,-17.263624575780387,1.4816107266626086,-22.661882261725815,-10.944711851054167,-11.14352371721983,1.5457923939042615,-15.676138247037905,-2.705723143418728,4.289861957773002,1.353024893102643,1.2074850386433584,13.760670768733624,350,157.05349289956612,105.68977576772349,9,2.6290645083719566,-6,1.9090392599536985,10,2.7070292812601924,0,1.6355729169252433,,,,,,,,,,,,,,,,,126,124.65535362382305,123,375,361.7400350416119,349,304,286.98028909329827,262,321,305.1197985107315,282,244,233.85611038107754,213,392,380.82084975908884,363,415,385.32303985983344,371,59,57.33858957512046,56,3605,3192.9590451160757,2726
Thoai_Son,10.325825,105.129268,SA,T,5.0,5600,2022-07-25,19.74,86.46,27.42,30.49,24.54,1.33,10.325825,105.129268,24.95208659741062,5.949999999999999,0.49477048235839516,16.470000000000002,6.87,23.62,3.769222560379981,89.21354838709676,79.44,93.35,3.1599587057194656,26.877741935483872,24.86,28.35,0.7761181722351781,29.280322580645162,26.92,31.62,1.3371599269104935,24.95903225806451,23.04,26.05,0.5779851255966976,2.4164516129032267,0.53,3.86,0.9059464784700237,24.933827191792904,23.013919027872713,25.86766694000002,0.5998815499262732,4.321290322580645,1.9899999999999984,7.540000000000003,1.3153675849186555,0.38549381263599203,0.22659304192761506,0.7757972023291232,0.12860285669346824,6087.514465408804,6087.514465408804,0.621473806865457,302.39622641509436,302.39622641509436,198,361,354.24025157232705,354.24025157232705,110,509,55.96603773584906,55.96603773584906,32,92,0.44697863021122897,,,,,,0.5184203350349952,,,,0.36874341243189723,,,,1.322789369872993,,,,2.1075460016308187,,,,1.0305459063766182,0.23249855141156314,0.36460573490297515,1.9057018921868196,-16.698777373840173,1.2147648275552823,-20.27543153437736,-10.269731958291288,-12.0007035089758,1.7438111167946482,-16.010365769020904,-4.464074536142774,3.1013991654258963,1.0260377110139767,1.0989641750368124,9.970754481040832,355,164.6043543716666,105.17830471454471,15,0.8841601412584784,-10,2.9814797390070717,17,3.63916496737021,0,2.387171076925026,,,,,,,,,,,,,,,,,121,120.00000000000003,119,421,372.6248357424442,353,341,304.5394218134034,280,354,325.1846254927727,301,224,216.34778799824795,208,419,406.08366184844505,374,407,377.6189224704336,360,59,55.78515111695137,54,4043,3553.2144108628995,3093
Thoai_Son,10.327284,105.359541,SA,T,5.0,6000,2022-07-20,6.87,92.96,26.47,28.83,24.61,2.26,10.327284,105.359541,25.234797351114793,4.219999999999999,0.24330033151965255,17.079032258064515,6.87,23.62,3.6662738004143356,90.05032258064514,81.27,94.19,2.9039777879171047,26.910322580645154,25.66,27.84,0.5526912681391041,29.711612903225813,26.96,31.63,1.1492131860234986,24.632580645161294,23.29,25.41,0.4348597678446543,2.2570967741935477,0.86,3.69,0.786048482245979,25.12529610008162,24.130094953000818,25.85569627986475,0.41916892260614896,5.079032258064518,2.4399999999999977,8.34,1.3314928678081355,0.35543231253676644,0.1952996540418091,0.6932754681442975,0.1134336443522716,3549.555555555556,3549.555555555556,0.35798072076137327,286.4240102171137,286.4240102171137,228,346,418.4048531289912,418.4048531289912,312,488,37.4610472541507,37.4610472541507,12,41,0.42775822090382165,,,,,,0.4939079468366858,,,,0.35376250626457445,,,,1.2530188483834386,,,,2.024663328812632,,,,0.9058734819674771,0.2257048267600491,0.14388361388650525,2.0328277887304194,-16.074526453401244,1.5036382528005297,-21.42847958208867,-9.729896561678741,-10.616287907130225,1.9466365223280364,-15.838530321979746,3.5460534678765043,3.7101486075972905,1.3585835606823888,0.9677023416224337,26.800246963182214,353,165.19526882570545,107.83837707630016,13,2.445310827148413,-9,3.1222430297365387,11,3.5199877454613704,0,2.034362234648696,52.989,52.989,52.989,347.64,347.64,347.64,25.66,25.66,25.66,26.71,26.71,26.71,0.4198131561279297,0.4198131561279297,0.4198131561279297,0.0,129,126.26232741617358,122,403,378.774808324206,352,314,283.1960569550932,251,344,328.5940854326397,298,229,209.3204819277109,191,398,358.0928806133626,336,449,432.6547645125958,396,61,57.00065717415116,56,3522,3178.297480832421,2591
Thoai_Son,10.327543,105.350908,WS,T,2.0,7600,2022-04-12,21.59,81.83,28.06,32.48,24.31,1.75,10.327543,105.350908,24.65413626352178,8.169999999999998,0.6892164148475988,19.84096774193548,13.91,23.06,2.0541010981789727,81.22225806451614,75.46,86.78,2.8685364478698117,27.973870967741938,26.95,29.63,0.6326272786351037,32.39193548387097,30.27,34.53,1.2250145999257385,24.430967741935476,22.98,25.33,0.5689795893992731,1.7996774193548384,0.95,2.83,0.46814998886121917,24.43402880242561,23.612946047578802,25.30876125962539,0.41066687700400584,7.960967741935485,5.050000000000001,10.030000000000001,1.3457396451423298,0.7122117193934456,0.48813969021282255,0.9940148112569367,0.13129221498418933,3418.6213836477987,3418.6213836477987,0.2407662025147968,109.16603773584905,109.16603773584905,106,126,509.2943396226416,509.2943396226416,378,579,34.12704402515723,34.12704402515723,34,35,0.3708362394934231,,,,,,0.4213135664032311,,,,0.3093959764613495,,,,1.0463907655105276,,,,1.7792031054664639,,,,0.55491488773646,0.2130903279506033,0.0842872155662062,1.5782031154016964,-18.900104632153404,2.2547471237998797,-26.2180828317209,-9.641906315730363,-10.620169819044612,1.9288130690773215,-18.32424839035596,-4.513488099549475,7.661947679069895,4.53742718001052,1.5345280090781528,46.45678182782141,352,163.98591122457378,103.7246144997897,10,1.6927546734744299,-7,2.5171451888758316,11,3.38083175492053,0,1.8974842530655316,126.609,126.609,126.609,14.694,14.694,14.694,28.5,28.5,28.5,29.13,29.13,29.13,0.3063367207845052,0.3063367207845052,0.3063367207845052,111.915,129,122.6068844551634,120,407,382.0927021696252,370,320,306.8415516107824,269,352,335.0515012053473,314,203,192.09883848345382,187,369,360.52618891080425,348,458,447.4433486741179,435,60,57.745123822046885,56,3455,3081.8888888888887,2762
Thoai_Son,10.327543,105.350908,SA,T,2.0,6160,2022-07-20,6.87,92.96,26.47,28.83,24.61,2.26,10.327543,105.350908,25.234797351114793,4.219999999999999,0.24330033151965255,17.079032258064515,6.87,23.62,3.6662738004143356,90.05032258064514,81.27,94.19,2.9039777879171047,26.910322580645154,25.66,27.84,0.5526912681391041,29.711612903225813,26.96,31.63,1.1492131860234986,24.632580645161294,23.29,25.41,0.4348597678446543,2.2570967741935477,0.86,3.69,0.786048482245979,25.12529610008162,24.130094953000818,25.85569627986475,0.41916892260614896,5.079032258064518,2.4399999999999977,8.34,1.3314928678081355,0.35543231253676644,0.1952996540418091,0.6932754681442975,0.1134336443522716,4495.322012578616,4495.322012578616,0.39509602639335206,259.99245283018865,259.99245283018865,228,307,509.2943396226416,509.2943396226416,378,579,39.432704402515725,39.432704402515725,34,57,0.4281278441597334,,,,,,0.4943793389174226,,,,0.35405060061394605,,,,1.2543605891813145,,,,2.026257226366828,,,,0.9360223074479364,0.22169761367650015,0.3387112853463119,1.873110281395523,-16.657233735064043,1.4683116722406817,-22.26792687021609,-8.423979631418161,-11.397304136102248,1.7362339886799614,-15.91754831841917,-4.41538037718494,3.523528720915958,1.1227494222650705,1.1354855823117265,10.80946774746593,352,163.98591122457378,103.7246144997897,10,1.6927546734744299,-7,2.5171451888758316,11,3.38083175492053,0,1.8974842530655316,52.989,52.989,52.989,347.64,347.64,347.64,25.66,25.66,25.66,26.71,26.71,26.71,0.4198131561279297,0.4198131561279297,0.4198131561279297,0.0,129,122.6068844551634,120,407,382.0927021696252,370,320,306.8415516107824,269,352,335.0515012053473,314,203,192.09883848345382,187,369,360.52618891080425,348,458,447.4433486741179,435,60,57.745123822046885,56,3455,3081.8888888888887,2762
Thoai_Son,10.327617,105.33024,SA,T,2.95,5600,2022-07-20,6.87,92.96,26.47,28.83,24.61,2.26,10.327617,105.33024,25.234797351114793,4.219999999999999,0.24330033151965255,17.079032258064515,6.87,23.62,3.6662738004143356,90.05032258064514,81.27,94.19,2.9039777879171047,26.910322580645154,25.66,27.84,0.5526912681391041,29.711612903225813,26.96,31.63,1.1492131860234986,24.632580645161294,23.29,25.41,0.4348597678446543,2.2570967741935477,0.86,3.69,0.786048482245979,25.12529610008162,24.130094953000818,25.85569627986475,0.41916892260614896,5.079032258064518,2.4399999999999977,8.34,1.3314928678081355,0.35543231253676644,0.1952996540418091,0.6932754681442975,0.1134336443522716,4482.878940731401,4482.878940731401,0.51699184617086,251.8171500630517,251.8171500630517,243,269,287.30895334174033,287.30895334174033,232,386,57.326607818411105,57.326607818411105,47,65,0.418148016250118,,,,,,0.48165175273753114,,,,0.3462720531809131,,,,1.2181335876386614,,,,1.9832219924035388,,,,0.7820875466435395,0.20690243644410874,0.06991168894583549,1.9477970576741883,-15.711436970902614,2.1976977866675744,-25.752626124665525,-2.474735910350788,-9.410676623474343,2.3976739304591868,-19.24309347182961,3.494690789101181,4.576747770317436,2.184741641370563,1.0536020342777863,56.21503886280053,354,164.87868196881152,106.31313183470755,14,2.584644930066474,-7,2.863711584870277,12,3.51768926192625,0,2.106508139839454,52.989,52.989,52.989,347.64,347.64,347.64,25.66,25.66,25.66,26.71,26.71,26.71,0.4198131561279297,0.4198131561279297,0.4198131561279297,0.0,125,122.2127519719544,119,416,369.36465177398173,345,291,271.6927288655279,249,349,311.9868593955323,282,226,215.4561979851074,209,405,388.0540954883926,362,413,396.62790188348674,387,56,55.43780113885241,55,3446,2842.5530004380216,2621
Thoai_Son,10.327832,105.216844,WS,T,6.0,8000,2022-04-16,15.17,81.66,28.33,31.91,25.63,1.76,10.327832,105.216844,24.882322232506183,6.280000000000001,0.7066714128202889,19.19161290322581,6.76,23.06,3.087509798102978,81.8083870967742,75.99,87.54,2.407540703135228,28.00967741935483,26.71,29.68,0.6404659789054182,32.08741935483871,29.09,34.19,1.1353327428752968,24.79129032258065,23.23,26.08,0.7319295838486098,1.9193548387096775,0.76,2.83,0.5419614049100459,24.592665358464867,23.45507529294824,25.37939711490254,0.45388546077394226,7.296129032258064,4.100000000000001,9.190000000000001,1.2928480124711783,0.6907990977557419,0.4539761277216749,1.000209663814001,0.11216900376122681,2914.5931122448983,2914.5931122448983,0.17862123022884974,78.48979591836735,78.48979591836735,75,90,380.2857142857143,380.2857142857143,261,506,8.815051020408164,8.815051020408164,6,13,0.3745324720525399,,,,,,0.4260274872105983,,,,0.31227691995506535,,,,1.059808173489288,,,,1.7951420810084229,,,,0.6527389926711075,0.265698235947546,0.12697540113187722,1.9155539594729671,-18.37548488792545,1.2981853710105804,-23.720392344523297,-14.11765425184616,-10.958022296191713,1.9669276705329481,-17.375929735301618,-6.511028026902114,6.132356908161305,2.8574165204754816,1.0881687932719648,30.5021647054738,354,167.27806436736182,104.34803962623621,21,2.1306716737490534,-7,3.40418044899184,18,4.197325163883128,0,2.5621860074810403,103.662,103.662,103.662,210.177,210.177,210.177,28.21,28.21,28.21,29.19,29.19,29.19,0.34810511271158856,0.34810511271158856,0.34810511271158856,0.0,126,124.06481278738778,122,391,360.6545454545454,347,300,283.2972617743702,265,329,302.98159912376786,274,245,234.44118291347212,229,416,394.9787513691129,386,380,370.7511500547646,352,59,56.94567360350494,55,3543,3167.623439211392,2665
Thoai_Son,10.327832,105.216844,SA,T,6.0,5600,2022-07-23,18.59,81.73,28.35,31.2,25.53,0.53,10.327832,105.216844,24.91620180634639,5.669999999999998,0.7047923609856878,16.657419354838712,6.87,23.62,3.736686446349903,89.3332258064516,79.44,93.35,3.1906459929357966,26.97451612903226,25.78,28.35,0.6488045518598401,29.36193548387097,26.92,31.62,1.2635061799632843,25.079032258064508,24.08,26.05,0.42438840121809357,2.378709677419355,0.53,3.86,0.8798267495712927,25.051531773859857,24.07069434896019,25.86766694000002,0.42900693825443115,4.282903225806452,1.9899999999999984,7.540000000000003,1.3301811507687826,0.3833593308887374,0.22659304192761506,0.7757972023291232,0.12942714793285082,4422.748724489797,4422.748724489797,0.39238832392916806,299.40943877551024,299.40943877551024,193,365,380.2857142857143,380.2857142857143,261,506,38.55484693877552,38.55484693877552,27,47,0.4436520209080239,,,,,,0.5141778063083647,,,,0.3661505632875529,,,,1.3107137026921087,,,,2.0932009236430558,,,,0.6204500531137629,0.14814323460648257,0.20995308954465436,1.2997931421088826,-17.85632370264413,1.40491979094756,-25.19446158515229,-12.708097400594651,-10.377225830604926,1.3526857526633849,-16.02831305343588,-6.604310476817244,5.8220928528627764,1.6662021270040632,2.07741275931807,18.051874914892597,354,167.27806436736182,104.34803962623621,21,2.1306716737490534,-7,3.40418044899184,18,4.197325163883128,0,2.5621860074810403,117.531,117.531,117.531,134.54,134.54,134.54,28.84,28.84,28.84,29.11,29.11,29.11,0.41229693094889325,0.41229693094889325,0.41229693094889325,0.0,126,124.06481278738778,122,391,360.6545454545454,347,300,283.2972617743702,265,329,302.98159912376786,274,245,234.44118291347212,229,416,394.9787513691129,386,380,370.7511500547646,352,59,56.94567360350494,55,3543,3167.623439211392,2665
Thoai_Son,10.328521,105.30163,WS,T,1.6,6800,2022-04-10,19.36,82.44,27.81,31.8,24.75,1.74,10.328521,105.30163,24.534853223742125,7.050000000000001,0.6564479686942216,19.909354838709675,13.91,25.27,2.21220796940431,81.36967741935482,72.53,87.54,2.92292990863285,28.021612903225805,26.71,29.39,0.6336585870915009,32.13967741935485,29.09,34.49,1.15118868123896,24.706774193548394,23.23,25.96,0.6664997016032738,1.8893548387096775,1.1,2.83,0.5194347764567905,24.510502053587818,23.45507529294824,25.345762139075116,0.4496529651755884,7.432903225806452,4.100000000000001,9.55,1.3344618186645376,0.7085235262616059,0.4539761277216749,1.125403854694864,0.13341450826484239,3456.54797979798,3456.54797979798,0.26632711778675433,144.54545454545453,144.54545454545453,135,176,275.9419191919192,275.9419191919192,184,290,37.83712121212122,37.83712121212122,32,39,0.34902846739463406,,,,,,0.39350143363976464,,,,0.2923984098484256,,,,0.9672280584358408,,,,1.685163149768906,,,,0.8914083873633184,0.1937497662161582,0.35574402570185426,1.815804587498708,-16.051007509129416,1.477137744656777,-21.89940393275202,-9.743516565806797,-10.531617656388077,1.448709327427178,-15.33652146894849,-4.950514446469997,3.708406451755824,1.060915387078739,1.2028802149409958,10.244039846089679,353,153.7253169685649,109.78253328881763,11,2.4555124036906366,-5,2.241505439793971,10,2.733390649550856,0,1.6392681032220024,117.39,118.489,119.039,27.382,27.056,26.404,28.12,28.11,28.1,28.89,28.86,28.79,0.3352101643880208,0.3320509592692057,0.3257325490315755,91.434,126,123.55954465849389,122,392,368.8207485226527,346,294,271.5138980083169,254,332,307.3709783322389,286,243,234.49792077040928,228,392,366.5130225432261,342,425,398.8964762530094,374,56,55.79142044210987,55,3491,3087.4138761216896,2617
Thoai_Son,10.331036,105.232626,WS,T,2.6,8000,2022-04-13,21.33,81.05,28.37,33.04,24.71,2.28,10.331036,105.232626,24.795377031149727,8.329999999999998,0.7318738473889385,19.827096774193546,13.91,23.06,2.056793924703997,81.51387096774191,75.99,87.54,2.6707576277025455,28.03193548387096,26.71,29.68,0.6562671532865486,32.16709677419355,29.09,34.19,1.1725879664323067,24.74096774193549,23.23,26.08,0.7144379917954444,1.9222580645161291,1.07,2.83,0.5030917935700643,24.55211244592468,23.45507529294824,25.37939711490254,0.4601753959938378,7.426129032258065,4.100000000000001,9.219999999999999,1.3248436972187903,0.7032617809904468,0.4539761277216749,1.000209663814001,0.12326149258240529,2958.741444866921,2958.741444866921,0.2016953704691389,163.8681875792142,163.8681875792142,155,177,419.4714828897339,419.4714828897339,261,555,32.847908745247146,32.847908745247146,31,34,0.3723147325170698,,,,,,0.423199134726178,,,,0.31054835385883583,,,,1.0517577287020317,,,,1.7855786956832476,,,,0.4851880191398635,0.18380310642507056,0.10782406157252289,1.3135375366275033,-19.93580345723413,2.0507371710725693,-27.205039171750183,-12.675427804570266,-11.023834952640046,1.5031092079996093,-16.185140738913766,-6.752797326460203,8.603600187073434,4.111893744787614,2.0452117952182522,36.0974710251439,352,168.9028087074544,102.63740933801449,8,2.0723523830858235,-5,2.1773298782052235,12,2.9659107380516287,0,1.711862859955897,139.44,139.44,139.44,14.169,14.169,14.169,29.46,29.46,29.46,29.74,29.74,29.74,0.2850030263264974,0.2850030263264974,0.2850030263264974,125.271,126,123.26948336252188,120,373,367.45882610600097,350,296,286.7352168199737,269,327,302.43561103810777,279,241,238.88501971090668,236,399,386.07774857643454,381,382,374.8880858519492,361,60,57.619141480508105,55,3399,3161.522558037669,2771
Thoai_Son,10.33114,105.278682,WS,T,2.1,8000,2022-04-13,21.33,81.05,28.37,33.04,24.71,2.28,10.33114,105.278682,24.795377031149727,8.329999999999998,0.7318738473889385,19.827096774193546,13.91,23.06,2.056793924703997,81.51387096774191,75.99,87.54,2.6707576277025455,28.03193548387096,26.71,29.68,0.6562671532865486,32.16709677419355,29.09,34.19,1.1725879664323067,24.74096774193549,23.23,26.08,0.7144379917954444,1.9222580645161291,1.07,2.83,0.5030917935700643,24.55211244592468,23.45507529294824,25.37939711490254,0.4601753959938378,7.426129032258065,4.100000000000001,9.219999999999999,1.3248436972187903,0.7032617809904468,0.4539761277216749,1.000209663814001,0.12326149258240529,2432.4788189987166,2432.4788189987166,0.13828320711049596,157.87676508344035,157.87676508344035,133,195,444.60205391527603,444.60205391527603,368,621,25.720154043645703,25.720154043645703,12,35,0.37194510926115815,,,,,,0.4227277426454413,,,,0.31026025950946423,,,,1.0504159879041557,,,,1.7839847981290515,,,,0.43880498233092213,0.19344932745532353,0.09333394491470726,1.2443861214589955,-19.18167761116239,2.409841073873231,-27.228497531176142,-10.788312284592395,-9.681975363131734,1.6099124994244756,-16.644871210002613,-5.366513634287944,10.064867798893097,5.201136015203411,2.214436364261401,41.85686203080111,354,166.70724636726308,105.73009993904645,13,2.627825233315436,-7,2.6908603603824144,12,3.6761057982138574,0,2.1084985361439528,139.44,139.44,139.44,14.169,14.169,14.169,29.46,29.46,29.46,29.74,29.74,29.74,0.2850030263264974,0.2850030263264974,0.2850030263264974,125.271,126,123.90035041611911,122,385,369.27244853263255,355,285,271.4194042925975,245,341,309.15155497152864,291,227,216.86859395532196,209,398,384.0549715286904,377,411,399.14980289093296,381,59,56.66754270696452,55,3535,3214.249014454665,2757
Thoai_Son,10.33114,105.278682,SA,T,2.1,5600,2022-07-20,6.87,92.59,26.64,28.64,25.02,2.61,10.33114,105.278682,25.335976457808076,3.620000000000001,0.25866298156386003,17.079032258064515,6.87,23.62,3.6662738004143356,89.25548387096772,79.44,93.35,3.1503782043407136,27.100322580645162,25.9,28.35,0.5991686922296418,29.538064516129033,26.92,31.62,1.1493796906405753,25.172903225806444,24.08,26.12,0.47685930533687654,2.3409677419354837,0.53,3.86,0.8526442923529118,25.16140586009696,24.07069434896019,25.902008550533132,0.4437840992158635,4.365161290322582,1.9899999999999984,7.540000000000003,1.2650841383920832,0.38848028766838494,0.22659304192761506,0.7757972023291232,0.12688979579822315,3496.300385109115,3496.300385109115,0.27793075637206116,236.83440308087293,236.83440308087293,232,256,444.60205391527603,444.60205391527603,368,621,27.91784338896021,27.91784338896021,25,55,0.4185176395060297,,,,,,0.4821231448182679,,,,0.3465601475302847,,,,1.2194753284365376,,,,1.9848158899577348,,,,0.8920571077439683,0.2169365152686494,0.2939392629222228,1.9384103150276315,-17.064003314997816,1.406474757844825,-22.999907551974008,-10.71918805769047,-11.525155753339552,1.51734343854384,-16.518118621365204,-5.099432859751278,3.764441192819355,1.2410372081900851,1.0635465922719158,12.608253488267106,354,166.70724636726308,105.73009993904645,13,2.627825233315436,-7,2.6908603603824144,12,3.6761057982138574,0,2.1084985361439528,52.961,52.961,52.961,369.626,369.626,369.626,25.59,25.59,25.59,26.71,26.71,26.71,0.42813682556152344,0.42813682556152344,0.42813682556152344,0.0,126,123.90035041611911,122,385,369.27244853263255,355,285,271.4194042925975,245,341,309.15155497152864,291,227,216.86859395532196,209,398,384.0549715286904,377,411,399.14980289093296,381,59,56.66754270696452,55,3535,3214.249014454665,2757
Thoai_Son,10.331447,105.158675,WS,T,4.0,7840,2022-04-12,21.59,80.47,28.25,32.54,24.97,2.09,10.331447,105.158675,24.55819484380857,7.57,0.7490345980684868,19.84096774193548,13.91,23.06,2.0541010981789727,81.34870967741932,75.99,87.54,2.7662210649600905,28.04548387096774,26.71,29.68,0.6736124984937194,32.174838709677424,29.09,34.19,1.178771561134841,24.727419354838716,23.23,25.96,0.6925640426514919,1.8900000000000001,1.07,2.83,0.5223520009564678,24.53048136343193,23.45507529294824,25.345762139075116,0.4358995080669784,7.4474193548387095,4.100000000000001,9.219999999999999,1.3216777405812548,0.7104642583457828,0.4539761277216749,1.000209663814001,0.12875196485454118,3628.5376884422108,3628.5376884422108,0.24072867096144535,227.75628140703515,227.75628140703515,182,267,328.29522613065325,328.29522613065325,94,486,56.36180904522613,56.36180904522613,46,70,0.3704666162375114,,,,,,0.4208421743224944,,,,0.30910788211197787,,,,1.0450490247126514,,,,1.777609207912268,,,,0.7672183823391227,0.21177155202188586,0.0794886499666411,1.702632444440487,-16.82419616815175,1.6125936696901089,-21.709615211369155,-7.986219648187469,-10.412057813517574,2.1019199721727535,-16.273044794916597,4.4120406800033205,4.696355596622478,2.2310790852625932,1.3493032880120324,49.321649715760365,350,162.1895284025774,105.02208248225357,9,0.8819392286305363,-6,2.253827051712139,11,3.1692526122992186,0,1.7993166337222077,123.092,123.092,123.092,24.692,24.692,24.692,28.41,28.41,28.41,29.03,29.03,29.03,0.41900889078776044,0.41900889078776044,0.41900889078776044,98.4,123,121.47731755424064,121,395,370.49528818759586,357,314,298.980714442253,268,334,318.95770326539554,289,254,240.86587771203156,224,411,390.934472934473,375,386,368.2531229454307,353,59,55.42713127328512,54,3980,3510.7959675651987,2823
Thoai_Son,10.331447,105.158675,SA,T,4.0,6400,2022-07-12,11.11,93.35,26.23,27.43,25.44,3.86,10.331447,105.158675,25.067434110883738,1.9899999999999984,0.22659304192761506,16.540967741935482,6.87,23.62,4.150304578670536,89.39419354838711,79.44,93.35,3.1090635185758146,27.148709677419355,25.9,28.35,0.5866072045986076,29.53064516129032,26.92,31.62,1.118518419488321,25.30322580645161,24.08,26.12,0.4539389407339632,2.484516129032258,0.53,3.86,0.8744282508410204,25.235579275046547,24.07069434896019,25.902008550533132,0.44329034849891225,4.227419354838711,1.9899999999999984,7.540000000000003,1.2172946412008716,0.38445301131139525,0.22659304192761506,0.7757972023291232,0.12521493636607245,8693.507537688442,8693.507537688442,0.9877871224796536,272.571608040201,272.571608040201,227,418,328.29522613065325,328.29522613065325,94,486,91.26381909547739,91.26381909547739,88,94,0.3919047650803888,,,,,,0.4481829150052241,,,,0.32581735437553017,,,,1.1228699909894622,,,,1.8700552660556302,,,,0.9072403913390858,0.23515737337368703,0.31204614946797893,1.8628440974261598,-17.242951078943097,1.6516664421323612,-21.19369221265533,-9.772509615238338,-11.78276998326693,2.2936607092389996,-16.83018094969632,-2.672119285837148,3.7236305882309217,1.3008956464324009,1.147254300843903,11.81861675530935,350,162.1895284025774,105.02208248225357,9,0.8819392286305363,-6,2.253827051712139,11,3.1692526122992186,0,1.7993166337222077,66.094,66.094,66.094,379.664,379.664,379.664,25.06,25.06,25.06,26.24,26.24,26.24,0.4877281188964844,0.4877281188964844,0.4877281188964844,0.0,123,121.47731755424064,121,395,370.49528818759586,357,314,298.980714442253,268,334,318.95770326539554,289,254,240.86587771203156,224,411,390.934472934473,375,386,368.2531229454307,353,59,55.42713127328512,54,3980,3510.7959675651987,2823
Thoai_Son,10.332664,105.264027,WS,T,4.0,6400,2022-04-13,21.33,81.05,28.37,33.04,24.71,2.28,10.332664,105.264027,24.795377031149727,8.329999999999998,0.7318738473889385,19.827096774193546,13.91,23.06,2.056793924703997,81.51387096774191,75.99,87.54,2.6707576277025455,28.03193548387096,26.71,29.68,0.6562671532865486,32.16709677419355,29.09,34.19,1.1725879664323067,24.74096774193549,23.23,26.08,0.7144379917954444,1.9222580645161291,1.07,2.83,0.5030917935700643,24.55211244592468,23.45507529294824,25.37939711490254,0.4601753959938378,7.426129032258065,4.100000000000001,9.219999999999999,1.3248436972187903,0.7032617809904468,0.4539761277216749,1.000209663814001,0.12326149258240529,2299.5977301387134,2299.5977301387134,0.1255519120731537,159.62421185372,159.62421185372,147,211,512.7452711223203,512.7452711223203,458,586,20.379571248423705,20.379571248423705,17,25,0.3715754860052465,,,,,,0.42225635056470456,,,,0.3099721651600926,,,,1.0490742471062795,,,,1.7823909005748557,,,,0.38878069827990663,0.19223097147735793,0.0706784911408312,1.3285175638237712,-20.480522819009053,2.501734329595898,-27.845211883446773,-12.218821422459634,-10.309393600968155,1.5335584571466725,-15.788863877965696,-3.5810676363934846,11.924080131992097,6.347907744051253,2.0108747591466565,55.59430380353984,346,155.19629733335535,108.70326924083481,8,2.082565513152044,-4,1.6269600535241817,8,2.276803979378388,0,1.3517301149318062,139.44,139.44,139.44,14.169,14.169,14.169,29.46,29.46,29.46,29.74,29.74,29.74,0.2850030263264974,0.2850030263264974,0.2850030263264974,125.271,126,124.34969325153374,123,382,369.40950920245393,356,304,283.896801051709,261,337,311.5968448729185,286,225,210.3074057843996,202,391,374.47326906222617,346,443,415.1093339176162,392,61,57.56945661700262,55,3600,3274.993645924628,2972
Thoai_Son,10.334417,105.375498,SA,D,3.0,6000,2022-07-12,11.11,94.19,26.0,27.4,24.96,3.54,10.334417,105.375498,24.98995440418559,2.4399999999999977,0.1952996540418091,16.540967741935482,6.87,23.62,4.150304578670536,90.28193548387097,81.27,94.19,2.8630081398314076,26.95064516129032,25.66,27.84,0.558159044763032,29.670322580645166,26.96,31.63,1.1254862286054135,24.798709677419353,23.29,25.36,0.43227635974763906,2.4070967741935485,0.86,3.69,0.8010605613140743,25.20859539611094,24.130094953000818,25.85569627986475,0.42849442648557595,4.871612903225807,2.4399999999999977,8.34,1.256939695666894,0.3479853257929781,0.1952996540418091,0.6932754681442975,0.11201806735996692,4757.117721518987,4757.117721518987,0.5152899702217609,238.78481012658227,238.78481012658227,205,281,525.6392405063291,525.6392405063291,432,549,42.64810126582278,42.64810126582278,25,58,0.39153514182447713,,,,,,0.44771152292448735,,,,0.32552926002615856,,,,1.1215282501915862,,,,1.8684613685014342,,,,0.7072640252865665,0.216330922168284,0.21533771713855246,1.9602763817507125,-16.558476261000923,1.856163813762697,-23.645304079021805,-11.132102627327686,-9.687783867426234,1.8611310370300924,-16.307807665306534,-1.6717485612540108,5.215803736976769,2.02612671737036,1.0405285893551506,17.575473229459018,354,165.46643322550673,103.20375517025651,24,2.7355109462602205,-10,3.661986553392562,23,4.461185740544316,0,2.8280700182164833,69.783,69.783,69.783,455.887,455.887,455.887,25.21,25.21,25.21,26.36,26.36,26.36,0.4216988881429036,0.4216988881429036,0.4216988881429036,0.0,126,123.23213502849626,121,385,365.60420775805386,338,299,273.0784571553802,249,332,303.5733070348455,279,222,206.09007232084147,189,427,411.16721455182994,397,401,382.7148805610344,369,60,56.36445321060707,55,3380,2983.8807801884723,2581
Thoai_Son,10.335158,105.395026,WS,D,2.2,7600,2022-03-18,16.65,64.88,30.31,37.21,24.47,0.68,10.335158,105.395026,22.947909756383066,12.740000000000002,1.5168666447013646,19.908709677419353,13.91,25.27,2.5579196965067754,72.65354838709676,60.66,86.5,7.801650589784065,28.863225806451617,27.19,30.47,1.0107052379619412,34.664838709677426,30.63,38.48,2.235441604590426,24.520967741935486,22.56,25.75,0.7036465151723951,1.9193548387096775,0.68,2.83,0.5399219506550622,23.350234244977916,21.12681833274576,24.806145378787576,1.0183582821884698,10.143870967741934,5.43,14.7,2.4553111325337618,1.1046005988873946,0.48813969021282255,1.6478924176167693,0.36608936320178753,0.4111584947590162,0.4111584947590162,0.4962834416180129,133.12101910828025,133.12101910828025,123,165,503.92611464968155,503.92611464968155,373,565,44.73248407643311,44.73248407643311,37,47,0.27584306272412157,0.27584306272412157,-0.004887772901289841,0.6212028481961075,-0.005952393693098161,0.8667604755899888,0.3001658016538943,0.3001658016538943,-0.012349093234525734,0.727854831696894,0.2353557286728506,0.2353557286728506,-0.1396415006495952,0.5922546983855959,0.7015633804563836,0.7015633804563836,-0.24506215431782652,2.9050227975192136,1.3695714340381182,1.3695714340381182,-0.13953576038162913,3.0179394006845794,0.8480485702078779,0.23757148775782802,0.1742400765025369,1.8359272885275308,-15.515857988359219,2.0509073866100684,-22.621998587726544,-8.29927292063361,-9.645068260646557,2.3832111427400617,-16.31822142805177,2.4320584030392913,4.158376627257332,1.767057220889221,1.1787355223681657,21.956831059137887,356,170.47768485060098,105.5808380581359,20,4.077421990032377,-12,3.6661849179295674,26,4.291939930760285,0,3.241640239221245,114.492,114.492,114.492,100.196,100.196,100.196,30.42,30.42,30.42,31.42,31.42,31.42,0.19748242696126303,0.19748242696126303,0.19748242696126303,14.296,125,122.60092044707427,120,388,367.97699890470983,358,302,274.27141292442496,258,333,291.6328587075575,277,213,187.79780941949613,181,425,408.49003285870754,377,420,403.7837897042717,387,59,55.9618838992333,55,3253,2694.717415115005,2516
Thoai_Son,10.337185,105.197822,SA,T,3.0,5600,2022-07-23,18.59,81.73,28.35,31.2,25.53,0.53,10.337185,105.197822,24.91620180634639,5.669999999999998,0.7047923609856878,16.657419354838712,6.87,23.62,3.736686446349903,89.3332258064516,79.44,93.35,3.1906459929357966,26.97451612903226,25.78,28.35,0.6488045518598401,29.36193548387097,26.92,31.62,1.2635061799632843,25.079032258064508,24.08,26.05,0.42438840121809357,2.378709677419355,0.53,3.86,0.8798267495712927,25.051531773859857,24.07069434896019,25.86766694000002,0.42900693825443115,4.282903225806452,1.9899999999999984,7.540000000000003,1.3301811507687826,0.3833593308887374,0.22659304192761506,0.7757972023291232,0.12942714793285082,6528.17528373266,6528.17528373266,0.6685855540951663,274.26355611601514,274.26355611601514,221,360,294.5422446406053,294.5422446406053,261,326,62.98234552332913,62.98234552332913,54,65,0.4432823976521122,,,,,,0.5137064142276281,,,,0.3658624689381813,,,,1.3093719618942325,,,,2.0916070260888597,,,,0.7036637392003969,0.16764384132986254,0.2509296331466881,1.4106680253592485,-16.821778827259386,1.0413314994254896,-19.999723655567877,-8.398001730598807,-9.996959631769048,1.0696632644421225,-13.19959956188605,-2.4692694413420773,5.02369744136817,1.5068442794572507,1.835536021298376,14.940723898726164,350,160.7742104448258,105.48846744167716,8,0.7953135654918188,-7,2.0523929329599477,9,2.7809768840777846,0,1.6060884060515237,,,,,,,,,,,,,,,,,125,122.53242769500437,121,403,375.24370483906273,359,318,294.09152616597316,281,340,324.27085614188735,312,267,248.76987081234944,233,405,367.5139040945916,347,395,383.7470987519158,359,58,56.49551127654915,56,3657,3331.109918984015,2953
Thoai_Son,10.33791,105.357013,WS,T,2.0,7200,2022-04-12,21.59,81.83,28.06,32.48,24.31,1.75,10.33791,105.357013,24.65413626352178,8.169999999999998,0.6892164148475988,19.84096774193548,13.91,23.06,2.0541010981789727,81.22225806451614,75.46,86.78,2.8685364478698117,27.973870967741938,26.95,29.63,0.6326272786351037,32.39193548387097,30.27,34.53,1.2250145999257385,24.430967741935476,22.98,25.33,0.5689795893992731,1.7996774193548384,0.95,2.83,0.46814998886121917,24.43402880242561,23.612946047578802,25.30876125962539,0.41066687700400584,7.960967741935485,5.050000000000001,10.030000000000001,1.3457396451423298,0.7122117193934456,0.48813969021282255,0.9940148112569367,0.13129221498418933,4800.882202304738,4800.882202304738,0.5042770462869635,126.60819462227913,126.60819462227913,102,159,434.20358514724705,434.20358514724705,341,467,27.42381562099872,27.42381562099872,15,34,0.37009699298159976,,,,,,0.42037078224175767,,,,0.30881978776260627,,,,1.0437072839147754,,,,1.776015310358072,,,,0.6238556427139234,0.19702940778763137,0.10310250111819669,1.4667848578300422,-17.537573015920678,2.5027935357577324,-23.695939211482244,-9.879493817170614,-9.95726934075454,2.129839356999513,-15.1114322039228,0.24345636549906646,6.34043927702985,3.5161642101647432,1.7270529680253108,37.79634302386516,354,160.83298579198262,104.70329889132034,12,2.824114428401541,-9,2.4775145221812465,12,3.326448390932961,0,2.0917109603930064,,,,,,,,,,,,,,,,,124,122.06681270536691,121,382,369.9533610685353,355,305,283.4596014889426,267,330,316.8504488723452,290,216,207.30019706590764,187,376,359.7326472520255,348,454,432.8322750164224,418,60,56.89905846288595,56,3387,2958.2421721042265,2537
Thoai_Son,10.337977,105.288583,SA,T,2.1,5600,2022-07-20,6.87,92.59,26.64,28.64,25.02,2.61,10.337977,105.288583,25.335976457808076,3.620000000000001,0.25866298156386003,17.079032258064515,6.87,23.62,3.6662738004143356,89.25548387096772,79.44,93.35,3.1503782043407136,27.100322580645162,25.9,28.35,0.5991686922296418,29.538064516129033,26.92,31.62,1.1493796906405753,25.172903225806444,24.08,26.12,0.47685930533687654,2.3409677419354837,0.53,3.86,0.8526442923529118,25.16140586009696,24.07069434896019,25.902008550533132,0.4437840992158635,4.365161290322582,1.9899999999999984,7.540000000000003,1.2650841383920832,0.38848028766838494,0.22659304192761506,0.7757972023291232,0.12688979579822315,4157.4548919949175,4157.4548919949175,0.40515027148037924,262.856416772554,262.856416772554,249,294,437.70648030495556,437.70648030495556,277,541,32.55019059720457,32.55019059720457,31,35,0.4188872627619414,,,,,,0.48259453689900456,,,,0.3468482418796563,,,,1.2208170692344136,,,,1.9864097875119306,,,,0.8826362738306484,0.20623683032100684,0.18768477132933126,1.8400175747975949,-16.204996421525326,1.7496963236391234,-21.529576926796693,3.1769334058848315,-10.61351406245797,1.9881525056793992,-15.577108623681417,6.177816552446414,3.8012654780707544,1.256776946199078,1.1738922795017361,20.31233115861693,350,163.68347767079186,107.49015386895553,12,2.8793988885631334,-7,2.4845154351737766,13,3.029551571131626,0,1.7964461228698725,,,,,,,,,,,,,,,,,128,125.0258545135846,122,375,358.1628671635249,342,281,258.191363437089,235,332,298.63217886891726,278,236,225.5046032441912,209,406,387.392371766769,368,402,387.02959228408605,374,59,55.23958790004386,55,3684,3249.501972818939,2681
Thoai_Son,10.339092,105.325101,WS,T,1.5,6640,2022-04-12,21.59,81.83,28.06,32.48,24.31,1.75,10.339092,105.325101,24.65413626352178,8.169999999999998,0.6892164148475988,19.84096774193548,13.91,23.06,2.0541010981789727,81.22225806451614,75.46,86.78,2.8685364478698117,27.973870967741938,26.95,29.63,0.6326272786351037,32.39193548387097,30.27,34.53,1.2250145999257385,24.430967741935476,22.98,25.33,0.5689795893992731,1.7996774193548384,0.95,2.83,0.46814998886121917,24.43402880242561,23.612946047578802,25.30876125962539,0.41066687700400584,7.960967741935485,5.050000000000001,10.030000000000001,1.3457396451423298,0.7122117193934456,0.48813969021282255,0.9940148112569367,0.13129221498418933,2901.72010178117,2901.72010178117,0.18037899796819418,145.2417302798982,145.2417302798982,117,157,387.9847328244274,387.9847328244274,317,456,24.75445292620865,24.75445292620865,20,33,0.3697273697256881,,,,,,0.41989939016102096,,,,0.3085316934132347,,,,1.0423655431168992,,,,1.7744214128038762,,,,0.6936532057550778,0.17516474649522187,0.2082009735471785,1.3789425388147267,-17.543076950984133,2.567507748325111,-27.08494524534013,-7.064816316250873,-10.619424385658107,2.444353793968111,-20.45113560492062,5.53880923165281,5.193924622137627,1.8080650024146847,1.9007735184079604,18.21220603271385,353,159.06802998959054,106.79333682372295,10,3.2317670931442923,-3,2.230559646661793,9,3.0781132647279694,0,1.7562589780346298,126.609,126.609,126.609,14.694,14.694,14.694,28.5,28.5,28.5,29.13,29.13,29.13,0.3063367207845052,0.3063367207845052,0.3063367207845052,111.915,126,123.29382120946542,121,387,361.7333479404032,342,287,269.5184049079754,248,320,294.2416739702016,269,236,216.12335670464503,209,417,401.46187554776503,381,404,382.4699824715163,374,59,56.638255915863276,55,3270,2923.037686240141,2593
Thoai_Son,10.339092,105.325101,SA,T,1.5,5600,2022-07-20,6.87,92.96,26.47,28.83,24.61,2.26,10.339092,105.325101,25.234797351114793,4.219999999999999,0.24330033151965255,17.079032258064515,6.87,23.62,3.6662738004143356,90.05032258064514,81.27,94.19,2.9039777879171047,26.910322580645154,25.66,27.84,0.5526912681391041,29.711612903225813,26.96,31.63,1.1492131860234986,24.632580645161294,23.29,25.41,0.4348597678446543,2.2570967741935477,0.86,3.69,0.786048482245979,25.12529610008162,24.130094953000818,25.85569627986475,0.41916892260614896,5.079032258064518,2.4399999999999977,8.34,1.3314928678081355,0.35543231253676644,0.1952996540418091,0.6932754681442975,0.1134336443522716,5485.9631043257,5485.9631043257,0.5751577266229582,251.04325699745544,251.04325699745544,244,256,387.9847328244274,387.9847328244274,317,456,64.44656488549619,64.44656488549619,55,69,0.41925688601785305,,,,,,0.4830659289797413,,,,0.34713633622902784,,,,1.2221588100322895,,,,1.9880036850661265,,,,0.875503064156438,0.2285886079356077,0.2334271468544219,2.021225254259589,-16.434556466774513,2.0445475002679148,-27.244294582859766,-9.664589233414048,-10.770956327854906,2.3706622946273774,-21.080120358657627,0.9215577502926171,3.90806395215637,1.4185270638280205,0.9789976359984037,16.135967490938924,353,159.06802998959054,106.79333682372295,10,3.2317670931442923,-3,2.230559646661793,9,3.0781132647279694,0,1.7562589780346298,52.989,52.989,52.989,347.64,347.64,347.64,25.66,25.66,25.66,26.71,26.71,26.71,0.4198131561279297,0.4198131561279297,0.4198131561279297,0.0,126,123.29382120946542,121,387,361.7333479404032,342,287,269.5184049079754,248,320,294.2416739702016,269,236,216.12335670464503,209,417,401.46187554776503,381,404,382.4699824715163,374,59,56.638255915863276,55,3270,2923.037686240141,2593
Thoai_Son,10.340626,105.172116,WS,T,3.0,7200,2022-04-12,21.59,80.47,28.25,32.54,24.97,2.09,10.340626,105.172116,24.55819484380857,7.57,0.7490345980684868,19.84096774193548,13.91,23.06,2.0541010981789727,81.34870967741932,75.99,87.54,2.7662210649600905,28.04548387096774,26.71,29.68,0.6736124984937194,32.174838709677424,29.09,34.19,1.178771561134841,24.727419354838716,23.23,25.96,0.6925640426514919,1.8900000000000001,1.07,2.83,0.5223520009564678,24.53048136343193,23.45507529294824,25.345762139075116,0.4358995080669784,7.4474193548387095,4.100000000000001,9.219999999999999,1.3216777405812548,0.7104642583457828,0.4539761277216749,1.000209663814001,0.12875196485454118,3827.1488549618325,3827.1488549618325,0.26875311735712104,188.2442748091603,188.2442748091603,161,224,138.38676844783714,138.38676844783714,66,285,48.26208651399491,48.26208651399491,40,57,0.36935774646977637,,,,,,0.4194279980802842,,,,0.3082435990638631,,,,1.0410238023190233,,,,1.7728275152496802,,,,0.8297843618611173,0.20269605884335504,0.29865742654193445,1.732940489216536,-16.818387770642598,1.4376860655749526,-20.425496339226008,-9.71952455008024,-10.876488949633707,1.5212890276827982,-15.273849458608698,-2.644380567171268,4.121522205079632,1.3113317311522683,1.3082154435715236,12.393271502787696,352,158.6289922485729,104.8399509234393,10,0.8580167810328873,-10,2.283944585810831,14,3.033021804801075,0,1.7887179670476805,123.092,123.092,123.092,24.692,24.692,24.692,28.41,28.41,28.41,29.03,29.03,29.03,0.41900889078776044,0.41900889078776044,0.41900889078776044,98.4,125,122.80600613765894,121,409,378.05390008764255,362,309,293.94741454864163,285,333,324.35166520595965,306,269,260.148773006135,249,393,363.5287028921999,345,388,376.1130587204208,358,59,57.167835232252415,55,3768,3243.761831726556,2937
Thoai_Son,10.342217,105.346028,WS,T,3.0,7600,2022-04-12,21.59,81.83,28.06,32.48,24.31,1.75,10.342217,105.346028,24.65413626352178,8.169999999999998,0.6892164148475988,19.84096774193548,13.91,23.06,2.0541010981789727,81.22225806451614,75.46,86.78,2.8685364478698117,27.973870967741938,26.95,29.63,0.6326272786351037,32.39193548387097,30.27,34.53,1.2250145999257385,24.430967741935476,22.98,25.33,0.5689795893992731,1.7996774193548384,0.95,2.83,0.46814998886121917,24.43402880242561,23.612946047578802,25.30876125962539,0.41066687700400584,7.960967741935485,5.050000000000001,10.030000000000001,1.3457396451423298,0.7122117193934456,0.48813969021282255,0.9940148112569367,0.13129221498418933,3821.564943253468,3821.564943253468,0.37906696374706245,147.36822194199243,147.36822194199243,132,168,203.24590163934428,203.24590163934428,54,426,34.62925598991173,34.62925598991173,20,43,0.3689881232138647,,,,,,0.4189566059995475,,,,0.3079555047144915,,,,1.0396820615211473,,,,1.7712336176954844,,,,0.7545644808380622,0.19777717627351366,0.267620286652326,2.0572206728756104,-15.732419839395014,2.127278504041985,-24.662247138126602,-6.719769118611833,-9.25989472127517,2.1182842478262076,-17.461878967928484,0.7871154792339483,4.67127160343381,1.534712879425669,0.9443708945471305,13.946550016951916,355,168.5004397740189,104.0453956645603,12,3.9010854347503865,-8,2.97218339017909,13,3.6295060365984244,0,2.2641603146615075,126.609,126.609,126.609,14.694,14.694,14.694,28.5,28.5,28.5,29.13,29.13,29.13,0.3063367207845052,0.3063367207845052,0.3063367207845052,111.915,126,123.81792287467135,122,379,363.75640183847685,345,308,282.02013569708913,258,322,293.43751367914217,272,235,219.70868899102655,202,381,370.1453272050777,357,431,410.1847231341651,396,59,56.35390676296785,55,3022,2705.0332676734524,2477
Thoai_Son,10.342217,105.346028,SA,T,3.0,5600,2022-07-20,6.87,92.96,26.47,28.83,24.61,2.26,10.342217,105.346028,25.234797351114793,4.219999999999999,0.24330033151965255,17.079032258064515,6.87,23.62,3.6662738004143356,90.05032258064514,81.27,94.19,2.9039777879171047,26.910322580645154,25.66,27.84,0.5526912681391041,29.711612903225813,26.96,31.63,1.1492131860234986,24.632580645161294,23.29,25.41,0.4348597678446543,2.2570967741935477,0.86,3.69,0.786048482245979,25.12529610008162,24.130094953000818,25.85569627986475,0.41916892260614896,5.079032258064518,2.4399999999999977,8.34,1.3314928678081355,0.35543231253676644,0.1952996540418091,0.6932754681442975,0.1134336443522716,6247.041614123583,6247.041614123583,0.8266892180998816,246.67591424968478,246.67591424968478,238,259,203.24590163934428,203.24590163934428,54,426,37.68095838587642,37.68095838587642,19,42,0.41962650927376477,,,,,,0.48353732106047803,,,,0.34742443057839945,,,,1.2235005508301655,,,,1.9895975826203225,,,,0.7947240380625363,0.21264403435227827,0.1583876838367832,2.2192887149643727,-15.382267047164861,1.5114963929049958,-21.940179871512374,-7.822737585582528,-9.179187619782429,2.09901992178346,-15.380635209126488,1.142569212598519,4.424963396429378,1.6730224201684814,0.8023792817169415,24.254488878831996,355,168.5004397740189,104.0453956645603,12,3.9010854347503865,-8,2.97218339017909,13,3.6295060365984244,0,2.2641603146615075,52.989,52.989,52.989,347.64,347.64,347.64,25.66,25.66,25.66,26.71,26.71,26.71,0.4198131561279297,0.4198131561279297,0.4198131561279297,0.0,126,123.81792287467135,122,379,363.75640183847685,345,308,282.02013569708913,258,322,293.43751367914217,272,235,219.70868899102655,202,381,370.1453272050777,357,431,410.1847231341651,396,59,56.35390676296785,55,3022,2705.0332676734524,2477
Thoai_Son,10.342299,105.365285,WS,T,4.0,6640,2022-04-12,21.59,81.83,28.06,32.48,24.31,1.75,10.342299,105.365285,24.65413626352178,8.169999999999998,0.6892164148475988,19.84096774193548,13.91,23.06,2.0541010981789727,81.22225806451614,75.46,86.78,2.8685364478698117,27.973870967741938,26.95,29.63,0.6326272786351037,32.39193548387097,30.27,34.53,1.2250145999257385,24.430967741935476,22.98,25.33,0.5689795893992731,1.7996774193548384,0.95,2.83,0.46814998886121917,24.43402880242561,23.612946047578802,25.30876125962539,0.41066687700400584,7.960967741935485,5.050000000000001,10.030000000000001,1.3457396451423298,0.7122117193934456,0.48813969021282255,0.9940148112569367,0.13129221498418933,4741.492385786802,4741.492385786802,0.5048680198847446,128.79822335025383,128.79822335025383,102,151,357.72842639593915,357.72842639593915,258,459,31.177664974619287,31.177664974619287,15,39,0.36861849995795304,,,,,,0.4184852139188108,,,,0.3076674103651199,,,,1.0383403207232713,,,,1.7696397201412886,,,,0.6218590957743656,0.17788229518143883,0.1144180086264109,1.2508750410555811,-17.372066386847965,2.433267481637068,-24.25961228696379,-10.488456943614246,-9.831244216937902,1.7890692355618931,-16.718001161681972,-3.4885703865464577,6.097060988731829,2.594256472804054,2.1977614619478727,33.95953170326972,355,169.64859167223898,103.9398043125003,17,3.953087582801636,-4,3.2735919623430596,15,3.8118891783903783,0,2.2449815902586714,126.609,126.609,126.609,14.694,14.694,14.694,28.5,28.5,28.5,29.13,29.13,29.13,0.3063367207845052,0.3063367207845052,0.3063367207845052,111.915,125,122.59657969743483,119,388,358.9316239316239,337,297,266.95375849222,234,324,294.09226386149464,270,266,213.17006355467888,196,412,374.6114398422091,353,435,412.1917598071444,372,60,56.59763313609468,55,3438,2840.6283147052377,2525
Thoai_Son,10.342299,105.365285,SA,T,4.0,6000,2022-07-20,6.87,92.96,26.47,28.83,24.61,2.26,10.342299,105.365285,25.234797351114793,4.219999999999999,0.24330033151965255,17.079032258064515,6.87,23.62,3.6662738004143356,90.05032258064514,81.27,94.19,2.9039777879171047,26.910322580645154,25.66,27.84,0.5526912681391041,29.711612903225813,26.96,31.63,1.1492131860234986,24.632580645161294,23.29,25.41,0.4348597678446543,2.2570967741935477,0.86,3.69,0.786048482245979,25.12529610008162,24.130094953000818,25.85569627986475,0.41916892260614896,5.079032258064518,2.4399999999999977,8.34,1.3314928678081355,0.35543231253676644,0.1952996540418091,0.6932754681442975,0.1134336443522716,4911.4733502538065,4911.4733502538065,0.5302799355685239,236.96700507614216,236.96700507614216,227,247,357.72842639593915,357.72842639593915,258,459,38.26522842639594,38.26522842639594,31,42,0.41999613252967644,,,,,,0.48400871314121474,,,,0.34771252492777105,,,,1.2248422916280417,,,,1.9911914801745183,,,,0.8588790263414363,0.20054324947634375,0.2978053072723241,1.834498802618827,-15.70134747213438,1.4317195087447223,-24.67873993941157,-9.994983544351125,-9.961339513130149,1.6451089225204367,-18.02508238261789,-0.023196646718755893,3.9198976624679087,1.1985890809425814,1.18043205822202,12.43159407277538,355,169.64859167223898,103.9398043125003,17,3.953087582801636,-4,3.2735919623430596,15,3.8118891783903783,0,2.2449815902586714,52.989,52.989,52.989,347.64,347.64,347.64,25.66,25.66,25.66,26.71,26.71,26.71,0.4198131561279297,0.4198131561279297,0.4198131561279297,0.0,125,122.59657969743483,119,388,358.9316239316239,337,297,266.95375849222,234,324,294.09226386149464,270,266,213.17006355467888,196,412,374.6114398422091,353,435,412.1917598071444,372,60,56.59763313609468,55,3438,2840.6283147052377,2525
Thoai_Son,10.342809,105.315657,WS,T,3.0,6640,2022-04-12,21.59,81.83,28.06,32.48,24.31,1.75,10.342809,105.315657,24.65413626352178,8.169999999999998,0.6892164148475988,19.84096774193548,13.91,23.06,2.0541010981789727,81.22225806451614,75.46,86.78,2.8685364478698117,27.973870967741938,26.95,29.63,0.6326272786351037,32.39193548387097,30.27,34.53,1.2250145999257385,24.430967741935476,22.98,25.33,0.5689795893992731,1.7996774193548384,0.95,2.83,0.46814998886121917,24.43402880242561,23.612946047578802,25.30876125962539,0.41066687700400584,7.960967741935485,5.050000000000001,10.030000000000001,1.3457396451423298,0.7122117193934456,0.48813969021282255,0.9940148112569367,0.13129221498418933,2814.407828282828,2814.407828282828,0.1351745753111008,136.08333333333334,136.08333333333334,128,156,395.4911616161616,395.4911616161616,339,480,27.6729797979798,27.6729797979798,23,38,0.3682488767020413,,,,,,0.41801382183807406,,,,0.3073793160157483,,,,1.0369985799253951,,,,1.7680458225870925,,,,0.7929308328229999,0.18628500639675416,0.35372540040568456,1.7608505020178653,-17.779881324685945,2.233142923631801,-23.78947119497295,-11.661498731230987,-11.60089444777396,2.3188295321317316,-17.95041785862784,-5.24646725386307,4.32816402524493,1.2824063998492163,1.2716295309659493,10.308206861628921,352,160.97251952655319,106.70663940647759,11,2.6234101218535977,-4,2.349626061820367,12,3.0567694796103595,0,1.9150081555512144,126.609,126.609,126.609,14.694,14.694,14.694,28.5,28.5,28.5,29.13,29.13,29.13,0.3063367207845052,0.3063367207845052,0.3063367207845052,111.915,126,123.98026315789473,122,395,364.99539776462865,336,315,285.5474468551392,252,328,304.22989261450806,272,237,216.2509314047776,199,408,388.387245233399,355,416,395.42033749726073,379,59,55.9467455621302,54,3596,3024.3925049309673,2656
Thoai_Son,10.34297,105.382435,WS,D,1.87,7200,2022-03-28,19.65,77.37,28.8,33.86,25.0,1.3,10.34297,105.382435,24.43377241042045,8.86,0.8960603380673319,19.941935483870967,13.91,25.27,2.446841834606317,77.38387096774194,61.89,86.5,7.182893961403721,28.367096774193545,26.95,30.47,1.1408717480389567,33.32032258064516,30.27,38.48,2.3004816941184263,24.584838709677417,22.98,25.75,0.6359390869985335,1.8303225806451615,0.68,2.83,0.5458788939952427,23.93815463889834,22.18822299967497,24.806145378787576,0.6554457933461104,8.735483870967744,5.43,13.309999999999999,2.0758625703620597,0.8930487321189048,0.48813969021282255,1.6478924176167693,0.35094767833639057,3764.7999999999993,3764.7999999999993,0.3390170324229263,93.28461538461539,93.28461538461539,72,100,449.1243589743589,449.1243589743589,410,526,32.66025641025641,32.66025641025641,23,39,0.3176104906421413,,,,,,0.35343310677714357,,,,0.26791039015184037,,,,0.8531800906163768,,,,1.5496818576622546,,,,0.6184319845886307,0.22510232062913738,0.10333478338183587,1.6631652446157277,-16.933994998673636,3.523591534912616,-26.698238972844642,-6.366516017936106,-9.193556568713694,2.7651035444480163,-20.666469840061232,3.3121110784986127,6.91865096265525,4.568756347869048,1.4050526626560158,37.70913422462468,356,167.63575035492775,104.05546867346051,14,3.7525651963384004,-9,2.812451566844012,14,3.393987805641293,0,2.008540019832642,119.293,119.293,119.293,110.425,110.425,110.425,29.33,29.33,29.33,30.18,30.18,30.18,0.34681129455566406,0.34681129455566406,0.34681129455566406,8.869,124,121.90600350569673,119,393,370.44753559693316,351,291,271.1969331872947,242,325,288.34742606790803,275,222,209.4199342825849,189,425,407.1945235487404,394,396,383.41161007667023,368,60,56.09682365826944,55,3305,2756.7610076670317,2559
Thoai_Son,10.34297,105.382435,SA,D,1.87,6400,2022-07-12,11.11,94.19,26.0,27.4,24.96,3.54,10.34297,105.382435,24.98995440418559,2.4399999999999977,0.1952996540418091,16.540967741935482,6.87,23.62,4.150304578670536,90.28193548387097,81.27,94.19,2.8630081398314076,26.95064516129032,25.66,27.84,0.558159044763032,29.670322580645166,26.96,31.63,1.1254862286054135,24.798709677419353,23.29,25.36,0.43227635974763906,2.4070967741935485,0.86,3.69,0.8010605613140743,25.20859539611094,24.130094953000818,25.85569627986475,0.42849442648557595,4.871612903225807,2.4399999999999977,8.34,1.256939695666894,0.3479853257929781,0.1952996540418091,0.6932754681442975,0.11201806735996692,5152.743589743589,5152.743589743589,0.5389630916195788,207.93461538461537,207.93461538461537,204,220,449.1243589743589,449.1243589743589,410,526,46.71282051282051,46.71282051282051,32,50,0.38968702554491874,,,,,,0.44535456252080374,,,,0.3240887882793006,,,,1.114819546202206,,,,1.8604918807304547,,,,0.7221812454185508,0.2475218009920037,0.09442008743060658,2.615821064767017,-16.655146524401356,3.73695944097274,-27.692837599983704,-4.828269251041678,-9.83670274908224,3.5364943178819948,-22.83436827629327,3.128415168437071,5.302676616231689,2.6642575542215248,0.5291565825647433,41.36386672422617,356,167.63575035492775,104.05546867346051,14,3.7525651963384004,-9,2.812451566844012,14,3.393987805641293,0,2.008540019832642,69.783,69.783,69.783,455.887,455.887,455.887,25.21,25.21,25.21,26.36,26.36,26.36,0.4216988881429036,0.4216988881429036,0.4216988881429036,0.0,124,121.90600350569673,119,393,370.44753559693316,351,291,271.1969331872947,242,325,288.34742606790803,275,222,209.4199342825849,189,425,407.1945235487404,394,396,383.41161007667023,368,60,56.09682365826944,55,3305,2756.7610076670317,2559
Thoai_Son,10.345924,105.270456,WS,T,1.5,7200,2022-04-12,21.59,80.47,28.25,32.54,24.97,2.09,10.345924,105.270456,24.55819484380857,7.57,0.7490345980684868,19.84096774193548,13.91,23.06,2.0541010981789727,81.34870967741932,75.99,87.54,2.7662210649600905,28.04548387096774,26.71,29.68,0.6736124984937194,32.174838709677424,29.09,34.19,1.178771561134841,24.727419354838716,23.23,25.96,0.6925640426514919,1.8900000000000001,1.07,2.83,0.5223520009564678,24.53048136343193,23.45507529294824,25.345762139075116,0.4358995080669784,7.4474193548387095,4.100000000000001,9.219999999999999,1.3216777405812548,0.7104642583457828,0.4539761277216749,1.000209663814001,0.12875196485454118,2587.3388116308474,2587.3388116308474,0.11190803380190398,163.51580278128952,163.51580278128952,151,181,607.4032869785083,607.4032869785083,478,659,24.735777496839443,24.735777496839443,16,27,0.3671400069343063,,,,,,0.41659964559586393,,,,0.30651503296763355,,,,1.032973357531767,,,,1.7632641299245049,,,,0.4459949064531833,0.16684221104032534,0.08899458113000837,1.3544970791023945,-20.447955863225737,2.0638484627357676,-27.12847559925621,-13.692907757464262,-11.134370180261527,1.669799002200991,-17.111892422425512,-6.719988890263249,9.370351956944937,4.311035467756012,1.953125600426353,43.94655684885546,356,164.21484851080072,105.02891847557478,26,2.8841547370432092,-12,4.43487757783098,24,5.8551547172794525,0,3.3923487318472203,124.936,124.936,124.936,19.468,19.468,19.468,28.45,28.45,28.45,28.99,28.99,28.99,0.300387700398763,0.300387700398763,0.300387700398763,105.468,128,124.4165571616295,122,379,356.9498357064623,336,291,276.52092004381166,250,337,306.18576122672516,274,230,214.85235487404168,206,400,386.05125958378983,367,417,399.0346111719606,384,61,57.83483023001097,56,3670,3233.1136911281496,2853
Thoai_Son,10.345924,105.270456,SA,T,1.5,5200,2022-07-20,6.87,92.59,26.64,28.64,25.02,2.61,10.345924,105.270456,25.335976457808076,3.620000000000001,0.25866298156386003,17.079032258064515,6.87,23.62,3.6662738004143356,89.25548387096772,79.44,93.35,3.1503782043407136,27.100322580645162,25.9,28.35,0.5991686922296418,29.538064516129033,26.92,31.62,1.1493796906405753,25.172903225806444,24.08,26.12,0.47685930533687654,2.3409677419354837,0.53,3.86,0.8526442923529118,25.16140586009696,24.07069434896019,25.902008550533132,0.4437840992158635,4.365161290322582,1.9899999999999984,7.540000000000003,1.2650841383920832,0.38848028766838494,0.22659304192761506,0.7757972023291232,0.12688979579822315,4918.666245259166,4918.666245259166,0.4425963843258394,269.7661188369153,269.7661188369153,232,317,607.4032869785083,607.4032869785083,478,659,48.151706700379265,48.151706700379265,36,62,0.4203657557855881,,,,,,0.48448010522195145,,,,0.34800061927714265,,,,1.2261840324259177,,,,1.9927853777287141,,,,0.8626911678190987,0.20976067647896193,0.27615270049038937,1.738217790494962,-17.522795032861495,1.3030557434212058,-22.764884590447384,-13.030023448029409,-11.794536134755182,1.5784431940778267,-15.982962454357295,-5.927630899335008,3.9332692350501106,1.297861993276485,1.3012076057862632,13.484739757738518,356,164.21484851080072,105.02891847557478,26,2.8841547370432092,-12,4.43487757783098,24,5.8551547172794525,0,3.3923487318472203,52.961,52.961,52.961,369.626,369.626,369.626,25.59,25.59,25.59,26.71,26.71,26.71,0.42813682556152344,0.42813682556152344,0.42813682556152344,0.0,128,124.4165571616295,122,379,356.9498357064623,336,291,276.52092004381166,250,337,306.18576122672516,274,230,214.85235487404168,206,400,386.05125958378983,367,417,399.0346111719606,384,61,57.83483023001097,56,3670,3233.1136911281496,2853
Thoai_Son,10.346876,105.206507,WS,T,4.0,8000,2022-04-12,21.59,80.47,28.25,32.54,24.97,2.09,10.346876,105.206507,24.55819484380857,7.57,0.7490345980684868,19.84096774193548,13.91,23.06,2.0541010981789727,81.34870967741932,75.99,87.54,2.7662210649600905,28.04548387096774,26.71,29.68,0.6736124984937194,32.174838709677424,29.09,34.19,1.178771561134841,24.727419354838716,23.23,25.96,0.6925640426514919,1.8900000000000001,1.07,2.83,0.5223520009564678,24.53048136343193,23.45507529294824,25.345762139075116,0.4358995080669784,7.4474193548387095,4.100000000000001,9.219999999999999,1.3216777405812548,0.7104642583457828,0.4539761277216749,1.000209663814001,0.12875196485454118,2676.78104993598,2676.78104993598,0.15066990531442767,208.5134443021767,208.5134443021767,172,266,223.94878361075544,223.94878361075544,66,325,45.039692701664535,45.039692701664535,27,50,0.3678792534461297,,,,,,0.41754242975733735,,,,0.3070912216663767,,,,1.0356568391275192,,,,1.7664519250328967,,,,0.7239353680348729,0.22421782267992627,0.19949199166617218,1.5420572315258918,-18.43307340916621,1.7556755701695865,-24.137206932120503,-13.939954209205053,-11.6691964999671,1.673703061337454,-18.04196255625154,-7.115506626705169,5.1391251149405175,2.2162342826377066,1.5939374481204776,19.05093019820845,354,156.9831964607483,107.30307004435727,9,0.486512038528562,-6,1.804724904210564,10,2.510816393086206,0,1.6100176172825347,124.936,124.936,124.936,19.468,19.468,19.468,28.45,28.45,28.45,28.99,28.99,28.99,0.300387700398763,0.300387700398763,0.300387700398763,105.468,123,121.14050854888205,120,392,375.3205521472393,362,309,294.37708150744965,277,340,328.4798422436461,306,270,256.37269938650314,240,398,373.84158632778275,346,396,369.65425065731824,346,58,56.50087642418931,56,3606,3249.9855390008775,3013
Thoai_Son,10.346876,105.206507,SA,T,4.0,5600,2022-07-23,18.59,81.73,28.35,31.2,25.53,0.53,10.346876,105.206507,24.91620180634639,5.669999999999998,0.7047923609856878,16.657419354838712,6.87,23.62,3.736686446349903,89.3332258064516,79.44,93.35,3.1906459929357966,26.97451612903226,25.78,28.35,0.6488045518598401,29.36193548387097,26.92,31.62,1.2635061799632843,25.079032258064508,24.08,26.05,0.42438840121809357,2.378709677419355,0.53,3.86,0.8798267495712927,25.051531773859857,24.07069434896019,25.86766694000002,0.42900693825443115,4.282903225806452,1.9899999999999984,7.540000000000003,1.3301811507687826,0.3833593308887374,0.22659304192761506,0.7757972023291232,0.12942714793285082,6249.816901408451,6249.816901408451,0.6344880473006974,251.91805377720874,251.91805377720874,190,360,223.94878361075544,223.94878361075544,66,325,61.55697823303458,61.55697823303458,45,77,0.4429127743962005,,,,,,0.5132350221468913,,,,0.3655743745888097,,,,1.3080302210963564,,,,2.0900131285346637,,,,0.7405944123290303,0.18704998271020604,0.25271199903976105,1.640886638938141,-16.931211316760496,1.1586241143165843,-24.202685276885823,-12.086782299408554,-10.363581878186242,1.1615756044894652,-15.593033916308098,-6.292750650814685,4.767422914829756,1.5635799010480045,1.4377064844580008,14.828294719676727,354,156.9831964607483,107.30307004435727,9,0.486512038528562,-6,1.804724904210564,10,2.510816393086206,0,1.6100176172825347,117.531,117.531,117.531,134.54,134.54,134.54,28.84,28.84,28.84,29.11,29.11,29.11,0.41229693094889325,0.41229693094889325,0.41229693094889325,0.0,123,121.14050854888205,120,392,375.3205521472393,362,309,294.37708150744965,277,340,328.4798422436461,306,270,256.37269938650314,240,398,373.84158632778275,346,396,369.65425065731824,346,58,56.50087642418931,56,3606,3249.9855390008775,3013
Thoai_Son,10.35091,105.142796,SA,T,1.97,5600,2022-07-12,11.11,93.35,26.23,27.43,25.44,3.86,10.35091,105.142796,25.067434110883738,1.9899999999999984,0.22659304192761506,16.540967741935482,6.87,23.62,4.150304578670536,89.39419354838711,79.44,93.35,3.1090635185758146,27.148709677419355,25.9,28.35,0.5866072045986076,29.53064516129032,26.92,31.62,1.118518419488321,25.30322580645161,24.08,26.12,0.4539389407339632,2.484516129032258,0.53,3.86,0.8744282508410204,25.235579275046547,24.07069434896019,25.902008550533132,0.44329034849891225,4.227419354838711,1.9899999999999984,7.540000000000003,1.2172946412008716,0.38445301131139525,0.22659304192761506,0.7757972023291232,0.12521493636607245,5525.008905852417,5525.008905852417,0.5095211410733392,298.4020356234097,298.4020356234097,259,343,419.9987277353691,419.9987277353691,117,560,57.558524173028005,57.558524173028005,45,89,0.39116551856856546,,,,,,0.44724013084375064,,,,0.32524116567678696,,,,1.12018650939371,,,,1.8668674709472382,,,,0.8609279952353814,0.24063057323740483,0.11501760033109798,2.0383387334081284,-17.092170009861157,1.6710816930581833,-22.515214463446934,-9.814603205086298,-11.309601084880725,2.2248052482871756,-17.135098790484182,1.0285880737453514,4.064360991537453,1.6848271054105692,0.9623823726844207,33.777286158686245,349,154.77551269129162,105.92134759942532,8,1.5426325948470652,-4,1.952251457031633,9,2.7283773724118388,0,1.5023182161021356,,,,,,,,,,,,,,,,,122,120.84719789842383,119,388,375.6874726237407,358,311,296.2330267192291,284,310,299.2593079281648,283,241,223.91020586947,215,420,397.94174332019276,382,401,377.82785808147173,354,60,55.770258431887875,55,3647,3383.245072273325,2954
Chau_Thanh,10.354744,105.336739,SA,T,1.6,5500,2022-08-04,17.41,88.39,26.9,30.33,23.88,2.25,10.354744,105.336739,24.811799312081405,6.449999999999999,0.41151374148092884,16.987419354838714,6.73,23.62,4.185543451623915,89.26322580645164,81.27,93.09,2.717885073286229,26.781290322580645,24.56,27.84,0.7419970521438873,29.779032258064515,26.96,31.63,1.345082692837998,24.29064516129032,22.77,25.41,0.538318382131897,2.13258064516129,0.86,3.41,0.7100066684917893,24.850985057037352,22.978376643113545,25.81221997293908,0.5200659696290821,5.4883870967741935,2.6700000000000017,8.34,1.419173082204162,0.3811771790818422,0.22683948783158558,0.6932754681442975,0.10927684525198861,2343.680769230769,2343.680769230769,0.1414653257503591,231.42948717948715,231.42948717948715,216,291,445.09743589743584,445.09743589743584,392,483,20.31282051282051,20.31282051282051,13,26,0.46730790928637134,,,,,,0.5443468994755147,,,,0.38458860164733466,,,,1.3965851137561756,,,,2.195210367111593,,,,0.48151020613579615,0.18170757273494267,0.13260349780408717,1.3620007060264854,-19.701703737532288,2.6882022213407324,-26.622442452863066,-10.871134109007585,-10.773251556638236,2.0481094860989866,-20.191836777138633,-4.802647990034538,8.527165773280672,3.643033425318412,1.9368560400160437,29.16511680491063,350,159.68564906767853,103.85308997960493,11,2.5570246082800567,-5,2.1736324736512986,11,2.9907970105106454,0,1.8073078885405363,108.76,108.76,108.76,150.556,150.556,150.556,28.12,28.12,28.12,28.77,28.77,28.77,0.41028086344401044,0.41028086344401044,0.41028086344401044,0.0,125,123.5549715286903,122,387,372.0859083936006,356,303,283.26999780845927,263,334,306.3368397983781,283,217,213.61319307473153,206,408,389.3793556870479,378,417,397.0284900284899,378,59,55.550295857988154,55,3424,3175.8025421871575,2770
Chau_Thanh,10.356519,105.30945,WS,T,5.0,7200,2022-04-10,19.36,82.44,27.81,31.8,24.75,1.74,10.356519,105.30945,24.534853223742125,7.050000000000001,0.6564479686942216,19.909354838709675,13.91,25.27,2.21220796940431,81.36967741935482,72.53,87.54,2.92292990863285,28.021612903225805,26.71,29.39,0.6336585870915009,32.13967741935485,29.09,34.49,1.15118868123896,24.706774193548394,23.23,25.96,0.6664997016032738,1.8893548387096775,1.1,2.83,0.5194347764567905,24.510502053587818,23.45507529294824,25.345762139075116,0.4496529651755884,7.432903225806452,4.100000000000001,9.55,1.3344618186645376,0.7085235262616059,0.4539761277216749,1.125403854694864,0.13341450826484239,3053.4592875318062,3053.4592875318062,0.2403958202908196,144.4300254452926,144.4300254452926,132,178,423.6081424936387,423.6081424936387,341,467,31.19338422391857,31.19338422391857,27,35,0.3486588441387224,,,,,,0.39303004155902793,,,,0.29211031549905403,,,,0.9658863176379646,,,,1.68356925221471,,,,0.5021108963616169,0.18010162877885394,0.10684527347664877,1.1899244990198363,-18.42467223290939,2.961636006277595,-26.384051970198897,-7.8600828013884225,-9.700900828250493,2.23590332226655,-15.96576269804528,4.109892073932654,8.236884123724519,4.066392106671068,2.3615578158907367,36.437313508062736,349,157.11183909295443,107.8337759451622,11,3.307175397507733,-4,2.6356994481836034,9,2.9700572173964606,0,1.6753382960353431,119.039,119.039,119.039,27.382,27.382,27.382,28.12,28.12,28.12,28.89,28.89,28.89,0.3352101643880208,0.3352101643880208,0.3352101643880208,91.657,127,123.83307121995058,122,394,372.8734622144113,356,300,280.2952548330404,255,327,298.0773286467487,275,228,213.3071177504394,208,409,395.79437609841835,382,411,391.30931458699473,369,58,55.491432337434105,55,3575,2872.6544376098423,2636
Thoai_Son,10.358094,105.189541,WS,T,2.0,7200,2022-04-12,21.59,80.47,28.25,32.54,24.97,2.09,10.358094,105.189541,24.55819484380857,7.57,0.7490345980684868,19.84096774193548,13.91,23.06,2.0541010981789727,81.34870967741932,75.99,87.54,2.7662210649600905,28.04548387096774,26.71,29.68,0.6736124984937194,32.174838709677424,29.09,34.19,1.178771561134841,24.727419354838716,23.23,25.96,0.6925640426514919,1.8900000000000001,1.07,2.83,0.5223520009564678,24.53048136343193,23.45507529294824,25.345762139075116,0.4358995080669784,7.4474193548387095,4.100000000000001,9.219999999999999,1.3216777405812548,0.7104642583457828,0.4539761277216749,1.000209663814001,0.12875196485454118,1907.6798975672218,1907.6798975672218,0.06546015364414041,167.82586427656852,167.82586427656852,153,303,207.93982074263766,207.93982074263766,158,246,49.29321382842511,49.29321382842511,23,60,0.367509630190218,,,,,,0.41707103767660064,,,,0.30680312731700515,,,,1.034315098329643,,,,1.764858027478701,,,,0.6989190711485151,0.19633923727110117,0.19230275145894452,1.4747599177074164,-18.41421564525237,2.212637151358578,-24.724881515711633,-8.777227361506878,-11.504596011665253,1.8628414394114734,-16.706946455095093,-1.8026707685824033,5.219269970121436,1.9261610347169529,1.7123058824504722,19.800534415930997,349,151.78553735885842,105.78725140129215,10,0.5793653407818282,-10,1.9512771203331276,13,2.5936013649718705,0,1.711434849769019,123.092,123.092,123.092,24.692,24.692,24.692,28.41,28.41,28.41,29.03,29.03,29.03,0.41900889078776044,0.41900889078776044,0.41900889078776044,98.4,123,121.3273483687322,120,391,367.35041611914147,352,308,288.3587385019711,279,336,325.76062198861143,304,263,247.05234340779677,226,388,359.7146298729742,329,414,393.05102934735,377,59,56.89925536574683,55,3884,3533.750109505037,3155
Thoai_Son,10.358094,105.189541,SA,T,2.0,5600,2022-07-21,8.15,90.62,25.9,26.92,24.77,1.78,10.358094,105.189541,24.243290214526592,2.150000000000002,0.3134439761808746,17.063870967741938,6.87,23.62,3.6601751037077843,89.2625806451613,79.44,93.35,3.151889313331983,27.071290322580648,25.9,28.35,0.606192463504433,29.50483870967742,26.92,31.62,1.1633568530480314,25.15451612903225,24.08,26.12,0.46706937185706277,2.3422580645161295,0.53,3.86,0.8531864738784584,25.13409494312,24.07069434896019,25.902008550533132,0.44417152818810385,4.3503225806451615,1.9899999999999984,7.540000000000003,1.2737080332659618,0.3876183886229789,0.22659304192761506,0.7757972023291232,0.12709387887860224,6260.903969270166,6260.903969270166,0.642808841098204,287.4647887323944,287.4647887323944,215,318,207.93982074263766,207.93982074263766,158,246,71.9641485275288,71.9641485275288,36,90,0.4395861650929954,,,,,,0.5089924934202609,,,,0.3629815254444654,,,,1.2959545539154722,,,,2.0756680505469007,,,,0.7980084732645448,0.1876929445093198,0.30521485317228597,1.8007128748865104,-17.137651736894476,1.548823374684112,-20.967647233774137,-4.083399711599209,-10.989448411320723,1.5751212288387246,-15.387153648698682,-2.0143861724196217,4.307289574825315,1.323471800681763,1.2213424781849795,12.10552208854037,349,151.78553735885842,105.78725140129215,10,0.5793653407818282,-10,1.9512771203331276,13,2.5936013649718705,0,1.711434849769019,56.374,56.374,56.374,176.857,176.857,176.857,24.91,24.91,24.91,26.17,26.17,26.17,0.491085688273112,0.491085688273112,0.491085688273112,0.0,123,121.3273483687322,120,391,367.35041611914147,352,308,288.3587385019711,279,336,325.76062198861143,304,263,247.05234340779677,226,388,359.7146298729742,329,414,393.05102934735,377,59,56.89925536574683,55,3884,3533.750109505037,3155
Thoai_Son,10.35853,105.127583,WS,T,4.2,6400,2022-04-12,21.59,80.47,28.25,32.54,24.97,2.09,10.35853,105.127583,24.55819484380857,7.57,0.7490345980684868,19.84096774193548,13.91,23.06,2.0541010981789727,81.34870967741932,75.99,87.54,2.7662210649600905,28.04548387096774,26.71,29.68,0.6736124984937194,32.174838709677424,29.09,34.19,1.178771561134841,24.727419354838716,23.23,25.96,0.6925640426514919,1.8900000000000001,1.07,2.83,0.5223520009564678,24.53048136343193,23.45507529294824,25.345762139075116,0.4358995080669784,7.4474193548387095,4.100000000000001,9.219999999999999,1.3216777405812548,0.7104642583457828,0.4539761277216749,1.000209663814001,0.12875196485454118,2297.5618686868693,2297.5618686868693,0.12634761375112435,182.8030303030303,182.8030303030303,171,202,427.439393939394,427.439393939394,110,490,25.577020202020204,25.577020202020204,19,44,0.37120586274933476,,,,,,0.4217849584839678,,,,0.309684070810721,,,,1.0477325063084035,,,,1.78079700302066,,,,0.6564194583908749,0.21570525286260095,0.11495896140677889,1.8013205770940544,-19.162878493015807,2.255092609358735,-26.65556013972833,-13.279875958816447,-11.845663033893006,1.4968050729799853,-17.32353353819775,-7.126947506997057,5.92339336272366,2.936405251997363,1.2205930753608125,33.79502555565128,350,164.50556009381015,107.39406065066423,13,2.107436954860471,-8,2.562581660541536,19,3.5856017286358,0,2.207070796698124,123.092,123.092,123.092,24.692,24.692,24.692,28.41,28.41,28.41,29.03,29.03,29.03,0.41900889078776044,0.41900889078776044,0.41900889078776044,98.4,123,121.52003503393915,120,377,365.4161191414806,345,326,298.42071835304426,273,328,303.9029785370127,285,262,247.95663600525629,225,382,371.65308804204994,360,403,380.24397722295237,360,59,56.57818659658347,54,3735,3228.4621112571185,2753
Thoai_Son,10.35853,105.127583,SA,T,4.2,5600,2022-07-12,11.11,93.35,26.23,27.43,25.44,3.86,10.35853,105.127583,25.067434110883738,1.9899999999999984,0.22659304192761506,16.540967741935482,6.87,23.62,4.150304578670536,89.39419354838711,79.44,93.35,3.1090635185758146,27.148709677419355,25.9,28.35,0.5866072045986076,29.53064516129032,26.92,31.62,1.118518419488321,25.30322580645161,24.08,26.12,0.4539389407339632,2.484516129032258,0.53,3.86,0.8744282508410204,25.235579275046547,24.07069434896019,25.902008550533132,0.44329034849891225,4.227419354838711,1.9899999999999984,7.540000000000003,1.2172946412008716,0.38445301131139525,0.22659304192761506,0.7757972023291232,0.12521493636607245,6454.522727272728,6454.522727272728,0.664952190939352,277.1035353535354,277.1035353535354,223,424,427.439393939394,427.439393939394,110,490,55.29166666666667,55.29166666666667,39,83,0.3907958953126538,,,,,,0.44676873876301393,,,,0.32495307132741535,,,,1.118844768595834,,,,1.8652735733930423,,,,0.9469558241435891,0.20028934187223782,0.3500773441217628,1.9212746403580248,-16.783333311181938,1.121569647217007,-20.84597472183574,-11.982453141584541,-11.610382137087319,1.4148207797027312,-15.379186473334297,-6.18449241653508,3.424083637517608,0.9928638999124559,1.0819511776070754,10.426046464202871,350,164.50556009381015,107.39406065066423,13,2.107436954860471,-8,2.562581660541536,19,3.5856017286358,0,2.207070796698124,66.094,66.094,66.094,379.664,379.664,379.664,25.06,25.06,25.06,26.24,26.24,26.24,0.4877281188964844,0.4877281188964844,0.4877281188964844,0.0,123,121.52003503393915,120,377,365.4161191414806,345,326,298.42071835304426,273,328,303.9029785370127,285,262,247.95663600525629,225,382,371.65308804204994,360,403,380.24397722295237,360,59,56.57818659658347,54,3735,3228.4621112571185,2753
Thoai_Son,10.358727,105.222371,SA,T,2.0,5600,2022-07-21,8.15,90.62,25.9,26.92,24.77,1.78,10.358727,105.222371,24.243290214526592,2.150000000000002,0.3134439761808746,17.063870967741938,6.87,23.62,3.6601751037077843,89.2625806451613,79.44,93.35,3.151889313331983,27.071290322580648,25.9,28.35,0.606192463504433,29.50483870967742,26.92,31.62,1.1633568530480314,25.15451612903225,24.08,26.12,0.46706937185706277,2.3422580645161295,0.53,3.86,0.8531864738784584,25.13409494312,24.07069434896019,25.902008550533132,0.44417152818810385,4.3503225806451615,1.9899999999999984,7.540000000000003,1.2737080332659618,0.3876183886229789,0.22659304192761506,0.7757972023291232,0.12709387887860224,5341.2506393861895,5341.2506393861895,0.53347703353302,245.7608695652174,245.7608695652174,193,281,355.68797953964196,355.68797953964196,181,493,43.90920716112532,43.90920716112532,33,57,0.43995578834890714,,,,,,0.5094638855009976,,,,0.363269619793837,,,,1.2972962947133482,,,,2.0772619481010968,,,,0.759577949392728,0.2050050183569747,0.249062662179362,1.6505759796492743,-18.011647135604534,1.6699249654781307,-23.35295026233234,-11.965523881571317,-11.564687177762535,1.613804776106334,-17.072859496943995,-5.436389577115652,4.663030594726001,1.5897432448719246,1.4233964684557858,15.060215389167437,350,157.19038678800933,105.08563419057188,9,0.5483542652740581,-7,2.2113353951329895,12,2.9992391379531838,0,1.8090826863533784,57.349,57.349,57.349,163.408,163.408,163.408,24.93,24.93,24.93,26.17,26.17,26.17,0.4232838948567708,0.4232838948567708,0.4232838948567708,0.0,124,122.29215943933424,120,393,365.69222343921155,349,318,290.78838992332976,269,345,327.87929901423877,305,229,212.0687842278204,204,412,389.36013143483035,364,416,398.47688937568466,372,58,55.47163198247535,55,3720,3523.3312157721807,3103
Chau_Thanh,10.359519,105.360913,WS,T,4.0,8000,2022-04-10,19.36,83.09,27.63,31.63,24.27,1.63,10.359519,105.360913,24.490716162434726,7.359999999999999,0.625544333307912,19.909354838709675,13.91,25.27,2.21220796940431,81.32580645161292,74.06,86.78,2.820396648143946,27.937741935483874,26.95,29.04,0.566936929287379,32.32967741935484,30.27,34.53,1.1575153698442184,24.410322580645158,22.98,25.33,0.5526504108266711,1.7970967741935482,0.95,2.83,0.46968207193725375,24.420803930270907,23.612946047578802,25.30876125962539,0.4129839259566674,7.919354838709679,5.050000000000001,9.709999999999997,1.3117949669745694,0.7062474863029007,0.48813969021282255,1.041477079347301,0.12581155344614364,3564.3433962264157,3564.3433962264157,0.3230851380944025,126.17484276729562,126.17484276729562,119,156,431.85283018867926,431.85283018867926,174,565,32.26792452830189,32.26792452830189,25,42,0.3549424394892209,,,,,,0.40104370693155217,,,,0.29700791943837107,,,,0.9886959112018574,,,,1.7106655106360402,,,,0.7857550403392415,0.21485149602636683,0.12252745086272866,1.5457078361865062,-15.952852059323863,2.170761756952159,-25.49710210170025,-9.017970747533903,-9.651996139293527,2.001930283585311,-18.76412691969456,-1.2242240839377208,4.638522802658276,2.320284427799026,1.5878111673863295,31.64574568258443,353,163.9784025032938,107.16394019148812,16,3.227549407114624,-6,2.968545523511794,16,3.3850164690382085,0,2.0228033090274273,119.039,119.039,119.039,27.382,27.382,27.382,28.12,28.12,28.12,28.89,28.89,28.89,0.3352101643880208,0.3352101643880208,0.3352101643880208,91.657,123,119.9848916137508,117,407,382.46517739816034,351,297,282.31427945685505,254,332,311.5245291283401,272,213,206.70740254051688,197,398,384.52890932982916,374,416,408.81296539640834,397,61,58.00547525186159,56,3474,2921.7060884800703,2561
Chau_Thanh,10.359519,105.360913,SA,T,4.0,6400,2022-08-04,17.41,88.39,26.9,30.33,23.88,2.25,10.359519,105.360913,24.811799312081405,6.449999999999999,0.41151374148092884,16.987419354838714,6.73,23.62,4.185543451623915,89.26322580645164,81.27,93.09,2.717885073286229,26.781290322580645,24.56,27.84,0.7419970521438873,29.779032258064515,26.96,31.63,1.345082692837998,24.29064516129032,22.77,25.41,0.538318382131897,2.13258064516129,0.86,3.41,0.7100066684917893,24.850985057037352,22.978376643113545,25.81221997293908,0.5200659696290821,5.4883870967741935,2.6700000000000017,8.34,1.419173082204162,0.3811771790818422,0.22683948783158558,0.6932754681442975,0.10927684525198861,4497.584905660377,4497.584905660377,0.4560731584948361,225.98993710691826,225.98993710691826,218,239,431.85283018867926,431.85283018867926,174,565,14.533333333333337,14.533333333333337,6,35,0.46693828603045967,,,,,,0.5438755073947781,,,,0.3843005072979631,,,,1.3952433729582996,,,,2.1936164695573974,,,,0.7154662072944447,0.20332374603917205,0.13227087684370764,1.5918154729739418,-17.495737116812634,3.023397681393567,-25.626560411919854,-5.905088516570086,-10.692827624423796,2.799819040368679,-17.655081094332232,1.8755480584797193,5.1509361043124375,2.193095108613997,1.5128540763125755,29.240972884200602,353,163.9784025032938,107.16394019148812,16,3.227549407114624,-6,2.968545523511794,16,3.3850164690382085,0,2.0228033090274273,108.76,108.76,108.76,150.556,150.556,150.556,28.12,28.12,28.12,28.77,28.77,28.77,0.41028086344401044,0.41028086344401044,0.41028086344401044,0.0,123,119.9848916137508,117,407,382.46517739816034,351,297,282.31427945685505,254,332,311.5245291283401,272,213,206.70740254051688,197,398,384.52890932982916,374,416,408.81296539640834,397,61,58.00547525186159,56,3474,2921.7060884800703,2561
Chau_Thanh,10.363786,105.288188,WS,T,2.8,8000,2022-04-10,19.36,82.44,27.81,31.8,24.75,1.74,10.363786,105.288188,24.534853223742125,7.050000000000001,0.6564479686942216,19.909354838709675,13.91,25.27,2.21220796940431,81.36967741935482,72.53,87.54,2.92292990863285,28.021612903225805,26.71,29.39,0.6336585870915009,32.13967741935485,29.09,34.49,1.15118868123896,24.706774193548394,23.23,25.96,0.6664997016032738,1.8893548387096775,1.1,2.83,0.5194347764567905,24.510502053587818,23.45507529294824,25.345762139075116,0.4496529651755884,7.432903225806452,4.100000000000001,9.55,1.3344618186645376,0.7085235262616059,0.4539761277216749,1.125403854694864,0.13341450826484239,2824.4066496163687,2824.4066496163687,0.16218277059855668,150.41815856777495,150.41815856777495,134,168,369.7813299232737,369.7813299232737,312,520,24.138107416879798,24.138107416879798,17,38,0.3553120627451326,,,,,,0.4015150990122889,,,,0.2972960137877426,,,,0.9900376519997336,,,,1.7122594081902363,,,,0.7210848205759787,0.19083982084221893,0.21980096168308333,1.930097142476992,-17.636626697546042,3.256063283175527,-24.735855812454748,-6.554921370913917,-10.913477145744967,2.8522713715121024,-17.69817537131098,0.14050363977763092,4.966217362644128,1.7366911748902403,1.0724345484842261,17.19828252511169,352,157.16717942974606,108.53906814286,11,2.853526536312849,-6,2.5392100513873594,11,2.8491784810793703,0,1.742415883791903,117.39,117.39,117.39,26.404,26.404,26.404,28.1,28.1,28.1,28.79,28.79,28.79,0.3257325490315755,0.3257325490315755,0.3257325490315755,90.987,126,122.93229623137601,119,409,374.5587204206836,352,309,278.7515337423312,252,336,301.6172217353199,276,238,228.1814198071867,206,392,382.9660385626644,370,416,388.80981595092027,375,58,55.181200701139346,54,3598,2983.04097283085,2644
Chau_Thanh,10.363786,105.288188,SA,T,2.8,6000,2022-08-04,17.41,88.25,26.83,30.07,24.17,2.43,10.363786,105.288188,24.716306317786458,5.899999999999999,0.4147674293098771,16.987419354838714,6.73,23.62,4.185543451623915,88.63419354838706,79.44,92.59,2.9564285059723865,26.945483870967742,24.86,28.35,0.7544356519714994,29.524516129032254,26.92,31.62,1.3309682110298926,24.823225806451614,23.04,26.05,0.5908789903774807,2.1719354838709677,0.53,3.51,0.7361206920451454,24.89228512914177,23.013919027872713,25.85984372975028,0.5531318004475175,4.701290322580646,2.150000000000002,7.540000000000003,1.3347000192999365,0.40746846297179357,0.25866298156386003,0.7757972023291232,0.12184478876435426,2756.4411764705883,2756.4411764705883,0.1513365924401437,260.0997442455243,260.0997442455243,224,298,369.7813299232737,369.7813299232737,312,520,33.88235294117647,33.88235294117647,21,36,0.46767753254228306,,,,,,0.5448182915562515,,,,0.38487669599670626,,,,1.3979268545540515,,,,2.196804264665789,,,,0.6769480805618476,0.22241802290476131,0.17555887816413726,2.2036766677184945,-18.358744676161347,4.056138909384397,-27.35791729536204,-6.34453679713938,-11.21880935529644,3.450848697941475,-19.755685439171476,-0.30821930576892187,5.631752377986398,2.4621642470595018,0.8151483194407423,21.78437890369882,352,157.16717942974606,108.53906814286,11,2.853526536312849,-6,2.5392100513873594,11,2.8491784810793703,0,1.742415883791903,108.166,108.166,108.166,142.252,142.252,142.252,28.0,28.0,28.0,28.62,28.62,28.62,0.41739463806152344,0.41739463806152344,0.41739463806152344,0.0,126,122.93229623137601,119,409,374.5587204206836,352,309,278.7515337423312,252,336,301.6172217353199,276,238,228.1814198071867,206,392,382.9660385626644,370,416,388.80981595092027,375,58,55.181200701139346,54,3598,2983.04097283085,2644
Thoai_Son,10.364419,105.164984,WS,T,7.8,6640,2022-04-12,21.59,80.47,28.25,32.54,24.97,2.09,10.364419,105.164984,24.55819484380857,7.57,0.7490345980684868,19.84096774193548,13.91,23.06,2.0541010981789727,81.34870967741932,75.99,87.54,2.7662210649600905,28.04548387096774,26.71,29.68,0.6736124984937194,32.174838709677424,29.09,34.19,1.178771561134841,24.727419354838716,23.23,25.96,0.6925640426514919,1.8900000000000001,1.07,2.83,0.5223520009564678,24.53048136343193,23.45507529294824,25.345762139075116,0.4358995080669784,7.4474193548387095,4.100000000000001,9.219999999999999,1.3216777405812548,0.7104642583457828,0.4539761277216749,1.000209663814001,0.12875196485454118,2770.8403041825095,2770.8403041825095,0.12191053623014184,171.58555133079847,171.58555133079847,159,178,71.73003802281369,71.73003802281369,45,205,38.297845373891,38.297845373891,35,49,0.36677038367839465,,,,,,0.41612825351512717,,,,0.30622693861826195,,,,1.031631616733891,,,,1.761670232370309,,,,0.8464444909021728,0.20513722929236078,0.33337622835243924,1.876054049855676,-16.992675989145535,1.1923655804431619,-23.202820649921183,-12.917147696595208,-11.166122603736833,1.3384625011339377,-16.250575462441276,-6.558604530726596,4.003960317049835,1.2222856870252947,1.1321347326361508,10.998455978004746,350,157.15409723754732,107.18738087163193,8,1.3499820491622396,-4,1.9943029350805483,9,2.761418544368213,0,1.5727664270107156,123.092,123.092,123.092,24.692,24.692,24.692,28.41,28.41,28.41,29.03,29.03,29.03,0.41900889078776044,0.41900889078776044,0.41900889078776044,98.4,124,122.38045145737456,121,386,373.01292725679235,361,296,289.19018404907973,274,332,310.79075372480287,273,265,245.90534618755487,221,396,367.2657756354076,348,398,386.7681858019282,368,59,56.77629272567924,55,3447,2957.614373356705,2493
Thoai_Son,10.364419,105.164984,SA,T,7.8,5600,2022-07-12,11.11,93.35,26.23,27.43,25.44,3.86,10.364419,105.164984,25.067434110883738,1.9899999999999984,0.22659304192761506,16.540967741935482,6.87,23.62,4.150304578670536,89.39419354838711,79.44,93.35,3.1090635185758146,27.148709677419355,25.9,28.35,0.5866072045986076,29.53064516129032,26.92,31.62,1.118518419488321,25.30322580645161,24.08,26.12,0.4539389407339632,2.484516129032258,0.53,3.86,0.8744282508410204,25.235579275046547,24.07069434896019,25.902008550533132,0.44329034849891225,4.227419354838711,1.9899999999999984,7.540000000000003,1.2172946412008716,0.38445301131139525,0.22659304192761506,0.7757972023291232,0.12521493636607245,7994.006337135614,7994.006337135614,0.868305544077506,254.89100126742707,254.89100126742707,231,288,71.73003802281369,71.73003802281369,45,205,73.84157160963244,73.84157160963244,60,91,0.3904262720567421,,,,,,0.4462973466822772,,,,0.32466497697804375,,,,1.1175030277979578,,,,1.8636796758388465,,,,0.979314433382194,0.22124407640224641,0.38488416925355784,1.9613200572598297,-17.28561447484312,1.1450400599838044,-21.103905220006595,-12.68757101409288,-12.29433173990055,1.4004654877403888,-15.873745382949567,-7.06022340954302,3.303273871466095,1.0349260597261105,1.0394427646798352,9.392737138962033,350,157.15409723754732,107.18738087163193,8,1.3499820491622396,-4,1.9943029350805483,9,2.761418544368213,0,1.5727664270107156,66.094,66.094,66.094,379.664,379.664,379.664,25.06,25.06,25.06,26.24,26.24,26.24,0.4877281188964844,0.4877281188964844,0.4877281188964844,0.0,124,122.38045145737456,121,386,373.01292725679235,361,296,289.19018404907973,274,332,310.79075372480287,273,265,245.90534618755487,221,396,367.2657756354076,348,398,386.7681858019282,368,59,56.77629272567924,55,3447,2957.614373356705,2493
Chau_Thanh,10.364433,105.327337,WS,T,2.0,7200,2022-04-10,19.36,83.09,27.63,31.63,24.27,1.63,10.364433,105.327337,24.490716162434726,7.359999999999999,0.625544333307912,19.909354838709675,13.91,25.27,2.21220796940431,81.32580645161292,74.06,86.78,2.820396648143946,27.937741935483874,26.95,29.04,0.566936929287379,32.32967741935484,30.27,34.53,1.1575153698442184,24.410322580645158,22.98,25.33,0.5526504108266711,1.7970967741935482,0.95,2.83,0.46968207193725375,24.420803930270907,23.612946047578802,25.30876125962539,0.4129839259566674,7.919354838709679,5.050000000000001,9.709999999999997,1.3117949669745694,0.7062474863029007,0.48813969021282255,1.041477079347301,0.12581155344614364,2144.6111817026685,2144.6111817026685,0.07935988206954048,132.1194409148666,132.1194409148666,128,135,487.22744599745874,487.22744599745874,352,528,33.51080050825922,33.51080050825922,22,35,0.3564209325128676,,,,,,0.40292927525449906,,,,0.29816029683585743,,,,0.9940628743933617,,,,1.717041100852824,,,,0.7490200349215272,0.20802027926164623,0.17358532859745002,1.4803562622102246,-17.075251600979552,2.4851330888365664,-23.30357449289584,-8.96227060778714,-10.521577214671376,2.1514065238432187,-16.40919868454257,0.3908923204042294,4.87001083260216,2.1437284698056724,1.702052270868809,22.04342211591009,350,165.59805994729913,106.74694606028446,10,2.8090711462450573,-4,2.2990762163807528,9,3.0197002635046117,0,1.6367465532010357,119.039,119.039,119.039,27.382,27.382,27.382,28.12,28.12,28.12,28.89,28.89,28.89,0.3352101643880208,0.3352101643880208,0.3352101643880208,91.657,127,123.34326396495074,121,382,364.6778361804644,340,305,287.7928164695577,251,320,294.41524310118274,274,236,215.13031099430574,209,414,401.4215943933421,392,395,383.2586508979413,369,57,55.27748576434516,54,3532,3040.5173017958823,2700
Thoai_Son,10.365734,105.267634,SA,T,2.5,5600,2022-07-21,8.15,90.62,25.9,26.92,24.77,1.78,10.365734,105.267634,24.243290214526592,2.150000000000002,0.3134439761808746,17.063870967741938,6.87,23.62,3.6601751037077843,89.2625806451613,79.44,93.35,3.151889313331983,27.071290322580648,25.9,28.35,0.606192463504433,29.50483870967742,26.92,31.62,1.1633568530480314,25.15451612903225,24.08,26.12,0.46706937185706277,2.3422580645161295,0.53,3.86,0.8531864738784584,25.13409494312,24.07069434896019,25.902008550533132,0.44417152818810385,4.3503225806451615,1.9899999999999984,7.540000000000003,1.2737080332659618,0.3876183886229789,0.22659304192761506,0.7757972023291232,0.12709387887860224,3536.808805031447,3536.808805031447,0.3029803147790423,235.77358490566039,235.77358490566039,210,295,448.3157232704402,448.3157232704402,379,595,25.250314465408803,25.250314465408803,16,31,0.4388469185811721,,,,,,0.5080497092587875,,,,0.3624053367457222,,,,1.29327107231972,,,,2.072480255438509,,,,0.7509274152331307,0.1856550129331934,0.21001348385076118,1.6688509238820235,-17.427537194046895,1.9406958897123385,-22.672112581786415,-7.95702839097215,-10.939686456481542,2.280952164707112,-16.08536717202837,0.7754166918871275,4.672150667925623,1.4995446854671526,1.396858786341046,18.04639610113064,355,160.94322246595905,108.27975745111512,10,1.6134101434095502,-10,2.0940972264123463,11,2.525809766605403,0,1.6105626324436864,57.349,57.349,57.349,163.408,163.408,163.408,24.93,24.93,24.93,26.17,26.17,26.17,0.4232838948567708,0.4232838948567708,0.4232838948567708,0.0,130,127.2902519167579,124,378,369.44062226117444,360,310,275.984662576687,246,349,326.30170902716907,300,238,221.2394829097283,198,388,359.2261174408414,343,428,419.32822085889563,403,60,56.20990359333918,55,3707,3241.802147239264,3061
Thoai_Son,10.368014,105.238516,WS,T,6.2,7200,2022-04-12,21.59,80.47,28.25,32.54,24.97,2.09,10.368014,105.238516,24.55819484380857,7.57,0.7490345980684868,19.84096774193548,13.91,23.06,2.0541010981789727,81.34870967741932,75.99,87.54,2.7662210649600905,28.04548387096774,26.71,29.68,0.6736124984937194,32.174838709677424,29.09,34.19,1.178771561134841,24.727419354838716,23.23,25.96,0.6925640426514919,1.8900000000000001,1.07,2.83,0.5223520009564678,24.53048136343193,23.45507529294824,25.345762139075116,0.4358995080669784,7.4474193548387095,4.100000000000001,9.219999999999999,1.3216777405812548,0.7104642583457828,0.4539761277216749,1.000209663814001,0.12875196485454118,2334.1168341708535,2334.1168341708535,0.07083519377793335,166.21608040201002,166.21608040201002,153,264,376.81407035175874,376.81407035175874,208,510,32.73115577889447,32.73115577889447,24,34,0.36603113716657126,,,,,,0.41518546935365375,,,,0.3056507499195188,,,,1.0289481351381389,,,,1.7584824372619172,,,,0.5366424154502493,0.2069932092821229,0.06659831991527851,1.4235328929701019,-18.71878459355496,3.006350957742847,-27.31666350029228,-7.453697328024086,-10.216487241793656,2.2854823710577015,-16.86433065232714,5.44551207595368,8.354625107909206,5.968448752704652,1.80991048380644,59.06157520322594,353,158.29259704540593,106.1351965874117,10,0.6849552858248655,-12,2.745655080139894,19,3.311958365585732,0,2.393609084517248,124.936,124.936,124.936,19.468,19.468,19.468,28.45,28.45,28.45,28.99,28.99,28.99,0.300387700398763,0.300387700398763,0.300387700398763,105.468,126,124.42475355969334,123,420,373.4203723986856,357,329,304.08543263964947,282,368,337.7785323110624,323,233,214.70865279299014,199,420,398.2236582694413,372,397,387.14063526834605,379,59,56.57809419496165,55,3740,3433.420810514786,3100
Thoai_Son,10.368014,105.238516,SA,T,6.2,5600,2022-07-21,8.15,90.62,25.9,26.92,24.77,1.78,10.368014,105.238516,24.243290214526592,2.150000000000002,0.3134439761808746,17.063870967741938,6.87,23.62,3.6601751037077843,89.2625806451613,79.44,93.35,3.151889313331983,27.071290322580648,25.9,28.35,0.606192463504433,29.50483870967742,26.92,31.62,1.1633568530480314,25.15451612903225,24.08,26.12,0.46706937185706277,2.3422580645161295,0.53,3.86,0.8531864738784584,25.13409494312,24.07069434896019,25.902008550533132,0.44417152818810385,4.3503225806451615,1.9899999999999984,7.540000000000003,1.2737080332659618,0.3876183886229789,0.22659304192761506,0.7757972023291232,0.12709387887860224,5574.968592964824,5574.968592964824,0.5570185127121963,237.56155778894467,237.56155778894467,211,308,376.81407035175874,376.81407035175874,208,510,46.64447236180904,46.64447236180904,36,55,0.43921654183708375,,,,,,0.5085211013395241,,,,0.3626934310950938,,,,1.294612813117596,,,,2.074074152992705,,,,0.7536218163158777,0.17623785686260546,0.14772702386980974,1.860503607781656,-16.93045216704921,1.7610163579954845,-23.350236345932895,-7.765227878403866,-10.471357799114895,2.1602531413823423,-16.696476334897177,0.3439906174142974,4.635104848798767,1.567620691102331,1.1499555191775956,26.07696869006958,353,158.29259704540593,106.1351965874117,10,0.6849552858248655,-12,2.745655080139894,19,3.311958365585732,0,2.393609084517248,57.349,57.349,57.349,163.408,163.408,163.408,24.93,24.93,24.93,26.17,26.17,26.17,0.4232838948567708,0.4232838948567708,0.4232838948567708,0.0,126,124.42475355969334,123,420,373.4203723986856,357,329,304.08543263964947,282,368,337.7785323110624,323,233,214.70865279299014,199,420,398.2236582694413,372,397,387.14063526834605,379,59,56.57809419496165,55,3740,3433.420810514786,3100
Thoai_Son,10.368598,105.136423,WS,T,1.72,6400,2022-04-12,21.59,80.47,28.25,32.54,24.97,2.09,10.368598,105.136423,24.55819484380857,7.57,0.7490345980684868,19.84096774193548,13.91,23.06,2.0541010981789727,81.34870967741932,75.99,87.54,2.7662210649600905,28.04548387096774,26.71,29.68,0.6736124984937194,32.174838709677424,29.09,34.19,1.178771561134841,24.727419354838716,23.23,25.96,0.6925640426514919,1.8900000000000001,1.07,2.83,0.5223520009564678,24.53048136343193,23.45507529294824,25.345762139075116,0.4358995080669784,7.4474193548387095,4.100000000000001,9.219999999999999,1.3216777405812548,0.7104642583457828,0.4539761277216749,1.000209663814001,0.12875196485454118,2555.5672955974837,2555.5672955974837,0.1378551334698327,187.9459119496855,187.9459119496855,173,199,465.491823899371,465.491823899371,349,533,28.739622641509428,28.739622641509428,24,30,0.3634437743751895,,,,,,0.4118857247884967,,,,0.3036340894739177,,,,1.0195559495530064,,,,1.7473251543825459,,,,0.488655294128896,0.18325434874515514,0.08933227814979906,1.3230751393160811,-19.91159217430132,2.262897335656563,-26.71341002005674,-12.374207913987338,-11.028597938637024,1.6785471506485932,-17.046457812767738,-6.442656239253117,8.59437870529907,4.37013785313344,2.023259889886272,43.77664829382835,350,162.77744510978044,104.63195820140494,11,1.75619388286134,-13,2.1357572439966295,18,2.857226141775853,0,1.9291850283530456,123.092,123.092,123.092,24.692,24.692,24.692,28.41,28.41,28.41,29.03,29.03,29.03,0.41900889078776044,0.41900889078776044,0.41900889078776044,98.4,123,120.93096646942803,119,411,368.86365629110037,353,304,295.00679526523453,273,323,311.9912319158264,296,262,236.88228846996935,222,399,377.1556334940815,369,404,385.70451556334933,362,60,55.85160017536168,54,4114,3556.6639631740463,2858
Thoai_Son,10.368598,105.136423,SA,T,1.72,5600,2022-07-12,11.11,93.35,26.23,27.43,25.44,3.86,10.368598,105.136423,25.067434110883738,1.9899999999999984,0.22659304192761506,16.540967741935482,6.87,23.62,4.150304578670536,89.39419354838711,79.44,93.35,3.1090635185758146,27.148709677419355,25.9,28.35,0.5866072045986076,29.53064516129032,26.92,31.62,1.118518419488321,25.30322580645161,24.08,26.12,0.4539389407339632,2.484516129032258,0.53,3.86,0.8744282508410204,25.235579275046547,24.07069434896019,25.902008550533132,0.44329034849891225,4.227419354838711,1.9899999999999984,7.540000000000003,1.2172946412008716,0.38445301131139525,0.22659304192761506,0.7757972023291232,0.12521493636607245,6004.41006289308,6004.41006289308,0.5893267151432431,267.2716981132075,267.2716981132075,233,313,465.491823899371,465.491823899371,349,533,55.12075471698113,55.12075471698113,52,56,0.3900566488008304,,,,,,0.4458259546015405,,,,0.3243768826286722,,,,1.1161612870000819,,,,1.8620857782846505,,,,0.9457527297538982,0.21274653402798638,0.37297167693442634,1.894297170226681,-17.091183327389867,1.3627534839466624,-21.718343816201404,-11.85224577231898,-11.899917233760245,1.5601999057816756,-16.876210914624547,-4.806475200046291,3.454676044224652,1.0525452064308216,1.1116011061354962,9.724674948181805,350,162.77744510978044,104.63195820140494,11,1.75619388286134,-13,2.1357572439966295,18,2.857226141775853,0,1.9291850283530456,66.094,66.094,66.094,379.664,379.664,379.664,25.06,25.06,25.06,26.24,26.24,26.24,0.4877281188964844,0.4877281188964844,0.4877281188964844,0.0,123,120.93096646942803,119,411,368.86365629110037,353,304,295.00679526523453,273,323,311.9912319158264,296,262,236.88228846996935,222,399,377.1556334940815,369,404,385.70451556334933,362,60,55.85160017536168,54,4114,3556.6639631740463,2858
Chau_Thanh,10.369692,105.29684,SA,T,4.0,5500,2022-08-04,17.41,88.25,26.83,30.07,24.17,2.43,10.369692,105.29684,24.716306317786458,5.899999999999999,0.4147674293098771,16.987419354838714,6.73,23.62,4.185543451623915,88.63419354838706,79.44,92.59,2.9564285059723865,26.945483870967742,24.86,28.35,0.7544356519714994,29.524516129032254,26.92,31.62,1.3309682110298926,24.823225806451614,23.04,26.05,0.5908789903774807,2.1719354838709677,0.53,3.51,0.7361206920451454,24.89228512914177,23.013919027872713,25.85984372975028,0.5531318004475175,4.701290322580646,2.150000000000002,7.540000000000003,1.3347000192999365,0.40746846297179357,0.25866298156386003,0.7757972023291232,0.12184478876435426,1570.2349246231156,1570.2349246231156,0.027299062374764982,276.81407035175874,276.81407035175874,222,313,464.320351758794,464.320351758794,328,531,22.236180904522612,22.236180904522612,21,35,0.466568662774548,,,,,,0.5434041153140413,,,,0.3840124129485915,,,,1.3939016321604236,,,,2.1920225720032014,,,,0.36667897464549626,0.17991894195603422,0.05419081818353653,1.3661140096261295,-22.55168674955685,3.356252301487073,-29.09124523150718,-12.968589028405807,-12.125086960596628,2.376009747223567,-19.502075580392923,-4.112300572127239,12.523965914792587,6.49149549994559,1.9280133076848383,72.81324242886635,352,162.37856175911634,107.54965248402073,11,1.9073143899844216,-5,2.069171522419046,11,2.699203246301964,0,1.665228622362309,108.166,108.166,108.166,142.252,142.252,142.252,28.0,28.0,28.0,28.62,28.62,28.62,0.41739463806152344,0.41739463806152344,0.41739463806152344,0.0,124,121.27620923615669,119,409,370.01510507880914,355,305,296.8452276707531,277,342,324.7399299474605,301,236,222.90323992994746,215,400,388.29268826619966,377,406,388.90893169877404,376,59,56.79093695271454,54,3699,3519.8366900175133,3150
Chau_Thanh,10.369819,105.304833,WS,T,2.2,7200,2022-04-10,19.36,82.44,27.81,31.8,24.75,1.74,10.369819,105.304833,24.534853223742125,7.050000000000001,0.6564479686942216,19.909354838709675,13.91,25.27,2.21220796940431,81.36967741935482,72.53,87.54,2.92292990863285,28.021612903225805,26.71,29.39,0.6336585870915009,32.13967741935485,29.09,34.49,1.15118868123896,24.706774193548394,23.23,25.96,0.6664997016032738,1.8893548387096775,1.1,2.83,0.5194347764567905,24.510502053587818,23.45507529294824,25.345762139075116,0.4496529651755884,7.432903225806452,4.100000000000001,9.55,1.3344618186645376,0.7085235262616059,0.4539761277216749,1.125403854694864,0.13341450826484239,1747.9822784810128,1747.9822784810128,0.08635242994008778,141.92784810126582,141.92784810126582,131,160,477.79620253164563,477.79620253164563,440,552,24.07974683544304,24.07974683544304,22,27,0.35605130925695594,,,,,,0.4024578831737623,,,,0.2978722024864858,,,,0.9927211335954856,,,,1.7154472032986279,,,,0.406157141924086,0.15117277094224388,0.09334984274613381,1.1538320732562697,-19.2683164567546,1.7300021936125725,-24.785560419357687,-13.669548854920226,-9.522170581207448,1.206967333439496,-14.18800681274978,-6.41280608903438,10.20527469351304,4.141861947552987,2.4667089715329724,41.849563345040174,353,157.42893845768725,105.1834007745691,11,1.8840630311334796,-11,2.417832648864602,15,3.1722058261637187,0,2.0772121861085777,119.039,119.039,119.039,27.382,27.382,27.382,28.12,28.12,28.12,28.89,28.89,28.89,0.3352101643880208,0.3352101643880208,0.3352101643880208,91.657,124,122.10709592641261,121,386,376.68039430449073,358,304,293.3388828039431,264,342,326.0052573932093,296,224,214.87579408543266,198,414,392.0186199342827,376,406,393.0633077765608,377,59,55.31281489594743,54,3893,3544.401971522454,3175
Chau_Thanh,10.370371,105.275589,WS,T,3.0,6880,2022-03-22,15.4,82.6,27.56,31.49,25.1,2.14,10.370371,105.275589,24.32340394492977,6.389999999999997,0.6410445578849414,19.773225806451613,13.91,25.27,2.5971266841506933,74.71483870967742,62.87,87.54,6.7537530168562645,28.76225806451613,26.92,30.32,0.9962015266951774,33.970645161290314,30.3,37.07,1.997543548693795,24.710000000000004,23.19,25.84,0.7525054924244953,1.8625806451612898,0.83,2.83,0.5368965043652117,23.744442389954784,21.693268342351598,25.111718111232275,0.8654301046936077,9.260645161290322,4.460000000000001,13.179999999999996,2.1311286355324177,1.0136129630035788,0.4539761277216749,1.5336969985339284,0.3171007378747035,6413.891139240506,6413.891139240506,0.6924436796772734,131.61392405063293,131.61392405063293,128,144,327.84936708860766,327.84936708860766,102,406,53.424050632911396,53.424050632911396,50,69,0.28027854179506173,,,,,,0.3058225066227349,,,,0.23881286086530967,,,,0.7176642700308962,,,,1.388698204688469,,,,0.895238506100547,0.23690543303322917,0.0901067995580281,1.827415013073655,-16.76428711439213,1.5524366498453468,-21.511660692196017,-4.839863983373603,-11.20579831352585,2.354846259671739,-16.514736731513015,7.750699589318819,3.892692745261862,2.0870896269251142,1.1888842826524255,43.391766432943065,356,165.20240510665204,105.05740372577941,15,1.9130413301537537,-19,3.3759888858555214,21,4.189220168377227,0,2.6900827309808317,91.449,91.449,91.449,247.38,247.38,247.38,26.93,26.93,26.93,28.21,28.21,28.21,0.3387889862060547,0.3387889862060547,0.3387889862060547,0.0,130,128.35919351303968,124,376,364.09929855326624,352,294,260.7693993862342,236,341,319.6192459447612,296,238,231.98421744848758,219,370,356.71240683910577,344,427,411.1714160455942,392,59,57.85116177115302,55,3472,3129.7119684348986,2681
Chau_Thanh,10.370371,105.275589,SA,T,3.0,6400,2022-07-19,16.3,91.98,27.29,29.64,25.65,3.01,10.370371,105.275589,25.86766694000002,3.990000000000002,0.29084132425575615,17.08516129032258,6.87,23.62,3.6669807136976593,89.28161290322579,79.44,93.35,3.145285357354456,27.10967741935484,25.9,28.35,0.5971355488359933,29.526774193548388,26.92,31.62,1.1458125363104932,25.21935483870967,24.08,26.12,0.4460430724454614,2.3667741935483866,0.53,3.86,0.8669352288071643,25.175569430420175,24.07069434896019,25.902008550533132,0.4362959214904076,4.30741935483871,1.9899999999999984,7.540000000000003,1.234185032768289,0.38777174529463404,0.22659304192761506,0.7757972023291232,0.12680232702557637,2967.10253164557,2967.10253164557,0.19041532080011964,271.032911392405,271.032911392405,246,308,327.84936708860766,327.84936708860766,102,406,52.303797468354425,52.303797468354425,33,58,0.41740876973829466,,,,,,0.4807089685760577,,,,0.34569586448216993,,,,1.2154501060429093,,,,1.980034197295147,,,,0.88203747665708,0.23642662923477042,0.18342521655655167,1.8344966907651343,-17.087639785796835,1.7938191389903475,-22.435451834329054,-7.583454723451602,-11.455718296491034,2.416099472866511,-17.44963652426685,1.054704221024135,3.900141693083747,1.5102684094313223,1.180434568312944,20.807252432856,356,165.20240510665204,105.05740372577941,15,1.9130413301537537,-19,3.3759888858555214,21,4.189220168377227,0,2.6900827309808317,86.976,86.976,86.976,274.087,274.087,274.087,26.88,26.88,26.88,27.78,27.78,27.78,0.42202123006184894,0.42202123006184894,0.42202123006184894,0.0,130,128.35919351303968,124,376,364.09929855326624,352,294,260.7693993862342,236,341,319.6192459447612,296,238,231.98421744848758,219,370,356.71240683910577,344,427,411.1714160455942,392,59,57.85116177115302,55,3472,3129.7119684348986,2681
Chau_Thanh,10.37346,105.184697,WS,T,1.65,6800,2022-03-25,24.32,79.29,28.88,34.16,25.29,1.97,10.37346,105.184697,24.922375101044477,8.869999999999997,0.823840279763745,19.71870967741935,13.91,25.27,2.575182726915339,76.08354838709677,62.87,87.54,6.760468369147165,28.60806451612903,26.71,30.32,1.0763930789232148,33.54290322580644,30.27,37.07,2.114771692929381,24.766129032258064,23.19,25.84,0.7272692070201437,1.8090322580645155,0.83,2.83,0.5346651339025486,23.89832591306624,21.693268342351598,25.111718111232275,0.7554782366252685,8.776774193548386,4.460000000000001,13.179999999999996,2.1410826129467915,0.9529690517046733,0.4539761277216749,1.5336969985339284,0.3215872578758214,5934.945638432365,5934.945638432365,0.6020506398131337,201.85082174462707,201.85082174462707,152,331,407.52338811630847,407.52338811630847,224,509,47.93552465233881,47.93552465233881,31,64,0.29543309528744055,,,,,,0.3251495819329404,,,,0.2506247291895449,,,,0.7726756427438141,,,,1.4540480044105009,,,,0.8901989392993519,0.23110317683998535,0.19347321239639606,1.7910764094084461,-16.6727846524123,1.4225760708103308,-20.32011006714836,-7.575146356593877,-11.099524184125414,2.0622787255151773,-15.619755176100199,1.379511310107903,3.839016745572664,1.4692704361078655,1.2332938890759626,19.674696773032494,350,159.15935508308485,105.43625406843525,10,0.9791505409989949,-6,2.208916045715094,12,2.8421699247377323,0,1.7633626212190217,112.913,112.913,112.913,13.831,13.831,13.831,28.59,28.59,28.59,29.41,29.41,29.41,0.42241477966308594,0.42241477966308594,0.42241477966308594,99.081,124,122.01445466491457,121,411,379.4329241560718,363,311,295.81630863656284,289,333,315.20122753178435,299,218,209.96427005699255,205,409,397.47062691801835,376,415,392.46799649276636,377,56,55.47413415168785,54,3666,3378.278605874616,3183
Chau_Thanh,10.37346,105.184697,SA,T,1.65,5500,2022-07-14,18.62,89.66,26.65,29.19,24.7,3.22,10.37346,105.184697,24.80498046868136,4.490000000000002,0.3611537133149726,16.552258064516124,6.87,23.62,4.135575561360872,89.32419354838709,79.44,93.35,3.1672994237928283,27.140967741935484,25.9,28.35,0.5792784991733929,29.546774193548387,26.92,31.62,1.1371906161231475,25.2716129032258,24.08,26.12,0.4605193195778813,2.492258064516128,0.53,3.86,0.8715603718560192,25.214382792780317,24.07069434896019,25.902008550533132,0.44080403890052405,4.275161290322582,1.9899999999999984,7.540000000000003,1.2695817725578922,0.38682988877803753,0.22659304192761506,0.7757972023291232,0.12721385134730084,6070.55120101138,6070.55120101138,0.6218218637625391,282.3982300884956,282.3982300884956,253,308,407.52338811630847,407.52338811630847,224,509,37.24399494310999,37.24399494310999,28,51,0.4015149697340925,,,,,,0.4604391091043788,,,,0.33330780745919153,,,,1.1577552517342393,,,,1.9114966024647235,,,,0.832197888126687,0.2024565365801616,0.1833165707248863,1.734207597329904,-17.036884615476907,1.5861242981455483,-21.48827991071026,-8.201925162345278,-11.107351126394576,2.0863071164072764,-16.339260069364673,1.770541497813137,4.123014433029541,1.4039932056197133,1.3065289335363617,20.82017688953515,350,159.15935508308485,105.43625406843525,10,0.9791505409989949,-6,2.208916045715094,12,2.8421699247377323,0,1.7633626212190217,88.161,88.161,88.161,59.074,59.074,59.074,26.31,26.31,26.31,26.71,26.71,26.71,0.49947357177734375,0.49947357177734375,0.49947357177734375,29.087,124,122.01445466491457,121,411,379.4329241560718,363,311,295.81630863656284,289,333,315.20122753178435,299,218,209.96427005699255,205,409,397.47062691801835,376,415,392.46799649276636,377,56,55.47413415168785,54,3666,3378.278605874616,3183
Chau_Thanh,10.374004,105.228649,SA,T,4.95,6000,2022-07-19,16.3,91.98,27.29,29.64,25.65,3.01,10.374004,105.228649,25.86766694000002,3.990000000000002,0.29084132425575615,17.08516129032258,6.87,23.62,3.6669807136976593,89.28161290322579,79.44,93.35,3.145285357354456,27.10967741935484,25.9,28.35,0.5971355488359933,29.526774193548388,26.92,31.62,1.1458125363104932,25.21935483870967,24.08,26.12,0.4460430724454614,2.3667741935483866,0.53,3.86,0.8669352288071643,25.175569430420175,24.07069434896019,25.902008550533132,0.4362959214904076,4.30741935483871,1.9899999999999984,7.540000000000003,1.234185032768289,0.38777174529463404,0.22659304192761506,0.7757972023291232,0.12680232702557637,5372.185044359949,5372.185044359949,0.5389111302280453,250.78200253485423,250.78200253485423,234,283,356.59822560202787,356.59822560202787,302,419,49.62484157160962,49.62484157160962,38,57,0.417039146482383,,,,,,0.48023757649532095,,,,0.34540777013279833,,,,1.2141083652450333,,,,1.9784402997409511,,,,0.829607956819144,0.20878296194668963,0.2062540421903298,1.7215073084713348,-17.039794248539355,1.5057431186555084,-21.51006813961615,-9.769593816931067,-11.085626410488567,2.0472412874924175,-16.660262470333585,-0.4218889555918516,4.160356895284424,1.502377574103811,1.3235451748107432,18.39355930929503,356,164.9143166742421,105.84286826880837,14,1.2186925676343299,-8,2.857729212367068,14,3.697946103327207,0,2.44175580929726,86.976,86.976,86.976,274.087,274.087,274.087,26.88,26.88,26.88,27.78,27.78,27.78,0.42202123006184894,0.42202123006184894,0.42202123006184894,0.0,126,123.55935173017957,122,399,372.3172761112328,349,317,301.2737026494416,287,346,332.48784760236487,310,233,221.62294723012917,199,406,388.80862710751035,372,409,389.88876724326684,377,61,56.91175826582002,55,3704,3483.551127654915,3026
Chau_Thanh,10.374447,105.330923,WS,T,3.2,7600,2022-04-10,19.36,83.09,27.63,31.63,24.27,1.63,10.374447,105.330923,24.490716162434726,7.359999999999999,0.625544333307912,19.909354838709675,13.91,25.27,2.21220796940431,81.32580645161292,74.06,86.78,2.820396648143946,27.937741935483874,26.95,29.04,0.566936929287379,32.32967741935484,30.27,34.53,1.1575153698442184,24.410322580645158,22.98,25.33,0.5526504108266711,1.7970967741935482,0.95,2.83,0.46968207193725375,24.420803930270907,23.612946047578802,25.30876125962539,0.4129839259566674,7.919354838709679,5.050000000000001,9.709999999999997,1.3117949669745694,0.7062474863029007,0.48813969021282255,1.041477079347301,0.12581155344614364,2229.8809218950064,2229.8809218950064,0.14851847662327722,132.79385403329064,132.79385403329064,126,138,559.2317541613318,559.2317541613318,416,618,25.519846350832267,25.519846350832267,17,26,0.36085641158380777,,,,,,0.4085859802233397,,,,0.3016174290283165,,,,1.0101637639678742,,,,1.7361678715031745,,,,0.5678297764530332,0.22304331814271447,0.1033377458329401,1.4391791984962652,-18.09958898860943,2.624463878145206,-25.281253749593795,-6.260975004445752,-9.943559735256093,1.7313765457970056,-17.496930366941854,1.4316374670534673,7.3578176219952685,3.866181791215734,1.7793620170298623,37.708024524422655,350,163.07581307106014,105.716124076272,12,3.0211263430412187,-4,2.3728976971860902,11,3.005517091455262,0,1.7397883812080197,,,,,,,,,,,,,,,,,123,120.9789704271632,119,386,368.81879929886077,350,312,294.05477651183185,280,320,302.60495179666975,288,219,208.92659947414563,188,416,406.2164767747591,384,413,385.0363716038564,368,60,56.068141980718686,54,3471,3080.0933391761623,2810
Chau_Thanh,10.374447,105.330923,SA,T,3.2,6500,2022-08-04,17.41,88.39,26.9,30.33,23.88,2.25,10.374447,105.330923,24.811799312081405,6.449999999999999,0.41151374148092884,16.987419354838714,6.73,23.62,4.185543451623915,89.26322580645164,81.27,93.09,2.717885073286229,26.781290322580645,24.56,27.84,0.7419970521438873,29.779032258064515,26.96,31.63,1.345082692837998,24.29064516129032,22.77,25.41,0.538318382131897,2.13258064516129,0.86,3.41,0.7100066684917893,24.850985057037352,22.978376643113545,25.81221997293908,0.5200659696290821,5.4883870967741935,2.6700000000000017,8.34,1.419173082204162,0.3811771790818422,0.22683948783158558,0.6932754681442975,0.10927684525198861,1375.335467349552,1375.335467349552,0.038154723140931934,276.8130601792574,276.8130601792574,239,329,559.2317541613318,559.2317541613318,416,618,17.52496798975672,17.52496798975672,10,25,0.4661990395186363,,,,,,0.5429327232333047,,,,0.38372431859921996,,,,1.3925598913625474,,,,2.1904286744490054,,,,0.5468408720929107,0.21095733063683836,0.1392947953613925,1.747339437773359,-20.56323679230723,3.947052670753286,-28.02877723641143,-3.9721088710041563,-12.235787505647801,2.9928267248478684,-19.681445057565284,6.773406034555104,7.565184600582113,3.611698674143416,1.2891945969566247,27.716076502515588,350,163.07581307106014,105.716124076272,12,3.0211263430412187,-4,2.3728976971860902,11,3.005517091455262,0,1.7397883812080197,,,,,,,,,,,,,,,,,123,120.9789704271632,119,386,368.81879929886077,350,312,294.05477651183185,280,320,302.60495179666975,288,219,208.92659947414563,188,416,406.2164767747591,384,413,385.0363716038564,368,60,56.068141980718686,54,3471,3080.0933391761623,2810
Chau_Thanh,10.374524,105.255016,SA,T,4.0,6400,2022-07-19,16.3,91.98,27.29,29.64,25.65,3.01,10.374524,105.255016,25.86766694000002,3.990000000000002,0.29084132425575615,17.08516129032258,6.87,23.62,3.6669807136976593,89.28161290322579,79.44,93.35,3.145285357354456,27.10967741935484,25.9,28.35,0.5971355488359933,29.526774193548388,26.92,31.62,1.1458125363104932,25.21935483870967,24.08,26.12,0.4460430724454614,2.3667741935483866,0.53,3.86,0.8669352288071643,25.175569430420175,24.07069434896019,25.902008550533132,0.4362959214904076,4.30741935483871,1.9899999999999984,7.540000000000003,1.234185032768289,0.38777174529463404,0.22659304192761506,0.7757972023291232,0.12680232702557637,4267.790343074969,4267.790343074969,0.38375621686871514,265.2236340533673,265.2236340533673,249,296,413.0406607369759,413.0406607369759,309,530,50.33545108005084,50.33545108005084,35,56,0.41666952322647133,,,,,,0.4797661844145843,,,,0.3451196757834267,,,,1.2127666244471573,,,,1.9768464021867551,,,,0.8674316397972794,0.2558308325515159,0.28881190166829945,2.177181703188095,-17.48537528245778,1.3760874158817984,-21.423261504201903,-10.99091084638653,-11.735516653709654,1.8879665264906729,-17.201947075509036,-2.7982745304151284,4.036442704214801,1.5595418082970964,0.8372375599807369,12.849844749798438,354,165.42038732626307,106.41985017926861,17,0.5920986759765493,-13,3.6335481453026777,23,4.714264541202814,0,2.8020108254441767,,,,,,,,,,,,,,,,,128,125.39101861993429,122,376,360.1541155866901,345,314,292.11996497373036,280,342,320.6862959719791,285,224,209.78436952714537,191,404,361.3601138353767,310,473,428.8914185639231,378,59,56.15674255691769,55,3553,3209.934982486866,2828
Chau_Thanh,10.375619,105.124248,SA,T,1.87,6000,2022-07-14,18.62,89.66,26.65,29.19,24.7,3.22,10.375619,105.124248,24.80498046868136,4.490000000000002,0.3611537133149726,16.552258064516124,6.87,23.62,4.135575561360872,89.32419354838709,79.44,93.35,3.1672994237928283,27.140967741935484,25.9,28.35,0.5792784991733929,29.546774193548387,26.92,31.62,1.1371906161231475,25.2716129032258,24.08,26.12,0.4605193195778813,2.492258064516128,0.53,3.86,0.8715603718560192,25.214382792780317,24.07069434896019,25.902008550533132,0.44080403890052405,4.275161290322582,1.9899999999999984,7.540000000000003,1.2695817725578922,0.38682988877803753,0.22659304192761506,0.7757972023291232,0.12721385134730084,4944.229591836735,4944.229591836735,0.4877507701977418,292.15433673469386,292.15433673469386,267,332,441.6479591836735,441.6479591836735,371,568,34.91836734693878,34.91836734693878,30,51,0.4011453464781808,,,,,,0.45996771702364203,,,,0.3330197131098199,,,,1.1564135109363634,,,,1.9099027049105275,,,,0.9016513071849654,0.21721391796141665,0.30543306505854384,1.8187066283323112,-17.309912303812293,1.268614250946221,-21.553263833195867,-11.704654546848214,-11.828748919918812,1.3296105973803765,-15.772454487310023,-5.092850147677737,3.723678193672188,1.2756589322548377,1.1993651629608109,12.096159052829792,354,164.01713410516948,105.7426517336413,10,1.9461471319642298,-8,2.3744363709062593,12,3.2391759029001497,0,1.8602617476921286,,,,,,,,,,,,,,,,,122,120.90070144673389,120,378,358.29826868288404,345,313,294.46942800788946,272,331,301.3092263861494,283,256,247.60880999342538,229,411,372.4231865001095,355,397,379.96778435239975,355,61,55.96296296296296,54,3523,3216.367959675653,2737
Chau_Thanh,10.375656,105.29185,WS,T,5.83,6400,2022-03-27,20.9,80.8,28.64,32.65,25.38,1.54,10.375656,105.29185,25.006220070936045,7.27,0.7532338983974283,19.808064516129026,13.91,25.27,2.4664594179417985,77.2416129032258,64.47,87.54,6.190173324361764,28.511290322580646,26.71,30.32,1.0706788378301475,33.28322580645161,30.27,37.07,2.0413395145167734,24.850645161290327,23.23,25.84,0.6326132971783864,1.8222580645161288,0.83,2.83,0.5336345836680533,24.068291937317575,22.833586831955028,25.111718111232275,0.5746544128906169,8.43258064516129,4.460000000000001,12.3,1.9124110230062243,0.9017068965450331,0.4539761277216749,1.5336969985339284,0.30023088836592315,4423.374045801525,4423.374045801525,0.3862610944119286,126.79516539440202,126.79516539440202,88,167,390.60305343511436,390.60305343511436,291,581,36.07888040712467,36.07888040712467,19,47,0.3102180255239077,,,,,,0.34400526516240915,,,,0.2621485031644086,,,,0.8263452746588559,,,,1.5178039065783366,,,,0.9127282772587024,0.20422807932114198,0.35414711830083656,1.7306594918849108,-17.247086232109442,1.7787145722564524,-24.49088448263942,-12.934486018200516,-11.853382250814755,1.6425680169029018,-18.055917289692502,-6.344486656850558,3.619002974546988,1.1276572923298347,1.311257655683317,10.294741064650225,350,155.0774206936077,109.12127744797067,8,1.6702250651348305,-4,1.6950886987080647,8,2.255252782434841,0,1.3982720510525555,,,,,,,,,,,,,,,,,124,121.86412447950912,120,393,372.9918966272448,353,318,297.6936049058257,250,345,326.0223390275952,291,228,216.94590451160758,202,392,380.63688129653957,358,427,402.2676303109943,385,59,56.11979851073149,55,3758,3479.7196671046863,2692
Chau_Thanh,10.375656,105.29185,SA,T,5.83,6000,2022-07-17,17.45,91.4,26.96,29.13,25.28,2.6,10.375656,105.29185,25.43446017358027,3.849999999999998,0.30590044970022406,16.560322580645156,6.87,23.62,4.105374513481289,89.26935483870966,79.44,93.35,3.1417356364871574,27.15258064516129,25.9,28.35,0.5816770401006293,29.57741935483871,26.92,31.62,1.122784464255619,25.272580645161284,24.08,26.12,0.4706890470153616,2.4209677419354834,0.53,3.86,0.8686264828459656,25.215654359200347,24.07069434896019,25.902008550533132,0.4443273132408369,4.304838709677419,1.9899999999999984,7.540000000000003,1.2350914057012323,0.38903151628177274,0.22659304192761506,0.7757972023291232,0.12627312204737293,3461.6437659033068,3461.6437659033068,0.25291509046768373,258.36641221374043,258.36641221374043,241,291,390.60305343511436,390.60305343511436,291,581,42.986005089058516,42.986005089058516,30,51,0.41408216043508955,,,,,,0.47646643984942727,,,,0.3431030153378256,,,,1.2033744388620249,,,,1.9656891193073838,,,,0.8415777298304435,0.1957800512878502,0.24224918903864381,1.8963370757873845,-16.895661151381102,1.217170089742061,-21.555700639569025,-13.287303677411087,-11.042408948398316,1.401641191749097,-16.129374272985668,-4.667454715533462,4.022714751667776,1.2225030770598189,1.1093296392673997,15.511923180729065,350,155.0774206936077,109.12127744797067,8,1.6702250651348305,-4,1.6950886987080647,8,2.255252782434841,0,1.3982720510525555,,,,,,,,,,,,,,,,,124,121.86412447950912,120,393,372.9918966272448,353,318,297.6936049058257,250,345,326.0223390275952,291,228,216.94590451160758,202,392,380.63688129653957,358,427,402.2676303109943,385,59,56.11979851073149,55,3758,3479.7196671046863,2692
Chau_Thanh,10.375756,105.208993,WS,T,1.98,6800,2022-03-22,15.4,82.6,27.56,31.49,25.1,2.14,10.375756,105.208993,24.32340394492977,6.389999999999997,0.6410445578849414,19.773225806451613,13.91,25.27,2.5971266841506933,74.71483870967742,62.87,87.54,6.7537530168562645,28.76225806451613,26.92,30.32,0.9962015266951774,33.970645161290314,30.3,37.07,1.997543548693795,24.710000000000004,23.19,25.84,0.7525054924244953,1.8625806451612898,0.83,2.83,0.5368965043652117,23.744442389954784,21.693268342351598,25.111718111232275,0.8654301046936077,9.260645161290322,4.460000000000001,13.179999999999996,2.1311286355324177,1.0136129630035788,0.4539761277216749,1.5336969985339284,0.3171007378747035,6753.863979848866,6753.863979848866,0.6933782361982785,154.03652392947103,154.03652392947103,145,162,401.25566750629724,401.25566750629724,165,485,61.22292191435768,61.22292191435768,54,67,0.2806481650509734,,,,,,0.3062938987034716,,,,0.23910095521468128,,,,0.7190060108287721,,,,1.3902921022426649,,,,0.9186776368087817,0.19580852298673632,0.3997722353340143,1.7849090689986837,-16.88312219496887,1.1120676042140103,-20.81700164982974,-12.134017187468558,-11.538699538295608,1.4174547515837166,-15.675917663247919,-6.335357073548914,3.5563733555718837,0.998652525859184,1.241010519512885,9.005697360793338,353,165.86743543377375,104.06499590956638,10,0.7943004515765659,-11,2.4673418433836525,12,3.4392150275194915,0,1.9743321597357502,,,,,,,,,,,,,,,,,124,122.29425942156004,120,393,361.2701577563541,337,307,294.35056967572297,282,334,320.7432077125329,299,221,202.81704645048202,195,412,386.5810692375109,368,428,410.70990359333916,391,58,55.220639789658186,55,4069,3608.838080631025,3093
Chau_Thanh,10.375756,105.208993,SA,T,1.98,6000,2022-07-19,16.3,91.98,27.29,29.64,25.65,3.01,10.375756,105.208993,25.86766694000002,3.990000000000002,0.29084132425575615,17.08516129032258,6.87,23.62,3.6669807136976593,89.28161290322579,79.44,93.35,3.145285357354456,27.10967741935484,25.9,28.35,0.5971355488359933,29.526774193548388,26.92,31.62,1.1458125363104932,25.21935483870967,24.08,26.12,0.4460430724454614,2.3667741935483866,0.53,3.86,0.8669352288071643,25.175569430420175,24.07069434896019,25.902008550533132,0.4362959214904076,4.30741935483871,1.9899999999999984,7.540000000000003,1.234185032768289,0.38777174529463404,0.22659304192761506,0.7757972023291232,0.12680232702557637,5520.508816120906,5520.508816120906,0.5122143120694211,320.4647355163728,320.4647355163728,245,406,401.25566750629724,401.25566750629724,165,485,36.55037783375315,36.55037783375315,33,37,0.4177783929942064,,,,,,0.4811803606567944,,,,0.34598395883154154,,,,1.2167918468407852,,,,1.9816280948493428,,,,0.8757916119157888,0.21870359602027528,0.3113997392147386,1.8379335050776935,-16.36944694626966,1.2344526541974796,-20.482874878251053,-12.367576118881951,-10.721101622171368,1.4832216739544135,-16.203353664369168,-6.148101241777725,3.8673678651866563,1.276234947531396,1.176357299624347,11.845225914725749,353,165.86743543377375,104.06499590956638,10,0.7943004515765659,-11,2.4673418433836525,12,3.4392150275194915,0,1.9743321597357502,,,,,,,,,,,,,,,,,124,122.29425942156004,120,393,361.2701577563541,337,307,294.35056967572297,282,334,320.7432077125329,299,221,202.81704645048202,195,412,386.5810692375109,368,428,410.70990359333916,391,58,55.220639789658186,55,4069,3608.838080631025,3093
Chau_Thanh,10.377238,105.165363,WS,T,2.2,7200,2022-03-25,24.32,79.29,28.88,34.16,25.29,1.97,10.377238,105.165363,24.922375101044477,8.869999999999997,0.823840279763745,19.71870967741935,13.91,25.27,2.575182726915339,76.08354838709677,62.87,87.54,6.760468369147165,28.60806451612903,26.71,30.32,1.0763930789232148,33.54290322580644,30.27,37.07,2.114771692929381,24.766129032258064,23.19,25.84,0.7272692070201437,1.8090322580645155,0.83,2.83,0.5346651339025486,23.89832591306624,21.693268342351598,25.111718111232275,0.7554782366252685,8.776774193548386,4.460000000000001,13.179999999999996,2.1410826129467915,0.9529690517046733,0.4539761277216749,1.5336969985339284,0.3215872578758214,5791.424710424712,5791.424710424712,0.5886114584702433,243.1261261261261,243.1261261261261,184,280,350.4903474903475,350.4903474903475,45,450,49.9009009009009,49.9009009009009,20,61,0.2950634720315289,,,,,,0.32467818985220365,,,,0.2503366348401733,,,,0.771333901945938,,,,1.4524541068563048,,,,1.063888748241355,0.21941849061316757,0.32958516822445877,1.9130177981259724,-17.02782034509436,0.9070446361317205,-20.27961939788261,-13.399118321076397,-12.535288944399758,1.2393295005081506,-15.954605931372523,-7.598026075240638,2.935835748278069,0.904637889862326,1.0909371590366144,11.13646846291294,355,166.63587887331363,102.8637457236229,21,1.6881916631534573,-13,3.583286005312423,27,4.857734770236086,0,2.9238696218597564,112.913,112.913,112.913,13.831,13.831,13.831,28.59,28.59,28.59,29.41,29.41,29.41,0.42241477966308594,0.42241477966308594,0.42241477966308594,99.081,125,122.56638913234003,120,383,372.51972818939066,347,311,285.587023235423,250,327,307.5390179745726,276,233,218.62779482683038,210,430,401.41144234984654,378,405,380.15585269618595,345,59,55.6646207803595,55,3532,3109.611793073214,2597
Chau_Thanh,10.378511,105.144998,WS,T,1.65,8000,2022-03-24,24.11,76.97,28.78,33.47,24.84,1.73,10.378511,105.144998,24.327700405379016,8.629999999999999,0.9108437745051863,19.734838709677415,13.91,25.27,2.577143794062674,75.60903225806452,62.87,87.54,6.913936535600704,28.665161290322576,26.71,30.32,1.0789566972916909,33.685161290322576,30.27,37.07,2.1369195057337635,24.743548387096777,23.19,25.84,0.7494365556099429,1.7987096774193543,0.83,2.83,0.5401179198339029,23.84579850566103,21.693268342351598,25.111718111232275,0.7866808128358393,8.941612903225806,4.460000000000001,13.179999999999996,2.2208805239744414,0.9750855149292013,0.4539761277216749,1.5336969985339284,0.3276520310148269,4634.782278481013,4634.782278481013,0.4178059634122572,238.20379746835448,238.20379746835448,93,282,413.99113924050636,413.99113924050636,357,480,39.02151898734178,39.02151898734178,21,50,0.2876710069132953,,,,,,0.3152503482374693,,,,0.2445747478527415,,,,0.7444990859884171,,,,1.4205761557723868,,,,1.0291155123944815,0.24453601305428416,0.3404957151591729,2.2000931711995197,-16.900267056253604,1.2944690107444243,-21.134090384030387,-8.650275267742668,-12.185868899178052,1.6677848365446875,-17.067088936715614,-3.7791329436050747,3.12367851622656,1.0535049955706668,0.8181048204513756,10.747578080769987,356,169.8012588476701,107.00246000837213,18,3.030130660615061,-12,3.095438994302981,21,3.5424638764735117,0,2.774259843129631,120.887,120.887,120.887,17.791,17.791,17.791,28.92,28.92,28.92,29.53,29.53,29.53,0.44100379943847656,0.44100379943847656,0.44100379943847656,103.096,125,122.76983779044276,120,380,361.580376697328,338,297,281.6386333771353,251,324,300.4290407358738,277,232,223.59767849321068,215,424,401.3219448094613,377,394,375.0565045992116,353,59,56.689224704336404,55,3620,3222.3282961016203,2843
Chau_Thanh,10.378511,105.144998,SA,T,1.65,6000,2022-07-14,18.62,89.66,26.65,29.19,24.7,3.22,10.378511,105.144998,24.80498046868136,4.490000000000002,0.3611537133149726,16.552258064516124,6.87,23.62,4.135575561360872,89.32419354838709,79.44,93.35,3.1672994237928283,27.140967741935484,25.9,28.35,0.5792784991733929,29.546774193548387,26.92,31.62,1.1371906161231475,25.2716129032258,24.08,26.12,0.4605193195778813,2.492258064516128,0.53,3.86,0.8715603718560192,25.214382792780317,24.07069434896019,25.902008550533132,0.44080403890052405,4.275161290322582,1.9899999999999984,7.540000000000003,1.2695817725578922,0.38682988877803753,0.22659304192761506,0.7757972023291232,0.12721385134730084,3958.1227848101266,3958.1227848101266,0.32748153798100627,314.70000000000005,314.70000000000005,287,366,413.99113924050636,413.99113924050636,357,480,42.174683544303804,42.174683544303804,40,43,0.4007757232222691,,,,,,0.4594963249429054,,,,0.3327316187604483,,,,1.1550717701384872,,,,1.9083088073563315,,,,1.0062299954271283,0.23616870385348582,0.33285133947243195,2.103588710130026,-16.814660984505274,1.2188086201915913,-20.6617987702063,-8.051014758826602,-11.972863970109142,1.6256599894166992,-16.03867572664133,-3.8848302773777794,3.2064953558365215,1.0427776300576774,0.9015123920078244,11.017376905678026,356,169.8012588476701,107.00246000837213,18,3.030130660615061,-12,3.095438994302981,21,3.5424638764735117,0,2.774259843129631,88.161,88.161,88.161,59.074,59.074,59.074,26.31,26.31,26.31,26.71,26.71,26.71,0.49947357177734375,0.49947357177734375,0.49947357177734375,29.087,125,122.76983779044276,120,380,361.580376697328,338,297,281.6386333771353,251,324,300.4290407358738,277,232,223.59767849321068,215,424,401.3219448094613,377,394,375.0565045992116,353,59,56.689224704336404,55,3620,3222.3282961016203,2843
Chau_Thanh,10.378696,105.309113,SA,T,1.32,6000,2022-07-17,17.45,91.4,26.96,29.13,25.28,2.6,10.378696,105.309113,25.43446017358027,3.849999999999998,0.30590044970022406,16.560322580645156,6.87,23.62,4.105374513481289,89.26935483870966,79.44,93.35,3.1417356364871574,27.15258064516129,25.9,28.35,0.5816770401006293,29.57741935483871,26.92,31.62,1.122784464255619,25.272580645161284,24.08,26.12,0.4706890470153616,2.4209677419354834,0.53,3.86,0.8686264828459656,25.215654359200347,24.07069434896019,25.902008550533132,0.4443273132408369,4.304838709677419,1.9899999999999984,7.540000000000003,1.2350914057012323,0.38903151628177274,0.22659304192761506,0.7757972023291232,0.12627312204737293,2852.868090452261,2852.868090452261,0.16119472114308975,273.1947236180904,273.1947236180904,236,341,468.5678391959799,468.5678391959799,426,573,41.12311557788944,41.12311557788944,24,47,0.4137125371791779,,,,,,0.4759950477686905,,,,0.342814920988454,,,,1.2020326980641487,,,,1.9640952217531882,,,,0.8643810683243189,0.21407244739171513,0.22747427057489167,1.8649066837002695,-17.523137588675446,1.683394867877727,-24.352633242054864,-7.949831555583199,-11.80222128313135,1.852961799356957,-16.34977478206601,-2.2101755325837065,3.9358766418380378,1.3810632695860605,1.1448794381836673,16.584406315012554,350,160.46795399603448,103.1894550189801,12,2.3476052775454006,-6,2.1886123752516835,9,2.8592841192783216,0,1.624299437910805,94.671,94.671,94.671,127.637,127.637,127.637,27.19,27.19,27.19,27.88,27.88,27.88,0.41150474548339844,0.41150474548339844,0.41150474548339844,0.0,123,121.18116100766711,120,390,380.2658782303985,362,315,291.91108190976786,270,338,318.48795444590445,294,215,207.9756898817346,198,422,413.09329829172145,402,399,378.9524748138414,370,59,55.04555409548839,53,3601,3367.5851949189655,2862
Chau_Thanh,10.379507,105.154892,WS,T,1.32,7200,2022-03-24,24.11,76.97,28.78,33.47,24.84,1.73,10.379507,105.154892,24.327700405379016,8.629999999999999,0.9108437745051863,19.734838709677415,13.91,25.27,2.577143794062674,75.60903225806452,62.87,87.54,6.913936535600704,28.665161290322576,26.71,30.32,1.0789566972916909,33.685161290322576,30.27,37.07,2.1369195057337635,24.743548387096777,23.19,25.84,0.7494365556099429,1.7987096774193543,0.83,2.83,0.5401179198339029,23.84579850566103,21.693268342351598,25.111718111232275,0.7866808128358393,8.941612903225806,4.460000000000001,13.179999999999996,2.2208805239744414,0.9750855149292013,0.4539761277216749,1.5336969985339284,0.3276520310148269,4034.5959079283894,4034.5959079283894,0.32519789395307086,212.960358056266,212.960358056266,71,258,433.22634271099747,433.22634271099747,299,496,48.66624040920717,48.66624040920717,33,54,0.2873013836573836,,,,,,0.31477895615673257,,,,0.24428665350336992,,,,0.743157345190541,,,,1.418982258218191,,,,0.924063037877141,0.2168412390164615,0.26332430423288095,1.882289361368365,-17.000860550747543,1.9477273343213777,-24.609105704467463,-8.066096864896192,-11.665911496620202,2.2876442012633693,-18.245924354100346,-2.4398570583318997,3.5915507187528015,1.217149908804715,1.1250717780671755,14.190394261755825,355,171.52010829825508,104.9398824347824,19,3.3965600152829682,-17,4.275333358493877,17,5.496864357094393,0,3.0789489199541724,120.887,120.887,120.887,17.791,17.791,17.791,28.92,28.92,28.92,29.53,29.53,29.53,0.44100379943847656,0.44100379943847656,0.44100379943847656,103.096,125,122.78094194961668,121,368,351.6620644312953,338,292,264.9143107604646,248,323,289.2866535174228,276,237,227.0797720797721,216,433,420.5917159763313,401,378,352.2833662064432,342,59,56.13083497698883,55,3749,2968.6785009861937,2597
Chau_Thanh,10.379507,105.154892,SA,T,1.32,6500,2022-07-14,18.62,89.66,26.65,29.19,24.7,3.22,10.379507,105.154892,24.80498046868136,4.490000000000002,0.3611537133149726,16.552258064516124,6.87,23.62,4.135575561360872,89.32419354838709,79.44,93.35,3.1672994237928283,27.140967741935484,25.9,28.35,0.5792784991733929,29.546774193548387,26.92,31.62,1.1371906161231475,25.2716129032258,24.08,26.12,0.4605193195778813,2.492258064516128,0.53,3.86,0.8715603718560192,25.214382792780317,24.07069434896019,25.902008550533132,0.44080403890052405,4.275161290322582,1.9899999999999984,7.540000000000003,1.2695817725578922,0.38682988877803753,0.22659304192761506,0.7757972023291232,0.12721385134730084,4882.976982097187,4882.976982097187,0.4523172953123249,301.78388746803074,301.78388746803074,269,349,433.22634271099747,433.22634271099747,299,496,44.70716112531969,44.70716112531969,41,47,0.40040609996635745,,,,,,0.4590249328621686,,,,0.3324435244110767,,,,1.1537300293406112,,,,1.9067149098021359,,,,0.8803022815870357,0.22188222936537633,0.24907755665748782,2.0929989952903725,-16.833046293838354,2.0473650762183144,-25.5327895740824,-6.838610485711662,-11.208042684225898,2.3960454553111807,-18.730371038759603,-2.3551292388748926,3.8605286313533704,1.3639945773848352,0.9111332633224983,15.059255011484195,355,171.52010829825508,104.9398824347824,19,3.3965600152829682,-17,4.275333358493877,17,5.496864357094393,0,3.0789489199541724,88.161,88.161,88.161,59.074,59.074,59.074,26.31,26.31,26.31,26.71,26.71,26.71,0.49947357177734375,0.49947357177734375,0.49947357177734375,29.087,125,122.78094194961668,121,368,351.6620644312953,338,292,264.9143107604646,248,323,289.2866535174228,276,237,227.0797720797721,216,433,420.5917159763313,401,378,352.2833662064432,342,59,56.13083497698883,55,3749,2968.6785009861937,2597
Chau_Thanh,10.38045,105.349866,WS,T,2.5,7200,2022-04-10,19.36,83.09,27.63,31.63,24.27,1.63,10.38045,105.349866,24.490716162434726,7.359999999999999,0.625544333307912,19.909354838709675,13.91,25.27,2.21220796940431,81.32580645161292,74.06,86.78,2.820396648143946,27.937741935483874,26.95,29.04,0.566936929287379,32.32967741935484,30.27,34.53,1.1575153698442184,24.410322580645158,22.98,25.33,0.5526504108266711,1.7970967741935482,0.95,2.83,0.46968207193725375,24.420803930270907,23.612946047578802,25.30876125962539,0.4129839259566674,7.919354838709679,5.050000000000001,9.709999999999997,1.3117949669745694,0.7062474863029007,0.48813969021282255,1.041477079347301,0.12581155344614364,2679.8602015113356,2679.8602015113356,0.2399484685808812,125.79848866498743,125.79848866498743,112,136,509.17002518891695,509.17002518891695,419,645,27.54156171284635,27.54156171284635,24,34,0.3623349046074545,,,,,,0.41047154854628654,,,,0.30276980642580287,,,,1.0155307271593785,,,,1.7425434617199582,,,,0.48416406607650314,0.2055855010830749,0.09206843091754427,1.4500401836060692,-19.339080478751985,2.2435430651913393,-25.417517752755707,-11.77436005619593,-10.332437048579076,1.5871196701121568,-17.658577544324675,-6.146729166445176,9.033040707217715,4.87369490986065,1.758544242582642,42.44594515336497,353,161.49263008112683,104.41720293499067,8,2.2363215952621727,-5,1.97611300475324,10,2.7903418654211647,0,1.572947168351172,119.039,119.039,119.039,27.382,27.382,27.382,28.12,28.12,28.12,28.89,28.89,28.89,0.3352101643880208,0.3352101643880208,0.3352101643880208,91.657,122,121.03155818540432,120,395,373.02302631578954,361,319,300.2526315789474,282,321,311.3774122807018,294,199,182.62543859649125,174,407,390.3923245614035,367,440,426.8043859649123,413,58,57.00789473684211,56,3646,3306.1179824561414,2871
Chau_Thanh,10.38045,105.349866,SA,T,2.5,5500,2022-08-04,17.41,88.39,26.9,30.33,23.88,2.25,10.38045,105.349866,24.811799312081405,6.449999999999999,0.41151374148092884,16.987419354838714,6.73,23.62,4.185543451623915,89.26322580645164,81.27,93.09,2.717885073286229,26.781290322580645,24.56,27.84,0.7419970521438873,29.779032258064515,26.96,31.63,1.345082692837998,24.29064516129032,22.77,25.41,0.538318382131897,2.13258064516129,0.86,3.41,0.7100066684917893,24.850985057037352,22.978376643113545,25.81221997293908,0.5200659696290821,5.4883870967741935,2.6700000000000017,8.34,1.419173082204162,0.3811771790818422,0.22683948783158558,0.6932754681442975,0.10927684525198861,1646.7846347607056,1646.7846347607056,0.11679887838117331,303.9219143576827,303.9219143576827,224,396,509.17002518891695,509.17002518891695,419,645,18.964735516372798,18.964735516372798,17,23,0.46582941626272467,,,,,,0.5424613311525679,,,,0.38343622424984836,,,,1.3912181505646712,,,,2.1888347768948098,,,,0.5757263342407541,0.19349118081726802,0.12488048576834145,1.5842305540781438,-21.01655430334872,2.9291183178657296,-27.659787653648948,-11.353630433460896,-13.029623054319845,2.7708469757158207,-21.72267139185405,-5.673786809853734,6.8274141333836305,2.91371102157009,1.5248850236495919,31.03062492421889,353,161.49263008112683,104.41720293499067,8,2.2363215952621727,-5,1.97611300475324,10,2.7903418654211647,0,1.572947168351172,108.76,108.76,108.76,150.556,150.556,150.556,28.12,28.12,28.12,28.77,28.77,28.77,0.41028086344401044,0.41028086344401044,0.41028086344401044,0.0,122,121.03155818540432,120,395,373.02302631578954,361,319,300.2526315789474,282,321,311.3774122807018,294,199,182.62543859649125,174,407,390.3923245614035,367,440,426.8043859649123,413,58,57.00789473684211,56,3646,3306.1179824561414,2871
Chau_Thanh,10.380497,105.274972,WS,T,3.5,7040,2022-03-22,15.4,82.6,27.56,31.49,25.1,2.14,10.380497,105.274972,24.32340394492977,6.389999999999997,0.6410445578849414,19.773225806451613,13.91,25.27,2.5971266841506933,74.71483870967742,62.87,87.54,6.7537530168562645,28.76225806451613,26.92,30.32,0.9962015266951774,33.970645161290314,30.3,37.07,1.997543548693795,24.710000000000004,23.19,25.84,0.7525054924244953,1.8625806451612898,0.83,2.83,0.5368965043652117,23.744442389954784,21.693268342351598,25.111718111232275,0.8654301046936077,9.260645161290322,4.460000000000001,13.179999999999996,2.1311286355324177,1.0136129630035788,0.4539761277216749,1.5336969985339284,0.3171007378747035,6437.340937896073,6437.340937896073,0.6818311599141323,145.86311787072245,145.86311787072245,129,174,374.73003802281374,374.73003802281374,102,579,63.06210392902409,63.06210392902409,36,69,0.28101778830688506,,,,,,0.30676529078420833,,,,0.23938904956405288,,,,0.7203477516266482,,,,1.3918859997968607,,,,0.9380694210331386,0.20114423583079125,0.3344970683130736,1.832998567521118,-17.014421236374474,1.421560041701527,-22.108260894390256,-9.749741221298777,-11.787527985022537,1.67875462625671,-16.89042495015427,-5.658013423866093,3.464633690724969,0.9854775453613454,1.182216653562069,10.958251294017883,352,172.64678797859193,104.11087688155578,13,0.9292877727459862,-11,3.3052474773724305,22,4.430386167146975,0,2.8108588252281406,91.449,91.449,91.449,247.38,247.38,247.38,26.93,26.93,26.93,28.21,28.21,28.21,0.3387889862060547,0.3387889862060547,0.3387889862060547,0.0,128,125.15987735435834,123,412,378.4240035041612,344,315,274.3024529128339,246,354,329.8666228646518,285,225,210.1815593517302,199,386,345.526938239159,332,463,444.1381953569865,410,61,57.65243101182655,55,3742,3228.1130091984237,2772
Chau_Thanh,10.381544,105.174719,WS,T,2.2,8000,2022-03-25,24.32,79.29,28.88,34.16,25.29,1.97,10.381544,105.174719,24.922375101044477,8.869999999999997,0.823840279763745,19.71870967741935,13.91,25.27,2.575182726915339,76.08354838709677,62.87,87.54,6.760468369147165,28.60806451612903,26.71,30.32,1.0763930789232148,33.54290322580644,30.27,37.07,2.114771692929381,24.766129032258064,23.19,25.84,0.7272692070201437,1.8090322580645155,0.83,2.83,0.5346651339025486,23.89832591306624,21.693268342351598,25.111718111232275,0.7554782366252685,8.776774193548386,4.460000000000001,13.179999999999996,2.1410826129467915,0.9529690517046733,0.4539761277216749,1.5336969985339284,0.3215872578758214,4365.327044025158,4365.327044025158,0.3952579799187819,191.5345911949686,191.5345911949686,167,227,437.11572327044024,437.11572327044024,181,509,52.427672955974856,52.427672955974856,49,67,0.2946938487756172,,,,,,0.32420679777146694,,,,0.2500485404908017,,,,0.7699921611480619,,,,1.450860209302109,,,,1.054884739544908,0.22968221641417366,0.4169720698751271,1.868253092130776,-16.732483807666164,0.9937991972988206,-20.3241307116823,-13.302391442319728,-12.179709210877782,1.1934855801041717,-16.54506275137863,-7.4544589395817225,2.9902777199912585,0.9528097597404152,1.141037537605747,8.59296866381938,354,164.59735392053867,105.3280950538847,11,1.2873140350241585,-10,3.0360469821188265,17,3.9523646412115214,0,2.5123581816545624,112.913,112.913,112.913,13.831,13.831,13.831,28.59,28.59,28.59,29.41,29.41,29.41,0.42241477966308594,0.42241477966308594,0.42241477966308594,99.081,124,122.34304490690032,120,396,373.2858081471747,357,311,292.3812965396408,267,331,313.2652212001753,297,227,219.74485326325015,205,432,391.2536136662286,368,407,388.8856767411301,346,59,55.97722295225581,54,3762,3293.4375821287776,2773
Chau_Thanh,10.381544,105.174719,SA,T,2.2,6400,2022-07-14,18.62,89.66,26.65,29.19,24.7,3.22,10.381544,105.174719,24.80498046868136,4.490000000000002,0.3611537133149726,16.552258064516124,6.87,23.62,4.135575561360872,89.32419354838709,79.44,93.35,3.1672994237928283,27.140967741935484,25.9,28.35,0.5792784991733929,29.546774193548387,26.92,31.62,1.1371906161231475,25.2716129032258,24.08,26.12,0.4605193195778813,2.492258064516128,0.53,3.86,0.8715603718560192,25.214382792780317,24.07069434896019,25.902008550533132,0.44080403890052405,4.275161290322582,1.9899999999999984,7.540000000000003,1.2695817725578922,0.38682988877803753,0.22659304192761506,0.7757972023291232,0.12721385134730084,5781.001257861636,5781.001257861636,0.5777746681951862,333.17861635220123,333.17861635220123,262,379,437.11572327044024,437.11572327044024,181,509,35.93836477987422,35.93836477987422,31,49,0.40003647671044573,,,,,,0.4585535407814319,,,,0.3321554300617051,,,,1.1523882885427352,,,,1.9051210122479398,,,,0.940299867234815,0.2083397916065437,0.36822873494637726,1.7035174481812765,-16.970831034259984,1.0625362600216168,-20.460273284523982,-13.19762020571562,-11.747221577494603,1.262883480771835,-15.249532851104707,-6.877335874510969,3.4802172185225446,1.0693583070824162,1.3480827885094535,9.862813301581404,354,164.59735392053867,105.3280950538847,11,1.2873140350241585,-10,3.0360469821188265,17,3.9523646412115214,0,2.5123581816545624,88.161,88.161,88.161,59.074,59.074,59.074,26.31,26.31,26.31,26.71,26.71,26.71,0.49947357177734375,0.49947357177734375,0.49947357177734375,29.087,124,122.34304490690032,120,396,373.2858081471747,357,311,292.3812965396408,267,331,313.2652212001753,297,227,219.74485326325015,205,432,391.2536136662286,368,407,388.8856767411301,346,59,55.97722295225581,54,3762,3293.4375821287776,2773
Chau_Thanh,10.384444,105.3447,WS,T,2.09,8000,2022-03-25,24.32,79.93,28.43,34.02,24.91,1.94,10.384444,105.3447,24.62031587446449,9.110000000000003,0.7778342294886329,19.71870967741935,13.91,25.27,2.575182726915339,75.42774193548388,60.66,86.5,8.218526164738996,28.529999999999998,26.95,30.47,1.1802022789991715,33.77967741935483,30.27,38.48,2.4892847578409234,24.50258064516129,22.56,25.75,0.7616661182922754,1.8512903225806454,0.68,2.83,0.5464710359498973,23.643292183441684,21.12681833274576,24.806145378787576,0.938716642544211,9.277096774193547,5.43,14.7,2.488982423956382,0.9803993356202498,0.48813969021282255,1.6478924176167693,0.3918853776303495,4007.7782002534864,4007.7782002534864,0.3949130130534971,118.79721166032954,118.79721166032954,87,185,474.3891001267428,474.3891001267428,411,603,30.134347275031693,30.134347275031693,23,45,0.2943242255197055,,,,,,0.3237354056907302,,,,0.24976044614143014,,,,0.7686504203501858,,,,1.449266311747913,,,,0.8097754578407533,0.22119051561582442,0.2731062133242506,2.1496251718579535,-16.881266057495015,2.4090050671994674,-23.37975695349731,-8.780745025009693,-10.776042708318554,2.1745087783959565,-16.269306879017222,-1.9470252271878943,4.329124959406645,1.5566844337227754,0.8607895238511462,13.646316359162883,353,159.9724366913489,104.88872545599459,12,2.8885379061371843,-5,2.3482781192995086,12,3.0453371630346,0,1.7684572415135427,111.851,111.851,111.851,41.573,41.573,41.573,28.61,28.61,28.61,29.45,29.45,29.45,0.31447474161783856,0.31447474161783856,0.31447474161783856,70.278,124,121.37311145171886,120,386,373.5815633895336,353,312,297.525947011167,272,325,307.8721261221808,283,196,181.3939128530764,167,424,396.5469673746441,372,444,421.97460039413176,406,60,57.19443836216334,56,3805,3373.3685132472074,2955
Chau_Thanh,10.384444,105.3447,SA,T,2.09,5500,2022-07-15,15.33,91.48,26.9,29.78,24.82,2.56,10.384444,105.3447,25.389900624500665,4.960000000000001,0.30198941235292953,16.52774193548387,6.87,23.62,4.116383246270553,90.20838709677417,81.27,94.19,2.939362556278633,26.93903225806451,25.66,27.84,0.5452454601944365,29.701935483870965,26.96,31.63,1.1618989444560106,24.736451612903235,23.29,25.36,0.4316476190291425,2.3951612903225805,0.86,3.69,0.8050280338446323,25.18298593964303,24.130094953000818,25.85569627986475,0.4261595091244373,4.965483870967743,2.4399999999999977,8.34,1.3472477050535705,0.35037481175348073,0.1952996540418091,0.6932754681442975,0.11456699913657563,3701.425855513309,3701.425855513309,0.355701633568674,272.45500633713567,272.45500633713567,237,380,474.3891001267428,474.3891001267428,411,603,40.83016476552599,40.83016476552599,30,51,0.4096466813641494,,,,,,0.47080973488058664,,,,0.3396458831453665,,,,1.1872735492875124,,,,1.9465623486570331,,,,0.8974338286136949,0.236163655749512,0.28705786828307883,1.8940665763392468,-15.858174443662907,1.891622955221135,-21.910389825697386,-7.243045036614339,-10.336838868220017,2.2209535534344798,-16.344997821529613,-1.2765766333340811,3.771129106518274,1.2684367073940512,1.1118581838506392,12.934472599285959,353,159.9724366913489,104.88872545599459,12,2.8885379061371843,-5,2.3482781192995086,12,3.0453371630346,0,1.7684572415135427,90.266,90.266,90.266,118.646,118.646,118.646,26.78,26.78,26.78,27.36,27.36,27.36,0.40634600321451825,0.40634600321451825,0.40634600321451825,0.0,124,121.37311145171886,120,386,373.5815633895336,353,312,297.525947011167,272,325,307.8721261221808,283,196,181.3939128530764,167,424,396.5469673746441,372,444,421.97460039413176,406,60,57.19443836216334,56,3805,3373.3685132472074,2955
Chau_Thanh,10.386495,105.284636,WS,T,1.98,7000,2022-03-27,20.9,80.8,28.64,32.65,25.38,1.54,10.386495,105.284636,25.006220070936045,7.27,0.7532338983974283,19.808064516129026,13.91,25.27,2.4664594179417985,77.2416129032258,64.47,87.54,6.190173324361764,28.511290322580646,26.71,30.32,1.0706788378301475,33.28322580645161,30.27,37.07,2.0413395145167734,24.850645161290327,23.23,25.84,0.6326132971783864,1.8222580645161288,0.83,2.83,0.5336345836680533,24.068291937317575,22.833586831955028,25.111718111232275,0.5746544128906169,8.43258064516129,4.460000000000001,12.3,1.9124110230062243,0.9017068965450331,0.4539761277216749,1.5336969985339284,0.30023088836592315,3578.0591194968556,3578.0591194968556,0.2612083486942486,94.22641509433964,94.22641509433964,68,137,439.4817610062894,439.4817610062894,320,579,37.25786163522013,37.25786163522013,29,48,0.3105876487798194,,,,,,0.34447665724314586,,,,0.2624365975137801,,,,0.827687015456732,,,,1.5193978041325327,,,,0.6748151651870449,0.1748005377953453,0.12421972969934533,1.3329022869720042,-18.402918651402025,2.341848906387335,-24.322529541050173,-8.194572129180065,-11.329819665116688,2.3547310764039486,-18.469290297028465,6.153572967626957,5.386930360018753,1.9963727731603442,2.0009701679535157,31.201003895930075,353,159.5064112909867,105.3280333140157,8,0.9297442400487478,-9,2.4429435709828096,14,3.2111262989739977,0,2.288762067411638,120.191,120.191,120.191,88.858,88.858,88.858,29.47,29.47,29.47,30.2,30.2,30.2,0.295559565226237,0.295559565226237,0.295559565226237,31.333,125,123.36799474605957,123,396,375.61454226894426,362,303,284.8162505475251,252,349,331.8291721419185,298,259,228.7144108628997,201,403,355.00635129215937,329,453,416.30201489268495,379,59,56.29916776171703,55,3846,3317.2063074901444,2587
Chau_Thanh,10.386495,105.284636,SA,T,1.98,6500,2022-07-17,17.45,91.4,26.96,29.13,25.28,2.6,10.386495,105.284636,25.43446017358027,3.849999999999998,0.30590044970022406,16.560322580645156,6.87,23.62,4.105374513481289,89.26935483870966,79.44,93.35,3.1417356364871574,27.15258064516129,25.9,28.35,0.5816770401006293,29.57741935483871,26.92,31.62,1.122784464255619,25.272580645161284,24.08,26.12,0.4706890470153616,2.4209677419354834,0.53,3.86,0.8686264828459656,25.215654359200347,24.07069434896019,25.902008550533132,0.4443273132408369,4.304838709677419,1.9899999999999984,7.540000000000003,1.2350914057012323,0.38903151628177274,0.22659304192761506,0.7757972023291232,0.12627312204737293,2345.5044025157235,2345.5044025157235,0.09288750991236933,249.03773584905662,249.03773584905662,236,265,439.4817610062894,439.4817610062894,320,579,21.698113207547177,21.698113207547177,13,31,0.41334291392326616,,,,,,0.4755236556879538,,,,0.3425268266390824,,,,1.2006909572662727,,,,1.9625013241989921,,,,0.7989716818204775,0.24984276030674268,0.20104001046821976,1.961444371342452,-17.5045163620542,1.8972836428056052,-26.483670261350042,-10.123992259719072,-11.274618820407609,2.0207464248239924,-16.8158519097349,-2.514295357235063,4.551219120988189,1.9469392438574455,1.039313507148979,18.896536966368277,353,159.5064112909867,105.3280333140157,8,0.9297442400487478,-9,2.4429435709828096,14,3.2111262989739977,0,2.288762067411638,97.895,97.895,97.895,128.109,128.109,128.109,27.16,27.16,27.16,27.81,27.81,27.81,0.4193433125813802,0.4193433125813802,0.4193433125813802,0.0,125,123.36799474605957,123,396,375.61454226894426,362,303,284.8162505475251,252,349,331.8291721419185,298,259,228.7144108628997,201,403,355.00635129215937,329,453,416.30201489268495,379,59,56.29916776171703,55,3846,3317.2063074901444,2587
Chau_Thanh,10.386546,105.19302,WS,T,1.65,7200,2022-03-24,24.11,76.97,28.78,33.47,24.84,1.73,10.386546,105.19302,24.327700405379016,8.629999999999999,0.9108437745051863,19.734838709677415,13.91,25.27,2.577143794062674,75.60903225806452,62.87,87.54,6.913936535600704,28.665161290322576,26.71,30.32,1.0789566972916909,33.685161290322576,30.27,37.07,2.1369195057337635,24.743548387096777,23.19,25.84,0.7494365556099429,1.7987096774193543,0.83,2.83,0.5401179198339029,23.84579850566103,21.693268342351598,25.111718111232275,0.7866808128358393,8.941612903225806,4.460000000000001,13.179999999999996,2.2208805239744414,0.9750855149292013,0.4539761277216749,1.5336969985339284,0.3276520310148269,4646.725786163523,4646.725786163523,0.41350652673051225,192.95597484276732,192.95597484276732,162,228,404.14591194968546,404.14591194968546,312,523,58.94213836477987,58.94213836477987,51,67,0.28693176040147195,,,,,,0.31430756407599586,,,,0.24399855915399832,,,,0.7418156043926649,,,,1.4173883606639952,,,,0.8804952875313546,0.19125195917579124,0.3355357545922866,1.7378120322904465,-16.919989540312706,1.188177670550196,-22.178908453992882,-12.782423612703088,-11.331884427498792,1.3557888014217505,-15.748037602680833,-4.673790306005058,3.7672187058528976,1.0905110041294377,1.3017449100798184,10.921233267257753,353,163.153109417507,106.85921614951934,12,1.263027540460962,-6,1.892619365452085,14,2.6754625756687522,0,1.6629361121148223,,,,,,,,,,,,,,,,,124,122.79692982456143,122,386,371.7638554216868,365,316,306.79999999999995,292,337,319.94983570646224,308,218,208.97283680175252,194,447,402.0124863088718,379,410,388.9347207009858,359,58,54.800438116100764,54,3820,3591.238116100767,3341
Chau_Thanh,10.387123,105.119326,WS,T,1.87,6800,2022-03-24,24.11,76.97,28.78,33.47,24.84,1.73,10.387123,105.119326,24.327700405379016,8.629999999999999,0.9108437745051863,19.734838709677415,13.91,25.27,2.577143794062674,75.60903225806452,62.87,87.54,6.913936535600704,28.665161290322576,26.71,30.32,1.0789566972916909,33.685161290322576,30.27,37.07,2.1369195057337635,24.743548387096777,23.19,25.84,0.7494365556099429,1.7987096774193543,0.83,2.83,0.5401179198339029,23.84579850566103,21.693268342351598,25.111718111232275,0.7866808128358393,8.941612903225806,4.460000000000001,13.179999999999996,2.2208805239744414,0.9750855149292013,0.4539761277216749,1.5336969985339284,0.3276520310148269,5210.032663316582,5210.032663316582,0.4901662434732898,151.32663316582915,151.32663316582915,56,217,477.2839195979899,477.2839195979899,254,627,45.9962311557789,45.9962311557789,34,53,0.2865621371455603,,,,,,0.31383617199525915,,,,0.24371046480462674,,,,0.740473863594789,,,,1.4157944631097992,,,,0.9838270216055034,0.2144678914714025,0.26471077568586904,1.7872851959228224,-16.481477200075403,1.0962434320198788,-20.938869255357773,-11.770611495068238,-11.52014133083037,1.5029613394706203,-15.634315897135044,-3.4548497266901874,3.2790644090233125,1.039069711080376,1.238031182222541,14.110831773417415,353,158.47389066189763,103.78787241111812,9,1.4870186116517965,-11,2.4335516767487984,12,3.35480375592421,0,1.9715673449108568,,,,,,,,,,,,,,,,,124,121.53780407626557,118,400,367.31062431544353,347,317,293.30733844468784,277,341,322.5483023001096,299,266,238.58838992332966,220,391,375.9296823658269,368,401,385.4705366922234,345,61,58.07710843373494,55,4093,3631.9211391018616,3240
Chau_Thanh,10.387459,105.205582,WS,T,6.6,7200,2022-03-22,15.4,82.6,27.56,31.49,25.1,2.14,10.387459,105.205582,24.32340394492977,6.389999999999997,0.6410445578849414,19.773225806451613,13.91,25.27,2.5971266841506933,74.71483870967742,62.87,87.54,6.7537530168562645,28.76225806451613,26.92,30.32,0.9962015266951774,33.970645161290314,30.3,37.07,1.997543548693795,24.710000000000004,23.19,25.84,0.7525054924244953,1.8625806451612898,0.83,2.83,0.5368965043652117,23.744442389954784,21.693268342351598,25.111718111232275,0.8654301046936077,9.260645161290322,4.460000000000001,13.179999999999996,2.1311286355324177,1.0136129630035788,0.4539761277216749,1.5336969985339284,0.3171007378747035,6781.233502538071,6781.233502538071,0.694564330135705,145.89213197969545,145.89213197969545,137,151,543.3248730964466,543.3248730964466,456,637,65.97969543147208,65.97969543147208,62,72,0.28138741156279673,,,,,,0.30723668286494504,,,,0.23967714391342446,,,,0.7216894924245243,,,,1.3934798973510567,,,,0.9383858678398224,0.2239472176177312,0.09502385692261754,2.1165663910782975,-17.12391784873054,1.2921685461521033,-21.86267612256074,-7.864911988494559,-11.870727559743615,1.835911044289081,-16.315903125215698,4.956967644265623,3.5466248319133653,1.432235793773144,0.88985330999335,41.09469210723988,350,162.0342577648958,108.05936669253201,11,1.1917822206119686,-10,2.2353441748691734,12,2.8948980600111973,0,1.84168178013495,,,,,,,,,,,,,,,,,124,122.62576687116565,121,391,367.1042716319825,345,329,306.3182913472071,290,336,319.2400876232201,300,227,206.21489594742604,196,446,398.51193866374587,369,414,395.190361445783,354,60,57.065279299014236,54,3796,3367.1713033953993,2932
Chau_Thanh,10.387619,105.243467,WS,T,1.3,7000,2022-03-22,15.4,82.6,27.56,31.49,25.1,2.14,10.387619,105.243467,24.32340394492977,6.389999999999997,0.6410445578849414,19.773225806451613,13.91,25.27,2.5971266841506933,74.71483870967742,62.87,87.54,6.7537530168562645,28.76225806451613,26.92,30.32,0.9962015266951774,33.970645161290314,30.3,37.07,1.997543548693795,24.710000000000004,23.19,25.84,0.7525054924244953,1.8625806451612898,0.83,2.83,0.5368965043652117,23.744442389954784,21.693268342351598,25.111718111232275,0.8654301046936077,9.260645161290322,4.460000000000001,13.179999999999996,2.1311286355324177,1.0136129630035788,0.4539761277216749,1.5336969985339284,0.3171007378747035,6732.069095477385,6732.069095477385,0.6704015935688112,146.60301507537687,146.60301507537687,128,161,388.45854271356785,388.45854271356785,283,432,63.10929648241205,63.10929648241205,39,73,0.28175703481870845,,,,,,0.3077080749456818,,,,0.23996523826279606,,,,0.7230312332224003,,,,1.3950737949052525,,,,0.9982982012986099,0.2168579710797067,0.3925062814514422,1.8818555163416586,-16.57655279003722,1.071778551005777,-21.176555284080646,-12.5362269101992,-11.702289717207368,1.5350330390235531,-15.583048853301944,-6.417087992736165,3.2088015347765366,0.9669704147531798,1.1255616944365794,9.19091971014698,352,167.18666139709507,108.03266669206666,8,0.6152718769555044,-8,2.462567200431576,13,3.2681652010670867,0,1.8896895481661795,,,,,,,,,,,,,,,,,125,122.55662650602412,119,405,367.734282584885,352,328,302.655421686747,288,357,341.07732749178524,325,241,224.69813800657175,200,405,368.91237677984674,323,456,406.30602409638544,393,60,56.43943044906901,55,3796,3435.757064622125,3127
Chau_Thanh,10.389374,105.169781,WS,T,2.09,7040,2022-03-24,24.11,76.97,28.78,33.47,24.84,1.73,10.389374,105.169781,24.327700405379016,8.629999999999999,0.9108437745051863,19.734838709677415,13.91,25.27,2.577143794062674,75.60903225806452,62.87,87.54,6.913936535600704,28.665161290322576,26.71,30.32,1.0789566972916909,33.685161290322576,30.27,37.07,2.1369195057337635,24.743548387096777,23.19,25.84,0.7494365556099429,1.7987096774193543,0.83,2.83,0.5401179198339029,23.84579850566103,21.693268342351598,25.111718111232275,0.7866808128358393,8.941612903225806,4.460000000000001,13.179999999999996,2.2208805239744414,0.9750855149292013,0.4539761277216749,1.5336969985339284,0.3276520310148269,3656.1758793969852,3656.1758793969852,0.2836005054906198,191.86180904522618,191.86180904522618,169,219,456.177135678392,456.177135678392,315,589,46.00879396984926,46.00879396984926,43,54,0.288040630169207,,,,,,0.315721740318206,,,,0.2448628422021131,,,,0.745840826786293,,,,1.4221700533265829,,,,0.813098203488829,0.1966815689497433,0.20020644465987406,1.8066060130372372,-17.899300567667147,1.538942203114629,-22.987043625160567,-11.624653069938999,-11.848988263529371,1.6134254673785433,-16.861927780879927,-2.5286982197897396,4.220804247894159,1.347267465291199,1.2140964721329937,18.979376821737702,354,167.94348981749545,104.16904001890711,20,2.749025885266906,-15,4.105821917008974,26,5.433537872724457,0,3.539630294622228,120.887,120.887,120.887,17.791,17.791,17.791,28.92,28.92,28.92,29.53,29.53,29.53,0.44100379943847656,0.44100379943847656,0.44100379943847656,103.096,125,122.824895901819,120,381,357.2683887915936,341,311,281.6304728546409,253,324,302.61077057793347,284,238,226.62543782837128,217,432,412.74671628721535,393,387,360.60310858143606,346,59,55.295315236427314,54,3806,3253.979640980735,2773
Chau_Thanh,10.389374,105.169781,SA,T,2.09,6000,2022-07-14,18.62,89.66,26.65,29.19,24.7,3.22,10.389374,105.169781,24.80498046868136,4.490000000000002,0.3611537133149726,16.552258064516124,6.87,23.62,4.135575561360872,89.32419354838709,79.44,93.35,3.1672994237928283,27.140967741935484,25.9,28.35,0.5792784991733929,29.546774193548387,26.92,31.62,1.1371906161231475,25.2716129032258,24.08,26.12,0.4605193195778813,2.492258064516128,0.53,3.86,0.8715603718560192,25.214382792780317,24.07069434896019,25.902008550533132,0.44080403890052405,4.275161290322582,1.9899999999999984,7.540000000000003,1.2695817725578922,0.38682988877803753,0.22659304192761506,0.7757972023291232,0.12721385134730084,5353.899497487437,5353.899497487437,0.5084632966631694,266.20603015075375,266.20603015075375,250,306,456.177135678392,456.177135678392,315,589,37.61180904522614,37.61180904522614,37,39,0.39966685345453407,,,,,,0.4580821487006952,,,,0.33186733571233357,,,,1.151046547744859,,,,1.9035271146937438,,,,0.9042458559501817,0.22693504984104504,0.291331041365547,1.8504726730583216,-17.547634766652255,1.3096491430374868,-21.929751099678118,-12.045426472653155,-12.077194207058184,1.6724727743224062,-16.170463395249534,-3.574374793459281,3.7186447458184357,1.2530583486467144,1.1616098731083133,12.730085133568066,354,167.94348981749545,104.16904001890711,20,2.749025885266906,-15,4.105821917008974,26,5.433537872724457,0,3.539630294622228,88.161,88.161,88.161,59.074,59.074,59.074,26.31,26.31,26.31,26.71,26.71,26.71,0.49947357177734375,0.49947357177734375,0.49947357177734375,29.087,125,122.824895901819,120,381,357.2683887915936,341,311,281.6304728546409,253,324,302.61077057793347,284,238,226.62543782837128,217,432,412.74671628721535,393,387,360.60310858143606,346,59,55.295315236427314,54,3806,3253.979640980735,2773
Chau_Thanh,10.389594,105.147461,WS,T,3.3,6400,2022-03-24,24.11,76.97,28.78,33.47,24.84,1.73,10.389594,105.147461,24.327700405379016,8.629999999999999,0.9108437745051863,19.734838709677415,13.91,25.27,2.577143794062674,75.60903225806452,62.87,87.54,6.913936535600704,28.665161290322576,26.71,30.32,1.0789566972916909,33.685161290322576,30.27,37.07,2.1369195057337635,24.743548387096777,23.19,25.84,0.7494365556099429,1.7987096774193543,0.83,2.83,0.5401179198339029,23.84579850566103,21.693268342351598,25.111718111232275,0.7866808128358393,8.941612903225806,4.460000000000001,13.179999999999996,2.2208805239744414,0.9750855149292013,0.4539761277216749,1.5336969985339284,0.3276520310148269,4609.118251928021,4609.118251928021,0.37161391212690936,175.7634961439589,175.7634961439589,124,226,337.0128534704371,337.0128534704371,232,523,45.00385604113111,45.00385604113111,28,48,0.2858228906337369,,,,,,0.3128933878337857,,,,0.24313427610588356,,,,0.7377903819990368,,,,1.4126066680014076,,,,0.9361313059675138,0.23595188714904097,0.357633282105695,1.9397251235831148,-17.68914435014835,1.5875920085476465,-23.197340148361853,-9.79686728053644,-12.416307179000276,1.7378835206423822,-17.02086148263295,-3.3706974347743786,3.5534768297363897,1.1752338958551738,1.0621478535118873,10.184641363489876,354,161.90269438891292,105.00804553071812,12,1.873751362673772,-9,2.4715352042012517,14,3.1523493977887656,0,2.1803978155326886,120.887,120.887,120.887,17.791,17.791,17.791,28.92,28.92,28.92,29.53,29.53,29.53,0.44100379943847656,0.44100379943847656,0.44100379943847656,103.096,124,122.51434830230012,121,384,372.30396668858214,360,307,293.740959894806,253,335,315.2647381108919,301,242,224.39842209072978,211,425,410.9892614507999,400,377,364.7056760902915,349,58,55.748191978961216,55,3607,3381.8080210387907,3027
Chau_Thanh,10.390554,105.336857,SA,T,3.3,5500,2022-07-15,15.33,91.48,26.9,29.78,24.82,2.56,10.390554,105.336857,25.389900624500665,4.960000000000001,0.30198941235292953,16.52774193548387,6.87,23.62,4.116383246270553,90.20838709677417,81.27,94.19,2.939362556278633,26.93903225806451,25.66,27.84,0.5452454601944365,29.701935483870965,26.96,31.63,1.1618989444560106,24.736451612903235,23.29,25.36,0.4316476190291425,2.3951612903225805,0.86,3.69,0.8050280338446323,25.18298593964303,24.130094953000818,25.85569627986475,0.4261595091244373,4.965483870967743,2.4399999999999977,8.34,1.3472477050535705,0.35037481175348073,0.1952996540418091,0.6932754681442975,0.11456699913657563,5193.272727272727,5193.272727272727,0.5047853994021332,257.8156565656565,257.8156565656565,242,402,373.5669191919193,373.5669191919193,246,530,36.02525252525252,36.02525252525252,29,44,0.4081681883405027,,,,,,0.4689241665576397,,,,0.3384935057478802,,,,1.1819065860960083,,,,1.9401867584402495,,,,0.8867729336866272,0.2243414371816289,0.2759489052796802,1.9093698109738588,-16.725634713643593,1.5362947438439258,-21.259799352415108,-8.771717146472723,-11.1401614641463,1.9279700259441825,-16.507161705895562,-2.85276077334655,3.828114905150325,1.3443835519942964,1.0949320435520198,13.495437102553144,349,161.73707873310332,104.36290999368406,13,2.6663921899291205,-5,2.3847921605998086,12,3.195169429000554,0,1.8747431895423814,90.266,90.266,90.266,118.646,118.646,118.646,26.78,26.78,26.78,27.36,27.36,27.36,0.40634600321451825,0.40634600321451825,0.40634600321451825,0.0,122,120.92796146266694,119,382,367.50470768557045,353,314,294.1889643091746,272,321,299.6139697832276,283,181,169.88745347054962,159,450,414.3512152397636,379,440,415.93540617473184,392,60,57.23779286183492,55,3885,3349.844536895118,3015
Chau_Thanh,10.391149,105.359279,WS,T,2.035,7040,2022-03-25,24.32,79.93,28.43,34.02,24.91,1.94,10.391149,105.359279,24.62031587446449,9.110000000000003,0.7778342294886329,19.71870967741935,13.91,25.27,2.575182726915339,75.42774193548388,60.66,86.5,8.218526164738996,28.529999999999998,26.95,30.47,1.1802022789991715,33.77967741935483,30.27,38.48,2.4892847578409234,24.50258064516129,22.56,25.75,0.7616661182922754,1.8512903225806454,0.68,2.83,0.5464710359498973,23.643292183441684,21.12681833274576,24.806145378787576,0.938716642544211,9.277096774193547,5.43,14.7,2.488982423956382,0.9803993356202498,0.48813969021282255,1.6478924176167693,0.3918853776303495,4737.0453400503775,4737.0453400503775,0.46597927141226825,105.90554156171282,105.90554156171282,90,175,405.2657430730478,405.2657430730478,341,526,48.99244332493703,48.99244332493703,37,55,0.29395460226379383,,,,,,0.3232640136099935,,,,0.24947235179205854,,,,0.7673086795523099,,,,1.4476724141937172,,,,0.8891236931547206,0.20669278513500072,0.22857970125204063,1.7909612315242316,-16.442871190228615,1.3769298101714873,-22.837023387192392,-10.39661153736283,-10.88768493763682,1.4168362228577311,-15.660015728331246,-0.8240676367982723,3.7838187340202305,1.322453751541367,1.2334375136617133,16.499366645813613,353,161.5416779199904,105.92808714274781,10,2.5266687306909428,-6,2.131023088957684,11,3.1198396648375892,0,1.7479986761883963,111.851,111.851,111.851,41.573,41.573,41.573,28.61,28.61,28.61,29.45,29.45,29.45,0.31447474161783856,0.31447474161783856,0.31447474161783856,70.278,123,122.31872946330776,121,395,375.2788356314292,358,314,302.5305318450427,282,323,308.75180564674986,294,194,182.26285839352158,169,409,388.11249726417157,373,448,429.7960166338367,414,60,57.347778507332016,55,3646,3241.8424162836504,2905
Chau_Thanh,10.391149,105.359279,SA,T,2.035,5500,2022-07-15,15.33,91.48,26.9,29.78,24.82,2.56,10.391149,105.359279,25.389900624500665,4.960000000000001,0.30198941235292953,16.52774193548387,6.87,23.62,4.116383246270553,90.20838709677417,81.27,94.19,2.939362556278633,26.93903225806451,25.66,27.84,0.5452454601944365,29.701935483870965,26.96,31.63,1.1618989444560106,24.736451612903235,23.29,25.36,0.4316476190291425,2.3951612903225805,0.86,3.69,0.8050280338446323,25.18298593964303,24.130094953000818,25.85569627986475,0.4261595091244373,4.965483870967743,2.4399999999999977,8.34,1.3472477050535705,0.35037481175348073,0.1952996540418091,0.6932754681442975,0.11456699913657563,4279.783375314861,4279.783375314861,0.4019934441700186,260.6813602015113,260.6813602015113,232,279,405.2657430730478,405.2657430730478,341,526,40.77078085642317,40.77078085642317,35,51,0.40705931857276767,,,,,,0.46750999031542956,,,,0.33762922269976536,,,,1.17788136370238,,,,1.9354050657776618,,,,0.8307952308330525,0.2107269707231097,0.31646687441529736,1.7638662329249872,-16.652345085269747,1.1902138284106258,-21.144898268127577,-10.735393820346404,-10.70653874655975,1.583310760491955,-15.58245967149343,-1.397764994830373,4.146230474827902,1.4032639433686882,1.2677456630976336,11.639553531125115,353,161.5416779199904,105.92808714274781,10,2.5266687306909428,-6,2.131023088957684,11,3.1198396648375892,0,1.7479986761883963,90.266,90.266,90.266,118.646,118.646,118.646,26.78,26.78,26.78,27.36,27.36,27.36,0.40634600321451825,0.40634600321451825,0.40634600321451825,0.0,123,122.31872946330776,121,395,375.2788356314292,358,314,302.5305318450427,282,323,308.75180564674986,294,194,182.26285839352158,169,409,388.11249726417157,373,448,429.7960166338367,414,60,57.347778507332016,55,3646,3241.8424162836504,2905
Chau_Thanh,10.391295,105.178235,SA,T,2.09,6700,2022-07-14,18.62,89.66,26.65,29.19,24.7,3.22,10.391295,105.178235,24.80498046868136,4.490000000000002,0.3611537133149726,16.552258064516124,6.87,23.62,4.135575561360872,89.32419354838709,79.44,93.35,3.1672994237928283,27.140967741935484,25.9,28.35,0.5792784991733929,29.546774193548387,26.92,31.62,1.1371906161231475,25.2716129032258,24.08,26.12,0.4605193195778813,2.492258064516128,0.53,3.86,0.8715603718560192,25.214382792780317,24.07069434896019,25.902008550533132,0.44080403890052405,4.275161290322582,1.9899999999999984,7.540000000000003,1.2695817725578922,0.38682988877803753,0.22659304192761506,0.7757972023291232,0.12721385134730084,5399.206675224647,5399.206675224647,0.5498050709916453,274.01668806161746,274.01668806161746,244,284,503.49679075738123,503.49679075738123,451,618,31.64313222079589,31.64313222079589,19,38,0.39892760694271073,,,,,,0.45713936453922177,,,,0.33129114701359036,,,,1.1483630661491069,,,,1.9003393195853522,,,,0.9146883341859715,0.21519797757276588,0.35708056325617404,2.0826080691187467,-17.092979522873495,1.248499085022266,-21.751528754226484,-12.504072332720135,-11.704516870812302,1.5779025850023902,-16.44025165907196,-6.430767911485988,3.6213001989503564,1.1083128591681215,0.9206686362703835,10.201953877087256,354,167.10124126847174,104.98929246454792,23,2.197512852348663,-10,3.349118076796479,21,4.390629065244814,0,2.8607532581916475,88.161,88.161,88.161,59.074,59.074,59.074,26.31,26.31,26.31,26.71,26.71,26.71,0.49947357177734375,0.49947357177734375,0.49947357177734375,29.087,125,123.25054752518619,122,378,361.53645719290563,344,313,295.513247208233,265,333,308.3722356032406,295,229,212.48434420845192,199,454,427.49003722356036,405,381,359.9697832275016,338,58,55.103131158309616,54,3802,3396.019487628641,3133
Chau_Thanh,10.391491,105.34899,WS,T,2.2,7600,2022-03-25,24.32,79.93,28.43,34.02,24.91,1.94,10.391491,105.34899,24.62031587446449,9.110000000000003,0.7778342294886329,19.71870967741935,13.91,25.27,2.575182726915339,75.42774193548388,60.66,86.5,8.218526164738996,28.529999999999998,26.95,30.47,1.1802022789991715,33.77967741935483,30.27,38.48,2.4892847578409234,24.50258064516129,22.56,25.75,0.7616661182922754,1.8512903225806454,0.68,2.83,0.5464710359498973,23.643292183441684,21.12681833274576,24.806145378787576,0.938716642544211,9.277096774193547,5.43,14.7,2.488982423956382,0.9803993356202498,0.48813969021282255,1.6478924176167693,0.3918853776303495,4333.895465994963,4333.895465994963,0.3832771666536813,121.92317380352644,121.92317380352644,69,173,405.506297229219,405.506297229219,344,541,37.56423173803527,37.56423173803527,29,55,0.29358497900788216,,,,,,0.3227926215292568,,,,0.24918425744268696,,,,0.7659669387544338,,,,1.4460785166395214,,,,0.8539049520351677,0.19782238820493536,0.3101901078033308,2.024611989252387,-16.353773869163735,2.0708213312364525,-25.639460484661477,-5.5079802325719305,-10.586301429895027,1.9795855298426257,-17.353806133490565,-1.3385874289416742,3.9362869109097374,1.1805228912769568,0.9756872038859407,11.895317740229522,352,162.82219894667162,106.36385797620994,10,2.67339571620077,-6,2.433953599059814,11,2.9654456883689218,0,1.759037568376646,111.851,111.851,111.851,41.573,41.573,41.573,28.61,28.61,28.61,29.45,29.45,29.45,0.31447474161783856,0.31447474161783856,0.31447474161783856,70.278,124,121.71406660823838,121,386,368.5143483023001,347,313,289.59671412924433,270,325,302.49857612267255,278,178,167.90821467688943,156,426,412.3235487404162,391,440,419.8212486308872,406,61,58.12289156626507,56,3646,3272.537568455641,2928
Chau_Thanh,10.391491,105.34899,SA,T,2.2,6000,2022-07-15,15.33,91.48,26.9,29.78,24.82,2.56,10.391491,105.34899,25.389900624500665,4.960000000000001,0.30198941235292953,16.52774193548387,6.87,23.62,4.116383246270553,90.20838709677417,81.27,94.19,2.939362556278633,26.93903225806451,25.66,27.84,0.5452454601944365,29.701935483870965,26.96,31.63,1.1618989444560106,24.736451612903235,23.29,25.36,0.4316476190291425,2.3951612903225805,0.86,3.69,0.8050280338446323,25.18298593964303,24.130094953000818,25.85569627986475,0.4261595091244373,4.965483870967743,2.4399999999999977,8.34,1.3472477050535705,0.35037481175348073,0.1952996540418091,0.6932754681442975,0.11456699913657563,2957.641057934509,2957.641057934509,0.1950737445593742,248.34634760705288,248.34634760705288,237,310,405.506297229219,405.506297229219,344,541,36.84382871536524,36.84382871536524,30,47,0.40853781159641434,,,,,,0.46939555863837645,,,,0.3387816000972517,,,,1.1832483268938843,,,,1.9417806559944455,,,,0.8614552001580705,0.19600203484552703,0.27937911536716326,1.707795336582314,-15.9501461383785,1.959177623989029,-24.555545929041976,-5.574179449992288,-10.230201558088941,2.077726015028494,-18.032471820100792,0.4603047065316099,3.89787271704194,1.1867516127742832,1.3422010321242053,13.31746247296672,352,162.82219894667162,106.36385797620994,10,2.67339571620077,-6,2.433953599059814,11,2.9654456883689218,0,1.759037568376646,90.266,90.266,90.266,118.646,118.646,118.646,26.78,26.78,26.78,27.36,27.36,27.36,0.40634600321451825,0.40634600321451825,0.40634600321451825,0.0,124,121.71406660823838,121,386,368.5143483023001,347,313,289.59671412924433,270,325,302.49857612267255,278,178,167.90821467688943,156,426,412.3235487404162,391,440,419.8212486308872,406,61,58.12289156626507,56,3646,3272.537568455641,2928
Chau_Thanh,10.391781,105.161155,WS,T,1.87,7040,2022-03-24,24.11,76.97,28.78,33.47,24.84,1.73,10.391781,105.161155,24.327700405379016,8.629999999999999,0.9108437745051863,19.734838709677415,13.91,25.27,2.577143794062674,75.60903225806452,62.87,87.54,6.913936535600704,28.665161290322576,26.71,30.32,1.0789566972916909,33.685161290322576,30.27,37.07,2.1369195057337635,24.743548387096777,23.19,25.84,0.7494365556099429,1.7987096774193543,0.83,2.83,0.5401179198339029,23.84579850566103,21.693268342351598,25.111718111232275,0.7866808128358393,8.941612903225806,4.460000000000001,13.179999999999996,2.2208805239744414,0.9750855149292013,0.4539761277216749,1.5336969985339284,0.3276520310148269,5047.55979643766,5047.55979643766,0.49425644826538667,106.44910941475828,106.44910941475828,66,216,465.34223918575066,465.34223918575066,410,539,45.92875318066158,45.92875318066158,33,47,0.28619251388964856,,,,,,0.31336477991452244,,,,0.24342237045525514,,,,0.7391321227969129,,,,1.4142005655556034,,,,0.8588567681823436,0.23058804601004934,0.18556227197450909,1.9700210883324096,-17.094826363671455,2.1232138935529123,-25.68205567139124,-3.966197880139224,-11.312696765945322,2.527114315089065,-17.553649055356463,1.1059415222843048,4.037442628728358,1.565494261841791,1.0304351175174142,20.55610597691693,354,163.28590530201976,101.79830932934458,18,2.7529138220057376,-11,3.943377262936338,17,4.929831148172664,0,2.8111895340086783,120.887,120.887,120.887,17.791,17.791,17.791,28.92,28.92,28.92,29.53,29.53,29.53,0.44100379943847656,0.44100379943847656,0.44100379943847656,103.096,124,121.78576122672507,120,384,366.72129710780007,350,303,282.1345311130587,261,325,308.32164767747594,289,243,235.8429009640666,230,418,408.50569675723057,401,369,355.6706836108676,347,59,55.44106047326907,54,3806,3286.5782208588957,2865
Chau_Thanh,10.391781,105.161155,SA,T,1.87,6400,2022-07-14,18.62,89.66,26.65,29.19,24.7,3.22,10.391781,105.161155,24.80498046868136,4.490000000000002,0.3611537133149726,16.552258064516124,6.87,23.62,4.135575561360872,89.32419354838709,79.44,93.35,3.1672994237928283,27.140967741935484,25.9,28.35,0.5792784991733929,29.546774193548387,26.92,31.62,1.1371906161231475,25.2716129032258,24.08,26.12,0.4605193195778813,2.492258064516128,0.53,3.86,0.8715603718560192,25.214382792780317,24.07069434896019,25.902008550533132,0.44080403890052405,4.275161290322582,1.9899999999999984,7.540000000000003,1.2695817725578922,0.38682988877803753,0.22659304192761506,0.7757972023291232,0.12721385134730084,3663.0076335877866,3663.0076335877866,0.2944795361642374,258.0903307888042,258.0903307888042,251,273,465.34223918575066,465.34223918575066,410,539,37.93384223918575,37.93384223918575,37,42,0.3992972301986224,,,,,,0.4576107566199585,,,,0.33157924136296196,,,,1.149704806946983,,,,1.901933217139548,,,,0.9140952393261615,0.25212999515323753,0.14594449147010383,1.9708380929876996,-16.661100839284593,2.0360413105046105,-23.97955509790078,-5.2348920284774145,-11.22168826086307,2.7169702930454207,-18.788938475260835,0.8330980362962868,3.749471379141284,1.5219969472711294,1.0295934071053925,26.40768054832261,354,163.28590530201976,101.79830932934458,18,2.7529138220057376,-11,3.943377262936338,17,4.929831148172664,0,2.8111895340086783,88.161,88.161,88.161,59.074,59.074,59.074,26.31,26.31,26.31,26.71,26.71,26.71,0.49947357177734375,0.49947357177734375,0.49947357177734375,29.087,124,121.78576122672507,120,384,366.72129710780007,350,303,282.1345311130587,261,325,308.32164767747594,289,243,235.8429009640666,230,418,408.50569675723057,401,369,355.6706836108676,347,59,55.44106047326907,54,3806,3286.5782208588957,2865
Chau_Thanh,10.392248,105.227502,SA,T,2.2,6500,2022-07-19,16.3,91.98,27.29,29.64,25.65,3.01,10.392248,105.227502,25.86766694000002,3.990000000000002,0.29084132425575615,17.08516129032258,6.87,23.62,3.6669807136976593,89.28161290322579,79.44,93.35,3.145285357354456,27.10967741935484,25.9,28.35,0.5971355488359933,29.526774193548388,26.92,31.62,1.1458125363104932,25.21935483870967,24.08,26.12,0.4460430724454614,2.3667741935483866,0.53,3.86,0.8669352288071643,25.175569430420175,24.07069434896019,25.902008550533132,0.4362959214904076,4.30741935483871,1.9899999999999984,7.540000000000003,1.234185032768289,0.38777174529463404,0.22659304192761506,0.7757972023291232,0.12680232702557637,5242.586901763226,5242.586901763226,0.4436201303972086,317.88287153652396,317.88287153652396,270,384,412.2329974811083,412.2329974811083,318,491,37.9647355163728,37.9647355163728,36,38,0.415930276714648,,,,,,0.4788234002531108,,,,0.3445434870846836,,,,1.2100831428514052,,,,1.9736586070783635,,,,0.9445309935146965,0.25460614483470695,0.3346127263442134,2.0086295221504304,-17.65042638365827,1.4559629848354658,-22.738451469277546,-12.015242996691594,-12.407495599704783,2.0120109011360054,-17.167600150744274,-4.562313449906907,3.565343029974406,1.305905534866225,0.9914075522088397,10.954117955110984,354,160.49592416811856,107.35681335630747,13,1.1295801646142032,-6,2.1929464019719687,15,2.747160092089098,0,1.9901012887908809,86.976,86.976,86.976,274.087,274.087,274.087,26.88,26.88,26.88,27.78,27.78,27.78,0.42202123006184894,0.42202123006184894,0.42202123006184894,0.0,124,123.21861993428259,120,387,375.129520052597,366,313,295.678939294324,280,349,331.61406969099284,303,230,221.98750821827753,209,433,415.04010519395155,385,389,362.9228577690116,343,60,57.378917378917386,55,3474,3215.5364891518743,2777
Chau_Thanh,10.394341,105.126836,WS,T,4.4,7000,2022-03-24,24.11,76.97,28.78,33.47,24.84,1.73,10.394341,105.126836,24.327700405379016,8.629999999999999,0.9108437745051863,19.734838709677415,13.91,25.27,2.577143794062674,75.60903225806452,62.87,87.54,6.913936535600704,28.665161290322576,26.71,30.32,1.0789566972916909,33.685161290322576,30.27,37.07,2.1369195057337635,24.743548387096777,23.19,25.84,0.7494365556099429,1.7987096774193543,0.83,2.83,0.5401179198339029,23.84579850566103,21.693268342351598,25.111718111232275,0.7866808128358393,8.941612903225806,4.460000000000001,13.179999999999996,2.2208805239744414,0.9750855149292013,0.4539761277216749,1.5336969985339284,0.3276520310148269,5067.86523929471,5067.86523929471,0.493751299433083,71.46347607052897,71.46347607052897,60,162,503.88413098236776,503.88413098236776,326,613,47.36649874055416,47.36649874055416,38,65,0.2854532673778252,,,,,,0.31242199575304896,,,,0.24284618175651196,,,,0.7364486412011607,,,,1.4110127704472115,,,,0.963209246742539,0.20432618554911822,0.31801503768849587,1.8290156062793275,-16.795892672188085,1.0969592441799478,-23.305092690953355,-11.26454655665945,-11.717350235328674,1.1979287201982385,-16.73177421993245,-3.6439614643811282,3.3586046099575375,1.02739239078202,1.1869687641085767,11.578021558584616,353,166.903496954945,103.79582903650225,11,1.8835797593599615,-8,2.738301510966919,12,3.712055387392256,0,2.1261963624487152,120.887,120.887,120.887,17.791,17.791,17.791,28.92,28.92,28.92,29.53,29.53,29.53,0.44100379943847656,0.44100379943847656,0.44100379943847656,103.096,125,122.96757940854327,121,402,361.52037686240124,349,299,283.21998247151606,261,340,326.0262927256793,307,247,233.1958808063102,220,422,390.09268185801926,369,401,376.58567046450463,342,59,56.331069237510945,54,4073,3518.2546012269927,2993
Chau_Thanh,10.394517,105.260713,WS,T,4.4,6800,2022-03-22,15.4,82.6,27.56,31.49,25.1,2.14,10.394517,105.260713,24.32340394492977,6.389999999999997,0.6410445578849414,19.773225806451613,13.91,25.27,2.5971266841506933,74.71483870967742,62.87,87.54,6.7537530168562645,28.76225806451613,26.92,30.32,0.9962015266951774,33.970645161290314,30.3,37.07,1.997543548693795,24.710000000000004,23.19,25.84,0.7525054924244953,1.8625806451612898,0.83,2.83,0.5368965043652117,23.744442389954784,21.693268342351598,25.111718111232275,0.8654301046936077,9.260645161290322,4.460000000000001,13.179999999999996,2.1311286355324177,1.0136129630035788,0.4539761277216749,1.5336969985339284,0.3171007378747035,6630.720606826802,6630.720606826802,0.6865113482825096,139.27939317319849,139.27939317319849,126,161,481.25284450063214,481.25284450063214,371,525,49.38685208596714,49.38685208596714,25,68,0.2821266580746201,,,,,,0.3081794670264185,,,,0.24025333261216764,,,,0.7243729740202763,,,,1.3966676924594486,,,,1.0115798531124707,0.2345707078104372,0.340149491167081,2.262338418499575,-17.309561287919717,1.1423949646314877,-21.385264617332886,-12.99547541305748,-12.503052214993186,1.4990963176265086,-17.096412208596263,-6.96416973761241,3.1733436906255696,0.9986379404616218,0.7680820726427278,10.759535450944435,356,165.71192704061968,104.02348999410887,11,0.5205173555188867,-15,3.146672482015109,21,4.265712845949393,0,2.646879712579199,91.449,91.449,91.449,247.38,247.38,247.38,26.93,26.93,26.93,28.21,28.21,28.21,0.3387889862060547,0.3387889862060547,0.3387889862060547,0.0,125,123.47063978965818,122,411,380.8409638554217,354,317,300.09550930996716,286,345,337.53975903614463,328,227,217.84972617743708,205,370,331.726834611172,310,472,450.54852135816003,425,59,56.507119386637456,55,3957,3454.303833515882,3220
Chau_Thanh,10.394517,105.260713,SA,T,4.4,5500,2022-07-19,16.3,91.98,27.29,29.64,25.65,3.01,10.394517,105.260713,25.86766694000002,3.990000000000002,0.29084132425575615,17.08516129032258,6.87,23.62,3.6669807136976593,89.28161290322579,79.44,93.35,3.145285357354456,27.10967741935484,25.9,28.35,0.5971355488359933,29.526774193548388,26.92,31.62,1.1458125363104932,25.21935483870967,24.08,26.12,0.4460430724454614,2.3667741935483866,0.53,3.86,0.8669352288071643,25.175569430420175,24.07069434896019,25.902008550533132,0.4362959214904076,4.30741935483871,1.9899999999999984,7.540000000000003,1.234185032768289,0.38777174529463404,0.22659304192761506,0.7757972023291232,0.12680232702557637,2889.4045512010116,2889.4045512010116,0.21541756426973482,253.3944374209861,253.3944374209861,239,270,481.25284450063214,481.25284450063214,371,525,25.611883691529712,25.611883691529712,19,29,0.4151910302028246,,,,,,0.4778806160916374,,,,0.34396729838594037,,,,1.207399661255653,,,,1.9704708119699716,,,,0.9069187767069786,0.2294161661616216,0.28505776521869913,1.9444031725647275,-18.10543541532155,1.3461587861602102,-22.352655937898835,-12.783035267956919,-12.647748344923071,1.3395726870086895,-16.46533335734103,-6.577042990008212,3.7142363482536864,1.265156273836432,1.057186522033842,13.03224359431556,356,165.71192704061968,104.02348999410887,11,0.5205173555188867,-15,3.146672482015109,21,4.265712845949393,0,2.646879712579199,86.976,86.976,86.976,274.087,274.087,274.087,26.88,26.88,26.88,27.78,27.78,27.78,0.42202123006184894,0.42202123006184894,0.42202123006184894,0.0,125,123.47063978965818,122,411,380.8409638554217,354,317,300.09550930996716,286,345,337.53975903614463,328,227,217.84972617743708,205,370,331.726834611172,310,472,450.54852135816003,425,59,56.507119386637456,55,3957,3454.303833515882,3220
Chau_Thanh,10.395094,105.169245,WS,T,3.85,7200,2022-03-24,24.11,76.97,28.78,33.47,24.84,1.73,10.395094,105.169245,24.327700405379016,8.629999999999999,0.9108437745051863,19.734838709677415,13.91,25.27,2.577143794062674,75.60903225806452,62.87,87.54,6.913936535600704,28.665161290322576,26.71,30.32,1.0789566972916909,33.685161290322576,30.27,37.07,2.1369195057337635,24.743548387096777,23.19,25.84,0.7494365556099429,1.7987096774193543,0.83,2.83,0.5401179198339029,23.84579850566103,21.693268342351598,25.111718111232275,0.7866808128358393,8.941612903225806,4.460000000000001,13.179999999999996,2.2208805239744414,0.9750855149292013,0.4539761277216749,1.5336969985339284,0.3276520310148269,4094.5474083438676,4094.5474083438676,0.34052982307551233,188.44627054361567,188.44627054361567,104,205,512.8836915297093,512.8836915297093,370,589,44.227560050568904,44.227560050568904,38,51,0.28508364412191356,,,,,,0.31195060367231225,,,,0.24255808740714035,,,,0.7351069004032847,,,,1.4094188728930157,,,,0.9155651737283103,0.20727262519390066,0.3274323386872545,1.7370473877433292,-17.46630395757617,1.2875043421543644,-22.987043625160567,-12.22687735275914,-12.086473386906155,1.5097730386657298,-16.772968899926106,-3.1449093769557734,3.615154685877879,1.1678754719403703,1.3027581332692177,11.216264331241213,354,168.66760202485287,105.45263639700109,21,2.550323258471743,-11,3.7832926771130233,24,4.965299528698039,0,3.1248252409024855,120.887,120.887,120.887,17.791,17.791,17.791,28.92,28.92,28.92,29.53,29.53,29.53,0.44100379943847656,0.44100379943847656,0.44100379943847656,103.096,125,122.21932515337426,120,391,361.92919772029813,341,299,271.75668566418244,253,326,302.11749232792636,284,238,229.0230162209557,217,419,412.3805348531346,402,366,358.46405085488817,351,58,54.868917141604555,54,3894,3380.942569048663,3134
Chau_Thanh,10.395094,105.169245,SA,T,3.85,6000,2022-07-14,18.62,89.66,26.65,29.19,24.7,3.22,10.395094,105.169245,24.80498046868136,4.490000000000002,0.3611537133149726,16.552258064516124,6.87,23.62,4.135575561360872,89.32419354838709,79.44,93.35,3.1672994237928283,27.140967741935484,25.9,28.35,0.5792784991733929,29.546774193548387,26.92,31.62,1.1371906161231475,25.2716129032258,24.08,26.12,0.4605193195778813,2.492258064516128,0.53,3.86,0.8715603718560192,25.214382792780317,24.07069434896019,25.902008550533132,0.44080403890052405,4.275161290322582,1.9899999999999984,7.540000000000003,1.2695817725578922,0.38682988877803753,0.22659304192761506,0.7757972023291232,0.12721385134730084,4436.255372945639,4436.255372945639,0.38593647620921234,262.80404551201013,262.80404551201013,250,284,512.8836915297093,512.8836915297093,370,589,38.423514538558784,38.423514538558784,36,39,0.4018845929900041,,,,,,0.4609105011851155,,,,0.33359590180856313,,,,1.1590969925321155,,,,1.9130905000189193,,,,0.9648029856468938,0.23794733609144614,0.15129079848750324,2.1462286049645636,-17.514463712986647,1.2727657274940842,-21.75399158530283,-12.192366468893658,-12.404872367812795,1.8055781969833236,-16.506875062818672,-2.693949787273306,3.4687231022434393,1.5739224185398957,0.8637343621026075,25.439149240992364,354,168.66760202485287,105.45263639700109,21,2.550323258471743,-11,3.7832926771130233,24,4.965299528698039,0,3.1248252409024855,88.161,88.161,88.161,59.074,59.074,59.074,26.31,26.31,26.31,26.71,26.71,26.71,0.49947357177734375,0.49947357177734375,0.49947357177734375,29.087,125,122.21932515337426,120,391,361.92919772029813,341,299,271.75668566418244,253,326,302.11749232792636,284,238,229.0230162209557,217,419,412.3805348531346,402,366,358.46405085488817,351,58,54.868917141604555,54,3894,3380.942569048663,3134
Chau_Thanh,10.395256,105.268561,WS,T,1.5,8000,2022-03-22,15.4,82.6,27.56,31.49,25.1,2.14,10.395256,105.268561,24.32340394492977,6.389999999999997,0.6410445578849414,19.773225806451613,13.91,25.27,2.5971266841506933,74.71483870967742,62.87,87.54,6.7537530168562645,28.76225806451613,26.92,30.32,0.9962015266951774,33.970645161290314,30.3,37.07,1.997543548693795,24.710000000000004,23.19,25.84,0.7525054924244953,1.8625806451612898,0.83,2.83,0.5368965043652117,23.744442389954784,21.693268342351598,25.111718111232275,0.8654301046936077,9.260645161290322,4.460000000000001,13.179999999999996,2.1311286355324177,1.0136129630035788,0.4539761277216749,1.5336969985339284,0.3171007378747035,5518.602301790282,5518.602301790282,0.5553864234934444,130.69053708439895,130.69053708439895,127,157,437.6572890025575,437.6572890025575,365,509,43.80306905370844,43.80306905370844,25,54,0.2824962813305318,,,,,,0.30865085910715523,,,,0.24054142696153924,,,,0.7257147148181524,,,,1.3982615900136444,,,,1.0708466207431069,0.23795544336149949,0.43790734432918665,1.9986371097760778,-17.480745168039753,1.2107997437543028,-21.85446722238225,-12.912020491044931,-13.017759489379692,1.4357849956935251,-16.855744928507914,-6.559092075575752,2.928390334694258,0.9191538530513826,1.0013638195921168,8.13435239622995,353,173.15174419370555,105.54271814923673,11,0.9195517000619163,-20,3.4237628895226213,20,4.665606186354715,0,3.051543243487852,91.449,91.449,91.449,247.38,247.38,247.38,26.93,26.93,26.93,28.21,28.21,28.21,0.3387889862060547,0.3387889862060547,0.3387889862060547,0.0,125,123.34559789750328,122,411,375.9702081051479,358,309,296.62124863088724,283,345,337.88324205914574,320,232,215.59496166484118,209,357,333.0422782037241,311,468,451.3347207009859,411,60,56.53362541073385,55,3709,3314.609857612268,3127
Chau_Thanh,10.395734,105.143745,WS,T,1.76,6960,2022-03-24,24.11,76.97,28.78,33.47,24.84,1.73,10.395734,105.143745,24.327700405379016,8.629999999999999,0.9108437745051863,19.734838709677415,13.91,25.27,2.577143794062674,75.60903225806452,62.87,87.54,6.913936535600704,28.665161290322576,26.71,30.32,1.0789566972916909,33.685161290322576,30.27,37.07,2.1369195057337635,24.743548387096777,23.19,25.84,0.7494365556099429,1.7987096774193543,0.83,2.83,0.5401179198339029,23.84579850566103,21.693268342351598,25.111718111232275,0.7866808128358393,8.941612903225806,4.460000000000001,13.179999999999996,2.2208805239744414,0.9750855149292013,0.4539761277216749,1.5336969985339284,0.3276520310148269,5051.857142857142,5051.857142857142,0.4819123025917044,150.69132653061223,150.69132653061223,89,226,387.21556122448976,387.21556122448976,232,523,44.49489795918367,44.49489795918367,30,51,0.2847140208660019,,,,,,0.31147921159157554,,,,0.24226999305776878,,,,0.7337651596054087,,,,1.4078249753388197,,,,0.9139351740548095,0.23346617678638834,0.2998691516251274,1.914327110585624,-17.083434444932017,1.5877379511443748,-23.717083199545947,-9.455027901911585,-11.669508446719888,1.8658532263510896,-16.708485835728172,-3.3210562016340366,3.6765723128435606,1.2469424325242744,1.0895070533563798,12.339151354256282,352,166.74600168627396,107.03446562460967,9,1.6994743567786896,-6,2.093582260708073,9,2.909823863411806,0,1.6969357131357623,120.887,120.887,120.887,17.791,17.791,17.791,28.92,28.92,28.92,29.53,29.53,29.53,0.44100379943847656,0.44100379943847656,0.44100379943847656,103.096,125,122.36774052158667,120,394,371.21835304423996,354,310,293.3455978975032,277,361,329.31340341655715,309,237,219.56570302233902,211,431,413.8033289531318,376,387,366.6263688129654,358,58,55.45904511607534,55,4038,3472.442181340342,3203
Chau_Thanh,10.395734,105.143745,SA,T,1.76,6000,2022-07-14,18.62,89.66,26.65,29.19,24.7,3.22,10.395734,105.143745,24.80498046868136,4.490000000000002,0.3611537133149726,16.552258064516124,6.87,23.62,4.135575561360872,89.32419354838709,79.44,93.35,3.1672994237928283,27.140967741935484,25.9,28.35,0.5792784991733929,29.546774193548387,26.92,31.62,1.1371906161231475,25.2716129032258,24.08,26.12,0.4605193195778813,2.492258064516128,0.53,3.86,0.8715603718560192,25.214382792780317,24.07069434896019,25.902008550533132,0.44080403890052405,4.275161290322582,1.9899999999999984,7.540000000000003,1.2695817725578922,0.38682988877803753,0.22659304192761506,0.7757972023291232,0.12721385134730084,3338.8150510204077,3338.8150510204077,0.25971454813654427,266.3252551020408,266.3252551020408,253,361,387.21556122448976,387.21556122448976,232,523,40.1875,40.1875,37,48,0.39855798368679907,,,,,,0.456667972458485,,,,0.3310030526642188,,,,1.147021325351231,,,,1.8987454220311561,,,,0.8298531138651958,0.21083666709543059,0.22331379025627093,1.7942066517669895,-16.807543022622273,1.5772572424334583,-21.724943641454814,-9.10863770245541,-10.855539236808193,1.8420399584836655,-16.228640709969415,-3.6484689321640906,4.150215340330012,1.3841879196348021,1.2293975981310057,16.91201517563994,352,166.74600168627396,107.03446562460967,9,1.6994743567786896,-6,2.093582260708073,9,2.909823863411806,0,1.6969357131357623,88.161,88.161,88.161,59.074,59.074,59.074,26.31,26.31,26.31,26.71,26.71,26.71,0.49947357177734375,0.49947357177734375,0.49947357177734375,29.087,125,122.36774052158667,120,394,371.21835304423996,354,310,293.3455978975032,277,361,329.31340341655715,309,237,219.56570302233902,211,431,413.8033289531318,376,387,366.6263688129654,358,58,55.45904511607534,55,4038,3472.442181340342,3203
Chau_Thanh,10.396044,105.180167,WS,T,1.32,7200,2022-03-24,24.11,76.97,28.78,33.47,24.84,1.73,10.396044,105.180167,24.327700405379016,8.629999999999999,0.9108437745051863,19.734838709677415,13.91,25.27,2.577143794062674,75.60903225806452,62.87,87.54,6.913936535600704,28.665161290322576,26.71,30.32,1.0789566972916909,33.685161290322576,30.27,37.07,2.1369195057337635,24.743548387096777,23.19,25.84,0.7494365556099429,1.7987096774193543,0.83,2.83,0.5401179198339029,23.84579850566103,21.693268342351598,25.111718111232275,0.7866808128358393,8.941612903225806,4.460000000000001,13.179999999999996,2.2208805239744414,0.9750855149292013,0.4539761277216749,1.5336969985339284,0.3276520310148269,5325.56855345912,5325.56855345912,0.5352428905502703,262.5547169811321,262.5547169811321,189,287,522.5761006289308,522.5761006289308,451,618,49.554716981132074,49.554716981132074,30,73,0.28434439761009017,,,,,,0.31100781951083883,,,,0.24198189870839718,,,,0.7324234188075326,,,,1.4062310777846239,,,,0.9765564228445011,0.2287510164381747,0.298463774387046,1.9703512660536597,-16.73879687349062,1.2709640052427031,-20.446600018275394,-11.355914710273762,-11.72001466868777,1.8512713452835698,-15.9472220577601,-3.1289726031642973,3.344279152728261,1.1291676801450308,1.0300948713634421,12.401961454835803,354,161.5646103682234,107.12421019620602,13,2.327139187141822,-9,2.6976799629808608,16,3.4658059416375746,0,2.4269149894935094,120.887,120.887,120.887,17.791,17.791,17.791,28.92,28.92,28.92,29.53,29.53,29.53,0.44100379943847656,0.44100379943847656,0.44100379943847656,103.096,124,122.76587823039861,121,382,365.1379763469119,350,317,293.9879544459045,269,337,313.49780989925534,296,234,215.1281208935611,200,442,427.65111695137983,411,373,357.0683311432325,343,59,54.55716162943495,54,3691,3378.235435830048,2952
Chau_Thanh,10.396044,105.180167,SA,T,1.32,6000,2022-07-14,18.62,89.66,26.65,29.19,24.7,3.22,10.396044,105.180167,24.80498046868136,4.490000000000002,0.3611537133149726,16.552258064516124,6.87,23.62,4.135575561360872,89.32419354838709,79.44,93.35,3.1672994237928283,27.140967741935484,25.9,28.35,0.5792784991733929,29.546774193548387,26.92,31.62,1.1371906161231475,25.2716129032258,24.08,26.12,0.4605193195778813,2.492258064516128,0.53,3.86,0.8715603718560192,25.214382792780317,24.07069434896019,25.902008550533132,0.44080403890052405,4.275161290322582,1.9899999999999984,7.540000000000003,1.2695817725578922,0.38682988877803753,0.22659304192761506,0.7757972023291232,0.12721385134730084,5378.743396226414,5378.743396226414,0.542042433044033,263.2641509433962,263.2641509433962,244,284,522.5761006289308,522.5761006289308,451,618,31.226415094339618,31.226415094339618,19,38,0.3967098674072406,,,,,,0.4543110120548014,,,,0.32956258091736085,,,,1.1403126213618506,,,,1.8907759342601769,,,,0.8673363390912912,0.22614861978563625,0.2996381658706877,1.9689229991881225,-16.811352237927714,1.457614975183291,-21.295590745933893,-11.476611038820108,-11.091395787477259,2.0345481909267646,-15.830464696818169,-2.1650420235007117,3.9665916496092417,1.4671292616512601,1.0315675126195307,12.349434269752692,354,161.5646103682234,107.12421019620602,13,2.327139187141822,-9,2.6976799629808608,16,3.4658059416375746,0,2.4269149894935094,88.161,88.161,88.161,59.074,59.074,59.074,26.31,26.31,26.31,26.71,26.71,26.71,0.49947357177734375,0.49947357177734375,0.49947357177734375,29.087,124,122.76587823039861,121,382,365.1379763469119,350,317,293.9879544459045,269,337,313.49780989925534,296,234,215.1281208935611,200,442,427.65111695137983,411,373,357.0683311432325,343,59,54.55716162943495,54,3691,3378.235435830048,2952
Chau_Thanh,10.396712,105.324921,WS,T,2.53,7200,2022-03-27,20.9,80.68,28.46,32.71,24.45,1.42,10.396712,105.324921,24.806145378787576,8.260000000000002,0.7500718666110526,19.808064516129026,13.91,25.27,2.4664594179417985,76.76387096774195,61.89,86.5,7.590307349559043,28.43032258064516,26.95,30.47,1.1758743730105767,33.47677419354839,30.27,38.48,2.400747715644594,24.58806451612903,22.98,25.75,0.6347893699683114,1.8438709677419358,0.68,2.83,0.5489208029094957,23.855336604583993,22.0867771997771,24.806145378787576,0.7188752400332494,8.888709677419355,5.43,13.309999999999999,2.2000582718609447,0.9220515211377669,0.48813969021282255,1.6478924176167693,0.36956151675978194,3452.92095357591,3452.92095357591,0.24617989017768557,91.22961104140528,91.22961104140528,67,103,455.2045169385194,455.2045169385194,403,501,45.664993726474286,45.664993726474286,23,57,0.3109572720357311,,,,,,0.3449480493238826,,,,0.2627246918631517,,,,0.8290287562546079,,,,1.5209917016867285,,,,0.8715916313125149,0.21476668191657222,0.25574798828340173,1.7889155824441039,-17.820409701648153,2.487758194389221,-24.204781007404517,-9.978528396372798,-12.14571503735138,2.5279282990796372,-19.0416979033822,-5.386028747677038,3.8956970829186397,1.3886034183088343,1.2359914795616038,14.640396731361518,352,161.78631296415236,106.90053910006874,13,1.9948788881753372,-7,2.47581133552745,11,3.1615768413772667,0,1.8812279435285928,119.578,119.578,119.578,86.538,86.538,86.538,29.52,29.52,29.52,30.34,30.34,30.34,0.3084920247395833,0.3084920247395833,0.3084920247395833,33.039,121,120.35524873986414,119,401,375.1550930996713,358,324,307.7145673603505,288,338,320.7664841182914,294,206,182.7526834611172,174,441,422.8341730558597,387,424,394.3859802847754,379,60,56.212705366922236,55,3652,3334.9406352683454,3022
Chau_Thanh,10.396712,105.324921,SA,T,2.53,5500,2022-07-17,17.45,92.4,26.84,29.26,24.93,2.67,10.396712,105.324921,25.499338377702127,4.330000000000002,0.26843273583585586,16.560322580645156,6.87,23.62,4.105374513481289,90.14193548387094,81.27,94.19,2.9056079474397034,26.94548387096774,25.66,27.84,0.5458691720235358,29.73451612903226,26.96,31.63,1.1432095134643248,24.722580645161294,23.29,25.41,0.430206010230324,2.329032258064516,0.86,3.69,0.7918388351772735,25.17714328291257,24.130094953000818,25.85569627986475,0.42591762844237013,5.0119354838709675,2.4399999999999977,8.34,1.313206907891686,0.3528348132586993,0.1952996540418091,0.6932754681442975,0.11336075059812277,3152.9096612296116,3152.9096612296116,0.20518268270198953,265.0163111668758,265.0163111668758,238,317,455.2045169385194,455.2045169385194,403,501,42.59974905897114,42.59974905897114,41,46,0.4144517836910012,,,,,,0.4769378319301639,,,,0.3433911096871972,,,,1.204716179659901,,,,1.9672830168615798,,,,0.9088530613502902,0.2122821002772865,0.3400768921911286,1.9504757586879635,-16.715982186893648,1.491104206797466,-23.579851058980804,-9.646986814061917,-11.292736019501737,1.6564777093242005,-17.695659492230867,-5.831592326223954,3.6489977724436216,1.1274201289520467,1.0507817039934402,10.76204585447675,352,161.78631296415236,106.90053910006874,13,1.9948788881753372,-7,2.47581133552745,11,3.1615768413772667,0,1.8812279435285928,94.671,94.671,94.671,127.637,127.637,127.637,27.19,27.19,27.19,27.88,27.88,27.88,0.41150474548339844,0.41150474548339844,0.41150474548339844,0.0,121,120.35524873986414,119,401,375.1550930996713,358,324,307.7145673603505,288,338,320.7664841182914,294,206,182.7526834611172,174,441,422.8341730558597,387,424,394.3859802847754,379,60,56.212705366922236,55,3652,3334.9406352683454,3022
Chau_Thanh,10.396951,105.281083,WS,T,3.3,7200,2022-03-27,20.9,80.8,28.64,32.65,25.38,1.54,10.396951,105.281083,25.006220070936045,7.27,0.7532338983974283,19.808064516129026,13.91,25.27,2.4664594179417985,77.2416129032258,64.47,87.54,6.190173324361764,28.511290322580646,26.71,30.32,1.0706788378301475,33.28322580645161,30.27,37.07,2.0413395145167734,24.850645161290327,23.23,25.84,0.6326132971783864,1.8222580645161288,0.83,2.83,0.5336345836680533,24.068291937317575,22.833586831955028,25.111718111232275,0.5746544128906169,8.43258064516129,4.460000000000001,12.3,1.9124110230062243,0.9017068965450331,0.4539761277216749,1.5336969985339284,0.30023088836592315,4061.099871959026,4061.099871959026,0.3165340308384798,107.84122919334187,107.84122919334187,74,116,470.5313700384122,470.5313700384122,430,501,25.800256081946223,25.800256081946223,22,44,0.31132689529164276,,,,,,0.34541944140461933,,,,0.26301278621252333,,,,0.830370497052484,,,,1.5225855992409243,,,,0.7092652687920308,0.22497621574853008,0.08929864288349945,1.6386623419256772,-19.014648136975794,2.371371119771235,-26.067363846146048,-11.917103271230609,-12.11381255672978,2.076119227055043,-17.40029630727862,-5.9119119874223465,5.408372904584279,2.9268869557632824,1.441015392652151,43.79351388596654,352,161.66359827950757,106.21258164407492,11,0.7092354611143683,-8,2.355629012128524,18,3.3324364201637526,0,1.9696659871931568,120.191,120.191,120.191,88.858,88.858,88.858,29.47,29.47,29.47,30.2,30.2,30.2,0.295559565226237,0.295559565226237,0.295559565226237,31.333,124,121.3884750219106,119,403,380.70821467688944,357,336,316.43658269441426,276,353,339.0534501642936,318,229,213.00131434830237,200,396,376.5423877327493,345,432,410.3984665936475,388,60,55.985542168674726,55,3759,3506.730996714131,3136
Chau_Thanh,10.396951,105.281083,SA,T,3.3,5500,2022-07-17,17.45,91.4,26.96,29.13,25.28,2.6,10.396951,105.281083,25.43446017358027,3.849999999999998,0.30590044970022406,16.560322580645156,6.87,23.62,4.105374513481289,89.26935483870966,79.44,93.35,3.1417356364871574,27.15258064516129,25.9,28.35,0.5816770401006293,29.57741935483871,26.92,31.62,1.122784464255619,25.272580645161284,24.08,26.12,0.4706890470153616,2.4209677419354834,0.53,3.86,0.8686264828459656,25.215654359200347,24.07069434896019,25.902008550533132,0.4443273132408369,4.304838709677419,1.9899999999999984,7.540000000000003,1.2350914057012323,0.38903151628177274,0.22659304192761506,0.7757972023291232,0.12627312204737293,3165.4417413572337,3165.4417413572337,0.18906737749200206,256.90012804097313,256.90012804097313,242,273,470.5313700384122,470.5313700384122,430,501,21.19334186939821,21.19334186939821,19,40,0.41297329066735455,,,,,,0.4750522636072171,,,,0.3422387322897108,,,,1.1993492164683968,,,,1.9609074266447961,,,,0.8390782218551355,0.23922864963858956,0.3051078386924228,2.0616693913385564,-17.95624220182379,1.8363553078414516,-23.6985923967336,-12.213647188667167,-12.03756630073631,2.133451858428356,-17.36672019995955,-5.658624020374793,4.160819972275976,1.4842231532304633,0.9401752855257582,12.110118760443823,352,161.66359827950757,106.21258164407492,11,0.7092354611143683,-8,2.355629012128524,18,3.3324364201637526,0,1.9696659871931568,97.895,97.895,97.895,128.109,128.109,128.109,27.16,27.16,27.16,27.81,27.81,27.81,0.4193433125813802,0.4193433125813802,0.4193433125813802,0.0,124,121.3884750219106,119,403,380.70821467688944,357,336,316.43658269441426,276,353,339.0534501642936,318,229,213.00131434830237,200,396,376.5423877327493,345,432,410.3984665936475,388,60,55.985542168674726,55,3759,3506.730996714131,3136
Chau_Thanh,10.399256,105.204494,WS,T,1.76,7000,2022-03-22,15.4,82.6,27.56,31.49,25.1,2.14,10.399256,105.204494,24.32340394492977,6.389999999999997,0.6410445578849414,19.773225806451613,13.91,25.27,2.5971266841506933,74.71483870967742,62.87,87.54,6.7537530168562645,28.76225806451613,26.92,30.32,0.9962015266951774,33.970645161290314,30.3,37.07,1.997543548693795,24.710000000000004,23.19,25.84,0.7525054924244953,1.8625806451612898,0.83,2.83,0.5368965043652117,23.744442389954784,21.693268342351598,25.111718111232275,0.8654301046936077,9.260645161290322,4.460000000000001,13.179999999999996,2.1311286355324177,1.0136129630035788,0.4539761277216749,1.5336969985339284,0.3171007378747035,7214.393900889454,7214.393900889454,0.761075193322198,140.56035578144855,140.56035578144855,132,151,336.84371029224906,336.84371029224906,131,637,65.43583227445998,65.43583227445998,60,83,0.28286590458644345,,,,,,0.30912225118789194,,,,0.24082952131091082,,,,0.7270564556160284,,,,1.3998554875678402,,,,0.9591645409922634,0.1969578300462035,0.3678800586845545,1.8023891246126404,-16.58886457760216,1.172353400218105,-20.654920808409727,-8.077624360319646,-11.492013359796095,1.391623788882902,-15.19309977335056,-1.498975696895493,3.3631498841669436,0.9869767723342552,1.2192765953687486,9.873109062510707,350,159.418408884322,104.79885114198663,10,1.2806748870357925,-8,1.9257075869026616,12,2.7137559446178976,0,1.6650982794331772,,,,,,,,,,,,,,,,,124,122.28884505807584,120,391,379.26834611171955,365,337,316.42716319824757,303,338,327.0830230010953,315,231,219.96473165388832,201,438,407.7270536692224,391,385,372.3312157721796,362,60,56.28214676889375,54,4039,3563.7713033953996,3389
Chau_Thanh,10.399353,105.356462,WS,T,2.2,7000,2022-03-25,24.32,79.93,28.43,34.02,24.91,1.94,10.399353,105.356462,24.62031587446449,9.110000000000003,0.7778342294886329,19.71870967741935,13.91,25.27,2.575182726915339,75.42774193548388,60.66,86.5,8.218526164738996,28.529999999999998,26.95,30.47,1.1802022789991715,33.77967741935483,30.27,38.48,2.4892847578409234,24.50258064516129,22.56,25.75,0.7616661182922754,1.8512903225806454,0.68,2.83,0.5464710359498973,23.643292183441684,21.12681833274576,24.806145378787576,0.938716642544211,9.277096774193547,5.43,14.7,2.488982423956382,0.9803993356202498,0.48813969021282255,1.6478924176167693,0.3918853776303495,5298.207547169812,5298.207547169812,0.4763051822648696,138.43018867924525,138.43018867924525,88,167,451.4616352201258,451.4616352201258,349,526,49.92452830188679,49.92452830188679,30,55,0.2932153557519705,,,,,,0.3223212294485201,,,,0.24889616309331536,,,,0.7646251979565577,,,,1.4444846190853253,,,,0.9153694676932048,0.23779415178061133,0.28084858304008103,1.9271730438082553,-16.738270127913797,1.9049737068719044,-22.238351285445788,-9.71877999986539,-11.321014342310212,2.0146543419777325,-15.787521836621664,-4.379427971199663,3.7104624985686545,1.4426263534350432,1.0755790523593383,13.242550048504762,350,158.5826112730328,103.93731788251031,9,2.8072914093760803,-4,1.9757949786728275,10,2.653272736254509,0,1.5461565134060926,,,,,,,,,,,,,,,,,124,121.95048203330413,119,387,368.3959246275198,348,318,291.3356704645049,275,327,301.5076687116565,286,197,187.25372480280453,161,410,387.5339614373357,373,448,424.8422436459245,415,61,57.2508764241893,55,3696,3120.916520595969,2774
Chau_Thanh,10.399353,105.356462,SA,T,2.2,5500,2022-07-15,15.33,91.48,26.9,29.78,24.82,2.56,10.399353,105.356462,25.389900624500665,4.960000000000001,0.30198941235292953,16.52774193548387,6.87,23.62,4.116383246270553,90.20838709677417,81.27,94.19,2.939362556278633,26.93903225806451,25.66,27.84,0.5452454601944365,29.701935483870965,26.96,31.63,1.1618989444560106,24.736451612903235,23.29,25.36,0.4316476190291425,2.3951612903225805,0.86,3.69,0.8050280338446323,25.18298593964303,24.130094953000818,25.85569627986475,0.4261595091244373,4.965483870967743,2.4399999999999977,8.34,1.3472477050535705,0.35037481175348073,0.1952996540418091,0.6932754681442975,0.11456699913657563,4670.962264150943,4670.962264150943,0.37438138759910133,275.2729559748427,275.2729559748427,227,317,451.4616352201258,451.4616352201258,349,526,33.3874213836478,33.3874213836478,23,45,0.40890743485232606,,,,,,0.46986695071911316,,,,0.3390696944466233,,,,1.1845900676917602,,,,1.9433745535486415,,,,0.8565932178153042,0.20486672939584083,0.259363090234231,1.9295452117545007,-16.209583881370705,1.6756547690482777,-21.296649924721404,-5.922227699416293,-10.443400153016457,1.8393437569237192,-16.29158300625776,-1.4676240470721449,3.9684237574763075,1.341857630261767,1.0730273515399373,14.422394899704493,350,158.5826112730328,103.93731788251031,9,2.8072914093760803,-4,1.9757949786728275,10,2.653272736254509,0,1.5461565134060926,,,,,,,,,,,,,,,,,124,121.95048203330413,119,387,368.3959246275198,348,318,291.3356704645049,275,327,301.5076687116565,286,197,187.25372480280453,161,410,387.5339614373357,373,448,424.8422436459245,415,61,57.2508764241893,55,3696,3120.916520595969,2774
Chau_Thanh,10.399444,105.118528,WS,T,1.65,7000,2022-03-27,20.9,80.8,28.64,32.65,25.38,1.54,10.399444,105.118528,25.006220070936045,7.27,0.7532338983974283,19.808064516129026,13.91,25.27,2.4664594179417985,77.2416129032258,64.47,87.54,6.190173324361764,28.511290322580646,26.71,30.32,1.0706788378301475,33.28322580645161,30.27,37.07,2.0413395145167734,24.850645161290327,23.23,25.84,0.6326132971783864,1.8222580645161288,0.83,2.83,0.5336345836680533,24.068291937317575,22.833586831955028,25.111718111232275,0.5746544128906169,8.43258064516129,4.460000000000001,12.3,1.9124110230062243,0.9017068965450331,0.4539761277216749,1.5336969985339284,0.30023088836592315,4142.837939698492,4142.837939698492,0.3698328376286073,82.00502512562815,82.00502512562815,60,133,420.1645728643216,420.1645728643216,334,525,55.23994974874372,55.23994974874372,42,59,0.3116965185475544,,,,,,0.34589083348535604,,,,0.26330088056189493,,,,0.8317122378503601,,,,1.5241794967951203,,,,0.8658720263793973,0.24640187780877995,0.2317468945343661,1.7234632329741912,-18.0368264405724,2.08697484417669,-24.06866822221075,-10.419024112502116,-12.275544415077563,2.0140738517620433,-18.55364730586387,-2.24754661985846,4.062442876120405,1.6873823514585984,1.320908229122576,16.2602097130015,350,161.72333494725135,105.31378822757907,10,1.5760468233813894,-7,2.4806343396931845,13,3.202029584103239,0,1.9303045946952306,,,,,,,,,,,,,,,,,123,121.60411648784763,118,413,373.3071366024518,355,313,288.5385288966725,276,356,331.4279772329248,302,261,246.37609457092816,229,411,380.40477232924684,364,396,373.14492119089317,341,59,57.453371278458846,55,3959,3560.090192644483,3065
Chau_Thanh,10.399444,105.118528,SA,T,1.65,6000,2022-07-26,19.02,87.93,27.42,30.68,24.93,1.28,10.399444,105.118528,25.235711886270494,5.75,0.44105463235345804,16.532903225806454,6.87,23.62,3.760259251141608,89.21548387096774,79.44,93.35,3.1609664086852662,26.880322580645164,24.86,28.35,0.7741904569830754,29.289677419354838,26.92,31.62,1.3309891637448608,24.925806451612896,23.04,26.05,0.6015022816225108,2.3929032258064518,0.53,3.86,0.8792929474350111,24.936733557971582,23.013919027872713,25.86766694000002,0.5986562062215893,4.363870967741936,1.9899999999999984,7.540000000000003,1.3003068556439086,0.3854751880176685,0.22659304192761506,0.7757972023291232,0.128613393524389,4684.287688442211,4684.287688442211,0.44154323361137626,223.79396984924625,223.79396984924625,212,249,420.1645728643216,420.1645728643216,334,525,40.788944723618094,40.788944723618094,19,55,0.45511034184128596,,,,,,0.528790960811203,,,,0.3750814881180722,,,,1.352307667426266,,,,2.1426117478231284,,,,0.7231320237314854,0.20133696769037465,0.13320205437069932,1.586232685807338,-16.753514678617012,1.3778007106296584,-21.987852960398786,-11.591101192459453,-10.024638670528264,1.661477573327528,-15.03687235766439,1.6426667399929602,5.020119992944639,1.9595250950442473,1.5216981315475397,29.029566877910607,350,161.72333494725135,105.31378822757907,10,1.5760468233813894,-7,2.4806343396931845,13,3.202029584103239,0,1.9303045946952306,,,,,,,,,,,,,,,,,123,121.60411648784763,118,413,373.3071366024518,355,313,288.5385288966725,276,356,331.4279772329248,302,261,246.37609457092816,229,411,380.40477232924684,364,396,373.14492119089317,341,59,57.453371278458846,55,3959,3560.090192644483,3065
Chau_Thanh,10.399645,105.141286,WS,T,5.5,8000,2022-03-27,20.9,80.8,28.64,32.65,25.38,1.54,10.399645,105.141286,25.006220070936045,7.27,0.7532338983974283,19.808064516129026,13.91,25.27,2.4664594179417985,77.2416129032258,64.47,87.54,6.190173324361764,28.511290322580646,26.71,30.32,1.0706788378301475,33.28322580645161,30.27,37.07,2.0413395145167734,24.850645161290327,23.23,25.84,0.6326132971783864,1.8222580645161288,0.83,2.83,0.5336345836680533,24.068291937317575,22.833586831955028,25.111718111232275,0.5746544128906169,8.43258064516129,4.460000000000001,12.3,1.9124110230062243,0.9017068965450331,0.4539761277216749,1.5336969985339284,0.30023088836592315,4901.269377382465,4901.269377382465,0.4844603099587625,157.83481575603557,157.83481575603557,89,242,338.79288437102923,338.79288437102923,299,445,44.77890724269377,44.77890724269377,30,62,0.31206614180346615,,,,,,0.34636222556609275,,,,0.2635889749112665,,,,0.833053978648236,,,,1.5257733943493161,,,,0.8473048317920882,0.19804933896804885,0.2056703875207392,1.9386181369575106,-16.923329912892584,1.5963605832083558,-21.640171732087,-6.649868448408724,-11.10341900279921,1.8340536568393642,-15.392939350764175,3.744946649197452,4.005906502607832,1.3278550403584821,1.0633253778785159,18.448594657782962,353,169.6285878962537,106.00716372675672,9,1.7122997118155625,-6,2.158369221909273,13,3.0595636064223974,0,1.7965904699558273,,,,,,,,,,,,,,,,,125,122.92791411042944,118,398,371.8963174046471,350,312,288.73060061376594,262,361,337.97413415168796,320,251,228.93182814555027,211,431,398.17207365190717,371,389,372.92481367821136,357,60,55.96953090749673,55,4165,3552.80754055239,3203
Chau_Thanh,10.399645,105.141286,SA,T,5.5,5500,2022-07-26,19.02,87.93,27.42,30.68,24.93,1.28,10.399645,105.141286,25.235711886270494,5.75,0.44105463235345804,16.532903225806454,6.87,23.62,3.760259251141608,89.21548387096774,79.44,93.35,3.1609664086852662,26.880322580645164,24.86,28.35,0.7741904569830754,29.289677419354838,26.92,31.62,1.3309891637448608,24.925806451612896,23.04,26.05,0.6015022816225108,2.3929032258064518,0.53,3.86,0.8792929474350111,24.936733557971582,23.013919027872713,25.86766694000002,0.5986562062215893,4.363870967741936,1.9899999999999984,7.540000000000003,1.3003068556439086,0.3854751880176685,0.22659304192761506,0.7757972023291232,0.128613393524389,2933.4472681067346,2933.4472681067346,0.24050000603757893,207.35069885641678,207.35069885641678,197,237,338.79288437102923,338.79288437102923,299,445,17.296060991105463,17.296060991105463,10,25,0.45474071858537424,,,,,,0.5283195687304664,,,,0.3747933937687006,,,,1.35096592662839,,,,2.1410178502689328,,,,0.7063600016744127,0.18142321875873083,0.25762218237375184,1.4965765260731398,-17.02291725001928,1.8404053706873509,-23.591240206866416,-9.102213142022283,-10.199162429592807,1.7863670469838808,-16.857049363119614,-1.5986182217553584,5.058912871405774,1.6470016158628513,1.6727667648881153,14.52661328750371,353,169.6285878962537,106.00716372675672,9,1.7122997118155625,-6,2.158369221909273,13,3.0595636064223974,0,1.7965904699558273,,,,,,,,,,,,,,,,,125,122.92791411042944,118,398,371.8963174046471,350,312,288.73060061376594,262,361,337.97413415168796,320,251,228.93182814555027,211,431,398.17207365190717,371,389,372.92481367821136,357,60,55.96953090749673,55,4165,3552.80754055239,3203
Chau_Thanh,10.400025,105.152916,WS,T,2.53,7000,2022-03-27,20.9,80.8,28.64,32.65,25.38,1.54,10.400025,105.152916,25.006220070936045,7.27,0.7532338983974283,19.808064516129026,13.91,25.27,2.4664594179417985,77.2416129032258,64.47,87.54,6.190173324361764,28.511290322580646,26.71,30.32,1.0706788378301475,33.28322580645161,30.27,37.07,2.0413395145167734,24.850645161290327,23.23,25.84,0.6326132971783864,1.8222580645161288,0.83,2.83,0.5336345836680533,24.068291937317575,22.833586831955028,25.111718111232275,0.5746544128906169,8.43258064516129,4.460000000000001,12.3,1.9124110230062243,0.9017068965450331,0.4539761277216749,1.5336969985339284,0.30023088836592315,4804.188442211056,4804.188442211056,0.4286123998415441,161.87688442211058,161.87688442211058,89,201,379.2902010050251,379.2902010050251,291,437,47.38944723618091,47.38944723618091,30,52,0.3124357650593778,,,,,,0.34683361764682946,,,,0.2638770692606381,,,,0.8343957194461121,,,,1.5273672919035122,,,,0.8340618805816885,0.22434795521917555,0.26794487064104594,1.785937005752275,-16.868348396886184,1.5720907175899228,-26.87995276707336,-11.18557853207474,-10.928535921473308,1.865010616867488,-19.338665827633257,-1.2678417328443028,4.165770218251669,1.4801121914786453,1.2397206548251765,13.928444013241162,354,161.27054336585138,105.84303750571114,15,1.649651215640294,-8,2.2624510618477993,15,2.8881979804101094,0,2.064318973508943,,,,,,,,,,,,,,,,,124,122.43307776560786,119,402,373.3811089195704,353,307,292.1792680254217,263,348,322.32149901380666,293,239,226.05895244356773,216,427,408.9478413324566,400,377,365.1759807144421,347,60,56.0089853166776,54,3922,3475.953758492219,2967
Chau_Thanh,10.400189,105.331053,WS,T,1.32,7000,2022-03-25,24.32,79.93,28.43,34.02,24.91,1.94,10.400189,105.331053,24.62031587446449,9.110000000000003,0.7778342294886329,19.71870967741935,13.91,25.27,2.575182726915339,75.42774193548388,60.66,86.5,8.218526164738996,28.529999999999998,26.95,30.47,1.1802022789991715,33.77967741935483,30.27,38.48,2.4892847578409234,24.50258064516129,22.56,25.75,0.7616661182922754,1.8512903225806454,0.68,2.83,0.5464710359498973,23.643292183441684,21.12681833274576,24.806145378787576,0.938716642544211,9.277096774193547,5.43,14.7,2.488982423956382,0.9803993356202498,0.48813969021282255,1.6478924176167693,0.3918853776303495,3816.91381495564,3816.91381495564,0.30481532205757583,108.72750316856781,108.72750316856781,66,192,459.37642585551333,459.37642585551333,403,530,53.45627376425855,53.45627376425855,38,61,0.29284573249605883,,,,,,0.3218498373677834,,,,0.24860806874394378,,,,0.7632834571586817,,,,1.4428907215311295,,,,0.8442099151734342,0.20925562747521412,0.17777123881554077,1.60708569064471,-17.014603786527047,1.7906059506387324,-24.404627952290028,-12.49290081294498,-11.144055995103624,1.5925421238469102,-18.22017311700543,-6.493684092571932,4.133886800796916,1.8780331611726073,1.4889774224766639,21.500827617849282,352,162.37966500243695,106.72140185951811,10,1.5019035449407858,-6,2.3052607294016823,12,3.0407253230757063,0,1.843966290907747,,,,,,,,,,,,,,,,,122,120.09638554216868,118,402,375.1086527929901,358,324,309.709748083242,285,339,323.94370208105147,297,197,178.8142387732749,166,438,404.34852135816,375,447,416.8109529025192,385,60,57.16341730558598,55,3699,3374.76582694414,3015
Chau_Thanh,10.400449,105.171793,WS,T,1.43,8000,2022-03-26,25.27,72.53,29.39,34.49,24.94,1.18,10.400449,105.171793,23.923026939473232,9.55,1.125403854694864,19.84290322580645,13.91,25.27,2.4594507563463877,76.60451612903225,62.87,87.54,6.606202285491766,28.56322580645161,26.71,30.32,1.0797472437111237,33.41935483870967,30.27,37.07,2.101064147404559,24.80225806451613,23.19,25.84,0.6971264044097641,1.813225806451613,0.83,2.83,0.5335963624723322,23.97198683297999,21.693268342351598,25.111718111232275,0.7006368136219876,8.617096774193548,4.460000000000001,13.179999999999996,2.0784100522932105,0.9300802971562399,0.4539761277216749,1.5336969985339284,0.3165876155033612,5473.288776796974,5473.288776796974,0.5460075460906699,137.1172761664565,137.1172761664565,100,271,468.5094577553594,468.5094577553594,394,589,51.06683480453972,51.06683480453972,30,67,0.3017166906379391,,,,,,0.33316324730546465,,,,0.25552233312886197,,,,0.7954852363077068,,,,1.481144262831831,,,,0.9013795634393266,0.22800342240829038,0.16582313715837718,1.73428622154469,-16.648643473776545,1.3876031324886486,-21.842011270227097,-1.9720456024819306,-11.143379637548742,2.183874803878534,-15.480161656732639,9.934906729910429,3.8029633121965416,1.6601684027050227,1.3064243665830948,23.122086148808123,354,160.85011000737768,108.37059037282383,16,1.9927836477655987,-11,2.8678730624172966,17,3.518503636172008,0,2.4546614192944514,,,,,,,,,,,,,,,,,124,121.47054959492007,119,391,368.12833990363555,350,310,288.4045116075339,260,341,317.58979413053,292,234,222.30573806395094,204,435,418.72251423565484,407,366,358.9592641261497,343,55,54.34669294787561,54,3894,3501.4067017082784,3146
Chau_Thanh,10.400449,105.171793,SA,T,1.43,5500,2022-07-20,6.87,92.59,26.64,28.64,25.02,2.61,10.400449,105.171793,25.335976457808076,3.620000000000001,0.25866298156386003,17.079032258064515,6.87,23.62,3.6662738004143356,89.25548387096772,79.44,93.35,3.1503782043407136,27.100322580645162,25.9,28.35,0.5991686922296418,29.538064516129033,26.92,31.62,1.1493796906405753,25.172903225806444,24.08,26.12,0.47685930533687654,2.3409677419354837,0.53,3.86,0.8526442923529118,25.16140586009696,24.07069434896019,25.902008550533132,0.4437840992158635,4.365161290322582,1.9899999999999984,7.540000000000003,1.2650841383920832,0.38848028766838494,0.22659304192761506,0.7757972023291232,0.12688979579822315,6203.822194199243,6203.822194199243,0.6395352455199235,262.8259773013871,262.8259773013871,248,284,468.5094577553594,468.5094577553594,394,589,39.08070617906683,39.08070617906683,37,40,0.4207353790414998,,,,,,0.48495149730268816,,,,0.34828871362651426,,,,1.2275257732237939,,,,1.9943792752829101,,,,0.9258743674336606,0.24383569311726339,0.15129079848750324,1.8604111162293606,-17.16739704199362,1.4369929847946772,-20.90485296772397,-8.014488254554854,-11.801409806025918,2.057395532011589,-16.108868908024622,-2.2274492257071863,3.712594628297461,1.7640988303242193,1.1500624056187696,25.439149240992364,354,160.85011000737768,108.37059037282383,16,1.9927836477655987,-11,2.8678730624172966,17,3.518503636172008,0,2.4546614192944514,,,,,,,,,,,,,,,,,124,121.47054959492007,119,391,368.12833990363555,350,310,288.4045116075339,260,341,317.58979413053,292,234,222.30573806395094,204,435,418.72251423565484,407,366,358.9592641261497,343,55,54.34669294787561,54,3894,3501.4067017082784,3146
Chau_Thanh,10.402793,105.189574,WS,T,1.54,6800,2022-03-26,25.27,72.53,29.39,34.49,24.94,1.18,10.402793,105.189574,23.923026939473232,9.55,1.125403854694864,19.84290322580645,13.91,25.27,2.4594507563463877,76.60451612903225,62.87,87.54,6.606202285491766,28.56322580645161,26.71,30.32,1.0797472437111237,33.41935483870967,30.27,37.07,2.101064147404559,24.80225806451613,23.19,25.84,0.6971264044097641,1.813225806451613,0.83,2.83,0.5335963624723322,23.97198683297999,21.693268342351598,25.111718111232275,0.7006368136219876,8.617096774193548,4.460000000000001,13.179999999999996,2.0784100522932105,0.9300802971562399,0.4539761277216749,1.5336969985339284,0.3165876155033612,5314.390428211587,5314.390428211587,0.5355628181372443,109.51133501259446,109.51133501259446,66,189,396.20277078085644,396.20277078085644,318,507,38.113350125944585,38.113350125944585,31,51,0.30134706738202743,,,,,,0.3326918552247279,,,,0.25523423877949036,,,,0.7941434955098308,,,,1.4795503652776352,,,,0.9230378634015416,0.20421453420291796,0.291378169816861,1.7431769161938477,-16.359588555824363,1.4725354049603203,-20.65528005699337,-8.924884118180426,-11.028593959624333,2.086589639448302,-14.803758121670523,0.7096242963399622,3.573977011331923,1.1824059695282005,1.294660950842459,12.727864385015899,350,160.63110575403093,106.50043124365745,10,1.8988071714616928,-6,2.2078687998989928,14,2.9557711560754556,0,1.8108450696506666,133.14,133.14,133.14,1.215,1.215,1.215,30.08,30.08,30.08,30.43,30.43,30.43,0.3249613444010417,0.3249613444010417,0.3249613444010417,131.925,123,120.89467922049492,119,410,370.9489818261441,356,324,312.2680096343333,284,349,322.2042916575433,306,227,215.11123275673313,195,436,424.0383183709219,408,379,360.70921830523326,338,59,55.186555725859435,54,3710,3480.0910882417347,3210
Chau_Thanh,10.402927,105.235656,WS,T,1.98,7040,2022-03-22,15.4,82.6,27.56,31.49,25.1,2.14,10.402927,105.235656,24.32340394492977,6.389999999999997,0.6410445578849414,19.773225806451613,13.91,25.27,2.5971266841506933,74.71483870967742,62.87,87.54,6.7537530168562645,28.76225806451613,26.92,30.32,0.9962015266951774,33.970645161290314,30.3,37.07,1.997543548693795,24.710000000000004,23.19,25.84,0.7525054924244953,1.8625806451612898,0.83,2.83,0.5368965043652117,23.744442389954784,21.693268342351598,25.111718111232275,0.8654301046936077,9.260645161290322,4.460000000000001,13.179999999999996,2.1311286355324177,1.0136129630035788,0.4539761277216749,1.5336969985339284,0.3171007378747035,6411.264817150064,6411.264817150064,0.6585648416501471,166.38713745271122,166.38713745271122,126,182,429.9684741488021,429.9684741488021,397,534,59.89659520807062,59.89659520807062,56,62,0.2832355278423552,,,,,,0.30959364326862865,,,,0.24111761566028242,,,,0.7283981964139045,,,,1.4014493851220362,,,,0.8906180824609755,0.2198637503826964,0.16812820193233113,1.8292879465808132,-17.037621487869643,1.6052798780113555,-23.00061010498467,-3.01132334953677,-11.477798434245354,2.0550242258355187,-16.372518165708048,9.731301271528377,3.813921548584264,1.4629916599659107,1.1866431730863045,22.791368455899715,355,164.82162439858138,105.20076645550436,16,1.4542263145588616,-8,3.3696995476142915,16,4.279832179070466,0,2.787779291830394,91.819,91.819,91.819,220.474,220.474,220.474,27.16,27.16,27.16,28.4,28.4,28.4,0.36473719278971356,0.36473719278971356,0.36473719278971356,0.0,129,126.33238387379494,123,388,364.9634092900964,353,309,292.5072304995618,270,356,327.5475460122699,299,254,239.3472830850132,218,433,392.53746713409294,371,389,368.33435582822085,344,59,56.25482033304118,55,3481,3071.952234881682,2526
Chau_Thanh,10.402927,105.235656,SA,T,1.98,5500,2022-07-19,16.3,91.98,27.29,29.64,25.65,3.01,10.402927,105.235656,25.86766694000002,3.990000000000002,0.29084132425575615,17.08516129032258,6.87,23.62,3.6669807136976593,89.28161290322579,79.44,93.35,3.145285357354456,27.10967741935484,25.9,28.35,0.5971355488359933,29.526774193548388,26.92,31.62,1.1458125363104932,25.21935483870967,24.08,26.12,0.4460430724454614,2.3667741935483866,0.53,3.86,0.8669352288071643,25.175569430420175,24.07069434896019,25.902008550533132,0.4362959214904076,4.30741935483871,1.9899999999999984,7.540000000000003,1.234185032768289,0.38777174529463404,0.22659304192761506,0.7757972023291232,0.12680232702557637,3000.433795712485,3000.433795712485,0.1722392437744131,251.3165195460278,251.3165195460278,236,281,429.9684741488021,429.9684741488021,397,534,36.641866330390926,36.641866330390926,35,38,0.4155606534587363,,,,,,0.4783520081723741,,,,0.34425539273531197,,,,1.208741402053529,,,,1.9720647095241675,,,,0.8220411613392931,0.22290816548882914,0.26957524668841243,1.6775029009876625,-17.426579871417804,1.7118389742157794,-22.54203043422603,-10.547942652076516,-11.403228385925814,2.0136186795719304,-15.864136927427824,-3.2982941015190104,4.252306578953873,1.5354968860027456,1.3844966215229326,13.83815761698397,355,164.82162439858138,105.20076645550436,16,1.4542263145588616,-8,3.3696995476142915,16,4.279832179070466,0,2.787779291830394,86.611,86.611,86.611,270.493,270.493,270.493,26.97,26.97,26.97,27.87,27.87,27.87,0.41156768798828125,0.41156768798828125,0.41156768798828125,0.0,129,126.33238387379494,123,388,364.9634092900964,353,309,292.5072304995618,270,356,327.5475460122699,299,254,239.3472830850132,218,433,392.53746713409294,371,389,368.33435582822085,344,59,56.25482033304118,55,3481,3071.952234881682,2526
Chau_Thanh,10.403175,105.123726,WS,D,4.4,6400,2022-03-27,20.9,80.8,28.64,32.65,25.38,1.54,10.403175,105.123726,25.006220070936045,7.27,0.7532338983974283,19.808064516129026,13.91,25.27,2.4664594179417985,77.2416129032258,64.47,87.54,6.190173324361764,28.511290322580646,26.71,30.32,1.0706788378301475,33.28322580645161,30.27,37.07,2.0413395145167734,24.850645161290327,23.23,25.84,0.6326132971783864,1.8222580645161288,0.83,2.83,0.5336345836680533,24.068291937317575,22.833586831955028,25.111718111232275,0.5746544128906169,8.43258064516129,4.460000000000001,12.3,1.9124110230062243,0.9017068965450331,0.4539761277216749,1.5336969985339284,0.30023088836592315,4008.8063694267507,4008.8063694267507,0.3562812077887746,84.68280254777069,84.68280254777069,60,194,424.9439490445859,424.9439490445859,334,525,55.036942675159224,55.036942675159224,42,59,0.31317501157120115,,,,,,0.34777640180830294,,,,0.2644532579593813,,,,0.8370792010418642,,,,1.5305550870119038,,,,0.731470378066918,0.1797308850198465,0.2699420269833738,1.6168888107841426,-18.853030273108743,1.6989685927356624,-24.068220549528974,-13.676590505018787,-12.226927887344957,1.5640425668831914,-17.02006606531465,-7.365930426450129,4.816314355741054,1.523891251494676,1.4738868704645933,13.817996459092926,350,163.795856331757,105.21021847995539,10,1.6541772602126177,-5,2.144809697995731,10,2.918098167590995,0,1.7511354876074585,121.492,121.492,121.492,139.898,139.898,139.898,29.5,29.5,29.5,30.32,30.32,30.32,0.3665332794189453,0.3665332794189453,0.3665332794189453,0.0,125,122.65498357064622,121,402,363.1347502191062,351,295,283.4726117440842,262,341,324.5446976336548,313,260,248.37839614373362,236,394,381.34377738825606,369,391,370.2353198948293,346,60,57.423093777388274,55,3984,3554.804776511834,3051
Chau_Thanh,10.403175,105.123726,SA,D,4.4,6000,2022-07-26,19.02,87.93,27.42,30.68,24.93,1.28,10.403175,105.123726,25.235711886270494,5.75,0.44105463235345804,16.532903225806454,6.87,23.62,3.760259251141608,89.21548387096774,79.44,93.35,3.1609664086852662,26.880322580645164,24.86,28.35,0.7741904569830754,29.289677419354838,26.92,31.62,1.3309891637448608,24.925806451612896,23.04,26.05,0.6015022816225108,2.3929032258064518,0.53,3.86,0.8792929474350111,24.936733557971582,23.013919027872713,25.86766694000002,0.5986562062215893,4.363870967741936,1.9899999999999984,7.540000000000003,1.3003068556439086,0.3854751880176685,0.22659304192761506,0.7757972023291232,0.128613393524389,4204.527388535032,4204.527388535032,0.38131235827897286,217.03694267515925,217.03694267515925,211,231,424.9439490445859,424.9439490445859,334,525,34.20254777070063,34.20254777070063,19,55,0.4543710953294626,,,,,,0.5278481766497296,,,,0.374505299419329,,,,1.349624185830514,,,,2.1394239527147367,,,,0.6641157965109367,0.17681423064949686,0.2397088737042005,1.663136821920727,-17.430823738016844,2.016213265555062,-24.60250986527481,-12.318738073671827,-10.276450895758387,2.0500004539864465,-18.164191410577047,-4.76251039504303,5.4614413752898905,1.772530367097923,1.4050937645529795,15.686908324203213,350,163.795856331757,105.21021847995539,10,1.6541772602126177,-5,2.144809697995731,10,2.918098167590995,0,1.7511354876074585,118.275,118.275,118.275,75.081,75.081,75.081,29.0,29.0,29.0,29.57,29.57,29.57,0.43310546875,0.43310546875,0.43310546875,43.194,125,122.65498357064622,121,402,363.1347502191062,351,295,283.4726117440842,262,341,324.5446976336548,313,260,248.37839614373362,236,394,381.34377738825606,369,391,370.2353198948293,346,60,57.423093777388274,55,3984,3554.804776511834,3051
Chau_Thanh,10.40466,105.311554,WS,T,1.87,6800,2022-03-27,20.9,80.8,28.64,32.65,25.38,1.54,10.40466,105.311554,25.006220070936045,7.27,0.7532338983974283,19.808064516129026,13.91,25.27,2.4664594179417985,77.2416129032258,64.47,87.54,6.190173324361764,28.511290322580646,26.71,30.32,1.0706788378301475,33.28322580645161,30.27,37.07,2.0413395145167734,24.850645161290327,23.23,25.84,0.6326132971783864,1.8222580645161288,0.83,2.83,0.5336345836680533,24.068291937317575,22.833586831955028,25.111718111232275,0.5746544128906169,8.43258064516129,4.460000000000001,12.3,1.9124110230062243,0.9017068965450331,0.4539761277216749,1.5336969985339284,0.30023088836592315,3701.7202531645576,3701.7202531645576,0.24983520011448257,89.87088607594939,89.87088607594939,75,131,396.15696202531655,396.15696202531655,296,517,34.88860759493671,34.88860759493671,22,60,0.3128053883152895,,,,,,0.34730500972756617,,,,0.2641651636100097,,,,0.8357374602439882,,,,1.528961189457708,,,,0.7719416396879067,0.20247592661419084,0.08437560526552641,1.796211447996201,-17.39417468767956,2.8660762568937437,-25.03193160715701,-6.273975598923704,-11.031249830673428,3.09851143627418,-18.122146814230575,1.4958550967933428,4.608182249068207,1.97692021015884,1.2269093120758574,46.407067331987385,350,154.78360799346612,108.08691684646918,11,1.6006593160501643,-6,2.355771675632639,12,2.87183515122774,0,1.789588381634642,118.904,118.904,118.904,81.128,81.128,81.128,29.6,29.6,29.6,30.45,30.45,30.45,0.30697377522786456,0.30697377522786456,0.30697377522786456,37.776,125,121.62119553317282,119,392,367.55319614711027,337,317,301.6081436077057,279,342,316.84741681260937,278,215,203.45030647985988,192,442,410.99474605954447,382,415,385.33537653239927,360,58,55.374124343257435,55,3581,3282.7686077057783,2750
Chau_Thanh,10.404721,105.258428,WS,T,5.0,7000,2022-03-22,15.4,82.6,27.56,31.49,25.1,2.14,10.404721,105.258428,24.32340394492977,6.389999999999997,0.6410445578849414,19.773225806451613,13.91,25.27,2.5971266841506933,74.71483870967742,62.87,87.54,6.7537530168562645,28.76225806451613,26.92,30.32,0.9962015266951774,33.970645161290314,30.3,37.07,1.997543548693795,24.710000000000004,23.19,25.84,0.7525054924244953,1.8625806451612898,0.83,2.83,0.5368965043652117,23.744442389954784,21.693268342351598,25.111718111232275,0.8654301046936077,9.260645161290322,4.460000000000001,13.179999999999996,2.1311286355324177,1.0136129630035788,0.4539761277216749,1.5336969985339284,0.3171007378747035,6562.042038216559,6562.042038216559,0.7040499185857378,156.38216560509554,156.38216560509554,126,175,456.35159235668783,456.35159235668783,157,539,65.10445859872611,65.10445859872611,62,73,0.28360515109826684,,,,,,0.31006503534936536,,,,0.241405710009654,,,,0.7297399372117805,,,,1.403043282676232,,,,0.9218761024567157,0.19382927641000566,0.39186948798104976,1.7988905510673465,-16.89044317202501,1.3167028945917951,-21.06923403000126,-12.400704685021733,-11.568659211692857,1.5898291172123709,-16.155331291516276,-5.682401042994814,3.5335066404028836,0.9760615010355155,1.2235927570060645,9.207480099071745,354,165.16197113516145,106.09340476487496,14,1.0909650815817036,-12,3.3256652412961314,20,4.207560716944093,0,2.6002240070504974,91.819,91.819,91.819,220.474,220.474,220.474,27.16,27.16,27.16,28.4,28.4,28.4,0.36473719278971356,0.36473719278971356,0.36473719278971356,0.0,126,124.71012269938655,123,420,381.6352476983778,353,313,295.48509425690486,283,354,334.9180184129767,314,240,206.15366067514242,196,387,361.1950898728627,339,449,432.43511617711516,377,59,55.75822007891274,54,3851,3515.6080666374387,3174
Chau_Thanh,10.404721,105.258428,SA,T,5.0,6400,2022-07-19,16.3,91.98,27.29,29.64,25.65,3.01,10.404721,105.258428,25.86766694000002,3.990000000000002,0.29084132425575615,17.08516129032258,6.87,23.62,3.6669807136976593,89.28161290322579,79.44,93.35,3.145285357354456,27.10967741935484,25.9,28.35,0.5971355488359933,29.526774193548388,26.92,31.62,1.1458125363104932,25.21935483870967,24.08,26.12,0.4460430724454614,2.3667741935483866,0.53,3.86,0.8669352288071643,25.175569430420175,24.07069434896019,25.902008550533132,0.4362959214904076,4.30741935483871,1.9899999999999984,7.540000000000003,1.234185032768289,0.38777174529463404,0.22659304192761506,0.7757972023291232,0.12680232702557637,3759.242038216561,3759.242038216561,0.32871389196945405,297.1987261146497,297.1987261146497,244,375,456.35159235668783,456.35159235668783,157,539,28.029299363057316,28.029299363057316,27,31,0.4162998999705596,,,,,,0.47929479233384753,,,,0.3448315814340551,,,,1.2114248836492811,,,,1.9752525046325593,,,,1.0043861273658572,0.26281295844742536,0.30812906876029833,2.037959213984839,-17.057710517791655,1.400389382090133,-21.577503742980824,-11.819019569597586,-12.17636345978742,1.9474730696972034,-16.389108130530577,-4.0972408685605375,3.2815403177858014,1.225254080071951,0.9627478177930587,11.981573001512897,354,165.16197113516145,106.09340476487496,14,1.0909650815817036,-12,3.3256652412961314,20,4.207560716944093,0,2.6002240070504974,86.611,86.611,86.611,270.493,270.493,270.493,26.97,26.97,26.97,27.87,27.87,27.87,0.41156768798828125,0.41156768798828125,0.41156768798828125,0.0,126,124.71012269938655,123,420,381.6352476983778,353,313,295.48509425690486,283,354,334.9180184129767,314,240,206.15366067514242,196,387,361.1950898728627,339,449,432.43511617711516,377,59,55.75822007891274,54,3851,3515.6080666374387,3174
Chau_Thanh,10.405702,105.208668,WS,T,1.32,7500,2022-03-26,25.27,72.53,29.39,34.49,24.94,1.18,10.405702,105.208668,23.923026939473232,9.55,1.125403854694864,19.84290322580645,13.91,25.27,2.4594507563463877,76.60451612903225,62.87,87.54,6.606202285491766,28.56322580645161,26.71,30.32,1.0797472437111237,33.41935483870967,30.27,37.07,2.101064147404559,24.80225806451613,23.19,25.84,0.6971264044097641,1.813225806451613,0.83,2.83,0.5335963624723322,23.97198683297999,21.693268342351598,25.111718111232275,0.7006368136219876,8.617096774193548,4.460000000000001,13.179999999999996,2.0784100522932105,0.9300802971562399,0.4539761277216749,1.5336969985339284,0.3165876155033612,4639.934673366834,4639.934673366834,0.4391119781807121,154.4748743718593,154.4748743718593,76,202,438.66834170854275,438.66834170854275,275,522,51.595477386934675,51.595477386934675,48,57,0.30097744412611577,,,,,,0.3322204631439912,,,,0.25494614443011876,,,,0.7928017547119547,,,,1.4779564677234394,,,,0.6731219300140664,0.1746820503757327,0.2460176294192918,1.4547437708694966,-17.66925013725043,2.0199768494684758,-22.998272300456335,-7.980930608909441,-10.587650794280295,1.813366736551114,-15.301758534079557,0.07995670084570206,5.371343974025723,1.7559055515375548,1.7496251093133812,15.258997411859195,350,157.04293787543477,106.23071825139463,8,1.3082187269469912,-8,1.9732651921259945,9,2.5943921909579526,0,1.618573089097111,129.251,129.251,129.251,1.924,1.924,1.924,30.1,30.1,30.1,30.54,30.54,30.54,0.2856394449869792,0.2856394449869792,0.2856394449869792,127.327,124,122.64899211218231,122,412,380.8054338299737,365,325,310.9204645048203,303,342,328.18558282208596,313,235,225.53812445223485,210,436,403.5777826468011,389,384,370.83588957055207,353,58,54.38913234005258,54,4039,3564.084355828221,3247
Chau_Thanh,10.405902,105.36283,WS,T,2.53,8000,2022-03-25,24.32,79.93,28.43,34.02,24.91,1.94,10.405902,105.36283,24.62031587446449,9.110000000000003,0.7778342294886329,19.71870967741935,13.91,25.27,2.575182726915339,75.42774193548388,60.66,86.5,8.218526164738996,28.529999999999998,26.95,30.47,1.1802022789991715,33.77967741935483,30.27,38.48,2.4892847578409234,24.50258064516129,22.56,25.75,0.7616661182922754,1.8512903225806454,0.68,2.83,0.5464710359498973,23.643292183441684,21.12681833274576,24.806145378787576,0.938716642544211,9.277096774193547,5.43,14.7,2.488982423956382,0.9803993356202498,0.48813969021282255,1.6478924176167693,0.3918853776303495,4701.823076923076,4701.823076923076,0.4146221766160819,113.40128205128204,113.40128205128204,88,164,486.775641025641,486.775641025641,419,565,47.94230769230768,47.94230769230768,31,55,0.2924761092401471,,,,,,0.3213784452870466,,,,0.24831997439457218,,,,0.7619417163608057,,,,1.4412968239769337,,,,0.8019593512261233,0.21001672340329386,0.16202012137666474,1.734482901064865,-16.677741166826195,2.4190381118988364,-26.537679802335926,-8.22757908701282,-10.512135393140689,2.368729841483716,-19.7021202094349,-0.2054745109695828,4.4344585485501655,1.9424658837690616,1.3061628324754586,23.688291590035234,354,166.58643550889073,105.4112317168196,14,2.462703083677226,-7,2.476312264817422,14,2.9660937124338433,0,1.8921217251947695,112.211,112.211,112.211,46.409,46.409,46.409,28.83,28.83,28.83,29.65,29.65,29.65,0.31517664591471356,0.31517664591471356,0.31517664591471356,65.801,123,121.26281208935612,120,397,369.1196581196581,348,326,299.5996055226825,279,324,307.5364891518737,289,197,188.39206662283584,173,408,378.6504492658339,364,461,432.63839579224197,419,61,55.73942581634889,54,3696,3310.4306377383296,2851
Chau_Thanh,10.405902,105.36283,SA,T,2.53,6500,2022-07-15,15.33,91.48,26.9,29.78,24.82,2.56,10.405902,105.36283,25.389900624500665,4.960000000000001,0.30198941235292953,16.52774193548387,6.87,23.62,4.116383246270553,90.20838709677417,81.27,94.19,2.939362556278633,26.93903225806451,25.66,27.84,0.5452454601944365,29.701935483870965,26.96,31.63,1.1618989444560106,24.736451612903235,23.29,25.36,0.4316476190291425,2.3951612903225805,0.86,3.69,0.8050280338446323,25.18298593964303,24.130094953000818,25.85569627986475,0.4261595091244373,4.965483870967743,2.4399999999999977,8.34,1.3472477050535705,0.35037481175348073,0.1952996540418091,0.6932754681442975,0.11456699913657563,3019.0730769230768,3019.0730769230768,0.11773285587120817,230.35512820512818,230.35512820512818,226,241,486.775641025641,486.775641025641,419,565,35.728205128205126,35.728205128205126,25,48,0.4092770581082377,,,,,,0.4703383427998499,,,,0.33935778879599493,,,,1.1859318084896362,,,,1.9449684511028371,,,,0.8310104683384173,0.22678176529235122,0.15555219371575454,2.449782988889374,-15.922041283133975,2.004786655138633,-26.347663260388572,-5.6016671541687835,-9.966257574720853,2.1998138791590787,-21.040282564444645,3.56080906202585,4.173565802720262,1.4772119281368015,0.6327976878529261,24.71484145899817,354,166.58643550889073,105.4112317168196,14,2.462703083677226,-7,2.476312264817422,14,2.9660937124338433,0,1.8921217251947695,89.894,89.894,89.894,124.984,124.984,124.984,26.85,26.85,26.85,27.43,27.43,27.43,0.4099890391031901,0.4099890391031901,0.4099890391031901,0.0,123,121.26281208935612,120,397,369.1196581196581,348,326,299.5996055226825,279,324,307.5364891518737,289,197,188.39206662283584,173,408,378.6504492658339,364,461,432.63839579224197,419,61,55.73942581634889,54,3696,3310.4306377383296,2851
Chau_Thanh,10.406199,105.248616,WS,T,6.05,7200,2022-03-22,15.4,82.6,27.56,31.49,25.1,2.14,10.406199,105.248616,24.32340394492977,6.389999999999997,0.6410445578849414,19.773225806451613,13.91,25.27,2.5971266841506933,74.71483870967742,62.87,87.54,6.7537530168562645,28.76225806451613,26.92,30.32,0.9962015266951774,33.970645161290314,30.3,37.07,1.997543548693795,24.710000000000004,23.19,25.84,0.7525054924244953,1.8625806451612898,0.83,2.83,0.5368965043652117,23.744442389954784,21.693268342351598,25.111718111232275,0.8654301046936077,9.260645161290322,4.460000000000001,13.179999999999996,2.1311286355324177,1.0136129630035788,0.4539761277216749,1.5336969985339284,0.3171007378747035,6580.457861635219,6580.457861635219,0.6935382798374463,147.2893081761006,147.2893081761006,126,175,459.4666666666667,459.4666666666667,157,554,68.55471698113206,68.55471698113206,61,73,0.2839747743541785,,,,,,0.3105364274301021,,,,0.2416938043590256,,,,0.7310816780096566,,,,1.404637180230428,,,,0.8453991782714584,0.2533740219910482,0.07665891364979524,1.8674777667703744,-16.940639881368313,1.37366233310634,-21.613437243021036,-7.5515669351906425,-10.987671946609835,2.3954594579801,-17.544206483590944,4.811316764510543,4.437175626709282,2.8612964329381736,1.1419264374523828,51.1791897322391,354,163.00054339592813,106.62953134149133,9,0.9976354043853706,-10,2.517168569073006,10,3.139106064298559,0,1.844438104864353,91.819,91.819,91.819,220.474,220.474,220.474,27.16,27.16,27.16,28.4,28.4,28.4,0.36473719278971356,0.36473719278971356,0.36473719278971356,0.0,127,125.61875547765116,124,408,366.62483574244413,346,311,294.1530880420499,270,346,327.0569426193605,296,257,238.89027595269386,207,399,383.83004818221644,353,438,377.15834428383715,358,59,55.7724485326325,55,3851,3401.701051248357,3004
Chau_Thanh,10.406199,105.248616,SA,T,6.05,6500,2022-07-19,16.3,91.98,27.29,29.64,25.65,3.01,10.406199,105.248616,25.86766694000002,3.990000000000002,0.29084132425575615,17.08516129032258,6.87,23.62,3.6669807136976593,89.28161290322579,79.44,93.35,3.145285357354456,27.10967741935484,25.9,28.35,0.5971355488359933,29.526774193548388,26.92,31.62,1.1458125363104932,25.21935483870967,24.08,26.12,0.4460430724454614,2.3667741935483866,0.53,3.86,0.8669352288071643,25.175569430420175,24.07069434896019,25.902008550533132,0.4362959214904076,4.30741935483871,1.9899999999999984,7.540000000000003,1.234185032768289,0.38777174529463404,0.22659304192761506,0.7757972023291232,0.12680232702557637,4487.815094339622,4487.815094339622,0.3870631036699082,264.2805031446541,264.2805031446541,239,290,459.4666666666667,459.4666666666667,157,554,31.909433962264146,31.909433962264146,31,34,0.41482140694691294,,,,,,0.4774092240109007,,,,0.34367920403656876,,,,1.206057920457777,,,,1.9688769144157758,,,,0.8021143613220958,0.24393799530341848,0.14059501803464164,1.7872006909961455,-17.128841549011202,1.5905062528059712,-22.27554483385916,-2.233821598574497,-10.907866149096833,2.508012774996025,-17.251553624648356,7.858306577367546,4.6036258063424125,2.313817965891622,1.238137003948051,27.450510237954717,354,163.00054339592813,106.62953134149133,9,0.9976354043853706,-10,2.517168569073006,10,3.139106064298559,0,1.844438104864353,86.611,86.611,86.611,270.493,270.493,270.493,26.97,26.97,26.97,27.87,27.87,27.87,0.41156768798828125,0.41156768798828125,0.41156768798828125,0.0,127,125.61875547765116,124,408,366.62483574244413,346,311,294.1530880420499,270,346,327.0569426193605,296,257,238.89027595269386,207,399,383.83004818221644,353,438,377.15834428383715,358,59,55.7724485326325,55,3851,3401.701051248357,3004
Chau_Thanh,10.406597,105.221367,WS,T,1.32,7000,2022-03-27,20.9,80.8,28.64,32.65,25.38,1.54,10.406597,105.221367,25.006220070936045,7.27,0.7532338983974283,19.808064516129026,13.91,25.27,2.4664594179417985,77.2416129032258,64.47,87.54,6.190173324361764,28.511290322580646,26.71,30.32,1.0706788378301475,33.28322580645161,30.27,37.07,2.0413395145167734,24.850645161290327,23.23,25.84,0.6326132971783864,1.8222580645161288,0.83,2.83,0.5336345836680533,24.068291937317575,22.833586831955028,25.111718111232275,0.5746544128906169,8.43258064516129,4.460000000000001,12.3,1.9124110230062243,0.9017068965450331,0.4539761277216749,1.5336969985339284,0.30023088836592315,4960.651074589128,4960.651074589128,0.4952355861130335,137.2629582806574,137.2629582806574,116,152,489.17446270543616,489.17446270543616,456,571,48.02402022756005,48.02402022756005,31,57,0.31650162087440625,,,,,,0.3520189305349334,,,,0.2670461071037256,,,,0.8491548682227487,,,,1.544900164999667,,,,0.7656469364851768,0.20223788566995923,0.13985159888708487,1.5728069675030731,-17.000728827565116,2.538700346481577,-23.31383414029746,-1.3146926281042894,-10.589459943189537,3.0434253976684245,-16.204629586143,6.635632744630677,4.662067748564816,1.8696641141760106,1.5432237284339116,27.60174665024438,353,160.11583558395367,109.14736642843012,9,1.914053751399777,-7,2.2247814159663286,12,2.6891937290033616,0,1.6712157992098542,120.248,120.248,120.248,108.929,108.929,108.929,29.59,29.59,29.59,30.43,30.43,30.43,0.31356557210286456,0.31356557210286456,0.31356557210286456,11.319,129,124.6376176921393,121,402,375.93213660245164,355,333,317.0632661996497,268,351,322.7491243432573,292,244,226.09041155866893,220,423,405.03765323992985,375,396,368.7162872154114,351,58,55.069395796847616,54,3691,3345.8826619964966,2686
Chau_Thanh,10.406597,105.221367,SA,T,1.32,6000,2022-07-28,19.71,85.56,27.6,30.48,25.14,1.61,10.406597,105.221367,24.952783099635962,5.34,0.5332377150662087,16.537419354838708,6.73,23.62,4.019790531970007,88.99290322580647,79.44,92.59,3.064938239180294,26.921935483870964,24.86,28.35,0.7658030545893081,29.399032258064516,26.92,31.62,1.3220642579637436,24.908064516129027,23.04,26.05,0.5967623364122854,2.317096774193548,0.53,3.85,0.8077695038065729,24.93641694560688,23.013919027872713,25.86766694000002,0.5990055829836034,4.490967741935484,2.150000000000002,7.540000000000003,1.2804569618762993,0.39411504305396844,0.2532125702380937,0.7757972023291232,0.1251438164465532,3998.390644753476,3998.390644753476,0.3540115136509145,246.34386852085962,246.34386852085962,191,257,489.17446270543616,489.17446270543616,456,571,21.41719342604299,21.41719342604299,11,26,0.4650901697509013,,,,,,0.5415185469910945,,,,0.38286003555110515,,,,1.3885346689689193,,,,2.1856469817864177,,,,0.8126121165232619,0.22896765814599598,0.1932060086591969,3.1217275995801335,-16.379652940662773,2.91113999870861,-26.46676846633385,4.697758482680374,-10.29236788738866,2.956923892079739,-18.145810243211457,8.857322758316098,4.320768272996428,1.6330439861291586,0.2813417802815315,19.703289860181034,353,160.11583558395367,109.14736642843012,9,1.914053751399777,-7,2.2247814159663286,12,2.6891937290033616,0,1.6712157992098542,114.47,114.47,114.47,270.522,270.522,270.522,29.09,29.09,29.09,29.63,29.63,29.63,0.4120362599690755,0.4120362599690755,0.4120362599690755,0.0,129,124.6376176921393,121,402,375.93213660245164,355,333,317.0632661996497,268,351,322.7491243432573,292,244,226.09041155866893,220,423,405.03765323992985,375,396,368.7162872154114,351,58,55.069395796847616,54,3691,3345.8826619964966,2686
Chau_Thanh,10.407515,105.229231,SA,T,3.3,6000,2022-07-28,19.71,85.56,27.6,30.48,25.14,1.61,10.407515,105.229231,24.952783099635962,5.34,0.5332377150662087,16.537419354838708,6.73,23.62,4.019790531970007,88.99290322580647,79.44,92.59,3.064938239180294,26.921935483870964,24.86,28.35,0.7658030545893081,29.399032258064516,26.92,31.62,1.3220642579637436,24.908064516129027,23.04,26.05,0.5967623364122854,2.317096774193548,0.53,3.85,0.8077695038065729,24.93641694560688,23.013919027872713,25.86766694000002,0.5990055829836034,4.490967741935484,2.150000000000002,7.540000000000003,1.2804569618762993,0.39411504305396844,0.2532125702380937,0.7757972023291232,0.1251438164465532,3608.650955414013,3608.650955414013,0.24877075579667907,210.7936305732484,210.7936305732484,188,242,473.2433121019108,473.2433121019108,413,594,21.266242038216557,21.266242038216557,18,29,0.4647205464949896,,,,,,0.5410471549103577,,,,0.38257194120173355,,,,1.3871929281710433,,,,2.1840530842322217,,,,0.6154942702159016,0.18651804607299027,0.15836403083010483,1.433708934686158,-18.287561596234454,2.274912598310575,-24.894444713252994,-10.719995852026788,-10.685611139082827,1.8753406363524339,-17.656073936508754,2.8252573946957296,6.17259433847726,2.4453472604402573,1.789966570777916,24.258260850225874,354,160.02395544826726,106.76859012450362,11,1.676588275201138,-5,2.3689049569180396,16,2.9512822455021794,0,1.7716120682250933,114.47,114.47,114.47,270.522,270.522,270.522,29.09,29.09,29.09,29.63,29.63,29.63,0.4120362599690755,0.4120362599690755,0.4120362599690755,0.0,129,126.47172292854013,123,383,363.904647084612,353,324,299.49978079789565,280,351,330.99123191582635,297,259,241.04252520824198,222,432,390.733888645331,378,396,368.0473476545375,344,59,54.873301183691375,54,3934,3346.3097325734334,2800
Chau_Thanh,10.407581,105.1521,WS,T,2.75,7000,2022-03-27,20.9,80.8,28.64,32.65,25.38,1.54,10.407581,105.1521,25.006220070936045,7.27,0.7532338983974283,19.808064516129026,13.91,25.27,2.4664594179417985,77.2416129032258,64.47,87.54,6.190173324361764,28.511290322580646,26.71,30.32,1.0706788378301475,33.28322580645161,30.27,37.07,2.0413395145167734,24.850645161290327,23.23,25.84,0.6326132971783864,1.8222580645161288,0.83,2.83,0.5336345836680533,24.068291937317575,22.833586831955028,25.111718111232275,0.5746544128906169,8.43258064516129,4.460000000000001,12.3,1.9124110230062243,0.9017068965450331,0.4539761277216749,1.5336969985339284,0.30023088836592315,5311.992307692307,5311.992307692307,0.48343344233134133,118.76282051282051,118.76282051282051,78,205,460.87307692307695,460.87307692307695,240,590,40.53461538461538,40.53461538461538,26,47,0.3135446348271128,,,,,,0.34824779388903965,,,,0.26474135230875284,,,,0.8384209418397403,,,,1.5321489845660998,,,,0.8967072451321962,0.2140035168455656,0.27717799277858396,1.7436813952263375,-17.3069381703374,1.6313592145988576,-23.670131047520808,-11.465301578157476,-11.799446526321772,1.7148164122424627,-17.933331748967348,-0.7416851028380052,3.7361309282851556,1.2365830737149153,1.2939970633114328,13.431160136134222,352,160.59054773227246,105.71814455871237,9,1.561412406307219,-7,2.0048831173534047,9,2.7162607195078565,0,1.6482416338077723,121.492,121.492,121.492,139.898,139.898,139.898,29.5,29.5,29.5,30.32,30.32,30.32,0.3665332794189453,0.3665332794189453,0.3665332794189453,0.0,124,120.75772179627604,117,402,376.1767798466593,347,307,297.41051478641833,276,345,327.63329682365827,297,232,219.3301204819277,199,435,406.5991237677984,396,386,374.0256297918948,348,60,56.91478641840088,54,4006,3542.8243154435922,3152
Chau_Thanh,10.407581,105.1521,SA,T,2.75,6400,2022-07-26,19.02,87.93,27.42,30.68,24.93,1.28,10.407581,105.1521,25.235711886270494,5.75,0.44105463235345804,16.532903225806454,6.87,23.62,3.760259251141608,89.21548387096774,79.44,93.35,3.1609664086852662,26.880322580645164,24.86,28.35,0.7741904569830754,29.289677419354838,26.92,31.62,1.3309891637448608,24.925806451612896,23.04,26.05,0.6015022816225108,2.3929032258064518,0.53,3.86,0.8792929474350111,24.936733557971582,23.013919027872713,25.86766694000002,0.5986562062215893,4.363870967741936,1.9899999999999984,7.540000000000003,1.3003068556439086,0.3854751880176685,0.22659304192761506,0.7757972023291232,0.128613393524389,2910.4884615384613,2910.4884615384613,0.15353248715544215,247.84743589743587,247.84743589743587,211,263,460.87307692307695,460.87307692307695,240,590,18.406410256410254,18.406410256410254,13,21,0.4540014720735509,,,,,,0.527376784568993,,,,0.3742172050699574,,,,1.348282445032638,,,,2.137830055160541,,,,0.7247741993242668,0.1962016884299929,0.18458528861158896,1.546507077572173,-18.206541144950954,2.669103381843946,-25.103774919453887,-11.908672666947247,-11.49997346886008,2.2614241183364316,-18.53914421015127,-2.4451954777022626,4.97146502695684,1.8421404120142106,1.5864737756515872,20.6701993430091,352,160.59054773227246,105.71814455871237,9,1.561412406307219,-7,2.0048831173534047,9,2.7162607195078565,0,1.6482416338077723,118.275,118.275,118.275,75.081,75.081,75.081,29.0,29.0,29.0,29.57,29.57,29.57,0.43310546875,0.43310546875,0.43310546875,43.194,124,120.75772179627604,117,402,376.1767798466593,347,307,297.41051478641833,276,345,327.63329682365827,297,232,219.3301204819277,199,435,406.5991237677984,396,386,374.0256297918948,348,60,56.91478641840088,54,4006,3542.8243154435922,3152
Chau_Thanh,10.407982,105.123304,SA,D,2.75,5500,2022-07-26,19.02,87.93,27.42,30.68,24.93,1.28,10.407982,105.123304,25.235711886270494,5.75,0.44105463235345804,16.532903225806454,6.87,23.62,3.760259251141608,89.21548387096774,79.44,93.35,3.1609664086852662,26.880322580645164,24.86,28.35,0.7741904569830754,29.289677419354838,26.92,31.62,1.3309891637448608,24.925806451612896,23.04,26.05,0.6015022816225108,2.3929032258064518,0.53,3.86,0.8792929474350111,24.936733557971582,23.013919027872713,25.86766694000002,0.5986562062215893,4.363870967741936,1.9899999999999984,7.540000000000003,1.3003068556439086,0.3854751880176685,0.22659304192761506,0.7757972023291232,0.128613393524389,4405.925692695214,4405.925692695214,0.40751596994955797,221.94332493702777,221.94332493702777,207,241,437.5327455919395,437.5327455919395,334,525,38.6095717884131,38.6095717884131,31,65,0.45363184881763924,,,,,,0.5269053924882562,,,,0.3739291107205858,,,,1.3469407042347619,,,,2.136236157606345,,,,0.7530150002456691,0.22989062980984842,0.25929212025234316,1.644347033019612,-16.645737610589137,1.1436902700393392,-21.87520653669437,-12.01700839565854,-10.113841739177312,1.579078144554444,-15.616807746458708,-5.227452616492737,4.815459136597767,1.7865334618471678,1.4325765301832687,14.426616112002165,350,168.1261687937422,104.6340197474604,10,2.0704520378756675,-6,2.150175671143788,13,2.9510975710168794,0,1.8100735395807623,118.275,118.275,118.275,75.081,75.081,75.081,29.0,29.0,29.0,29.57,29.57,29.57,0.43310546875,0.43310546875,0.43310546875,43.194,125,122.92688266199652,119,408,364.1564417177913,351,320,288.82931638913226,262,346,318.966476774759,304,272,250.78264680105167,227,424,387.7546012269938,370,376,361.34465381244524,340,60,57.393514460999114,55,3938,3349.05981595092,2809
Chau_Thanh,10.408003,105.139183,WS,T,2.64,7200,2022-03-27,20.9,80.8,28.64,32.65,25.38,1.54,10.408003,105.139183,25.006220070936045,7.27,0.7532338983974283,19.808064516129026,13.91,25.27,2.4664594179417985,77.2416129032258,64.47,87.54,6.190173324361764,28.511290322580646,26.71,30.32,1.0706788378301475,33.28322580645161,30.27,37.07,2.0413395145167734,24.850645161290327,23.23,25.84,0.6326132971783864,1.8222580645161288,0.83,2.83,0.5336345836680533,24.068291937317575,22.833586831955028,25.111718111232275,0.5746544128906169,8.43258064516129,4.460000000000001,12.3,1.9124110230062243,0.9017068965450331,0.4539761277216749,1.5336969985339284,0.30023088836592315,5006.250945775537,5006.250945775537,0.46847744142086717,179.95712484237077,179.95712484237077,88,242,446.3669609079446,446.3669609079446,326,582,48.27112232030266,48.27112232030266,30,60,0.31391425808302453,,,,,,0.34871918596977636,,,,0.26502944665812445,,,,0.8397626826376163,,,,1.5337428821202956,,,,0.9462051259190432,0.21262480364889083,0.3996854559341802,1.7437713690469556,-16.801431089785922,1.3451597306356922,-23.509730072224208,-12.51083111013525,-11.614920133464924,1.414689736210044,-17.74927285587349,-7.543670577132425,3.445812653551506,1.0155085168736073,1.2938786993539002,9.00786979013496,352,159.08992290440608,104.42385776410786,17,1.8994431070084214,-7,2.3226835993529606,19,3.1966151708057677,0,2.1746903720779724,121.492,121.492,121.492,139.898,139.898,139.898,29.5,29.5,29.5,30.32,30.32,30.32,0.3665332794189453,0.3665332794189453,0.3665332794189453,0.0,125,123.8141980718668,118,398,361.79710780017535,341,312,282.8851884312008,256,345,322.58961437335677,300,252,240.47524101665215,214,445,385.57690622261185,371,389,373.9371165644172,338,60,56.237949167397026,55,4165,3411.7848378615254,2844
Chau_Thanh,10.408214,105.131329,WS,T,1.98,7000,2022-03-27,20.9,80.8,28.64,32.65,25.38,1.54,10.408214,105.131329,25.006220070936045,7.27,0.7532338983974283,19.808064516129026,13.91,25.27,2.4664594179417985,77.2416129032258,64.47,87.54,6.190173324361764,28.511290322580646,26.71,30.32,1.0706788378301475,33.28322580645161,30.27,37.07,2.0413395145167734,24.850645161290327,23.23,25.84,0.6326132971783864,1.8222580645161288,0.83,2.83,0.5336345836680533,24.068291937317575,22.833586831955028,25.111718111232275,0.5746544128906169,8.43258064516129,4.460000000000001,12.3,1.9124110230062243,0.9017068965450331,0.4539761277216749,1.5336969985339284,0.30023088836592315,5156.243622448978,5156.243622448978,0.4710196654117443,126.2410714285714,126.2410714285714,64,226,359.5344387755101,359.5344387755101,326,496,51.929846938775505,51.929846938775505,36,59,0.3142838813389362,,,,,,0.34919057805051307,,,,0.26531754100749605,,,,0.8411044234354924,,,,1.5353367796744917,,,,0.9379662670979884,0.17594986697939893,0.4401085728335637,1.7876015767728548,-16.394271691541242,0.9130291860346316,-20.21048166762316,-13.202886484037446,-11.187677646180228,1.0281546620043052,-14.401155606463092,-7.129683785257346,3.4166290488261533,0.8434394772468531,1.2376350815382327,8.088666403943657,352,158.20188248002572,105.43613050813319,14,2.003481073105828,-7,2.436168737052979,13,3.121850732112158,0,2.0074759494396774,121.492,121.492,121.492,139.898,139.898,139.898,29.5,29.5,29.5,30.32,30.32,30.32,0.3665332794189453,0.3665332794189453,0.3665332794189453,0.0,125,123.60898138006573,120,388,367.6945478432232,341,311,284.57915480621847,263,343,323.8211079483249,304,272,244.16465951390416,214,442,395.43223122399826,375,381,360.1401357565142,336,59,56.27238887672432,55,3930,3431.771841471425,2948
Chau_Thanh,10.408214,105.131329,SA,T,1.98,5500,2022-07-26,19.02,87.93,27.42,30.68,24.93,1.28,10.408214,105.131329,25.235711886270494,5.75,0.44105463235345804,16.532903225806454,6.87,23.62,3.760259251141608,89.21548387096774,79.44,93.35,3.1609664086852662,26.880322580645164,24.86,28.35,0.7741904569830754,29.289677419354838,26.92,31.62,1.3309891637448608,24.925806451612896,23.04,26.05,0.6015022816225108,2.3929032258064518,0.53,3.86,0.8792929474350111,24.936733557971582,23.013919027872713,25.86766694000002,0.5986562062215893,4.363870967741936,1.9899999999999984,7.540000000000003,1.3003068556439086,0.3854751880176685,0.22659304192761506,0.7757972023291232,0.128613393524389,4763.510204081632,4763.510204081632,0.41515665493255294,249.04081632653063,249.04081632653063,210,271,359.5344387755101,359.5344387755101,326,496,44.87500000000001,44.87500000000001,30,65,0.45326222556172757,,,,,,0.5264340004075194,,,,0.3736410163712143,,,,1.3455989634368857,,,,2.134642260052149,,,,0.8731086548750979,0.21256397286969464,0.2579623578090425,1.7096993486191603,-16.600435479245004,1.365560741279726,-21.986928567469562,-11.798477874557111,-10.937239212439197,1.380149244999245,-15.527347399079048,-6.555116407436024,3.8831013557140155,1.3417690568500267,1.3395926326056113,14.5061383140288,352,158.20188248002572,105.43613050813319,14,2.003481073105828,-7,2.436168737052979,13,3.121850732112158,0,2.0074759494396774,118.275,118.275,118.275,75.081,75.081,75.081,29.0,29.0,29.0,29.57,29.57,29.57,0.43310546875,0.43310546875,0.43310546875,43.194,125,123.60898138006573,120,388,367.6945478432232,341,311,284.57915480621847,263,343,323.8211079483249,304,272,244.16465951390416,214,442,395.43223122399826,375,381,360.1401357565142,336,59,56.27238887672432,55,3930,3431.771841471425,2948
Chau_Thanh,10.409187,105.288345,WS,T,2.64,7600,2022-03-27,20.9,80.8,28.64,32.65,25.38,1.54,10.409187,105.288345,25.006220070936045,7.27,0.7532338983974283,19.808064516129026,13.91,25.27,2.4664594179417985,77.2416129032258,64.47,87.54,6.190173324361764,28.511290322580646,26.71,30.32,1.0706788378301475,33.28322580645161,30.27,37.07,2.0413395145167734,24.850645161290327,23.23,25.84,0.6326132971783864,1.8222580645161288,0.83,2.83,0.5336345836680533,24.068291937317575,22.833586831955028,25.111718111232275,0.5746544128906169,8.43258064516129,4.460000000000001,12.3,1.9124110230062243,0.9017068965450331,0.4539761277216749,1.5336969985339284,0.30023088836592315,3430.182741116751,3430.182741116751,0.1933438224943851,81.93401015228426,81.93401015228426,62,152,486.63324873096445,486.63324873096445,429,528,42.34517766497462,42.34517766497462,37,45,0.31465350459484787,,,,,,0.3496619701312498,,,,0.26560563535686765,,,,0.8424461642333685,,,,1.5369306772286875,,,,0.6696527529291975,0.23356486862600911,0.18230066503041775,1.9341888752520835,-19.236235722005095,2.166709839995617,-24.953484476221522,-12.971511774703918,-12.01331896145751,1.940458153201423,-18.351400399636148,-6.247641386797836,5.789320024281666,2.6588975848395124,1.0680503601173275,20.941774043076474,353,159.71118195500608,107.25822174377934,6,0.16016282386107283,-8,1.906331937119809,10,2.5687143699302797,0,1.5900544681172473,120.248,120.248,120.248,108.929,108.929,108.929,29.59,29.59,29.59,30.43,30.43,30.43,0.31356557210286456,0.31356557210286456,0.31356557210286456,11.319,123,120.45584045584047,118,425,387.719640508549,366,342,318.3776852257783,269,366,344.0938185006577,310,202,182.54932047347657,171,406,394.8752740026305,360,446,422.5832967996493,404,61,58.48925909688733,56,3885,3544.67623849189,2691
Chau_Thanh,10.409367,105.355252,SA,T,2.42,5500,2022-07-15,15.33,91.48,26.9,29.78,24.82,2.56,10.409367,105.355252,25.389900624500665,4.960000000000001,0.30198941235292953,16.52774193548387,6.87,23.62,4.116383246270553,90.20838709677417,81.27,94.19,2.939362556278633,26.93903225806451,25.66,27.84,0.5452454601944365,29.701935483870965,26.96,31.63,1.1618989444560106,24.736451612903235,23.29,25.36,0.4316476190291425,2.3951612903225805,0.86,3.69,0.8050280338446323,25.18298593964303,24.130094953000818,25.85569627986475,0.4261595091244373,4.965483870967743,2.4399999999999977,8.34,1.3472477050535705,0.35037481175348073,0.1952996540418091,0.6932754681442975,0.11456699913657563,3970.4669211195924,3970.4669211195924,0.29541935871972874,238.61195928753176,238.61195928753176,227,254,467.94402035623403,467.94402035623403,392,541,34.38040712468193,34.38040712468193,23,47,0.4118644208996195,,,,,,0.4736380873650069,,,,0.34137444924159605,,,,1.1953239940747686,,,,1.9561257339822085,,,,0.8347086638439383,0.2449046786568385,0.15490240889322093,1.9097492767295385,-16.592200785447687,1.2166433233517355,-22.09945355809838,-12.964237943438626,-10.609440573360526,1.8000678271972512,-16.25066444105424,-4.944610262949754,4.328002825993153,2.1339852532509687,1.0945157821188094,24.822710108771293,355,170.91162861160768,107.08877702230596,15,2.0015610642901573,-13,3.2225841110164093,20,4.253172352695138,0,2.944502635044271,89.894,89.894,89.894,124.984,124.984,124.984,26.85,26.85,26.85,27.43,27.43,27.43,0.4099890391031901,0.4099890391031901,0.4099890391031901,0.0,123,121.13644327639074,120,385,369.48412524633244,348,309,298.1626888548282,277,326,311.6238230786075,291,199,190.08473834026717,180,397,378.6827238887674,364,443,431.2955988613971,415,58,56.881322531202116,55,3594,3338.601051018175,2969
Chau_Thanh,10.410742,105.220616,WS,T,2.53,7400,2022-03-27,20.9,80.8,28.64,32.65,25.38,1.54,10.410742,105.220616,25.006220070936045,7.27,0.7532338983974283,19.808064516129026,13.91,25.27,2.4664594179417985,77.2416129032258,64.47,87.54,6.190173324361764,28.511290322580646,26.71,30.32,1.0706788378301475,33.28322580645161,30.27,37.07,2.0413395145167734,24.850645161290327,23.23,25.84,0.6326132971783864,1.8222580645161288,0.83,2.83,0.5336345836680533,24.068291937317575,22.833586831955028,25.111718111232275,0.5746544128906169,8.43258064516129,4.460000000000001,12.3,1.9124110230062243,0.9017068965450331,0.4539761277216749,1.5336969985339284,0.30023088836592315,5027.093081761008,5027.093081761008,0.49049315109237873,139.12075471698114,139.12075471698114,118,213,536.1182389937107,536.1182389937107,362,614,40.744654088050325,40.744654088050325,26,51,0.31502312785075953,,,,,,0.3501333622119865,,,,0.26589372970623926,,,,0.8437879050312445,,,,1.5385245747828833,,,,0.7606034535950233,0.1831686210729285,0.23576368578382845,1.4997710568453322,-18.590711970878417,1.6323057812211272,-23.445598424287237,-11.052610035817516,-12.17770630188519,1.544267733363043,-16.27502317985276,-4.5350028122504735,4.58327948915752,1.4375637552402378,1.6670737388503358,15.966141272781073,353,157.91486418842376,107.76916006286001,11,1.6224049582422204,-7,2.0746475288132893,12,2.7095232763390156,0,1.7309743302169136,120.248,120.248,120.248,108.929,108.929,108.929,29.59,29.59,29.59,30.43,30.43,30.43,0.31356557210286456,0.31356557210286456,0.31356557210286456,11.319,127,125.32756354075372,123,402,373.7616648411829,355,324,304.1073384446879,268,352,331.91303395399785,299,244,228.32946330777662,220,411,392.6817086527931,371,396,378.90777656078876,358,55,54.58882803943046,54,3691,3444.8871851040535,3026
Chau_Thanh,10.410742,105.220616,SA,T,2.53,6000,2022-07-28,19.71,85.56,27.6,30.48,25.14,1.61,10.410742,105.220616,24.952783099635962,5.34,0.5332377150662087,16.537419354838708,6.73,23.62,4.019790531970007,88.99290322580647,79.44,92.59,3.064938239180294,26.921935483870964,24.86,28.35,0.7658030545893081,29.399032258064516,26.92,31.62,1.3220642579637436,24.908064516129027,23.04,26.05,0.5967623364122854,2.317096774193548,0.53,3.85,0.8077695038065729,24.93641694560688,23.013919027872713,25.86766694000002,0.5990055829836034,4.490967741935484,2.150000000000002,7.540000000000003,1.2804569618762993,0.39411504305396844,0.2532125702380937,0.7757972023291232,0.1251438164465532,3669.733333333334,3669.733333333334,0.31284278101051244,231.42138364779876,231.42138364779876,189,257,536.1182389937107,536.1182389937107,362,614,20.342138364779878,20.342138364779878,16,51,0.4643509232390779,,,,,,0.540575762829621,,,,0.38228384685236194,,,,1.3858511873731674,,,,2.182459186678026,,,,0.8015963526651636,0.21468943231950338,0.2590614115620838,1.7900791296401017,-18.130527430607668,2.2811273694302403,-25.029504280170347,-11.219982365147736,-11.972340177413791,2.0182599850912655,-18.00753307440824,-4.310302137710625,4.379163842756021,1.5666065303158614,1.2345380903939183,14.44035437729175,353,157.91486418842376,107.76916006286001,11,1.6224049582422204,-7,2.0746475288132893,12,2.7095232763390156,0,1.7309743302169136,114.47,114.47,114.47,270.522,270.522,270.522,29.09,29.09,29.09,29.63,29.63,29.63,0.4120362599690755,0.4120362599690755,0.4120362599690755,0.0,127,125.32756354075372,123,402,373.7616648411829,355,324,304.1073384446879,268,352,331.91303395399785,299,244,228.32946330777662,220,411,392.6817086527931,371,396,378.90777656078876,358,55,54.58882803943046,54,3691,3444.8871851040535,3026
Chau_Thanh,10.411649,105.370659,WS,T,1.43,7760,2022-03-25,24.32,79.93,28.43,34.02,24.91,1.94,10.411649,105.370659,24.62031587446449,9.110000000000003,0.7778342294886329,19.71870967741935,13.91,25.27,2.575182726915339,75.42774193548388,60.66,86.5,8.218526164738996,28.529999999999998,26.95,30.47,1.1802022789991715,33.77967741935483,30.27,38.48,2.4892847578409234,24.50258064516129,22.56,25.75,0.7616661182922754,1.8512903225806454,0.68,2.83,0.5464710359498973,23.643292183441684,21.12681833274576,24.806145378787576,0.938716642544211,9.277096774193547,5.43,14.7,2.488982423956382,0.9803993356202498,0.48813969021282255,1.6478924176167693,0.3918853776303495,2937.395437262357,2937.395437262357,0.14819416818391104,120.8656527249683,120.8656527249683,67,158,515.7122940430924,515.7122940430924,333,586,35.83016476552598,35.83016476552598,31,61,0.29210648598423544,,,,,,0.3209070532063099,,,,0.2480318800452006,,,,0.7605999755629296,,,,1.4397029264227377,,,,0.6045007416370028,0.2247862392242779,0.11306100508169659,1.6360040262862081,-18.04378647109877,2.801318678382772,-25.628488659529236,-10.028936265201729,-10.243117295788226,1.7014042182787,-19.86575092431758,-4.652144061684462,6.711229217843805,3.3520229820267167,1.4449817578262039,34.37913002904623,353,170.62534826280248,102.4848404130264,13,2.8176980075745104,-8,2.811905238709988,18,3.5895702288819353,0,2.1254177678848336,,,,,,,,,,,,,,,,,127,122.55650459921156,120,375,359.0619798510731,339,326,297.72558037669734,272,327,304.0326325010951,291,196,186.94459045116074,174,387,372.127682873412,356,461,440.87888742882166,426,61,56.68177836180464,55,3502,3133.844064826982,2851
Chau_Thanh,10.412311,105.176834,WS,T,1.54,8000,2022-03-26,25.27,72.53,29.39,34.49,24.94,1.18,10.412311,105.176834,23.923026939473232,9.55,1.125403854694864,19.84290322580645,13.91,25.27,2.4594507563463877,76.60451612903225,62.87,87.54,6.606202285491766,28.56322580645161,26.71,30.32,1.0797472437111237,33.41935483870967,30.27,37.07,2.101064147404559,24.80225806451613,23.19,25.84,0.6971264044097641,1.813225806451613,0.83,2.83,0.5335963624723322,23.97198683297999,21.693268342351598,25.111718111232275,0.7006368136219876,8.617096774193548,4.460000000000001,13.179999999999996,2.0784100522932105,0.9300802971562399,0.4539761277216749,1.5336969985339284,0.3165876155033612,4491.560453400503,4491.560453400503,0.36686154141860117,79.01133501259446,79.01133501259446,63,169,448.7178841309823,448.7178841309823,408,480,46.49244332493702,46.49244332493702,41,67,0.30060782087020405,,,,,,0.33174907106325446,,,,0.2546580500807472,,,,0.7914600139140786,,,,1.4763625701692433,,,,0.9121530577265465,0.21634568751981534,0.30942346642839047,1.7596231469303227,-16.620114247644686,1.378546810668339,-21.86040829954419,-7.837642745174953,-11.21054987128442,1.817214801950079,-15.325075227586854,-2.3398043995696254,3.649852439186135,1.1750238623043863,1.2732140157271932,11.927267754353451,352,161.15351885394364,104.75124621063317,12,1.6666655689115761,-11,2.5764416938269217,14,3.1282364564465666,0,2.031636819039199,,,,,,,,,,,,,,,,,122,120.24403066812705,118,412,373.00372398685647,352,333,302.3509309967141,286,350,320.97415115005475,297,225,211.47360350492878,198,431,421.6140197152245,411,387,367.02081051478655,353,59,55.333625410733845,54,3864,3514.3572836801745,3167
Chau_Thanh,10.412311,105.176834,SA,T,1.54,6500,2022-07-20,6.87,92.59,26.64,28.64,25.02,2.61,10.412311,105.176834,25.335976457808076,3.620000000000001,0.25866298156386003,17.079032258064515,6.87,23.62,3.6662738004143356,89.25548387096772,79.44,93.35,3.1503782043407136,27.100322580645162,25.9,28.35,0.5991686922296418,29.538064516129033,26.92,31.62,1.1493796906405753,25.172903225806444,24.08,26.12,0.47685930533687654,2.3409677419354837,0.53,3.86,0.8526442923529118,25.16140586009696,24.07069434896019,25.902008550533132,0.4437840992158635,4.365161290322582,1.9899999999999984,7.540000000000003,1.2650841383920832,0.38848028766838494,0.22659304192761506,0.7757972023291232,0.12688979579822315,6344.605793450882,6344.605793450882,0.6248913562735571,267.7594458438287,267.7594458438287,243,322,448.7178841309823,448.7178841309823,408,480,38.759445843828715,38.759445843828715,30,54,0.42110500229741143,,,,,,0.4854228893834249,,,,0.34857680797588586,,,,1.2288675140216698,,,,1.995973172837106,,,,0.8630589471909599,0.21305345536859827,0.23439478082134996,2.476798001259025,-16.84504206575696,1.4277411220084215,-20.834377188500905,-6.803521987301052,-11.120199397746964,1.7895957742496602,-15.686119272002326,0.495975041380372,3.925940487053302,1.2708363850813067,0.6149883833751033,16.065226392769826,352,161.15351885394364,104.75124621063317,12,1.6666655689115761,-11,2.5764416938269217,14,3.1282364564465666,0,2.031636819039199,,,,,,,,,,,,,,,,,122,120.24403066812705,118,412,373.00372398685647,352,333,302.3509309967141,286,350,320.97415115005475,297,225,211.47360350492878,198,431,421.6140197152245,411,387,367.02081051478655,353,59,55.333625410733845,54,3864,3514.3572836801745,3167
Chau_Thanh,10.412537,105.321768,WS,T,3.08,7000,2022-03-25,24.32,79.93,28.43,34.02,24.91,1.94,10.412537,105.321768,24.62031587446449,9.110000000000003,0.7778342294886329,19.71870967741935,13.91,25.27,2.575182726915339,75.42774193548388,60.66,86.5,8.218526164738996,28.529999999999998,26.95,30.47,1.1802022789991715,33.77967741935483,30.27,38.48,2.4892847578409234,24.50258064516129,22.56,25.75,0.7616661182922754,1.8512903225806454,0.68,2.83,0.5464710359498973,23.643292183441684,21.12681833274576,24.806145378787576,0.938716642544211,9.277096774193547,5.43,14.7,2.488982423956382,0.9803993356202498,0.48813969021282255,1.6478924176167693,0.3918853776303495,4338.116603295311,4338.116603295311,0.33088887838248043,130.19011406844106,130.19011406844106,80,230,434.4740177439798,434.4740177439798,366,509,49.39923954372624,49.39923954372624,43,60,0.2958027185433522,,,,,,0.3256209740136771,,,,0.25091282353891653,,,,0.77401738354169,,,,1.4556419019646967,,,,0.7436718302745338,0.2311224138545407,0.08110705209212676,2.108159077098732,-16.982509268876793,2.8775356897675173,-26.978085745379687,-4.304521355036159,-10.335381359665474,2.4290301299764425,-18.381848640294564,-1.2662742277590049,5.1652330551989865,3.480461062386846,0.8973900231024486,48.317536475823765,352,165.41534955258174,107.9935470271359,13,1.3776985880888306,-7,2.8490950506500514,13,3.4448228277086312,0,2.0347770418925397,,,,,,,,,,,,,,,,,125,123.60994305738068,122,410,372.77792378449413,342,339,310.14016644765655,293,350,324.391809023215,290,219,206.9237844940867,195,411,391.8812965396408,366,430,401.18199737187905,371,58,55.32982917214193,55,3690,3312.376697328077,2707
Chau_Thanh,10.412925,105.251545,SA,T,2.2,5500,2022-07-28,19.71,85.56,27.6,30.48,25.14,1.61,10.412925,105.251545,24.952783099635962,5.34,0.5332377150662087,16.537419354838708,6.73,23.62,4.019790531970007,88.99290322580647,79.44,92.59,3.064938239180294,26.921935483870964,24.86,28.35,0.7658030545893081,29.399032258064516,26.92,31.62,1.3220642579637436,24.908064516129027,23.04,26.05,0.5967623364122854,2.317096774193548,0.53,3.85,0.8077695038065729,24.93641694560688,23.013919027872713,25.86766694000002,0.5990055829836034,4.490967741935484,2.150000000000002,7.540000000000003,1.2804569618762993,0.39411504305396844,0.2532125702380937,0.7757972023291232,0.1251438164465532,3383.323270440251,3383.323270440251,0.24627071225355984,229.22138364779875,229.22138364779875,191,307,459.2754716981132,459.2754716981132,157,562,23.78616352201258,23.78616352201258,5,33,0.4639812999831663,,,,,,0.5401043707488843,,,,0.38199575250299034,,,,1.3845094465752912,,,,2.18086528912383,,,,0.51212339765898,0.19794956073677078,0.1085695342272731,1.6006225603899056,-20.210314368682912,2.164266814286317,-26.869441690864583,-12.24905621547534,-11.564425735461212,1.848974640815739,-17.512971191235792,-5.0807316313721795,8.102440589454996,3.9606402631392914,1.4990276277410552,35.842748091988994,354,160.3731488281264,103.28464218085387,9,1.0720742675171824,-8,2.1334084375591296,10,2.6428823120671563,0,1.5772888098205105,,,,,,,,,,,,,,,,,127,125.32202276707528,124,390,374.93102693234067,350,303,289.2861834902561,275,346,332.22421721042264,307,245,213.4944164659514,195,399,368.79527041821757,348,446,417.7304576308299,359,56,55.07094372673527,55,3691,3455.5224436172543,3004
Chau_Thanh,10.413742,105.22261,WS,T,1.65,6800,2022-03-27,20.9,80.8,28.64,32.65,25.38,1.54,10.413742,105.22261,25.006220070936045,7.27,0.7532338983974283,19.808064516129026,13.91,25.27,2.4664594179417985,77.2416129032258,64.47,87.54,6.190173324361764,28.511290322580646,26.71,30.32,1.0706788378301475,33.28322580645161,30.27,37.07,2.0413395145167734,24.850645161290327,23.23,25.84,0.6326132971783864,1.8222580645161288,0.83,2.83,0.5336345836680533,24.068291937317575,22.833586831955028,25.111718111232275,0.5746544128906169,8.43258064516129,4.460000000000001,12.3,1.9124110230062243,0.9017068965450331,0.4539761277216749,1.5336969985339284,0.30023088836592315,4579.848020434227,4579.848020434227,0.43458456259054273,159.45721583652616,159.45721583652616,137,213,569.5862068965517,569.5862068965517,485,614,32.85057471264367,32.85057471264367,26,45,0.31539275110667125,,,,,,0.3506047542927232,,,,0.2661818240556108,,,,0.8451296458291205,,,,1.5401184723370793,,,,0.7298792333147814,0.17892215882849416,0.1141600343947518,1.6933273876564798,-17.947211644857973,2.272035790573972,-23.968318039510386,-7.431789110281017,-11.305672726535041,2.2747045554106435,-16.929029642246114,5.413608549142538,4.849931351230605,1.7429776053542079,1.362213018674371,34.038531840034985,353,162.48955153096017,105.8682184311981,9,1.4362404613464286,-7,2.203759752483313,12,2.9494554280990535,0,1.7268314665059987,120.248,120.248,120.248,108.929,108.929,108.929,29.59,29.59,29.59,30.43,30.43,30.43,0.31356557210286456,0.31356557210286456,0.31356557210286456,11.319,127,125.68192771084337,123,391,369.0575744308231,352,324,298.04640980735553,268,352,337.85179509632223,311,244,228.82640105078812,221,411,384.5834063047285,371,396,386.51291593695277,361,55,54.39798598949212,54,3691,3452.038528896673,3033
Chau_Thanh,10.413742,105.22261,SA,T,1.65,6000,2022-07-28,19.71,85.56,27.6,30.48,25.14,1.61,10.413742,105.22261,24.952783099635962,5.34,0.5332377150662087,16.537419354838708,6.73,23.62,4.019790531970007,88.99290322580647,79.44,92.59,3.064938239180294,26.921935483870964,24.86,28.35,0.7658030545893081,29.399032258064516,26.92,31.62,1.3220642579637436,24.908064516129027,23.04,26.05,0.5967623364122854,2.317096774193548,0.53,3.85,0.8077695038065729,24.93641694560688,23.013919027872713,25.86766694000002,0.5990055829836034,4.490967741935484,2.150000000000002,7.540000000000003,1.2804569618762993,0.39411504305396844,0.2532125702380937,0.7757972023291232,0.1251438164465532,4035.98595146871,4035.98595146871,0.36126171255512846,213.65134099616859,213.65134099616859,189,252,569.5862068965517,569.5862068965517,485,614,29.32950191570881,29.32950191570881,16,51,0.46361167672725456,,,,,,0.5396329786681476,,,,0.3817076581536188,,,,1.383167705777415,,,,2.1792713915696345,,,,0.7181775086168697,0.185735429789476,0.1512719053920079,1.511329812752549,-17.74634630400251,2.6242222990309227,-26.291370358360037,-7.542649591487458,-11.004613097741274,2.4177468858615065,-18.00753307440824,-2.0953992428064327,4.987490377745472,1.8194832380685404,1.6466757727189243,25.44245135694133,353,162.48955153096017,105.8682184311981,9,1.4362404613464286,-7,2.203759752483313,12,2.9494554280990535,0,1.7268314665059987,114.47,114.47,114.47,270.522,270.522,270.522,29.09,29.09,29.09,29.63,29.63,29.63,0.4120362599690755,0.4120362599690755,0.4120362599690755,0.0,127,125.68192771084337,123,391,369.0575744308231,352,324,298.04640980735553,268,352,337.85179509632223,311,244,228.82640105078812,221,411,384.5834063047285,371,396,386.51291593695277,361,55,54.39798598949212,54,3691,3452.038528896673,3033
Chau_Thanh,10.413908,105.234515,WS,T,1.65,7500,2022-03-27,20.9,80.8,28.64,32.65,25.38,1.54,10.413908,105.234515,25.006220070936045,7.27,0.7532338983974283,19.808064516129026,13.91,25.27,2.4664594179417985,77.2416129032258,64.47,87.54,6.190173324361764,28.511290322580646,26.71,30.32,1.0706788378301475,33.28322580645161,30.27,37.07,2.0413395145167734,24.850645161290327,23.23,25.84,0.6326132971783864,1.8222580645161288,0.83,2.83,0.5336345836680533,24.068291937317575,22.833586831955028,25.111718111232275,0.5746544128906169,8.43258064516129,4.460000000000001,12.3,1.9124110230062243,0.9017068965450331,0.4539761277216749,1.5336969985339284,0.30023088836592315,4239.893670886076,4239.893670886076,0.37245745801147545,134.33797468354433,134.33797468354433,87,191,496.65443037974677,496.65443037974677,440,594,28.218987341772156,28.218987341772156,26,38,0.3157623743625829,,,,,,0.35107614637345996,,,,0.2664699184049824,,,,0.8464713866269966,,,,1.5417123698912751,,,,0.8418438073856707,0.21037280369628134,0.3138579160172382,1.749097634143575,-18.852793927272163,2.0018939530098905,-25.47802663064914,-13.181105840907058,-12.981534808644033,1.640600876632264,-19.106181341712386,-7.7232377350255685,4.0744428061329385,1.3702152852640452,1.2868934940607548,11.744620402629277,349,164.09864447415737,103.7009293171698,7,1.416379599928865,-11,2.096328480104647,15,2.8882053443812867,0,1.774753663721651,120.248,120.248,120.248,108.929,108.929,108.929,29.59,29.59,29.59,30.43,30.43,30.43,0.31356557210286456,0.31356557210286456,0.31356557210286456,11.319,127,125.75849222003072,124,382,365.53857957036394,354,308,297.7645769399386,285,355,335.98597106532225,320,250,236.26413853572996,224,388,380.1466462078036,365,399,383.5271810609382,366,57,55.16001753616833,54,3934,3498.9892590968875,3253
Chau_Thanh,10.413908,105.234515,SA,T,1.65,5500,2022-07-28,19.71,85.56,27.6,30.48,25.14,1.61,10.413908,105.234515,24.952783099635962,5.34,0.5332377150662087,16.537419354838708,6.73,23.62,4.019790531970007,88.99290322580647,79.44,92.59,3.064938239180294,26.921935483870964,24.86,28.35,0.7658030545893081,29.399032258064516,26.92,31.62,1.3220642579637436,24.908064516129027,23.04,26.05,0.5967623364122854,2.317096774193548,0.53,3.85,0.8077695038065729,24.93641694560688,23.013919027872713,25.86766694000002,0.5990055829836034,4.490967741935484,2.150000000000002,7.540000000000003,1.2804569618762993,0.39411504305396844,0.2532125702380937,0.7757972023291232,0.1251438164465532,3211.1822784810124,3211.1822784810124,0.24119525464588842,196.68101265822784,196.68101265822784,188,217,496.65443037974677,496.65443037974677,440,594,27.562025316455696,27.562025316455696,16,32,0.4632420534713429,,,,,,0.5391615865874109,,,,0.3814195638042472,,,,1.381825964979539,,,,2.1776774940154384,,,,0.6784255354808465,0.20528708487160816,0.1902950458392583,1.5893426147522003,-18.7640410329689,2.4258982287107975,-27.391993732425938,-12.262255523060531,-11.667609482882083,2.090752702541646,-19.570188768417776,-6.6352788331725,5.510624609032679,2.2427948532347113,1.5167638260449292,20.019990207095507,349,164.09864447415737,103.7009293171698,7,1.416379599928865,-11,2.096328480104647,15,2.8882053443812867,0,1.774753663721651,114.47,114.47,114.47,270.522,270.522,270.522,29.09,29.09,29.09,29.63,29.63,29.63,0.4120362599690755,0.4120362599690755,0.4120362599690755,0.0,127,125.75849222003072,124,382,365.53857957036394,354,308,297.7645769399386,285,355,335.98597106532225,320,250,236.26413853572996,224,388,380.1466462078036,365,399,383.5271810609382,366,57,55.16001753616833,54,3934,3498.9892590968875,3253
Chau_Thanh,10.414226,105.195214,WS,T,1.87,6400,2022-03-26,25.27,72.53,29.39,34.49,24.94,1.18,10.414226,105.195214,23.923026939473232,9.55,1.125403854694864,19.84290322580645,13.91,25.27,2.4594507563463877,76.60451612903225,62.87,87.54,6.606202285491766,28.56322580645161,26.71,30.32,1.0797472437111237,33.41935483870967,30.27,37.07,2.101064147404559,24.80225806451613,23.19,25.84,0.6971264044097641,1.813225806451613,0.83,2.83,0.5335963624723322,23.97198683297999,21.693268342351598,25.111718111232275,0.7006368136219876,8.617096774193548,4.460000000000001,13.179999999999996,2.0784100522932105,0.9300802971562399,0.4539761277216749,1.5336969985339284,0.3165876155033612,4906.2294043092525,4906.2294043092525,0.42396101306630773,127.25221799746517,127.25221799746517,62,185,420.6273764258556,420.6273764258556,318,501,41.59315589353612,41.59315589353612,35,52,0.3002381976142924,,,,,,0.33127767898251775,,,,0.2543699557313756,,,,0.7901182731162026,,,,1.4747686726150475,,,,0.7883580509750926,0.1884538481726243,0.19909000761849788,1.7758757017250983,-17.519943686139914,1.8894895340436264,-26.144000335457307,-10.359601890600857,-11.299144721955248,1.6538379336960691,-19.062036596489907,-1.669176553537284,4.396557509081103,1.4671988116667263,1.2524098933919596,19.091415173708352,350,163.12916228935387,105.97108080569745,10,1.4017928595187201,-7,2.0858001605441507,11,2.811670711907499,0,1.7371025405370664,133.14,133.14,133.14,1.215,1.215,1.215,30.08,30.08,30.08,30.43,30.43,30.43,0.3249613444010417,0.3249613444010417,0.3249613444010417,131.925,125,122.76155025180643,119,385,365.092641261498,348,329,307.5521243977223,294,353,337.59505037231713,317,239,229.90889180902317,206,439,400.8808585194919,390,382,369.2264564169952,342,55,54.71134472185721,54,4025,3620.8232588699084,3201
Chau_Thanh,10.414613,105.125615,SA,T,3.85,6000,2022-07-26,19.02,87.93,27.42,30.68,24.93,1.28,10.414613,105.125615,25.235711886270494,5.75,0.44105463235345804,16.532903225806454,6.87,23.62,3.760259251141608,89.21548387096774,79.44,93.35,3.1609664086852662,26.880322580645164,24.86,28.35,0.7741904569830754,29.289677419354838,26.92,31.62,1.3309891637448608,24.925806451612896,23.04,26.05,0.6015022816225108,2.3929032258064518,0.53,3.86,0.8792929474350111,24.936733557971582,23.013919027872713,25.86766694000002,0.5986562062215893,4.363870967741936,1.9899999999999984,7.540000000000003,1.3003068556439086,0.3854751880176685,0.22659304192761506,0.7757972023291232,0.128613393524389,4715.355974842768,4715.355974842768,0.4740544807025466,227.011320754717,227.011320754717,205,264,460.6641509433963,460.6641509433963,334,568,45.54842767295598,45.54842767295598,33,65,0.45289260230581585,,,,,,0.5259626083267828,,,,0.37335292202184267,,,,1.3442572226390097,,,,2.133048362497953,,,,0.8462035058079483,0.2840727777392401,0.25929212025234316,1.7695262380085195,-16.222275020946356,1.338073635402608,-21.45875322816167,-11.849951245829214,-10.255345303058123,2.365687418258679,-15.904671485540716,-4.568520433216181,4.399924067441906,2.186281553568711,1.26049205379499,14.426616112002165,354,170.6954789160992,104.95314909733698,17,2.0466928376651605,-6,2.430664045871746,19,3.261931735848559,0,2.1338289576415153,118.275,118.275,118.275,75.081,75.081,75.081,29.0,29.0,29.0,29.57,29.57,29.57,0.43310546875,0.43310546875,0.43310546875,43.194,125,120.4997807978957,119,408,373.7088080631026,352,321,305.24693251533745,278,339,319.0652936021035,304,272,230.5028483786153,215,438,403.43120070113946,370,378,365.97787028922005,340,60,57.93339176161263,55,3736,3328.8580192813333,2809
Chau_Thanh,10.415137,105.316832,SA,T,2.42,6400,2022-07-17,17.45,92.4,26.84,29.26,24.93,2.67,10.415137,105.316832,25.499338377702127,4.330000000000002,0.26843273583585586,16.560322580645156,6.87,23.62,4.105374513481289,90.14193548387094,81.27,94.19,2.9056079474397034,26.94548387096774,25.66,27.84,0.5458691720235358,29.73451612903226,26.96,31.63,1.1432095134643248,24.722580645161294,23.29,25.41,0.430206010230324,2.329032258064516,0.86,3.69,0.7918388351772735,25.17714328291257,24.130094953000818,25.85569627986475,0.42591762844237013,5.0119354838709675,2.4399999999999977,8.34,1.313206907891686,0.3528348132586993,0.1952996540418091,0.6932754681442975,0.11336075059812277,2091.8377358490566,2091.8377358490566,0.05827283054237566,253.62264150943395,253.62264150943395,233,272,492.0855345911949,492.0855345911949,459,594,29.179874213836477,29.179874213836477,25,35,0.41260366741144283,,,,,,0.4745808715264803,,,,0.34195063794033925,,,,1.1980074756705208,,,,1.9593135290906003,,,,0.8311776411913243,0.2607218366137876,0.17023578032574152,2.286351730448899,-17.624737306212758,1.426720204879818,-23.58790692753775,-13.11178589257603,-11.612902406016449,1.6064327212066778,-17.266904750744626,-6.711435919088096,4.331248527127665,1.8447020769517497,0.7495120924437317,22.49682300833649,352,158.928686229951,106.3656305243762,11,0.542732931528505,-6,2.240584988673276,13,2.8959786582353537,0,1.8508654174719312,90.862,90.862,90.862,132.179,132.179,132.179,27.16,27.16,27.16,27.87,27.87,27.87,0.41489601135253906,0.41489601135253906,0.41489601135253906,0.0,125,123.2611744084137,123,410,379.3039000876425,362,339,307.6535933391762,293,350,326.51161262050834,315,210,201.0878615249781,190,429,387.1450482033304,366,430,411.82120946538146,380,58,55.689526730937786,55,3748,3431.346625766872,3216
Chau_Thanh,10.415236,105.156765,WS,T,1.54,8000,2022-03-27,20.9,80.8,28.64,32.65,25.38,1.54,10.415236,105.156765,25.006220070936045,7.27,0.7532338983974283,19.808064516129026,13.91,25.27,2.4664594179417985,77.2416129032258,64.47,87.54,6.190173324361764,28.511290322580646,26.71,30.32,1.0706788378301475,33.28322580645161,30.27,37.07,2.0413395145167734,24.850645161290327,23.23,25.84,0.6326132971783864,1.8222580645161288,0.83,2.83,0.5336345836680533,24.068291937317575,22.833586831955028,25.111718111232275,0.5746544128906169,8.43258064516129,4.460000000000001,12.3,1.9124110230062243,0.9017068965450331,0.4539761277216749,1.5336969985339284,0.30023088836592315,4786.037735849056,4786.037735849056,0.4220533999652433,144.00422832980973,144.00422832980973,66,205,251.0021141649049,251.0021141649049,219,458,26.30866807610994,26.30866807610994,25,36,0.3161319976184946,,,,,,0.3515475384541967,,,,0.266758012754354,,,,0.8478131274248726,,,,1.543306267445471,,,,0.7733680123945545,0.22574554239126873,0.16694989844280292,1.6856629443931535,-18.250756620816325,2.2559401713376546,-24.583127111510763,-12.625089050977948,-11.865344908737644,1.871685236014683,-18.10548487032279,-3.0046435208216744,4.674226256045904,1.8914017643491214,1.3729536283067663,22.959283816937457,352,168.87521283638034,105.62072876352924,9,1.5474530442600876,-11,2.692111665840624,13,3.4875920918728642,0,2.0899290601556624,121.492,121.492,121.492,139.898,139.898,139.898,29.5,29.5,29.5,30.32,30.32,30.32,0.3665332794189453,0.3665332794189453,0.3665332794189453,0.0,122,121.00744308231175,118,407,375.7076215505914,352,315,299.8694699956199,283,338,318.06679807271144,301,226,205.60337275514678,195,446,432.1901007446343,401,384,362.26587823039864,349,60,58.19338589575121,55,3594,3335.5497152869034,3131
Chau_Thanh,10.415236,105.156765,SA,T,1.54,6000,2022-07-26,19.02,87.93,27.42,30.68,24.93,1.28,10.415236,105.156765,25.235711886270494,5.75,0.44105463235345804,16.532903225806454,6.87,23.62,3.760259251141608,89.21548387096774,79.44,93.35,3.1609664086852662,26.880322580645164,24.86,28.35,0.7741904569830754,29.289677419354838,26.92,31.62,1.3309891637448608,24.925806451612896,23.04,26.05,0.6015022816225108,2.3929032258064518,0.53,3.86,0.8792929474350111,24.936733557971582,23.013919027872713,25.86766694000002,0.5986562062215893,4.363870967741936,1.9899999999999984,7.540000000000003,1.3003068556439086,0.3854751880176685,0.22659304192761506,0.7757972023291232,0.128613393524389,3442.6855345911945,3442.6855345911945,0.23800116011936887,241.05496828752644,241.05496828752644,205,267,251.0021141649049,251.0021141649049,219,458,21.957716701902747,21.957716701902747,16,44,0.4525229790499042,,,,,,0.525491216246046,,,,0.37306482767247107,,,,1.3429154818411337,,,,2.1314544649437575,,,,0.7157855892080357,0.21253725852268704,0.21170028702161056,1.5570441814696783,-19.50906264534255,2.6312473426891207,-25.566268930334154,-12.21832762899559,-12.707445636830826,2.526623968822631,-19.474557369645588,-5.962293318664685,5.125875557404812,1.9731816599409828,1.5689701343120785,17.894636640675298,352,168.87521283638034,105.62072876352924,9,1.5474530442600876,-11,2.692111665840624,13,3.4875920918728642,0,2.0899290601556624,118.275,118.275,118.275,75.081,75.081,75.081,29.0,29.0,29.0,29.57,29.57,29.57,0.43310546875,0.43310546875,0.43310546875,43.194,122,121.00744308231175,118,407,375.7076215505914,352,315,299.8694699956199,283,338,318.06679807271144,301,226,205.60337275514678,195,446,432.1901007446343,401,384,362.26587823039864,349,60,58.19338589575121,55,3594,3335.5497152869034,3131
Chau_Thanh,10.41636,105.142144,WS,T,1.43,7000,2022-03-27,20.9,80.8,28.64,32.65,25.38,1.54,10.41636,105.142144,25.006220070936045,7.27,0.7532338983974283,19.808064516129026,13.91,25.27,2.4664594179417985,77.2416129032258,64.47,87.54,6.190173324361764,28.511290322580646,26.71,30.32,1.0706788378301475,33.28322580645161,30.27,37.07,2.0413395145167734,24.850645161290327,23.23,25.84,0.6326132971783864,1.8222580645161288,0.83,2.83,0.5336345836680533,24.068291937317575,22.833586831955028,25.111718111232275,0.5746544128906169,8.43258064516129,4.460000000000001,12.3,1.9124110230062243,0.9017068965450331,0.4539761277216749,1.5336969985339284,0.30023088836592315,4612.906918238995,4612.906918238995,0.35781668387923626,111.56603773584906,111.56603773584906,59,190,485.4754716981132,485.4754716981132,422,547,32.22767295597485,32.22767295597485,23,39,0.30984840226799604,,,,,,0.34353387308167244,,,,0.26186040881503697,,,,0.8250035338609798,,,,1.5162100090241408,,,,0.8691779161689651,0.2501044502588442,0.23943244391154916,1.9222972005748107,-17.79291068234673,2.2517406180803987,-25.639999762993195,-9.933158186160318,-12.054795514471001,2.0935666369808956,-17.611020099068636,0.07896883214085326,4.029654400388136,1.5965408926968978,1.0808436899371794,15.706173710851296,350,162.67110597363433,105.01401547751624,10,1.8962229664977241,-8,2.2989940234324844,13,3.1460755933621187,0,1.852217556482826,121.492,121.492,121.492,139.898,139.898,139.898,29.5,29.5,29.5,30.32,30.32,30.32,0.3665332794189453,0.3665332794189453,0.3665332794189453,0.0,123,121.13562664329535,120,373,361.7077125328659,346,309,294.4943032427695,273,330,314.20815074496056,297,242,230.85582822085894,212,445,407.7449605609115,388,375,361.34180543382996,338,60,56.45683610867662,55,3711,3483.601446099913,2999
Chau_Thanh,10.417011,105.261676,WS,T,1.54,7900,2022-03-27,20.9,80.8,28.64,32.65,25.38,1.54,10.417011,105.261676,25.006220070936045,7.27,0.7532338983974283,19.808064516129026,13.91,25.27,2.4664594179417985,77.2416129032258,64.47,87.54,6.190173324361764,28.511290322580646,26.71,30.32,1.0706788378301475,33.28322580645161,30.27,37.07,2.0413395145167734,24.850645161290327,23.23,25.84,0.6326132971783864,1.8222580645161288,0.83,2.83,0.5336345836680533,24.068291937317575,22.833586831955028,25.111718111232275,0.5746544128906169,8.43258064516129,4.460000000000001,12.3,1.9124110230062243,0.9017068965450331,0.4539761277216749,1.5336969985339284,0.30023088836592315,3674.620253164558,3674.620253164558,0.29670132217074585,112.2746835443038,112.2746835443038,65,174,457.01012658227853,457.01012658227853,400,552,28.265822784810126,28.265822784810126,23,40,0.316871244130318,,,,,,0.3524903226156701,,,,0.26733420145309716,,,,0.8504966090206247,,,,1.5464940625538628,,,,0.7862647337409592,0.21717894828740097,0.24791978892109473,1.723943662471779,-19.57464391751912,2.1748150095572383,-25.139032119691848,-13.548951255544951,-13.305710973162936,2.1734657367996704,-19.308263742348014,-5.614695154405336,4.4943237108792085,1.585334791530372,1.3202614372356152,15.134250587286024,352,158.93636809743225,106.30485423172786,10,0.9132385051887617,-5,1.9193984808391304,9,2.6592180794830695,0,1.5901745076976765,120.248,120.248,120.248,108.929,108.929,108.929,29.59,29.59,29.59,30.43,30.43,30.43,0.31356557210286456,0.31356557210286456,0.31356557210286456,11.319,125,124.39623467600701,123,405,376.4002627545435,363,298,283.93540617473184,276,352,335.1399167943946,316,209,199.4357346179112,187,389,368.61681629078174,348,446,431.8344646376177,404,58,55.29100065688636,55,3633,3448.4681410116054,3281
Chau_Thanh,10.417011,105.261676,SA,T,1.54,6400,2022-07-28,19.71,85.56,27.6,30.48,25.14,1.61,10.417011,105.261676,24.952783099635962,5.34,0.5332377150662087,16.537419354838708,6.73,23.62,4.019790531970007,88.99290322580647,79.44,92.59,3.064938239180294,26.921935483870964,24.86,28.35,0.7658030545893081,29.399032258064516,26.92,31.62,1.3220642579637436,24.908064516129027,23.04,26.05,0.5967623364122854,2.317096774193548,0.53,3.85,0.8077695038065729,24.93641694560688,23.013919027872713,25.86766694000002,0.5990055829836034,4.490967741935484,2.150000000000002,7.540000000000003,1.2804569618762993,0.39411504305396844,0.2532125702380937,0.7757972023291232,0.1251438164465532,2103.6050632911392,2103.6050632911392,0.0939633307713971,233.71518987341776,233.71518987341776,189,289,457.01012658227853,457.01012658227853,400,552,14.700000000000001,14.700000000000001,9,25,0.46287243021543123,,,,,,0.5386901945066742,,,,0.38113146945487564,,,,1.380484224181663,,,,2.1760835964612424,,,,0.5226210420617765,0.1942919336485855,0.09932206358737568,1.4628513866780124,-20.393205128685757,1.8373239554627248,-25.359235667759663,-13.233138602256952,-11.857950791895904,1.715942883866678,-17.84935741884875,-6.716027457980513,7.909873151678052,3.9276545153272155,1.7343857595019245,39.27302550435954,352,158.93636809743225,106.30485423172786,10,0.9132385051887617,-5,1.9193984808391304,9,2.6592180794830695,0,1.5901745076976765,114.47,114.47,114.47,270.522,270.522,270.522,29.09,29.09,29.09,29.63,29.63,29.63,0.4120362599690755,0.4120362599690755,0.4120362599690755,0.0,125,124.39623467600701,123,405,376.4002627545435,363,298,283.93540617473184,276,352,335.1399167943946,316,209,199.4357346179112,187,389,368.61681629078174,348,446,431.8344646376177,404,58,55.29100065688636,55,3633,3448.4681410116054,3281
Chau_Thanh,10.417324,105.208881,WS,T,3.3,7500,2022-03-26,25.27,72.53,29.39,34.49,24.94,1.18,10.417324,105.208881,23.923026939473232,9.55,1.125403854694864,19.84290322580645,13.91,25.27,2.4594507563463877,76.60451612903225,62.87,87.54,6.606202285491766,28.56322580645161,26.71,30.32,1.0797472437111237,33.41935483870967,30.27,37.07,2.101064147404559,24.80225806451613,23.19,25.84,0.6971264044097641,1.813225806451613,0.83,2.83,0.5335963624723322,23.97198683297999,21.693268342351598,25.111718111232275,0.7006368136219876,8.617096774193548,4.460000000000001,13.179999999999996,2.0784100522932105,0.9300802971562399,0.4539761277216749,1.5336969985339284,0.3165876155033612,4102.676767676767,4102.676767676767,0.3523860175368824,150.67929292929293,150.67929292929293,87,197,471.29671717171715,471.29671717171715,318,602,44.12878787878788,44.12878787878788,30,51,0.2998685743583807,,,,,,0.33080628690178104,,,,0.254081861382004,,,,0.7887765323183266,,,,1.4731747750608515,,,,0.7738426278929492,0.1809656328252069,0.2333836041563844,1.743245980510849,-17.399458530973227,1.585190966057688,-23.317514845047228,-11.258034127959814,-11.085067050592711,1.5633437047434366,-16.30339336005546,-4.490199862772727,4.4740084118744035,1.4023781821102086,1.2945700404413503,16.139164571816718,352,165.67046405164191,105.87924314947084,10,1.8836511543655108,-6,2.3414740169820236,13,3.0009287619800404,0,1.8230769114088903,129.251,129.251,129.251,1.924,1.924,1.924,30.1,30.1,30.1,30.54,30.54,30.54,0.2856394449869792,0.2856394449869792,0.2856394449869792,127.327,125,123.01380368098164,121,392,360.48641542506573,347,318,296.6329973707275,267,343,318.49276950043827,296,235,208.89658194566178,193,440,419.66126205083265,372,408,371.26183172655567,353,55,54.83063102541631,54,3810,3301.5438212094664,2936
Chau_Thanh,10.417324,105.208881,SA,T,3.3,5500,2022-07-20,6.87,92.59,26.64,28.64,25.02,2.61,10.417324,105.208881,25.335976457808076,3.620000000000001,0.25866298156386003,17.079032258064515,6.87,23.62,3.6662738004143356,89.25548387096772,79.44,93.35,3.1503782043407136,27.100322580645162,25.9,28.35,0.5991686922296418,29.538064516129033,26.92,31.62,1.1493796906405753,25.172903225806444,24.08,26.12,0.47685930533687654,2.3409677419354837,0.53,3.86,0.8526442923529118,25.16140586009696,24.07069434896019,25.902008550533132,0.4437840992158635,4.365161290322582,1.9899999999999984,7.540000000000003,1.2650841383920832,0.38848028766838494,0.22659304192761506,0.7757972023291232,0.12688979579822315,4060.7853535353534,4060.7853535353534,0.3468941562636774,268.8901515151515,268.8901515151515,252,324,471.29671717171715,471.29671717171715,318,602,39.91161616161616,39.91161616161616,13,41,0.42147462555332316,,,,,,0.4858942814641616,,,,0.3488649023252574,,,,1.2302092548195458,,,,1.9975670703913018,,,,0.8429506274645917,0.20813929925183022,0.15072273899895733,1.7642279430159509,-17.445791869263548,1.2642902559985385,-21.924755254098013,-9.934893734354217,-11.581091525875676,1.5828676527943526,-16.172344463646947,-3.4024074211353614,4.083867006668004,1.5693061581429146,1.2672807194981806,25.53879584836679,352,165.67046405164191,105.87924314947084,10,1.8836511543655108,-6,2.3414740169820236,13,3.0009287619800404,0,1.8230769114088903,53.429,53.429,53.429,354.002,354.002,354.002,25.72,25.72,25.72,26.76,26.76,26.76,0.42690277099609375,0.42690277099609375,0.42690277099609375,0.0,125,123.01380368098164,121,392,360.48641542506573,347,318,296.6329973707275,267,343,318.49276950043827,296,235,208.89658194566178,193,440,419.66126205083265,372,408,371.26183172655567,353,55,54.83063102541631,54,3810,3301.5438212094664,2936
Chau_Thanh,10.417429,105.363577,WS,T,3.3,6400,2022-03-25,24.32,79.93,28.43,34.02,24.91,1.94,10.417429,105.363577,24.62031587446449,9.110000000000003,0.7778342294886329,19.71870967741935,13.91,25.27,2.575182726915339,75.42774193548388,60.66,86.5,8.218526164738996,28.529999999999998,26.95,30.47,1.1802022789991715,33.77967741935483,30.27,38.48,2.4892847578409234,24.50258064516129,22.56,25.75,0.7616661182922754,1.8512903225806454,0.68,2.83,0.5464710359498973,23.643292183441684,21.12681833274576,24.806145378787576,0.938716642544211,9.277096774193547,5.43,14.7,2.488982423956382,0.9803993356202498,0.48813969021282255,1.6478924176167693,0.3918853776303495,5218.129559748428,5218.129559748428,0.5794367931297019,130.17484276729556,130.17484276729556,88,158,255.0817610062893,255.0817610062893,37,448,52.47044025157233,52.47044025157233,19,61,0.28841025342511867,,,,,,0.31619313239894276,,,,0.24515093655148468,,,,0.7471825675841691,,,,1.4237639508807787,,,,0.8646341142394526,0.22205493093695897,0.15046871950553575,1.5500698204297145,-16.527335456942062,1.317294441241307,-23.452631286692764,-11.96060961198598,-10.778448032961911,1.5993165075919828,-17.054890974858555,-2.8436373525293366,4.040670870054862,1.871125415715635,1.580528920233483,25.583598326247735,354,168.90178571428584,107.57818880137728,14,2.684914633503715,-11,2.662227155916508,16,3.2480634452231656,0,2.205886064020656,112.211,112.211,112.211,46.409,46.409,46.409,28.83,28.83,28.83,29.65,29.65,29.65,0.31517664591471356,0.31517664591471356,0.31517664591471356,65.801,123,121.40166447656595,120,382,367.09949594564983,339,326,310.7466579005041,278,324,311.2596975673898,288,200,182.80298049528818,173,399,382.5612535612536,365,461,434.6318211702828,402,57,56.644751260135884,55,3513,3259.73986412448,2878
Chau_Thanh,10.419552,105.116409,WS,D,3.3,7200,2022-03-27,20.9,80.8,28.64,32.65,25.38,1.54,10.419552,105.116409,25.006220070936045,7.27,0.7532338983974283,19.808064516129026,13.91,25.27,2.4664594179417985,77.2416129032258,64.47,87.54,6.190173324361764,28.511290322580646,26.71,30.32,1.0706788378301475,33.28322580645161,30.27,37.07,2.0413395145167734,24.850645161290327,23.23,25.84,0.6326132971783864,1.8222580645161288,0.83,2.83,0.5336345836680533,24.068291937317575,22.833586831955028,25.111718111232275,0.5746544128906169,8.43258064516129,4.460000000000001,12.3,1.9124110230062243,0.9017068965450331,0.4539761277216749,1.5336969985339284,0.30023088836592315,4131.708333333333,4131.708333333333,0.41774296461599414,70.27904040404042,70.27904040404042,56,77,494.66414141414134,494.66414141414134,416,557,41.99747474747475,41.99747474747475,21,59,0.3091091557561727,,,,,,0.342591088920199,,,,0.26128422011629376,,,,0.8223200522652278,,,,1.513022213915749,,,,0.8564592577970271,0.2424716240508753,0.1598267450959421,1.8467544624820815,-16.873340410259264,1.6909877043837773,-23.424306871143457,-9.577446006810181,-11.060351920555695,1.6995203893115953,-16.98304913264156,-1.7738321960328949,4.0882014743354596,1.6295606650748233,1.1659620059203244,24.027100424267836,353,155.94134016578352,103.62141043843111,16,2.3593853429453087,-8,2.4843238487723847,16,3.3817302214069533,0,2.271672399027519,121.492,121.492,121.492,139.898,139.898,139.898,29.5,29.5,29.5,30.32,30.32,30.32,0.3665332794189453,0.3665332794189453,0.3665332794189453,0.0,124,121.16403854577315,119,404,367.38896189224715,355,314,296.0015330705213,278,339,314.93210687691635,299,263,236.12439772229527,224,420,405.1377573368375,393,376,358.5810337275515,331,60,58.16119141480508,56,3486,3162.626806833115,2685
Chau_Thanh,10.419552,105.116409,SA,D,3.3,6000,2022-07-26,19.02,87.93,27.42,30.68,24.93,1.28,10.419552,105.116409,25.235711886270494,5.75,0.44105463235345804,16.532903225806454,6.87,23.62,3.760259251141608,89.21548387096774,79.44,93.35,3.1609664086852662,26.880322580645164,24.86,28.35,0.7741904569830754,29.289677419354838,26.92,31.62,1.3309891637448608,24.925806451612896,23.04,26.05,0.6015022816225108,2.3929032258064518,0.53,3.86,0.8792929474350111,24.936733557971582,23.013919027872713,25.86766694000002,0.5986562062215893,4.363870967741936,1.9899999999999984,7.540000000000003,1.3003068556439086,0.3854751880176685,0.22659304192761506,0.7757972023291232,0.128613393524389,4436.174242424242,4436.174242424242,0.45484062879652326,256.9646464646465,256.9646464646465,197,336,494.66414141414134,494.66414141414134,416,557,28.1540404040404,28.1540404040404,12,43,0.4554799650971976,,,,,,0.5292623528919398,,,,0.3753695824674438,,,,1.3536494082241421,,,,2.1442056453773244,,,,0.6502069051910627,0.24894717189128487,0.1793930148321749,1.855716759532261,-16.69680261194219,1.7117863537381766,-25.369440063815023,-6.746810189521851,-9.274128800067873,1.991519795826603,-15.622401749026402,-2.0418635418594837,6.133497172241616,2.880356225064725,1.1555013605676612,21.297412213859417,353,155.94134016578352,103.62141043843111,16,2.3593853429453087,-8,2.4843238487723847,16,3.3817302214069533,0,2.271672399027519,118.275,118.275,118.275,75.081,75.081,75.081,29.0,29.0,29.0,29.57,29.57,29.57,0.43310546875,0.43310546875,0.43310546875,43.194,124,121.16403854577315,119,404,367.38896189224715,355,314,296.0015330705213,278,339,314.93210687691635,299,263,236.12439772229527,224,420,405.1377573368375,393,376,358.5810337275515,331,60,58.16119141480508,56,3486,3162.626806833115,2685
Chau_Thanh,10.419561,105.277369,WS,T,1.43,7200,2022-03-25,24.32,79.29,28.88,34.16,25.29,1.97,10.419561,105.277369,24.922375101044477,8.869999999999997,0.823840279763745,19.71870967741935,13.91,25.27,2.575182726915339,76.08354838709677,62.87,87.54,6.760468369147165,28.60806451612903,26.71,30.32,1.0763930789232148,33.54290322580644,30.27,37.07,2.114771692929381,24.766129032258064,23.19,25.84,0.7272692070201437,1.8090322580645155,0.83,2.83,0.5346651339025486,23.89832591306624,21.693268342351598,25.111718111232275,0.7554782366252685,8.776774193548386,4.460000000000001,13.179999999999996,2.1410826129467915,0.9529690517046733,0.4539761277216749,1.5336969985339284,0.3215872578758214,3962.477272727273,3962.477272727273,0.2739756685682346,108.6439393939394,108.6439393939394,65,204,392.23737373737373,392.23737373737373,350,458,42.94318181818183,42.94318181818183,34,47,0.2917368627283238,,,,,,0.3204356611255732,,,,0.247743785695829,,,,0.7592582347650536,,,,1.4381090288685419,,,,0.7523798968781994,0.18013298273401487,0.26062410032498784,1.5860319207518878,-19.44090919806186,2.385586396598664,-25.716125620184908,-13.655790020417697,-12.969008607575374,2.535858001686498,-19.682422576715226,-4.686740685378588,4.64722321414138,1.4758199340385167,1.522017336261256,14.347774802914081,353,159.97648717003003,105.91946596620683,8,0.9757824437536227,-7,2.123724157723062,12,2.759510511618104,0,1.6527976895256093,113.426,113.426,113.426,31.046,31.046,31.046,28.84,28.84,28.84,29.63,29.63,29.63,0.30832862854003906,0.30832862854003906,0.30832862854003906,82.38,126,124.42444152431013,122,409,384.96342531756477,370,330,294.01598773543594,272,354,332.99956197985114,319,213,194.46430135786252,179,405,377.6765221200176,358,441,427.87888742882177,410,60,57.428821725799395,55,3573,3240.698861147614,2988
Chau_Thanh,10.419561,105.277369,SA,T,1.43,5500,2022-07-15,15.33,90.06,27.15,29.75,25.4,2.68,10.419561,105.277369,25.37304309839621,4.350000000000001,0.35752549714924664,16.52774193548387,6.87,23.62,4.116383246270553,89.32290322580646,79.44,93.35,3.1673456818058416,27.14096774193548,25.9,28.35,0.5792784991733929,29.549032258064518,26.92,31.62,1.139248067915737,25.27838709677419,24.08,26.12,0.4662208861389811,2.4841935483870965,0.53,3.86,0.8725149936545074,25.214138036281952,24.07069434896019,25.902008550533132,0.4404433246283723,4.270645161290323,1.9899999999999984,7.540000000000003,1.2672778433137728,0.386878125089941,0.22659304192761506,0.7757972023291232,0.12722011140749237,2994.819444444445,2994.819444444445,0.13846076414571465,281.6426767676768,281.6426767676768,249,306,392.23737373737373,392.23737373737373,350,458,31.876262626262623,31.876262626262623,28,35,0.4100163046200611,,,,,,0.4712811269613233,,,,0.3399339774947381,,,,1.1886152900853884,,,,1.9481562462112292,,,,0.8944095518589819,0.26900260328403863,0.18546808903326897,2.1246405586021466,-17.3682523093566,1.1838102989578145,-22.108532334582623,-13.364770603198973,-11.77957942040298,1.806198806874602,-17.009584761282877,-5.97273948076277,3.9177594636726663,1.6343101315075705,0.8826713929586744,20.567052428531177,353,159.97648717003003,105.91946596620683,8,0.9757824437536227,-7,2.123724157723062,12,2.759510511618104,0,1.6527976895256093,92.461,92.461,92.461,102.008,102.008,102.008,26.91,26.91,26.91,27.48,27.48,27.48,0.4104169209798177,0.4104169209798177,0.4104169209798177,0.0,126,124.42444152431013,122,409,384.96342531756477,370,330,294.01598773543594,272,354,332.99956197985114,319,213,194.46430135786252,179,405,377.6765221200176,358,441,427.87888742882177,410,60,57.428821725799395,55,3573,3240.698861147614,2988
Chau_Thanh,10.420174,105.16361,WS,T,2.2,8000,2022-03-27,20.9,80.8,28.64,32.65,25.38,1.54,10.420174,105.16361,25.006220070936045,7.27,0.7532338983974283,19.808064516129026,13.91,25.27,2.4664594179417985,77.2416129032258,64.47,87.54,6.190173324361764,28.511290322580646,26.71,30.32,1.0706788378301475,33.28322580645161,30.27,37.07,2.0413395145167734,24.850645161290327,23.23,25.84,0.6326132971783864,1.8222580645161288,0.83,2.83,0.5336345836680533,24.068291937317575,22.833586831955028,25.111718111232275,0.5746544128906169,8.43258064516129,4.460000000000001,12.3,1.9124110230062243,0.9017068965450331,0.4539761277216749,1.5336969985339284,0.30023088836592315,4804.921914357682,4804.921914357682,0.42183632584157865,110.3727959697733,110.3727959697733,63,227,379.38539042821156,379.38539042821156,219,494,36.206549118387905,36.206549118387905,25,61,0.30615216970887926,,,,,,0.3388199522743053,,,,0.25897946532132105,,,,0.8115861258822193,,,,1.5002710334821818,,,,0.7266182162157782,0.17084699801509115,0.17509165240706315,1.362915777878487,-17.86239147513617,2.837560760919938,-24.06792636830011,-6.887885802881576,-11.20561759953857,2.7005099506699213,-18.24834300140109,1.1514754447575397,4.848964363413556,1.5774908333364315,1.9348842128942074,21.84517819673419,354,168.13237163653113,106.14217490502111,16,2.4172512597569398,-16,3.0403418981523513,23,3.648081546619239,0,2.6148895207755287,121.492,121.492,121.492,139.898,139.898,139.898,29.5,29.5,29.5,30.32,30.32,30.32,0.3665332794189453,0.3665332794189453,0.3665332794189453,0.0,126,121.3930370045982,118,407,376.5864184008762,325,314,299.4442497261774,243,336,316.5145673603505,282,221,202.02212486308872,193,444,426.19561883899235,378,402,371.77283680175236,349,60,57.358598028477545,54,3671,3207.8725082146766,2644
Chau_Thanh,10.420174,105.16361,SA,T,2.2,6600,2022-07-26,19.02,87.93,27.42,30.68,24.93,1.28,10.420174,105.16361,25.235711886270494,5.75,0.44105463235345804,16.532903225806454,6.87,23.62,3.760259251141608,89.21548387096774,79.44,93.35,3.1609664086852662,26.880322580645164,24.86,28.35,0.7741904569830754,29.289677419354838,26.92,31.62,1.3309891637448608,24.925806451612896,23.04,26.05,0.6015022816225108,2.3929032258064518,0.53,3.86,0.8792929474350111,24.936733557971582,23.013919027872713,25.86766694000002,0.5986562062215893,4.363870967741936,1.9899999999999984,7.540000000000003,1.3003068556439086,0.3854751880176685,0.22659304192761506,0.7757972023291232,0.128613393524389,4016.968513853905,4016.968513853905,0.3074348738143581,209.10075566750626,209.10075566750626,204,234,379.38539042821156,379.38539042821156,219,494,32.27455919395466,32.27455919395466,18,56,0.4517837325380808,,,,,,0.5245484320845726,,,,0.37248863897372786,,,,1.3402320002453816,,,,2.1282666698353654,,,,0.7194267297473846,0.18961542794022768,0.23545617497689827,1.818791472583746,-18.281853561502178,3.205693636834557,-25.41376934648523,-6.962936875232719,-11.543907030040186,3.060404904363021,-18.696595158654606,0.9202391624690056,4.990176044647588,1.77463520674913,1.1992625654427906,15.988299416621624,354,168.13237163653113,106.14217490502111,16,2.4172512597569398,-16,3.0403418981523513,23,3.648081546619239,0,2.6148895207755287,118.275,118.275,118.275,75.081,75.081,75.081,29.0,29.0,29.0,29.57,29.57,29.57,0.43310546875,0.43310546875,0.43310546875,43.194,126,121.3930370045982,118,407,376.5864184008762,325,314,299.4442497261774,243,336,316.5145673603505,282,221,202.02212486308872,193,444,426.19561883899235,378,402,371.77283680175236,349,60,57.358598028477545,54,3671,3207.8725082146766,2644
Chau_Thanh,10.420483,105.223648,WS,T,3.08,8000,2022-03-27,20.9,80.8,28.64,32.65,25.38,1.54,10.420483,105.223648,25.006220070936045,7.27,0.7532338983974283,19.808064516129026,13.91,25.27,2.4664594179417985,77.2416129032258,64.47,87.54,6.190173324361764,28.511290322580646,26.71,30.32,1.0706788378301475,33.28322580645161,30.27,37.07,2.0413395145167734,24.850645161290327,23.23,25.84,0.6326132971783864,1.8222580645161288,0.83,2.83,0.5336345836680533,24.068291937317575,22.833586831955028,25.111718111232275,0.5746544128906169,8.43258064516129,4.460000000000001,12.3,1.9124110230062243,0.9017068965450331,0.4539761277216749,1.5336969985339284,0.30023088836592315,3919.436781609196,3919.436781609196,0.3461797836201812,170.3039591315453,170.3039591315453,106,213,577.2068965517242,577.2068965517242,528,666,39.12005108556833,39.12005108556833,29,45,0.3024559371497625,,,,,,0.33410603146693807,,,,0.2560985218276051,,,,0.7981687179034589,,,,1.4843320579402228,,,,0.8405813306293545,0.21154476845499054,0.1080398567802425,1.6485011029942513,-16.605966188767816,1.704930905958922,-22.510304809429996,-9.50212647806223,-10.71114961808963,2.2875298925654555,-16.36575829005576,5.413608549142538,4.157408905054968,1.9043170016038589,1.4264466628106034,36.02337377340442,352,165.4075358481369,104.28122387117789,10,1.9286100078381776,-8,2.1960935597193387,10,3.002875096330546,0,1.803193004907814,120.248,120.248,120.248,108.929,108.929,108.929,29.59,29.59,29.59,30.43,30.43,30.43,0.31356557210286456,0.31356557210286456,0.31356557210286456,11.319,127,125.89504820333042,124,375,364.1079956188391,343,301,292.63723986856525,268,352,332.63395399780944,304,238,225.6173055859803,214,396,381.4600219058051,371,400,392.8832420591458,375,55,54.13953997809419,54,4062,3426.5796276013148,3033
Chau_Thanh,10.420483,105.223648,SA,T,3.08,6000,2022-07-28,19.71,85.56,27.6,30.48,25.14,1.61,10.420483,105.223648,24.952783099635962,5.34,0.5332377150662087,16.537419354838708,6.73,23.62,4.019790531970007,88.99290322580647,79.44,92.59,3.064938239180294,26.921935483870964,24.86,28.35,0.7658030545893081,29.399032258064516,26.92,31.62,1.3220642579637436,24.908064516129027,23.04,26.05,0.5967623364122854,2.317096774193548,0.53,3.85,0.8077695038065729,24.93641694560688,23.013919027872713,25.86766694000002,0.5990055829836034,4.490967741935484,2.150000000000002,7.540000000000003,1.2804569618762993,0.39411504305396844,0.2532125702380937,0.7757972023291232,0.1251438164465532,4664.358876117497,4664.358876117497,0.4474004527683743,221.82758620689654,221.82758620689654,213,241,577.2068965517242,577.2068965517242,528,666,43.72924648786718,43.72924648786718,39,51,0.4625028069595195,,,,,,0.5382188024259374,,,,0.38084337510550403,,,,1.379142483383787,,,,2.1744896989070464,,,,0.7389549562037339,0.16758340500991503,0.27071074661047784,1.4635886342536417,-16.503606981730822,1.9375820658310132,-22.762754423332392,-9.31913378431572,-9.947529711672702,1.849348677366807,-15.35519975116429,-1.667988543246723,4.716969944954731,1.4411360541351486,1.733008378436748,13.775918762307384,352,165.4075358481369,104.28122387117789,10,1.9286100078381776,-8,2.1960935597193387,10,3.002875096330546,0,1.803193004907814,114.47,114.47,114.47,270.522,270.522,270.522,29.09,29.09,29.09,29.63,29.63,29.63,0.4120362599690755,0.4120362599690755,0.4120362599690755,0.0,127,125.89504820333042,124,375,364.1079956188391,343,301,292.63723986856525,268,352,332.63395399780944,304,238,225.6173055859803,214,396,381.4600219058051,371,400,392.8832420591458,375,55,54.13953997809419,54,4062,3426.5796276013148,3033
Chau_Thanh,10.420702,105.15698,WS,T,3.3,7200,2022-03-27,20.9,80.8,28.64,32.65,25.38,1.54,10.420702,105.15698,25.006220070936045,7.27,0.7532338983974283,19.808064516129026,13.91,25.27,2.4664594179417985,77.2416129032258,64.47,87.54,6.190173324361764,28.511290322580646,26.71,30.32,1.0706788378301475,33.28322580645161,30.27,37.07,2.0413395145167734,24.850645161290327,23.23,25.84,0.6326132971783864,1.8222580645161288,0.83,2.83,0.5336345836680533,24.068291937317575,22.833586831955028,25.111718111232275,0.5746544128906169,8.43258064516129,4.460000000000001,12.3,1.9124110230062243,0.9017068965450331,0.4539761277216749,1.5336969985339284,0.30023088836592315,4684.335435056746,4684.335435056746,0.38237598633376335,102.14565217391305,102.14565217391305,63,176,413.7956521739131,413.7956521739131,219,494,38.90869565217391,38.90869565217391,25,51,0.30282556040567415,,,,,,0.3345774235476748,,,,0.2563866161769767,,,,0.799510458701335,,,,1.4859259554944186,,,,0.7776783623674376,0.20996362935201354,0.20930205908068844,1.6471574517699905,-18.371724673797612,2.065243371942598,-24.583127111510763,-13.41848222290566,-12.04627148000545,1.597658688067036,-17.053974168514785,-5.92928355515755,4.552098815626772,1.6446113176870472,1.4284260109449216,18.11113544495973,352,159.7315939050856,106.29858852260939,9,1.55750288971656,-11,2.3734649943606896,13,3.135353994395102,0,1.9561547745992822,121.492,121.492,121.492,139.898,139.898,139.898,29.5,29.5,29.5,30.32,30.32,30.32,0.3665332794189453,0.3665332794189453,0.3665332794189453,0.0,124,121.39101861993427,119,409,379.4326396495071,352,316,300.90142387732743,289,336,317.86286966046,299,229,211.1351588170865,202,444,421.3890470974809,392,385,367.4470974808323,349,60,58.048849945235474,55,3833,3292.6306681270544,2999
Chau_Thanh,10.420981,105.295797,SA,T,1.76,6000,2022-07-15,15.33,90.06,27.15,29.75,25.4,2.68,10.420981,105.295797,25.37304309839621,4.350000000000001,0.35752549714924664,16.52774193548387,6.87,23.62,4.116383246270553,89.32290322580646,79.44,93.35,3.1673456818058416,27.14096774193548,25.9,28.35,0.5792784991733929,29.549032258064518,26.92,31.62,1.139248067915737,25.27838709677419,24.08,26.12,0.4662208861389811,2.4841935483870965,0.53,3.86,0.8725149936545074,25.214138036281952,24.07069434896019,25.902008550533132,0.4404433246283723,4.270645161290323,1.9899999999999984,7.540000000000003,1.2672778433137728,0.386878125089941,0.22659304192761506,0.7757972023291232,0.12722011140749237,3413.5069708491765,3413.5069708491765,0.21588157452704457,252.01013941698358,252.01013941698358,249,259,513.7338403041825,513.7338403041825,435,619,40.533586818757925,40.533586818757925,26,45,0.4103859278759728,,,,,,0.47175251904206006,,,,0.3402220718441097,,,,1.1899570308832645,,,,1.949750143765425,,,,0.8818240892364128,0.24908740742037846,0.3207604705823241,2.403235763133849,-17.268050438261323,1.258430755194279,-22.624465125895412,-13.00267863535273,-11.629000211240383,1.8311187704248875,-20.32873918469175,-5.773833410785593,3.9037456227498084,1.4013766406543142,0.6644226344168375,11.470364545663019,350,165.92845287492588,106.48936455380523,9,0.590156754264638,-5,1.9624604778330297,10,2.6947078969900553,0,1.5776505367606635,92.461,92.461,92.461,102.008,102.008,102.008,26.91,26.91,26.91,27.48,27.48,27.48,0.4104169209798177,0.4104169209798177,0.4104169209798177,0.0,123,121.35451358457496,119,411,381.4062636881296,359,337,317.6706088480071,297,353,337.650240911082,322,196,184.19929916776178,177,402,383.32763907139736,370,449,432.3826106000876,410,61,58.4419623302672,56,3653,3425.0409548839248,3068
Chau_Thanh,10.421066,105.136822,WS,D,2.75,7000,2022-03-27,20.9,80.8,28.64,32.65,25.38,1.54,10.421066,105.136822,25.006220070936045,7.27,0.7532338983974283,19.808064516129026,13.91,25.27,2.4664594179417985,77.2416129032258,64.47,87.54,6.190173324361764,28.511290322580646,26.71,30.32,1.0706788378301475,33.28322580645161,30.27,37.07,2.0413395145167734,24.850645161290327,23.23,25.84,0.6326132971783864,1.8222580645161288,0.83,2.83,0.5336345836680533,24.068291937317575,22.833586831955028,25.111718111232275,0.5746544128906169,8.43258064516129,4.460000000000001,12.3,1.9124110230062243,0.9017068965450331,0.4539761277216749,1.5336969985339284,0.30023088836592315,3315.6192307692313,3315.6192307692313,0.2996695040883816,97.3551282051282,97.3551282051282,56,154,585.4538461538463,585.4538461538463,504,658,36.346153846153854,36.346153846153854,26,39,0.3031951836615858,,,,,,0.3350488156284115,,,,0.2566747105263483,,,,0.800852199499211,,,,1.4875198530486147,,,,0.6880418426082469,0.18154599202810548,0.27681878666669973,1.4822883841543215,-17.836655494475885,1.660086141223596,-23.168447183619364,-12.635257296684653,-10.87120972755086,1.4221675824775433,-16.76164798376054,-5.253683502469126,5.225280986219565,1.6769140694385465,1.698530220407879,13.449886325150867,353,159.34726023111605,106.06340412558147,8,1.7535969860731013,-6,2.0851201814455447,11,2.8798084681071083,0,1.7112073706843847,121.492,121.492,121.492,139.898,139.898,139.898,29.5,29.5,29.5,30.32,30.32,30.32,0.3665332794189453,0.3665332794189453,0.3665332794189453,0.0,121,120.40302101576185,120,408,369.02562417871235,349,313,293.44721857205434,273,325,314.7610600087604,297,241,217.03197547087166,201,433,420.55102934735004,396,376,362.44612352168207,347,60,56.589137100306615,55,3588,3326.8131844064833,2942
Chau_Thanh,10.421066,105.136822,SA,D,2.75,6000,2022-07-26,19.02,87.93,27.42,30.68,24.93,1.28,10.421066,105.136822,25.235711886270494,5.75,0.44105463235345804,16.532903225806454,6.87,23.62,3.760259251141608,89.21548387096774,79.44,93.35,3.1609664086852662,26.880322580645164,24.86,28.35,0.7741904569830754,29.289677419354838,26.92,31.62,1.3309891637448608,24.925806451612896,23.04,26.05,0.6015022816225108,2.3929032258064518,0.53,3.86,0.8792929474350111,24.936733557971582,23.013919027872713,25.86766694000002,0.5986562062215893,4.363870967741936,1.9899999999999984,7.540000000000003,1.3003068556439086,0.3854751880176685,0.22659304192761506,0.7757972023291232,0.128613393524389,3627.7461538461544,3627.7461538461544,0.3374588542960933,239.13333333333333,239.13333333333333,204,278,585.4538461538463,585.4538461538463,504,658,28.030769230769234,28.030769230769234,12,33,0.4491963697466991,,,,,,0.5212486875194156,,,,0.37047197852812674,,,,1.3308398146602494,,,,2.117109386955994,,,,0.559758097841985,0.20502885921143557,0.16432290329213758,1.8373223503837584,-16.258468055834022,1.017636951807151,-20.645542776778584,-12.23873664648818,-8.119467230209173,1.6506605713272644,-14.04795219180669,-3.578718222259705,7.041922866134024,2.7747646382622846,1.1770812286502295,23.342315768902246,353,159.34726023111605,106.06340412558147,8,1.7535969860731013,-6,2.0851201814455447,11,2.8798084681071083,0,1.7112073706843847,118.275,118.275,118.275,75.081,75.081,75.081,29.0,29.0,29.0,29.57,29.57,29.57,0.43310546875,0.43310546875,0.43310546875,43.194,121,120.40302101576185,120,408,369.02562417871235,349,313,293.44721857205434,273,325,314.7610600087604,297,241,217.03197547087166,201,433,420.55102934735004,396,376,362.44612352168207,347,60,56.589137100306615,55,3588,3326.8131844064833,2942
Chau_Thanh,10.421158,105.237197,SA,T,1.76,6000,2022-07-17,17.45,91.4,26.96,29.13,25.28,2.6,10.421158,105.237197,25.43446017358027,3.849999999999998,0.30590044970022406,16.560322580645156,6.87,23.62,4.105374513481289,89.26935483870966,79.44,93.35,3.1417356364871574,27.15258064516129,25.9,28.35,0.5816770401006293,29.57741935483871,26.92,31.62,1.122784464255619,25.272580645161284,24.08,26.12,0.4706890470153616,2.4209677419354834,0.53,3.86,0.8686264828459656,25.215654359200347,24.07069434896019,25.902008550533132,0.4443273132408369,4.304838709677419,1.9899999999999984,7.540000000000003,1.2350914057012323,0.38903151628177274,0.22659304192761506,0.7757972023291232,0.12627312204737293,3176.4980891719742,3176.4980891719742,0.2116645725205682,318.37834394904456,318.37834394904456,245,390,505.43949044585986,505.43949044585986,448,584,32.98343949044586,32.98343949044586,31,35,0.41223404415553117,,,,,,0.47410947944574366,,,,0.34166254359096765,,,,1.1966657348726446,,,,1.9577196315364045,,,,0.8911018697553736,0.2791227729929489,0.2954707860062496,2.10202102823318,-17.694822985209704,1.2786888845713835,-22.104095462901384,-12.03505263759708,-12.071295702327744,2.0253593628542226,-17.84489043200536,-5.827013747693636,3.967630809395307,1.6672373258726754,0.9029305350775375,12.537717396925308,349,166.45372965247435,104.77745351809266,8,1.6475082410978032,-11,2.110735591407385,15,2.862300394189574,0,1.7885434454950528,95.267,95.267,95.267,130.024,130.024,130.024,27.24,27.24,27.24,27.96,27.96,27.96,0.4122384389241536,0.4122384389241536,0.4122384389241536,0.0,127,125.42672508214677,124,378,365.69075777485773,350,301,287.50832238282965,265,345,330.56592203241354,304,246,232.33442838370573,216,397,378.76565922032427,364,406,388.90932982917224,364,57,54.84515987735436,54,3778,3410.8572054314504,2934
Chau_Thanh,10.422463,105.151846,WS,T,2.75,7200,2022-03-27,20.9,80.8,28.64,32.65,25.38,1.54,10.422463,105.151846,25.006220070936045,7.27,0.7532338983974283,19.808064516129026,13.91,25.27,2.4664594179417985,77.2416129032258,64.47,87.54,6.190173324361764,28.511290322580646,26.71,30.32,1.0706788378301475,33.28322580645161,30.27,37.07,2.0413395145167734,24.850645161290327,23.23,25.84,0.6326132971783864,1.8222580645161288,0.83,2.83,0.5336345836680533,24.068291937317575,22.833586831955028,25.111718111232275,0.5746544128906169,8.43258064516129,4.460000000000001,12.3,1.9124110230062243,0.9017068965450331,0.4539761277216749,1.5336969985339284,0.30023088836592315,4254.1119496855345,4254.1119496855345,0.3141179028607756,81.4344262295082,81.4344262295082,69,106,419.46106557377055,419.46106557377055,355,474,49.868852459016395,49.868852459016395,23,62,0.3035648069174975,,,,,,0.3355202077091482,,,,0.25696280487571993,,,,0.802193940297087,,,,1.4891137506028105,,,,0.7883481893023268,0.20350798410395815,0.20292872207803705,1.592607415219235,-18.082931312253315,1.8049640472247945,-24.970470260542772,-13.930106325151351,-11.840626733782193,1.38658159332215,-16.516994974764074,-7.645825594335324,4.456545505919531,1.612705823767886,1.5116045308939918,18.71135460293188,353,163.77837059871635,104.86326316963932,11,1.5055906307944134,-11,2.394774035431321,13,3.2735209940948455,0,1.9924161769625899,121.492,121.492,121.492,139.898,139.898,139.898,29.5,29.5,29.5,30.32,30.32,30.32,0.3665332794189453,0.3665332794189453,0.3665332794189453,0.0,123,121.36218229623134,119,401,370.15308804204983,349,316,302.3112133158125,278,342,319.3935611038107,298,234,221.34888304862022,206,434,408.2739816031537,390,385,370.3723171265878,351,60,57.74441524310118,55,3833,3367.4080157687254,2709
Chau_Thanh,10.422463,105.151846,SA,T,2.75,6000,2022-07-26,19.02,87.93,27.42,30.68,24.93,1.28,10.422463,105.151846,25.235711886270494,5.75,0.44105463235345804,16.532903225806454,6.87,23.62,3.760259251141608,89.21548387096774,79.44,93.35,3.1609664086852662,26.880322580645164,24.86,28.35,0.7741904569830754,29.289677419354838,26.92,31.62,1.3309891637448608,24.925806451612896,23.04,26.05,0.6015022816225108,2.3929032258064518,0.53,3.86,0.8792929474350111,24.936733557971582,23.013919027872713,25.86766694000002,0.5986562062215893,4.363870967741936,1.9899999999999984,7.540000000000003,1.3003068556439086,0.3854751880176685,0.22659304192761506,0.7757972023291232,0.128613393524389,5227.093081761006,5227.093081761006,0.4515426462149263,230.54713114754102,230.54713114754102,209,260,419.46106557377055,419.46106557377055,355,474,35.11065573770492,35.11065573770492,18,47,0.4514141092821692,,,,,,0.5240770400038359,,,,0.37220054462435626,,,,1.3388902594475056,,,,2.12667277228117,,,,0.6937207199517305,0.21386848471067135,0.15356240605488963,1.9438061036830807,-17.773765035307544,1.837354662397049,-23.748332303267702,-13.617788757824059,-10.793591391754036,1.548512643298287,-16.02173208126163,-6.14943831358919,5.362997292569521,2.1411036982011256,1.0578184173930152,25.048041983467183,353,163.77837059871635,104.86326316963932,11,1.5055906307944134,-11,2.394774035431321,13,3.2735209940948455,0,1.9924161769625899,118.275,118.275,118.275,75.081,75.081,75.081,29.0,29.0,29.0,29.57,29.57,29.57,0.43310546875,0.43310546875,0.43310546875,43.194,123,121.36218229623134,119,401,370.15308804204983,349,316,302.3112133158125,278,342,319.3935611038107,298,234,221.34888304862022,206,434,408.2739816031537,390,385,370.3723171265878,351,60,57.74441524310118,55,3833,3367.4080157687254,2709
Chau_Thanh,10.42324,105.126544,WS,D,1.87,7200,2022-03-27,20.9,80.8,28.64,32.65,25.38,1.54,10.42324,105.126544,25.006220070936045,7.27,0.7532338983974283,19.808064516129026,13.91,25.27,2.4664594179417985,77.2416129032258,64.47,87.54,6.190173324361764,28.511290322580646,26.71,30.32,1.0706788378301475,33.28322580645161,30.27,37.07,2.0413395145167734,24.850645161290327,23.23,25.84,0.6326132971783864,1.8222580645161288,0.83,2.83,0.5336345836680533,24.068291937317575,22.833586831955028,25.111718111232275,0.5746544128906169,8.43258064516129,4.460000000000001,12.3,1.9124110230062243,0.9017068965450331,0.4539761277216749,1.5336969985339284,0.30023088836592315,2741.758576874206,2741.758576874206,0.28389120616959695,65.96060991105465,65.96060991105465,56,107,613.7941550190598,613.7941550190598,496,658,29.163913595933924,29.163913595933924,19,51,0.30393443017340915,,,,,,0.3359915997898849,,,,0.2572508992250915,,,,0.8035356810949631,,,,1.4907076481570065,,,,0.6895586555422858,0.22441047178931472,0.2489266776795045,1.7798258834881395,-18.243596522760246,2.0626765041730746,-25.460963458902423,-12.42444346199056,-11.219856744092803,1.6478765142632927,-18.523736920286392,-5.68817512283945,5.419027825192056,2.055395969561653,1.2474108490661555,15.0689888174623,352,166.57537747188513,105.44574032667032,18,2.307039006800256,-4,2.666070424933508,19,3.5453180313832675,0,2.2932499053561215,121.492,121.492,121.492,139.898,139.898,139.898,29.5,29.5,29.5,30.32,30.32,30.32,0.3665332794189453,0.3665332794189453,0.3665332794189453,0.0,124,121.82102957283684,120,417,375.2646801051709,362,321,303.89219982471525,279,339,315.68667835232264,302,235,224.22261174408413,207,425,411.0063540753726,395,378,364.8915425065732,347,60,57.1343120070114,55,3554,3188.049298860649,2609
Chau_Thanh,10.42324,105.126544,SA,D,1.87,6000,2022-07-26,19.02,87.93,27.42,30.68,24.93,1.28,10.42324,105.126544,25.235711886270494,5.75,0.44105463235345804,16.532903225806454,6.87,23.62,3.760259251141608,89.21548387096774,79.44,93.35,3.1609664086852662,26.880322580645164,24.86,28.35,0.7741904569830754,29.289677419354838,26.92,31.62,1.3309891637448608,24.925806451612896,23.04,26.05,0.6015022816225108,2.3929032258064518,0.53,3.86,0.8792929474350111,24.936733557971582,23.013919027872713,25.86766694000002,0.5986562062215893,4.363870967741936,1.9899999999999984,7.540000000000003,1.3003068556439086,0.3854751880176685,0.22659304192761506,0.7757972023291232,0.128613393524389,3306.8614993646765,3306.8614993646765,0.3486136956329557,219.5959339263024,219.5959339263024,205,254,613.7941550190598,613.7941550190598,496,658,15.820838627700128,15.820838627700128,12,39,0.45104448602625746,,,,,,0.5236056479230992,,,,0.3719124502749847,,,,1.3375485186496294,,,,2.1250788747269738,,,,0.6317063500431618,0.19728518212448512,0.15131643898907768,1.5580995771131048,-16.155924362556505,1.4690710722093805,-24.93106707209838,-10.626950116082329,-8.679896921836118,1.6612351606201206,-19.11727646342912,-3.2832143238883202,6.0119830129536975,2.417941465948563,1.5672300145356073,25.43466913921182,352,166.57537747188513,105.44574032667032,18,2.307039006800256,-4,2.666070424933508,19,3.5453180313832675,0,2.2932499053561215,118.275,118.275,118.275,75.081,75.081,75.081,29.0,29.0,29.0,29.57,29.57,29.57,0.43310546875,0.43310546875,0.43310546875,43.194,124,121.82102957283684,120,417,375.2646801051709,362,321,303.89219982471525,279,339,315.68667835232264,302,235,224.22261174408413,207,425,411.0063540753726,395,378,364.8915425065732,347,60,57.1343120070114,55,3554,3188.049298860649,2609
Chau_Thanh,10.426155,105.176598,WS,T,2.09,7200,2022-03-26,25.27,72.53,29.39,34.49,24.94,1.18,10.426155,105.176598,23.923026939473232,9.55,1.125403854694864,19.84290322580645,13.91,25.27,2.4594507563463877,76.60451612903225,62.87,87.54,6.606202285491766,28.56322580645161,26.71,30.32,1.0797472437111237,33.41935483870967,30.27,37.07,2.101064147404559,24.80225806451613,23.19,25.84,0.6971264044097641,1.813225806451613,0.83,2.83,0.5335963624723322,23.97198683297999,21.693268342351598,25.111718111232275,0.7006368136219876,8.617096774193548,4.460000000000001,13.179999999999996,2.0784100522932105,0.9300802971562399,0.4539761277216749,1.5336969985339284,0.3165876155033612,4430.09090909091,4430.09090909091,0.40305407147166805,108.1638924455826,108.1638924455826,63,166,385.82970550576186,385.82970550576186,334,466,22.66837387964149,22.66837387964149,12,49,0.29949895110246905,,,,,,0.3303348948210443,,,,0.2537937670326324,,,,0.7874347915204505,,,,1.4715808775066557,,,,0.7885935096071434,0.20745025504974768,0.09233818059463088,1.6906944501995054,-18.43572132465939,2.597534754426166,-25.254892923971983,-8.534548886685492,-12.186558039897738,2.698110448789834,-18.216495149544556,7.6321632234606,4.494349968795923,1.9164764715640716,1.3658917195404479,42.319025502139745,353,164.1108703526855,105.42106698910713,22,1.8827378404188762,-13,3.036595980811918,19,3.8626337800902277,0,2.58556084805442,133.14,133.14,133.14,1.215,1.215,1.215,30.08,30.08,30.08,30.43,30.43,30.43,0.3249613444010417,0.3249613444010417,0.3249613444010417,131.925,126,123.96694395796848,120,389,357.2293718537975,338,306,278.51499233968053,254,353,318.24316042897794,287,229,217.7623112278398,204,417,380.11950098489837,364,423,401.9662945940031,377,57,54.82446924928869,54,3718,3299.4038082731454,2675
Chau_Thanh,10.426155,105.176598,SA,T,2.09,6000,2022-07-20,6.87,92.59,26.64,28.64,25.02,2.61,10.426155,105.176598,25.335976457808076,3.620000000000001,0.25866298156386003,17.079032258064515,6.87,23.62,3.6662738004143356,89.25548387096772,79.44,93.35,3.1503782043407136,27.100322580645162,25.9,28.35,0.5991686922296418,29.538064516129033,26.92,31.62,1.1493796906405753,25.172903225806444,24.08,26.12,0.47685930533687654,2.3409677419354837,0.53,3.86,0.8526442923529118,25.16140586009696,24.07069434896019,25.902008550533132,0.4437840992158635,4.365161290322582,1.9899999999999984,7.540000000000003,1.2650841383920832,0.38848028766838494,0.22659304192761506,0.7757972023291232,0.12688979579822315,4763.375160051218,4763.375160051218,0.4473402758586247,269.8002560819462,269.8002560819462,258,281,385.82970550576186,385.82970550576186,334,466,35.3854033290653,35.3854033290653,25,47,0.4218442488092348,,,,,,0.48636567354489835,,,,0.349152996674629,,,,1.2315509956174218,,,,1.9991609679454978,,,,0.9164503540111465,0.2527296797715184,0.2558587666413992,2.089587583712091,-16.951409651808206,1.5960568827938846,-22.072268954317718,-10.10079406216358,-11.528661285927887,2.1760161416102313,-16.55594884370455,-2.2106375994141514,3.7281269136424515,1.4266506670454489,0.9142533345714648,14.63362495843744,353,164.1108703526855,105.42106698910713,22,1.8827378404188762,-13,3.036595980811918,19,3.8626337800902277,0,2.58556084805442,54.614,54.614,54.614,359.297,359.297,359.297,25.65,25.65,25.65,26.82,26.82,26.82,0.45612208048502606,0.45612208048502606,0.45612208048502606,0.0,126,123.96694395796848,120,389,357.2293718537975,338,306,278.51499233968053,254,353,318.24316042897794,287,229,217.7623112278398,204,417,380.11950098489837,364,423,401.9662945940031,377,57,54.82446924928869,54,3718,3299.4038082731454,2675
Chau_Thanh,10.426536,105.115181,WS,T,1.43,7200,2022-03-27,20.9,80.8,28.64,32.65,25.38,1.54,10.426536,105.115181,25.006220070936045,7.27,0.7532338983974283,19.808064516129026,13.91,25.27,2.4664594179417985,77.2416129032258,64.47,87.54,6.190173324361764,28.511290322580646,26.71,30.32,1.0706788378301475,33.28322580645161,30.27,37.07,2.0413395145167734,24.850645161290327,23.23,25.84,0.6326132971783864,1.8222580645161288,0.83,2.83,0.5336345836680533,24.068291937317575,22.833586831955028,25.111718111232275,0.5746544128906169,8.43258064516129,4.460000000000001,12.3,1.9124110230062243,0.9017068965450331,0.4539761277216749,1.5336969985339284,0.30023088836592315,3289.5952080706184,3289.5952080706184,0.36749774543854413,62.931904161412355,62.931904161412355,56,154,515.860025220681,515.860025220681,474,570,26.85119798234552,26.85119798234552,21,34,0.3043040534293209,,,,,,0.3364629918706217,,,,0.2575389935744631,,,,0.8048774218928392,,,,1.4923015457112023,,,,0.7032595578862273,0.19937424391735564,0.23397074906481305,1.675706891564175,-17.51587859722834,1.693250632299877,-22.05947848499801,-9.577446006810181,-10.643856127957383,1.3730388719859183,-15.666202000358135,-5.8089795316918975,5.16072550864459,1.8356343797300547,1.3870523061859779,16.09615418161501,353,159.8557612199804,104.82980223645085,16,2.480056112250846,-6,2.5244206018522304,16,3.645929721381601,0,2.188205285116463,121.492,121.492,121.492,139.898,139.898,139.898,29.5,29.5,29.5,30.32,30.32,30.32,0.3665332794189453,0.3665332794189453,0.3665332794189453,0.0,124,121.84453689511716,120,394,378.36423405654176,351,313,299.44028051720363,279,328,312.08042954196804,279,250,231.5136971290817,214,468,425.1621740083278,411,366,343.35459127766813,310,59,56.9086127547666,53,3347,2933.865439403901,2389
Chau_Thanh,10.427104,105.210954,WS,T,1.65,7200,2022-03-26,25.27,72.53,29.39,34.49,24.94,1.18,10.427104,105.210954,23.923026939473232,9.55,1.125403854694864,19.84290322580645,13.91,25.27,2.4594507563463877,76.60451612903225,62.87,87.54,6.606202285491766,28.56322580645161,26.71,30.32,1.0797472437111237,33.41935483870967,30.27,37.07,2.101064147404559,24.80225806451613,23.19,25.84,0.6971264044097641,1.813225806451613,0.83,2.83,0.5335963624723322,23.97198683297999,21.693268342351598,25.111718111232275,0.7006368136219876,8.617096774193548,4.460000000000001,13.179999999999996,2.0784100522932105,0.9300802971562399,0.4539761277216749,1.5336969985339284,0.3165876155033612,4428.83712121212,4428.83712121212,0.4016498542655914,134.3611111111111,134.3611111111111,63,178,377.99116161616155,377.99116161616155,158,602,39.743686868686865,39.743686868686865,23,55,0.30208631389385077,,,,,,0.33363463938620136,,,,0.25581042747823357,,,,0.7968269771055828,,,,1.482738160386027,,,,0.7252217272281032,0.17376672502831542,0.2614470543706881,1.5959283731666538,-17.32230618090398,1.8794493628876543,-24.041658111281585,-7.499433486097065,-10.656454388511323,1.7864612350751967,-16.457679022722477,0.37454579965626755,4.847866552764756,1.4788234711286559,1.50637814782575,14.299464779315015,350,160.6211811352941,104.52207118494049,13,1.4530012481187664,-8,2.071919868455712,14,2.897937475506905,0,1.7462277543614424,129.251,129.251,129.251,1.924,1.924,1.924,30.1,30.1,30.1,30.54,30.54,30.54,0.2856394449869792,0.2856394449869792,0.2856394449869792,127.327,126,124.45189568266491,123,380,357.2916301489922,347,303,292.776073619632,267,353,334.16958808063106,312,232,210.55477651183173,203,405,395.43755477651194,384,408,393.9417177914111,364,56,54.74978089395269,54,3889,3575.355609114812,3069
Chau_Thanh,10.427104,105.210954,SA,T,1.65,5500,2022-07-20,6.87,92.59,26.64,28.64,25.02,2.61,10.427104,105.210954,25.335976457808076,3.620000000000001,0.25866298156386003,17.079032258064515,6.87,23.62,3.6662738004143356,89.25548387096772,79.44,93.35,3.1503782043407136,27.100322580645162,25.9,28.35,0.5991686922296418,29.538064516129033,26.92,31.62,1.1493796906405753,25.172903225806444,24.08,26.12,0.47685930533687654,2.3409677419354837,0.53,3.86,0.8526442923529118,25.16140586009696,24.07069434896019,25.902008550533132,0.4437840992158635,4.365161290322582,1.9899999999999984,7.540000000000003,1.2650841383920832,0.38848028766838494,0.22659304192761506,0.7757972023291232,0.12688979579822315,4883.200757575757,4883.200757575757,0.46037246663266873,284.26262626262616,284.26262626262616,256,297,377.99116161616155,377.99116161616155,158,602,40.25757575757576,40.25757575757576,36,44,0.4222138720651465,,,,,,0.48683706562563506,,,,0.3494410910240006,,,,1.232892736415298,,,,2.000754865499694,,,,0.857319829799339,0.23669674170493196,0.2894683995146479,1.9066108447252355,-16.765833359241682,1.5442473834290373,-21.058660842518982,-5.791931923037268,-10.970587988821315,1.9305529735398226,-15.6871134232286,-1.9137178665857915,4.045544393992864,1.4800263781155165,1.0979635204878142,12.818434090584,350,160.6211811352941,104.52207118494049,13,1.4530012481187664,-8,2.071919868455712,14,2.897937475506905,0,1.7462277543614424,53.429,53.429,53.429,354.002,354.002,354.002,25.72,25.72,25.72,26.76,26.76,26.76,0.42690277099609375,0.42690277099609375,0.42690277099609375,0.0,126,124.45189568266491,123,380,357.2916301489922,347,303,292.776073619632,267,353,334.16958808063106,312,232,210.55477651183173,203,405,395.43755477651194,384,408,393.9417177914111,364,56,54.74978089395269,54,3889,3575.355609114812,3069
Chau_Thanh,10.428426,105.156744,WS,T,1.65,7200,2022-03-27,20.9,80.8,28.64,32.65,25.38,1.54,10.428426,105.156744,25.006220070936045,7.27,0.7532338983974283,19.808064516129026,13.91,25.27,2.4664594179417985,77.2416129032258,64.47,87.54,6.190173324361764,28.511290322580646,26.71,30.32,1.0706788378301475,33.28322580645161,30.27,37.07,2.0413395145167734,24.850645161290327,23.23,25.84,0.6326132971783864,1.8222580645161288,0.83,2.83,0.5336345836680533,24.068291937317575,22.833586831955028,25.111718111232275,0.5746544128906169,8.43258064516129,4.460000000000001,12.3,1.9124110230062243,0.9017068965450331,0.4539761277216749,1.5336969985339284,0.30023088836592315,5552.112244897959,5552.112244897959,0.49302951682550855,108.17474489795917,108.17474489795917,69,233,320.6798469387755,320.6798469387755,139,408,54.18750000000001,54.18750000000001,48,73,0.30947877901208437,,,,,,0.3430624810009357,,,,0.26157231446566537,,,,0.8236617930631038,,,,1.514616111469945,,,,0.9881934494228887,0.2123591368238955,0.36645717123710764,1.8523538576656908,-16.31008965692936,1.0571838942419347,-19.889908297611136,-12.574923938095855,-11.378875612378405,1.336046364088361,-14.939954435154679,-6.216725272829713,3.2481177280748272,0.9841229814304943,1.159414619105629,9.915327394185152,353,157.78579614310556,105.27740859506069,8,1.3289425154117707,-16,2.2866743919422543,21,2.983116207387112,0,2.010603426567184,121.492,121.492,121.492,139.898,139.898,139.898,29.5,29.5,29.5,30.32,30.32,30.32,0.3665332794189453,0.3665332794189453,0.3665332794189453,0.0,126,123.19509524852204,121,409,372.7353198948291,351,306,288.7315950920245,269,354,326.15753724802795,298,239,225.4338299737073,199,435,395.3220858895706,361,400,379.31660823838735,360,60,57.85736196319019,55,3833,3394.897239263804,2913
Chau_Thanh,10.429142,105.151556,WS,T,3.08,7000,2022-03-27,20.9,80.8,28.64,32.65,25.38,1.54,10.429142,105.151556,25.006220070936045,7.27,0.7532338983974283,19.808064516129026,13.91,25.27,2.4664594179417985,77.2416129032258,64.47,87.54,6.190173324361764,28.511290322580646,26.71,30.32,1.0706788378301475,33.28322580645161,30.27,37.07,2.0413395145167734,24.850645161290327,23.23,25.84,0.6326132971783864,1.8222580645161288,0.83,2.83,0.5336345836680533,24.068291937317575,22.833586831955028,25.111718111232275,0.5746544128906169,8.43258064516129,4.460000000000001,12.3,1.9124110230062243,0.9017068965450331,0.4539761277216749,1.5336969985339284,0.30023088836592315,5108.269861286255,5108.269861286255,0.4292128817184639,100.03783102143757,100.03783102143757,69,147,332.0857503152585,332.0857503152585,277,408,60.5031525851198,60.5031525851198,41,73,0.30467367668523254,,,,,,0.3369343839513584,,,,0.2578270879238347,,,,0.8062191626907151,,,,1.4938954432653981,,,,1.0191933752390467,0.22203511842770599,0.399752520284069,1.8033319384380886,-16.613661153565328,0.9267398074616137,-20.188833951797097,-12.760979724758677,-11.855824515423274,1.2130204429166702,-15.115278886231131,-6.261435529300831,3.1356063665930356,1.012453587545967,1.2181163183215737,9.006190823156166,353,164.0405105474949,103.98575004659764,8,1.669243991912379,-16,2.214577314831657,21,2.994928772301875,0,2.003053469667643,121.492,121.492,121.492,139.898,139.898,139.898,29.5,29.5,29.5,30.32,30.32,30.32,0.3665332794189453,0.3665332794189453,0.3665332794189453,0.0,126,122.36439377329532,120,401,371.1262050832604,349,312,292.30148992112186,269,354,323.9886064855391,295,242,232.48247151621385,224,414,390.7267747589834,352,407,376.79754601227,351,61,58.078439964943044,55,3833,3282.9274758983356,2523
Chau_Thanh,10.429142,105.151556,SA,T,3.08,6500,2022-07-26,19.02,87.93,27.42,30.68,24.93,1.28,10.429142,105.151556,25.235711886270494,5.75,0.44105463235345804,16.532903225806454,6.87,23.62,3.760259251141608,89.21548387096774,79.44,93.35,3.1609664086852662,26.880322580645164,24.86,28.35,0.7741904569830754,29.289677419354838,26.92,31.62,1.3309891637448608,24.925806451612896,23.04,26.05,0.6015022816225108,2.3929032258064518,0.53,3.86,0.8792929474350111,24.936733557971582,23.013919027872713,25.86766694000002,0.5986562062215893,4.363870967741936,1.9899999999999984,7.540000000000003,1.3003068556439086,0.3854751880176685,0.22659304192761506,0.7757972023291232,0.128613393524389,6419.152585119798,6419.152585119798,0.6251055552053506,267.2421185372005,267.2421185372005,226,329,332.0857503152585,332.0857503152585,277,408,23.28499369482976,23.28499369482976,13,37,0.4521533557939925,,,,,,0.5250198241653093,,,,0.37277673332309946,,,,1.3415737410432578,,,,2.1298605673895614,,,,0.9371745063823854,0.2617462014823454,0.2668868652589375,1.8359321646459807,-16.709706700604894,1.1486372788292836,-21.74072821203234,-12.18166515334024,-11.406540378134173,1.7273511702569793,-16.307148675834114,-5.888316678835327,3.643938775966689,1.4576106862894844,1.1787297357859148,13.987624048561333,353,164.0405105474949,103.98575004659764,8,1.669243991912379,-16,2.214577314831657,21,2.994928772301875,0,2.003053469667643,118.275,118.275,118.275,75.081,75.081,75.081,29.0,29.0,29.0,29.57,29.57,29.57,0.43310546875,0.43310546875,0.43310546875,43.194,126,122.36439377329532,120,401,371.1262050832604,349,312,292.30148992112186,269,354,323.9886064855391,295,242,232.48247151621385,224,414,390.7267747589834,352,407,376.79754601227,351,61,58.078439964943044,55,3833,3282.9274758983356,2523
Chau_Thanh,10.429212,105.141436,SA,D,1.21,6000,2022-07-26,19.02,87.93,27.42,30.68,24.93,1.28,10.429212,105.141436,25.235711886270494,5.75,0.44105463235345804,16.532903225806454,6.87,23.62,3.760259251141608,89.21548387096774,79.44,93.35,3.1609664086852662,26.880322580645164,24.86,28.35,0.7741904569830754,29.289677419354838,26.92,31.62,1.3309891637448608,24.925806451612896,23.04,26.05,0.6015022816225108,2.3929032258064518,0.53,3.86,0.8792929474350111,24.936733557971582,23.013919027872713,25.86766694000002,0.5986562062215893,4.363870967741936,1.9899999999999984,7.540000000000003,1.3003068556439086,0.3854751880176685,0.22659304192761506,0.7757972023291232,0.128613393524389,4537.986163522012,4537.986163522012,0.44835494701320455,243.36477987421378,243.36477987421378,204,265,512.5119496855345,512.5119496855345,371,629,20.161006289308176,20.161006289308176,12,33,0.45030523951443413,,,,,,0.5226628637616257,,,,0.3713362615762415,,,,1.3348650370538775,,,,2.1218910796185817,,,,0.7154770593419165,0.2410022814742833,0.19015064122528239,1.8747120377809936,-15.390316143624268,1.3263158247966826,-19.92780231193357,-9.34435051789692,-8.549563870460018,1.9446530236048762,-16.294814403952373,-3.4054057773555724,5.230382194805698,2.133216498394544,1.1336610206731308,20.035953253825586,353,163.26642342977206,106.70485566255527,15,2.264503658432175,-7,2.192227908226107,15,2.9058686389051704,0,1.8665271362806237,118.275,118.275,118.275,75.081,75.081,75.081,29.0,29.0,29.0,29.57,29.57,29.57,0.43310546875,0.43310546875,0.43310546875,43.194,123,121.46211125711781,120,377,361.95533172761117,347,318,296.6658638055616,278,333,309.3164002627546,284,262,234.644624479965,213,424,410.62229034377066,396,374,354.5513466170352,322,61,56.384935406174726,55,3477,2993.6571053207795,2438
Chau_Thanh,10.429339,105.125493,WS,D,3.3,6800,2022-03-27,20.9,80.8,28.64,32.65,25.38,1.54,10.429339,105.125493,25.006220070936045,7.27,0.7532338983974283,19.808064516129026,13.91,25.27,2.4664594179417985,77.2416129032258,64.47,87.54,6.190173324361764,28.511290322580646,26.71,30.32,1.0706788378301475,33.28322580645161,30.27,37.07,2.0413395145167734,24.850645161290327,23.23,25.84,0.6326132971783864,1.8222580645161288,0.83,2.83,0.5336345836680533,24.068291937317575,22.833586831955028,25.111718111232275,0.5746544128906169,8.43258064516129,4.460000000000001,12.3,1.9124110230062243,0.9017068965450331,0.4539761277216749,1.5336969985339284,0.30023088836592315,2267.0604534005042,2267.0604534005042,0.26021854011082896,64.57304785894208,64.57304785894208,56,88,584.4244332493704,584.4244332493704,424,621,21.52644836272041,21.52644836272041,19,25,0.3050432999411442,,,,,,0.3374057760320951,,,,0.2581151822732063,,,,0.8075609034885912,,,,1.4954893408195942,,,,0.6139758247632062,0.1939243887883725,0.20278543001242613,1.5142121077160722,-19.517994804882985,2.0910275282051836,-26.792172665415315,-13.19727550633549,-11.892810708557175,1.7317356440916045,-19.640439924132167,-6.602632161960513,6.218684892947118,2.4577908599945197,1.6416378389902788,18.725283023316276,354,165.62029468525853,102.76784579439924,15,2.1458474671163135,-8,2.864275418836727,16,3.8082009972138633,0,2.2793297682368907,121.492,121.492,121.492,139.898,139.898,139.898,29.5,29.5,29.5,30.32,30.32,30.32,0.3665332794189453,0.3665332794189453,0.3665332794189453,0.0,124,122.23034814977005,120,417,376.2163819535699,344,319,297.31865965834425,273,324,305.3957512045554,281,246,232.2612790188348,217,433,420.8802014892685,404,370,346.93451598773544,324,60,56.76040297853702,55,3508,2828.4627682873406,2292
Chau_Thanh,10.429339,105.125493,SA,D,3.3,6000,2022-07-26,19.02,87.93,27.42,30.68,24.93,1.28,10.429339,105.125493,25.235711886270494,5.75,0.44105463235345804,16.532903225806454,6.87,23.62,3.760259251141608,89.21548387096774,79.44,93.35,3.1609664086852662,26.880322580645164,24.86,28.35,0.7741904569830754,29.289677419354838,26.92,31.62,1.3309891637448608,24.925806451612896,23.04,26.05,0.6015022816225108,2.3929032258064518,0.53,3.86,0.8792929474350111,24.936733557971582,23.013919027872713,25.86766694000002,0.5986562062215893,4.363870967741936,1.9899999999999984,7.540000000000003,1.3003068556439086,0.3854751880176685,0.22659304192761506,0.7757972023291232,0.128613393524389,2849.3841309823683,2849.3841309823683,0.3229646321527185,219.22544080604538,219.22544080604538,209,254,584.4244332493704,584.4244332493704,424,621,16.897984886649876,16.897984886649876,12,25,0.4499356162585224,,,,,,0.522191471680889,,,,0.37104816722686995,,,,1.3335232962560015,,,,2.120297182064386,,,,0.6106405173928614,0.17409081016369818,0.177777703359581,1.3315483751965123,-16.161099383857966,1.5020572332829492,-26.825661810874035,-12.29592207531503,-8.543659423290352,1.5663031445904259,-19.509453203008817,-3.640739619183946,6.1365928708119215,2.2780818685901965,2.004021539517611,21.50000941855697,354,165.62029468525853,102.76784579439924,15,2.1458474671163135,-8,2.864275418836727,16,3.8082009972138633,0,2.2793297682368907,118.275,118.275,118.275,75.081,75.081,75.081,29.0,29.0,29.0,29.57,29.57,29.57,0.43310546875,0.43310546875,0.43310546875,43.194,124,122.23034814977005,120,417,376.2163819535699,344,319,297.31865965834425,273,324,305.3957512045554,281,246,232.2612790188348,217,433,420.8802014892685,404,370,346.93451598773544,324,60,56.76040297853702,55,3508,2828.4627682873406,2292
Chau_Thanh,10.430085,105.221996,WS,D,2.75,7760,2022-03-27,20.9,80.8,28.64,32.65,25.38,1.54,10.430085,105.221996,25.006220070936045,7.27,0.7532338983974283,19.808064516129026,13.91,25.27,2.4664594179417985,77.2416129032258,64.47,87.54,6.190173324361764,28.511290322580646,26.71,30.32,1.0706788378301475,33.28322580645161,30.27,37.07,2.0413395145167734,24.850645161290327,23.23,25.84,0.6326132971783864,1.8222580645161288,0.83,2.83,0.5336345836680533,24.068291937317575,22.833586831955028,25.111718111232275,0.5746544128906169,8.43258064516129,4.460000000000001,12.3,1.9124110230062243,0.9017068965450331,0.4539761277216749,1.5336969985339284,0.30023088836592315,4499.501282051282,4499.501282051282,0.446348746066759,102.56538461538464,102.56538461538464,61,206,473.12564102564113,473.12564102564113,158,666,44.597435897435915,44.597435897435915,23,58,0.308739532500261,,,,,,0.3421196968394623,,,,0.2609961257669222,,,,0.8209783114673517,,,,1.5114283163615532,,,,0.8023013521538321,0.20666536118970635,0.1944394606359292,1.5750295826012295,-17.519882169386698,1.826916714491625,-24.968780243397077,-10.905081584169384,-11.359424180907794,1.8370120537605945,-16.108481786136384,-4.264028467881195,4.4247111814674325,1.9042398225141468,1.539634838727173,19.571955851542132,353,167.5725336389323,104.31114718202379,13,1.7375833975486228,-9,2.461803314766354,13,3.3198942258929227,0,2.1147615830840087,120.248,120.248,120.248,108.929,108.929,108.929,29.59,29.59,29.59,30.43,30.43,30.43,0.31356557210286456,0.31356557210286456,0.31356557210286456,11.319,127,125.4179071803853,124,395,364.3334794040316,343,307,294.72721297107796,270,355,333.8893514460999,301,239,216.6027607361964,209,407,394.261393514461,378,400,389.0959684487293,366,56,54.99758983347941,54,4062,3574.0604732690636,3126
Chau_Thanh,10.430085,105.221996,SA,D,2.75,6000,2022-07-28,19.71,85.56,27.6,30.48,25.14,1.61,10.430085,105.221996,24.952783099635962,5.34,0.5332377150662087,16.537419354838708,6.73,23.62,4.019790531970007,88.99290322580647,79.44,92.59,3.064938239180294,26.921935483870964,24.86,28.35,0.7658030545893081,29.399032258064516,26.92,31.62,1.3220642579637436,24.908064516129027,23.04,26.05,0.5967623364122854,2.317096774193548,0.53,3.85,0.8077695038065729,24.93641694560688,23.013919027872713,25.86766694000002,0.5990055829836034,4.490967741935484,2.150000000000002,7.540000000000003,1.2804569618762993,0.39411504305396844,0.2532125702380937,0.7757972023291232,0.1251438164465532,4519.6461538461535,4519.6461538461535,0.4489261284644923,241.6192307692308,241.6192307692308,201,318,473.12564102564113,473.12564102564113,158,666,38.6948717948718,38.6948717948718,30,45,0.46213318370360784,,,,,,0.5377474103452007,,,,0.38055528075613243,,,,1.377800742585911,,,,2.1728958013528508,,,,0.6638002426359946,0.18192690583188065,0.21880879316545265,1.3866216425229534,-16.457752639304072,1.6756466095125968,-23.78301925045401,-10.429079020633198,-9.286148617365908,1.805364433854689,-15.774292948140708,-2.1444400426255497,5.519775877775005,1.941724956896816,1.8847090491981744,17.280800977570372,353,167.5725336389323,104.31114718202379,13,1.7375833975486228,-9,2.461803314766354,13,3.3198942258929227,0,2.1147615830840087,114.47,114.47,114.47,270.522,270.522,270.522,29.09,29.09,29.09,29.63,29.63,29.63,0.4120362599690755,0.4120362599690755,0.4120362599690755,0.0,127,125.4179071803853,124,395,364.3334794040316,343,307,294.72721297107796,270,355,333.8893514460999,301,239,216.6027607361964,209,407,394.261393514461,378,400,389.0959684487293,366,56,54.99758983347941,54,4062,3574.0604732690636,3126
Chau_Thanh,10.43062,105.165627,WS,T,1.65,7600,2022-03-27,20.9,80.8,28.64,32.65,25.38,1.54,10.43062,105.165627,25.006220070936045,7.27,0.7532338983974283,19.808064516129026,13.91,25.27,2.4664594179417985,77.2416129032258,64.47,87.54,6.190173324361764,28.511290322580646,26.71,30.32,1.0706788378301475,33.28322580645161,30.27,37.07,2.0413395145167734,24.850645161290327,23.23,25.84,0.6326132971783864,1.8222580645161288,0.83,2.83,0.5336345836680533,24.068291937317575,22.833586831955028,25.111718111232275,0.5746544128906169,8.43258064516129,4.460000000000001,12.3,1.9124110230062243,0.9017068965450331,0.4539761277216749,1.5336969985339284,0.30023088836592315,7003.832051282051,7003.832051282051,0.7927072653235455,210.56410256410257,210.56410256410257,63,233,361.05641025641023,361.05641025641023,261,416,55.199999999999996,55.199999999999996,31,72,0.3057825464529676,,,,,,0.3383485601935685,,,,0.25869137097194944,,,,0.8102443850843433,,,,1.498677135927986,,,,0.8733337646482976,0.20126536851624557,0.20439135133082414,1.6917610258006974,-15.96682959729342,1.7200468293754607,-22.33039451290551,-6.661993772302881,-10.31465894875723,2.1200180433941744,-15.297126896156561,-1.3009072811254854,3.861159618675745,1.3287829580097648,1.3644001363057945,18.570299692014228,352,164.55039650652708,108.11235267930611,11,2.5493196158760667,-6,2.4352780969222927,12,2.856526550129752,0,1.7258645866181777,121.492,121.492,121.492,139.898,139.898,139.898,29.5,29.5,29.5,30.32,30.32,30.32,0.3665332794189453,0.3665332794189453,0.3665332794189453,0.0,127,124.34852135815993,121,399,365.46002190580504,330,301,281.72705366922236,237,337,320.5220153340635,282,229,213.93296823658264,199,435,395.2194961664841,376,406,390.78904709748076,360,60,56.9382256297919,54,3628,3217.2473165388824,2646
Chau_Thanh,10.43062,105.165627,SA,T,1.65,5500,2022-07-26,19.02,87.93,27.42,30.68,24.93,1.28,10.43062,105.165627,25.235711886270494,5.75,0.44105463235345804,16.532903225806454,6.87,23.62,3.760259251141608,89.21548387096774,79.44,93.35,3.1609664086852662,26.880322580645164,24.86,28.35,0.7741904569830754,29.289677419354838,26.92,31.62,1.3309891637448608,24.925806451612896,23.04,26.05,0.6015022816225108,2.3929032258064518,0.53,3.86,0.8792929474350111,24.936733557971582,23.013919027872713,25.86766694000002,0.5986562062215893,4.363870967741936,1.9899999999999984,7.540000000000003,1.3003068556439086,0.3854751880176685,0.22659304192761506,0.7757972023291232,0.128613393524389,5996.497435897435,5996.497435897435,0.636237167829634,220.97564102564095,220.97564102564095,203,280,361.05641025641023,361.05641025641023,261,416,77.95384615384614,77.95384615384614,43,98,0.4495659930026108,,,,,,0.5217200796001522,,,,0.37076007287749835,,,,1.3321815554581253,,,,2.11870328451019,,,,0.8686440517052304,0.19846180791067392,0.23835276042137035,1.7812676524092772,-16.491494257692665,2.060094883215513,-23.697942347599877,-8.30507385799137,-10.814972487479034,2.390586956250756,-16.38653041052077,-2.4811322834642393,3.8672808765020688,1.2261431008155685,1.2455917809935786,15.781848856831475,352,164.55039650652708,108.11235267930611,11,2.5493196158760667,-6,2.4352780969222927,12,2.856526550129752,0,1.7258645866181777,118.275,118.275,118.275,75.081,75.081,75.081,29.0,29.0,29.0,29.57,29.57,29.57,0.43310546875,0.43310546875,0.43310546875,43.194,127,124.34852135815993,121,399,365.46002190580504,330,301,281.72705366922236,237,337,320.5220153340635,282,229,213.93296823658264,199,435,395.2194961664841,376,406,390.78904709748076,360,60,56.9382256297919,54,3628,3217.2473165388824,2646
Chau_Thanh,10.430707,105.315671,WS,T,1.54,7040,2022-03-20,20.78,72.28,29.09,35.35,24.88,2.26,10.430707,105.315671,23.577744259819237,10.470000000000002,1.1161620132719434,19.75354838709677,13.91,25.27,2.5954831092186548,73.59774193548388,60.66,86.5,8.00049664171218,28.710000000000004,26.95,30.47,1.0898238981744977,34.33645161290322,30.63,38.48,2.325665424564231,24.4841935483871,22.56,25.75,0.7364070324064886,1.954193548387097,0.68,2.83,0.5440574815074076,23.41280997252654,21.12681833274576,24.806145378787576,1.0106269478643832,9.85225806451613,5.43,14.7,2.4549866429929255,1.0597048698563758,0.48813969021282255,1.6478924176167693,0.377401281567073,6393.829299363055,6393.829299363055,0.6451372109506989,132.37324840764327,132.37324840764327,128,158,463.47515923566874,463.47515923566874,411,579,61.399999999999984,61.399999999999984,57,68,0.27621268598003323,,,,,,0.300637193734631,,,,0.2356438230222222,,,,0.7029051212542596,,,,1.371165331592314,,,,0.9642183036915545,0.22257652259158678,0.2186934292643196,1.951424500452501,-16.530452511004384,1.501800983479502,-24.08719850296557,-8.09846621953694,-11.440407081491834,1.8490735080765643,-17.585583226554313,-0.20976369405654682,3.398106119151408,1.1801933480376732,1.0497846568352867,17.290444360655563,352,163.86428867799026,105.4178197220364,13,0.6940633705881972,-9,2.7841349272525053,12,3.7927679024216756,0,2.206052534376383,129.406,129.406,129.406,154.678,154.678,154.678,29.53,29.53,29.53,30.49,30.49,30.49,0.30064646402994794,0.30064646402994794,0.30064646402994794,0.0,124,121.13644327639068,119,394,377.8343195266272,361,335,313.13499890422963,292,356,335.97063335524865,317,222,211.07232084155152,201,400,375.56870479947395,351,427,413.21104536489145,388,61,57.45847030462414,56,3686,3372.376725838263,3105
Chau_Thanh,10.432459,105.260003,SA,T,3.3,5500,2022-07-28,19.71,85.56,27.6,30.48,25.14,1.61,10.432459,105.260003,24.952783099635962,5.34,0.5332377150662087,16.537419354838708,6.73,23.62,4.019790531970007,88.99290322580647,79.44,92.59,3.064938239180294,26.921935483870964,24.86,28.35,0.7658030545893081,29.399032258064516,26.92,31.62,1.3220642579637436,24.908064516129027,23.04,26.05,0.5967623364122854,2.317096774193548,0.53,3.85,0.8077695038065729,24.93641694560688,23.013919027872713,25.86766694000002,0.5990055829836034,4.490967741935484,2.150000000000002,7.540000000000003,1.2804569618762993,0.39411504305396844,0.2532125702380937,0.7757972023291232,0.1251438164465532,2355.281368821293,2355.281368821293,0.06787260969979957,203.26235741444873,203.26235741444873,187,248,446.15462610899885,446.15462610899885,416,515,22.316856780735108,22.316856780735108,13,29,0.4617635604476962,,,,,,0.537276018264464,,,,0.3802671864067608,,,,1.376459001788035,,,,2.1713019037986547,,,,0.5335236519410339,0.21758752411065632,0.11425879575920597,1.5061748592302138,-19.911554047317804,2.3094599834083507,-27.433588437828956,-12.859613085033413,-11.420370386268486,2.0279136101838415,-17.655265261653717,-5.9161537191341935,7.958643776086532,4.0814417006832775,1.6557341436732966,34.00824574092113,353,167.41474675624056,102.71228923505957,12,1.495600342488309,-9,3.0931973281198224,14,4.251356780609893,0,2.4057997556084976,114.47,114.47,114.47,270.522,270.522,270.522,29.09,29.09,29.09,29.63,29.63,29.63,0.4120362599690755,0.4120362599690755,0.4120362599690755,0.0,127,121.79925487617795,120,386,374.46174084630564,362,318,300.5786011839509,276,350,326.80508660381497,298,212,190.53190089892567,173,459,426.98158298618716,376,414,382.5704889278667,364,58,55.18745889059416,55,3473,3216.279105459329,2781
Chau_Thanh,10.433791,105.231265,WS,T,1.98,6800,2022-03-27,20.9,80.8,28.64,32.65,25.38,1.54,10.433791,105.231265,25.006220070936045,7.27,0.7532338983974283,19.808064516129026,13.91,25.27,2.4664594179417985,77.2416129032258,64.47,87.54,6.190173324361764,28.511290322580646,26.71,30.32,1.0706788378301475,33.28322580645161,30.27,37.07,2.0413395145167734,24.850645161290327,23.23,25.84,0.6326132971783864,1.8222580645161288,0.83,2.83,0.5336345836680533,24.068291937317575,22.833586831955028,25.111718111232275,0.5746544128906169,8.43258064516129,4.460000000000001,12.3,1.9124110230062243,0.9017068965450331,0.4539761277216749,1.5336969985339284,0.30023088836592315,5308.934673366834,5308.934673366834,0.54776696317308,127.26256281407036,127.26256281407036,65,151,528.2185929648242,528.2185929648242,362,600,40.4748743718593,40.4748743718593,35,54,0.3054129231970559,,,,,,0.3378771681128318,,,,0.2584032766225779,,,,0.8089026442864673,,,,1.49708323837379,,,,0.8736923437711808,0.21966156264875336,0.22085557589949664,1.853119886456233,-15.86101653881486,1.8811651298215801,-22.028229732714102,-7.116080466239157,-10.195030168088707,2.5624287065289075,-16.46888816010737,-0.5092942285472113,3.8966396322514125,1.3936533547726198,1.1585219764973214,17.111383349543573,352,170.66396862455827,105.02319003474946,11,2.312680907674931,-7,2.6189788170634922,11,3.0714838463235585,0,1.730512073891537,120.248,120.248,120.248,108.929,108.929,108.929,29.59,29.59,29.59,30.43,30.43,30.43,0.31356557210286456,0.31356557210286456,0.31356557210286456,11.319,130,126.86092860271572,125,385,366.5053669222345,335,297,280.27294633077776,256,355,328.0852135815992,289,246,222.32048192771092,212,407,395.2076670317635,376,403,382.40788608981387,351,56,55.26549835706463,55,3838,3461.201533406353,3126
Chau_Thanh,10.434116,105.27315,WS,T,2.2,7000,2022-03-25,24.32,79.29,28.88,34.16,25.29,1.97,10.434116,105.27315,24.922375101044477,8.869999999999997,0.823840279763745,19.71870967741935,13.91,25.27,2.575182726915339,76.08354838709677,62.87,87.54,6.760468369147165,28.60806451612903,26.71,30.32,1.0763930789232148,33.54290322580644,30.27,37.07,2.114771692929381,24.766129032258064,23.19,25.84,0.7272692070201437,1.8090322580645155,0.83,2.83,0.5346651339025486,23.89832591306624,21.693268342351598,25.111718111232275,0.7554782366252685,8.776774193548386,4.460000000000001,13.179999999999996,2.1410826129467915,0.9529690517046733,0.4539761277216749,1.5336969985339284,0.3215872578758214,4108.944091486658,4108.944091486658,0.2727725179788532,107.24396442185513,107.24396442185513,98,123,401.6048284625158,401.6048284625158,322,515,41.52096569250316,41.52096569250316,34,62,0.2913672394724121,,,,,,0.3199642690448365,,,,0.24745569134645742,,,,0.7579164939671775,,,,1.4365151313143458,,,,0.8421060072249269,0.22480766978957245,0.3163633972530208,1.9045926745963384,-18.288858283256133,1.6524399312316331,-23.763904083866365,-12.864154573086058,-12.407365276972522,1.5027411808357203,-17.68696468725841,-7.435617215545729,4.098078870975648,1.386391267289121,1.1001865928355339,11.64368771713778,350,161.3339172871177,103.30255322094071,10,1.1455625549514787,-16,2.517587778250632,15,3.134442186928877,0,1.9087129613468916,113.426,113.426,113.426,31.046,31.046,31.046,28.84,28.84,28.84,29.63,29.63,29.63,0.30832862854003906,0.30832862854003906,0.30832862854003906,82.38,126,123.32515337423317,121,411,381.2287968441815,362,320,301.4608809993427,279,336,319.9443348674118,300,212,186.97085250931408,172,458,426.1527503835197,369,424,386.9432390970854,366,60,56.162612316458485,55,3661,3131.264299802762,2789
Chau_Thanh,10.434624,105.327551,WS,T,2.53,7400,2022-03-20,20.78,72.28,29.09,35.35,24.88,2.26,10.434624,105.327551,23.577744259819237,10.470000000000002,1.1161620132719434,19.75354838709677,13.91,25.27,2.5954831092186548,73.59774193548388,60.66,86.5,8.00049664171218,28.710000000000004,26.95,30.47,1.0898238981744977,34.33645161290322,30.63,38.48,2.325665424564231,24.4841935483871,22.56,25.75,0.7364070324064886,1.954193548387097,0.68,2.83,0.5440574815074076,23.41280997252654,21.12681833274576,24.806145378787576,1.0106269478643832,9.85225806451613,5.43,14.7,2.4549866429929255,1.0597048698563758,0.48813969021282255,1.6478924176167693,0.377401281567073,6707.604086845466,6707.604086845466,0.6656048281476716,131.0485312899106,131.0485312899106,125,147,569.1213282247766,569.1213282247766,437,630,58.065134099616856,58.065134099616856,47,70,0.2765823092359449,,,,,,0.3011085858153677,,,,0.23593191737159377,,,,0.7042468620521356,,,,1.37275922914651,,,,0.9864686654083297,0.22004984026606833,0.34962228183295135,1.9132141603826496,-16.92062407275067,1.1982031309938406,-21.513262570555334,-13.21997242874978,-11.971079531439198,1.414619238560311,-15.908740833457877,-7.274346294372971,3.2747475948881113,1.0389902895120597,1.0907225562244354,10.440918407800995,349,165.3509657023364,104.41613142280507,9,0.625175769351094,-11,2.456605399889955,16,2.968303887507614,0,1.8195980049171596,129.406,129.406,129.406,154.678,154.678,154.678,29.53,29.53,29.53,30.49,30.49,30.49,0.30064646402994794,0.30064646402994794,0.30064646402994794,0.0,126,123.91277668200746,122,404,382.8443665059184,364,314,297.6260412099956,267,360,346.3042525208242,305,237,216.62341078474353,208,391,361.7459447610696,349,432,421.5578693555458,375,60,56.30271810609382,56,3471,3168.6536606751424,2743
Chau_Thanh,10.434624,105.327551,SA,T,2.53,6600,2022-07-10,14.99,91.12,26.14,28.49,24.82,3.69,10.434624,105.327551,24.572449904982665,3.669999999999998,0.3009751118993963,16.687419354838706,6.87,23.62,4.251678202053742,90.33161290322583,81.27,94.19,2.806237403764179,26.94741935483871,25.66,27.84,0.5602762437430392,29.665806451612905,26.96,31.63,1.1235162952822841,24.787419354838708,23.29,25.36,0.4442533986432018,2.414193548387097,0.86,3.69,0.7904297491526199,25.214997597395016,24.130094953000818,25.85569627986475,0.4244131177698074,4.878387096774194,2.4399999999999977,8.34,1.2624019521791643,0.3461232066336105,0.1952996540418091,0.6932754681442975,0.1100932686993887,4231.971902937421,4231.971902937421,0.31142206461806937,218.41123882503194,218.41123882503194,207,230,569.1213282247766,569.1213282247766,437,630,30.06896551724138,30.06896551724138,27,37,0.388208532521272,,,,,,0.4434689941978569,,,,0.32293641088181424,,,,1.1094525830107016,,,,1.8541162905136712,,,,1.018157332001531,0.23984926427118022,0.3567471305030271,1.931003551944574,-17.157257743615506,1.0143737880921901,-20.498491296173068,-12.047210257717364,-12.381559341659923,1.5046846269248355,-16.30788467989374,-5.673591577356944,3.1636993979945567,1.04466804736624,1.0714617515705183,10.212423753373564,349,165.3509657023364,104.41613142280507,9,0.625175769351094,-11,2.456605399889955,16,2.968303887507614,0,1.8195980049171596,109.587,109.587,109.587,26.136,26.136,26.136,27.07,27.07,27.07,27.77,27.77,27.77,0.39911969502766925,0.39911969502766925,0.39911969502766925,83.451,126,123.91277668200746,122,404,382.8443665059184,364,314,297.6260412099956,267,360,346.3042525208242,305,237,216.62341078474353,208,391,361.7459447610696,349,432,421.5578693555458,375,60,56.30271810609382,56,3471,3168.6536606751424,2743
Chau_Thanh,10.43531,105.292557,WS,T,1.87,7600,2022-03-25,24.32,79.29,28.88,34.16,25.29,1.97,10.43531,105.292557,24.922375101044477,8.869999999999997,0.823840279763745,19.71870967741935,13.91,25.27,2.575182726915339,76.08354838709677,62.87,87.54,6.760468369147165,28.60806451612903,26.71,30.32,1.0763930789232148,33.54290322580644,30.27,37.07,2.114771692929381,24.766129032258064,23.19,25.84,0.7272692070201437,1.8090322580645155,0.83,2.83,0.5346651339025486,23.89832591306624,21.693268342351598,25.111718111232275,0.7554782366252685,8.776774193548386,4.460000000000001,13.179999999999996,2.1410826129467915,0.9529690517046733,0.4539761277216749,1.5336969985339284,0.3215872578758214,2928.256637168142,2928.256637168142,0.1594474564172314,87.28950695322378,87.28950695322378,68,115,514.0316055625791,514.0316055625791,448,534,44.28950695322377,44.28950695322377,25,62,0.2909976162165004,,,,,,0.3194928769640998,,,,0.24716759699708582,,,,0.7565747531693015,,,,1.43492123376015,,,,0.714843777396866,0.20616448960756611,0.2281264634400451,1.5603694987677428,-19.603028491867647,2.013960267093921,-24.565975459096542,-10.150056249555927,-12.803901201309907,1.8662693475473036,-17.864376736974272,-1.2431966114138364,5.104034688145144,1.8883178713976665,1.5634953792411899,16.53413409247567,352,164.7118407403139,103.47440584322551,9,0.8781709505853683,-14,2.7038750873841577,16,3.4681299501078513,0,2.1777404698679317,113.426,113.426,113.426,31.046,31.046,31.046,28.84,28.84,28.84,29.63,29.63,29.63,0.30832862854003906,0.30832862854003906,0.30832862854003906,82.38,123,120.89268506351293,120,398,378.78707557502736,360,315,304.08784227820365,284,344,332.18357064622126,315,210,198.5296823658269,176,455,414.0219058050383,388,408,387.3001095290251,366,60,58.40525739320917,55,3756,3443.48630887185,3177
Chau_Thanh,10.43531,105.292557,SA,T,1.87,5500,2022-07-15,15.33,90.06,27.15,29.75,25.4,2.68,10.43531,105.292557,25.37304309839621,4.350000000000001,0.35752549714924664,16.52774193548387,6.87,23.62,4.116383246270553,89.32290322580646,79.44,93.35,3.1673456818058416,27.14096774193548,25.9,28.35,0.5792784991733929,29.549032258064518,26.92,31.62,1.139248067915737,25.27838709677419,24.08,26.12,0.4662208861389811,2.4841935483870965,0.53,3.86,0.8725149936545074,25.214138036281952,24.07069434896019,25.902008550533132,0.4404433246283723,4.270645161290323,1.9899999999999984,7.540000000000003,1.2672778433137728,0.386878125089941,0.22659304192761506,0.7757972023291232,0.12722011140749237,2743.5726927939318,2743.5726927939318,0.13356428430067238,257.06953223767385,257.06953223767385,237,262,514.0316055625791,514.0316055625791,448,534,27.868520859671303,27.868520859671303,27,29,0.41075555113188444,,,,,,0.47222391112279677,,,,0.3405101661934813,,,,1.1912987716811405,,,,1.9513440413196208,,,,0.9042419762779629,0.261081659124912,0.2250788071907871,2.167492260332336,-18.04933331370739,1.3410685784602525,-23.539149235798135,-10.153108876507863,-12.542882253019423,1.7325510577231227,-19.395178466892396,0.9256271976378388,3.8090440702956387,1.4729094634554925,0.8454506496769179,16.77155321695577,352,164.7118407403139,103.47440584322551,9,0.8781709505853683,-14,2.7038750873841577,16,3.4681299501078513,0,2.1777404698679317,92.461,92.461,92.461,102.008,102.008,102.008,26.91,26.91,26.91,27.48,27.48,27.48,0.4104169209798177,0.4104169209798177,0.4104169209798177,0.0,123,120.89268506351293,120,398,378.78707557502736,360,315,304.08784227820365,284,344,332.18357064622126,315,210,198.5296823658269,176,455,414.0219058050383,388,408,387.3001095290251,366,60,58.40525739320917,55,3756,3443.48630887185,3177
Chau_Thanh,10.435839,105.132981,WS,D,1.21,7920,2022-03-27,20.9,80.8,28.64,32.65,25.38,1.54,10.435839,105.132981,25.006220070936045,7.27,0.7532338983974283,19.808064516129026,13.91,25.27,2.4664594179417985,77.2416129032258,64.47,87.54,6.190173324361764,28.511290322580646,26.71,30.32,1.0706788378301475,33.28322580645161,30.27,37.07,2.0413395145167734,24.850645161290327,23.23,25.84,0.6326132971783864,1.8222580645161288,0.83,2.83,0.5336345836680533,24.068291937317575,22.833586831955028,25.111718111232275,0.5746544128906169,8.43258064516129,4.460000000000001,12.3,1.9124110230062243,0.9017068965450331,0.4539761277216749,1.5336969985339284,0.30023088836592315,2848.786075949367,2848.786075949367,0.3357981811101534,90.88227848101266,90.88227848101266,56,118,510.5341772151898,510.5341772151898,424,606,30.343037974683543,30.343037974683543,21,44,0.30652179296479093,,,,,,0.339291344355042,,,,0.25926755967069265,,,,0.8129278666800954,,,,1.5018649310363776,,,,0.6317489798322835,0.1638595631336937,0.04535872467675946,1.337627060195202,-16.913211025568696,2.43301797566929,-23.440657771824277,-4.2325538870406785,-9.490394778111844,2.7588940993469304,-16.053172418518773,8.180966180823859,5.891143718723674,3.030018479205929,1.9903701255985906,87.1859009155407,350,163.35062732571535,105.42902621210571,15,3.468620542035764,-4,2.93957987235748,14,3.2528270820298353,0,1.9863756970612902,121.492,121.492,121.492,139.898,139.898,139.898,29.5,29.5,29.5,30.32,30.32,30.32,0.3665332794189453,0.3665332794189453,0.3665332794189453,0.0,124,121.7519702276708,120,394,362.4598380389583,347,319,298.6010067848545,269,324,300.26636025388495,280,262,241.0129131100898,225,440,417.78835631429206,405,361,341.25344714379514,321,58,56.13832348435107,55,3294,2772.330706938061,2353
Chau_Thanh,10.436532,105.313783,WS,T,1.32,7760,2022-03-20,20.78,72.28,29.09,35.35,24.88,2.26,10.436532,105.313783,23.577744259819237,10.470000000000002,1.1161620132719434,19.75354838709677,13.91,25.27,2.5954831092186548,73.59774193548388,60.66,86.5,8.00049664171218,28.710000000000004,26.95,30.47,1.0898238981744977,34.33645161290322,30.63,38.48,2.325665424564231,24.4841935483871,22.56,25.75,0.7364070324064886,1.954193548387097,0.68,2.83,0.5440574815074076,23.41280997252654,21.12681833274576,24.806145378787576,1.0106269478643832,9.85225806451613,5.43,14.7,2.4549866429929255,1.0597048698563758,0.48813969021282255,1.6478924176167693,0.377401281567073,6663.737106918238,6663.737106918238,0.6814262767875423,139.70440251572327,139.70440251572327,127,158,506.99119496855343,506.99119496855343,389,579,65.78238993710691,65.78238993710691,59,68,0.2769519324918566,,,,,,0.3015799778961044,,,,0.23622001172096538,,,,0.7055886028500117,,,,1.3743531267007059,,,,0.9604484515411941,0.21248874374903826,0.056529975899809015,1.7565359359363317,-16.279181797070123,1.8482615575224768,-27.260627617259487,-12.079116635772344,-11.168812937408894,1.9310094774603395,-21.106160956778744,4.623482704315904,3.448986796192158,2.0926042196113364,1.2772093175923422,69.75891925178608,353,169.36161622814245,105.33463563884843,17,1.2644877663252876,-9,2.852295072928533,23,3.917920769256101,0,2.4000895690660697,,,,,,,,,,,,,,,,,127,122.02937308198155,119,387,374.06571741511493,363,319,305.9544359255203,275,357,334.9588170865279,315,227,210.6317634173056,197,422,384.7242059145674,351,427,404.62212486308874,363,61,56.92946330777656,55,3656,3340.7789704271627,2985
Chau_Thanh,10.436532,105.313783,SA,T,1.32,5500,2022-07-10,14.99,91.12,26.14,28.49,24.82,3.69,10.436532,105.313783,24.572449904982665,3.669999999999998,0.3009751118993963,16.687419354838706,6.87,23.62,4.251678202053742,90.33161290322583,81.27,94.19,2.806237403764179,26.94741935483871,25.66,27.84,0.5602762437430392,29.665806451612905,26.96,31.63,1.1235162952822841,24.787419354838708,23.29,25.36,0.4442533986432018,2.414193548387097,0.86,3.69,0.7904297491526199,25.214997597395016,24.130094953000818,25.85569627986475,0.4244131177698074,4.878387096774194,2.4399999999999977,8.34,1.2624019521791643,0.3461232066336105,0.1952996540418091,0.6932754681442975,0.1100932686993887,5899.269182389938,5899.269182389938,0.5663102830990315,228.33207547169812,228.33207547169812,220,253,506.99119496855343,506.99119496855343,389,579,55.818867924528305,55.818867924528305,39,73,0.3889477790330954,,,,,,0.4444117783593303,,,,0.32351259958055745,,,,1.1121360646064538,,,,1.8573040856220628,,,,0.9350481673070908,0.22474123943296703,0.0056513955131131865,1.9451446750829784,-17.018366978172523,1.6736742614500806,-26.984652052080786,-11.810394965233183,-11.717523043109098,2.3646394885199356,-20.66844830303981,15.890164236886594,4.351926473447342,19.267827476079894,1.0564023083935201,706.7897823145842,353,169.36161622814245,105.33463563884843,17,1.2644877663252876,-9,2.852295072928533,23,3.917920769256101,0,2.4000895690660697,,,,,,,,,,,,,,,,,127,122.02937308198155,119,387,374.06571741511493,363,319,305.9544359255203,275,357,334.9588170865279,315,227,210.6317634173056,197,422,384.7242059145674,351,427,404.62212486308874,363,61,56.92946330777656,55,3656,3340.7789704271627,2985
Chau_Thanh,10.436907,105.236241,SA,T,1.375,6000,2022-07-28,19.71,85.56,27.6,30.48,25.14,1.61,10.436907,105.236241,24.952783099635962,5.34,0.5332377150662087,16.537419354838708,6.73,23.62,4.019790531970007,88.99290322580647,79.44,92.59,3.064938239180294,26.921935483870964,24.86,28.35,0.7658030545893081,29.399032258064516,26.92,31.62,1.3220642579637436,24.908064516129027,23.04,26.05,0.5967623364122854,2.317096774193548,0.53,3.85,0.8077695038065729,24.93641694560688,23.013919027872713,25.86766694000002,0.5990055829836034,4.490967741935484,2.150000000000002,7.540000000000003,1.2804569618762993,0.39411504305396844,0.2532125702380937,0.7757972023291232,0.1251438164465532,4928.3583227446,4928.3583227446,0.45018573508707244,209.7395171537484,209.7395171537484,197,247,554.9059720457434,554.9059720457434,478,651,28.429479034307494,28.429479034307494,19,32,0.4606546906799611,,,,,,0.5358618420222538,,,,0.37940290335864607,,,,1.3724337793944068,,,,2.166520211136067,,,,0.7800511466701522,0.1948017431007212,0.23492595251157108,2.0902035916743,-16.826558128461798,2.8439789345698765,-25.429061759359968,-3.2473443205268526,-10.543125728013962,2.5367345409758815,-17.81261172796654,1.1269529078455478,4.463549951990032,1.483691741579331,0.9136891812514348,16.026641617226105,350,167.65481765430383,105.38772256963769,15,2.463441943791287,-8,2.7603529574055594,16,3.2780335513446235,0,2.1010398535722983,,,,,,,,,,,,,,,,,130,126.65074496056091,123,390,370.71842105263147,341,299,273.03026315789464,242,355,324.7236842105262,287,240,220.36184210526312,183,447,405.39320175438587,387,394,374.2478070175438,355,56,55.25153508771928,55,3667,3162.402631578947,2633
Chau_Thanh,10.437524,105.185343,WS,D,2.75,8000,2022-03-26,25.27,72.53,29.39,34.49,24.94,1.18,10.437524,105.185343,23.923026939473232,9.55,1.125403854694864,19.84290322580645,13.91,25.27,2.4594507563463877,76.60451612903225,62.87,87.54,6.606202285491766,28.56322580645161,26.71,30.32,1.0797472437111237,33.41935483870967,30.27,37.07,2.101064147404559,24.80225806451613,23.19,25.84,0.6971264044097641,1.813225806451613,0.83,2.83,0.5335963624723322,23.97198683297999,21.693268342351598,25.111718111232275,0.7006368136219876,8.617096774193548,4.460000000000001,13.179999999999996,2.0784100522932105,0.9300802971562399,0.4539761277216749,1.5336969985339284,0.3165876155033612,3716.6248415716095,3716.6248415716095,0.4400385299955342,77.83650190114068,77.83650190114068,62,138,478.1875792141951,478.1875792141951,314,552,42.533586818757925,42.533586818757925,32,56,0.29875970459064566,,,,,,0.32939211065957086,,,,0.25321757833388925,,,,0.7847513099246984,,,,1.4683930823982638,,,,0.9192460535900878,0.1890864134318115,0.19937107154664052,1.6234453943473939,-16.967419889757938,1.0180883026142786,-20.758283537360036,-8.15719877049861,-11.628095339263373,1.1326306897662266,-15.465099500419921,-2.6508910171732514,3.555370942644308,1.0749781240500433,1.4638956221918098,19.063091244730796,350,161.5165442750355,105.94379052186515,7,1.5524022787894758,-11,2.03894406692768,13,2.676632528731848,0,1.699982541162556,,,,,,,,,,,,,,,,,127,125.30850131463626,123,376,350.2181060938185,339,299,291.08110477860595,281,344,328.3277071459887,308,218,211.57606313020605,204,402,385.2523016220956,364,418,402.89083735203866,383,57,55.38119245944761,55,3744,3468.787154756686,2964
Chau_Thanh,10.437524,105.202166,WS,D,2.31,7200,2022-03-26,25.27,72.53,29.39,34.49,24.94,1.18,10.437524,105.202166,23.923026939473232,9.55,1.125403854694864,19.84290322580645,13.91,25.27,2.4594507563463877,76.60451612903225,62.87,87.54,6.606202285491766,28.56322580645161,26.71,30.32,1.0797472437111237,33.41935483870967,30.27,37.07,2.101064147404559,24.80225806451613,23.19,25.84,0.6971264044097641,1.813225806451613,0.83,2.83,0.5335963624723322,23.97198683297999,21.693268342351598,25.111718111232275,0.7006368136219876,8.617096774193548,4.460000000000001,13.179999999999996,2.0784100522932105,0.9300802971562399,0.4539761277216749,1.5336969985339284,0.3165876155033612,5097.627848101266,5097.627848101266,0.579502458618926,126.06455696202535,126.06455696202535,63,154,172.75569620253168,172.75569620253168,138,630,51.23164556962025,51.23164556962025,42,55,0.29728121156699894,,,,,,0.327506542336624,,,,0.2520652009364029,,,,0.7793843467331942,,,,1.4620174921814804,,,,0.8766791878908216,0.21004350130838,0.2872064668956929,1.8943756837006756,-17.364536547062368,1.6539628880274713,-27.405596656960824,-11.155267189591124,-11.720936082298538,1.7723654314871815,-20.72446552433873,-2.6297427113884964,3.8779003527811553,1.4227797823094506,1.1115135896307395,12.927263000845704,353,167.0141867327045,107.78052401747543,9,0.9569655935507666,-8,2.1288948921933604,10,2.8021036408662194,0,1.8462195894559505,,,,,,,,,,,,,,,,,127,126.16538882803945,125,398,364.1362839614373,340,332,302.6391323400526,266,357,342.0907099035933,294,221,211.72458369851006,201,407,394.6476774758983,377,408,393.491893076249,380,58,56.04360210341805,55,3823,3503.756354075373,2764
Chau_Thanh,10.438048,105.153225,WS,T,5.5,8000,2022-03-27,20.9,80.8,28.64,32.65,25.38,1.54,10.438048,105.153225,25.006220070936045,7.27,0.7532338983974283,19.808064516129026,13.91,25.27,2.4664594179417985,77.2416129032258,64.47,87.54,6.190173324361764,28.511290322580646,26.71,30.32,1.0706788378301475,33.28322580645161,30.27,37.07,2.0413395145167734,24.850645161290327,23.23,25.84,0.6326132971783864,1.8222580645161288,0.83,2.83,0.5336345836680533,24.068291937317575,22.833586831955028,25.111718111232275,0.5746544128906169,8.43258064516129,4.460000000000001,12.3,1.9124110230062243,0.9017068965450331,0.4539761277216749,1.5336969985339284,0.30023088836592315,5573.835025380712,5573.835025380712,0.5583329621166437,106.02791878172592,106.02791878172592,63,158,333.26522842639594,333.26522842639594,139,466,49.257614213197975,49.257614213197975,41,63,0.3068914162207026,,,,,,0.3397627364357787,,,,0.25955565402006425,,,,0.8142696074779714,,,,1.5034588285905737,,,,0.9236481722807507,0.2526835940904354,0.17270914796808895,1.7983966858351743,-15.992642534735197,1.84643779396421,-24.06381427796367,-5.985670314783658,-10.594197514186858,2.700707578246809,-16.217731254927358,3.450139111268764,3.766734082495393,1.7824179695874598,1.2242033871088913,22.16032501497298,350,162.70740935884353,106.59141597561963,11,2.498992327197287,-5,2.2198031050399205,10,2.7883623670431716,0,1.7767010628315238,,,,,,,,,,,,,,,,,126,123.25580885576505,121,372,358.2622231966674,343,315,294.4211795658846,269,331,310.09888182416137,295,250,226.14053935540448,198,428,399.7978513483886,367,395,373.9903529927647,354,61,58.0611707958781,54,3442,2908.2332821749615,2523
Chau_Thanh,10.438048,105.153225,SA,T,5.5,6400,2022-07-26,19.02,87.93,27.42,30.68,24.93,1.28,10.438048,105.153225,25.235711886270494,5.75,0.44105463235345804,16.532903225806454,6.87,23.62,3.760259251141608,89.21548387096774,79.44,93.35,3.1609664086852662,26.880322580645164,24.86,28.35,0.7741904569830754,29.289677419354838,26.92,31.62,1.3309891637448608,24.925806451612896,23.04,26.05,0.6015022816225108,2.3929032258064518,0.53,3.86,0.8792929474350111,24.936733557971582,23.013919027872713,25.86766694000002,0.5986562062215893,4.363870967741936,1.9899999999999984,7.540000000000003,1.3003068556439086,0.3854751880176685,0.22659304192761506,0.7757972023291232,0.128613393524389,6042.408629441626,6042.408629441626,0.6299755138483487,257.3946700507614,257.3946700507614,205,329,333.26522842639594,333.26522842639594,139,466,32.56091370558376,32.56091370558376,13,49,0.4506748627703458,,,,,,0.5231342558423624,,,,0.3716243559256131,,,,1.3362067778517535,,,,2.1234849771727777,,,,0.9263624008451637,0.29362832801814076,0.03704364157774439,1.972245762289305,-16.553854389313287,2.116937750953381,-24.354290972137555,-4.637194270451532,-11.102837672438488,3.3856446252536214,-17.208508839302393,8.664067580712919,4.004842571367015,3.3239336578663963,1.0281448065361578,106.98074459297159,350,162.70740935884353,106.59141597561963,11,2.498992327197287,-5,2.2198031050399205,10,2.7883623670431716,0,1.7767010628315238,,,,,,,,,,,,,,,,,126,123.25580885576505,121,372,358.2622231966674,343,315,294.4211795658846,269,331,310.09888182416137,295,250,226.14053935540448,198,428,399.7978513483886,367,395,373.9903529927647,354,61,58.0611707958781,54,3442,2908.2332821749615,2523
Chau_Thanh,10.439647,105.334052,WS,T,2.42,8000,2022-03-20,20.78,72.28,29.09,35.35,24.88,2.26,10.439647,105.334052,23.577744259819237,10.470000000000002,1.1161620132719434,19.75354838709677,13.91,25.27,2.5954831092186548,73.59774193548388,60.66,86.5,8.00049664171218,28.710000000000004,26.95,30.47,1.0898238981744977,34.33645161290322,30.63,38.48,2.325665424564231,24.4841935483871,22.56,25.75,0.7364070324064886,1.954193548387097,0.68,2.83,0.5440574815074076,23.41280997252654,21.12681833274576,24.806145378787576,1.0106269478643832,9.85225806451613,5.43,14.7,2.4549866429929255,1.0597048698563758,0.48813969021282255,1.6478924176167693,0.377401281567073,5379.751600512164,5379.751600512164,0.490385440003725,132.9001280409731,132.9001280409731,126,152,577.9372599231755,577.9372599231755,520,630,58.69014084507042,58.69014084507042,47,70,0.2773215557477683,,,,,,0.3020513699768412,,,,0.23650810607033695,,,,0.7069303436478878,,,,1.375947024254902,,,,0.977803975871111,0.21746783364063255,0.2994614962139792,2.0302875874293735,-17.202792219042305,1.1260953644858596,-21.103642215774293,-12.304200143892466,-12.203253663254655,1.4865102944754618,-16.892605514126195,-2.7559931543963145,3.3113564803002067,1.0628254870858909,0.9701642391778382,12.357309873125772,353,166.09905519019702,105.94482012771246,17,1.145874154890848,-11,3.414790558962492,21,4.104166186413048,0,3.020881117996051,129.406,129.406,129.406,154.678,154.678,154.678,29.53,29.53,29.53,30.49,30.49,30.49,0.30064646402994794,0.30064646402994794,0.30064646402994794,0.0,129,125.53996058681851,124,410,372.9032187431574,348,314,288.6702430479526,254,360,328.8548281147362,287,234,223.98795708342453,217,395,371.7674622290344,349,430,404.19334355156565,374,57,55.96518502299102,55,3797,3193.257937376834,2743
Chau_Thanh,10.439647,105.334052,SA,T,2.42,6500,2022-07-10,14.99,91.12,26.14,28.49,24.82,3.69,10.439647,105.334052,24.572449904982665,3.669999999999998,0.3009751118993963,16.687419354838706,6.87,23.62,4.251678202053742,90.33161290322583,81.27,94.19,2.806237403764179,26.94741935483871,25.66,27.84,0.5602762437430392,29.665806451612905,26.96,31.63,1.1235162952822841,24.787419354838708,23.29,25.36,0.4442533986432018,2.414193548387097,0.86,3.69,0.7904297491526199,25.214997597395016,24.130094953000818,25.85569627986475,0.4244131177698074,4.878387096774194,2.4399999999999977,8.34,1.2624019521791643,0.3461232066336105,0.1952996540418091,0.6932754681442975,0.1100932686993887,6913.035851472471,6913.035851472471,0.7065588826537691,220.81946222791294,220.81946222791294,213,233,577.9372599231755,577.9372599231755,520,630,48.53777208706786,48.53777208706786,25,76,0.3885781557771837,,,,,,0.4439403862785936,,,,0.32322450523118584,,,,1.1107943238085776,,,,1.855710188067867,,,,1.0536803091586402,0.27211658187717347,0.32782088316575725,2.1460054955050585,-17.104225859010825,1.1323801417673607,-20.664518952019897,-12.081914219580494,-12.503473564890015,1.9259221225273984,-18.10621329136505,-5.838636905848791,3.0888760480965085,1.2061885045541119,0.86392812524397,11.201785198588054,353,166.09905519019702,105.94482012771246,17,1.145874154890848,-11,3.414790558962492,21,4.104166186413048,0,3.020881117996051,109.587,109.587,109.587,26.136,26.136,26.136,27.07,27.07,27.07,27.77,27.77,27.77,0.39911969502766925,0.39911969502766925,0.39911969502766925,83.451,129,125.53996058681851,124,410,372.9032187431574,348,314,288.6702430479526,254,360,328.8548281147362,287,234,223.98795708342453,217,395,371.7674622290344,349,430,404.19334355156565,374,57,55.96518502299102,55,3797,3193.257937376834,2743
Chau_Thanh,10.442271,105.339057,WS,T,2.53,7000,2022-03-20,20.78,72.28,29.09,35.35,24.88,2.26,10.442271,105.339057,23.577744259819237,10.470000000000002,1.1161620132719434,19.75354838709677,13.91,25.27,2.5954831092186548,73.59774193548388,60.66,86.5,8.00049664171218,28.710000000000004,26.95,30.47,1.0898238981744977,34.33645161290322,30.63,38.48,2.325665424564231,24.4841935483871,22.56,25.75,0.7364070324064886,1.954193548387097,0.68,2.83,0.5440574815074076,23.41280997252654,21.12681833274576,24.806145378787576,1.0106269478643832,9.85225806451613,5.43,14.7,2.4549866429929255,1.0597048698563758,0.48813969021282255,1.6478924176167693,0.377401281567073,5361.1196473551645,5361.1196473551645,0.49715995818873004,137.80730478589422,137.80730478589422,126,152,594.0894206549118,594.0894206549118,450,638,54.74685138539042,54.74685138539042,53,62,0.27769117900367996,,,,,,0.3025227620575779,,,,0.23679620041970856,,,,0.7082720844457638,,,,1.3775409218090977,,,,0.9157362841798923,0.1938196422188891,0.3895991583684848,2.0302875874293735,-16.43144759375906,1.212210692919785,-21.103642215774293,-13.089333304835563,-11.071355474487316,1.521286123076575,-16.892605514126195,-6.274699430186484,3.5638011718424605,0.9632891808492232,0.9701642391778382,9.266962630901734,352,163.39714109778959,106.74699807742054,16,0.44908012631592803,-13,2.9471456006431818,18,3.575857061475287,0,2.5033727869221516,129.406,129.406,129.406,154.678,154.678,154.678,29.53,29.53,29.53,30.49,30.49,30.49,0.30064646402994794,0.30064646402994794,0.30064646402994794,0.0,129,125.81410116049923,124,412,386.09457092819616,358,307,286.1827933450088,270,349,327.7896234676008,294,234,221.80253940455347,200,395,372.34325744308234,352,433,405.8887915936953,374,60,56.32924693520141,55,3840,3475.4128721541165,3090
Chau_Thanh,10.442271,105.339057,SA,T,2.53,6000,2022-07-10,14.99,91.12,26.14,28.49,24.82,3.69,10.442271,105.339057,24.572449904982665,3.669999999999998,0.3009751118993963,16.687419354838706,6.87,23.62,4.251678202053742,90.33161290322583,81.27,94.19,2.806237403764179,26.94741935483871,25.66,27.84,0.5602762437430392,29.665806451612905,26.96,31.63,1.1235162952822841,24.787419354838708,23.29,25.36,0.4442533986432018,2.414193548387097,0.86,3.69,0.7904297491526199,25.214997597395016,24.130094953000818,25.85569627986475,0.4244131177698074,4.878387096774194,2.4399999999999977,8.34,1.2624019521791643,0.3461232066336105,0.1952996540418091,0.6932754681442975,0.1100932686993887,7342.62846347607,7342.62846347607,0.7881566141250043,237.20780856423175,237.20780856423175,213,301,594.0894206549118,594.0894206549118,450,638,77.02267002518892,77.02267002518892,27,95,0.3893174022890071,,,,,,0.4448831704400671,,,,0.323800693929929,,,,1.1134778054043297,,,,1.8588979831762589,,,,1.013007906808344,0.23987954392900057,0.39724454246000596,2.058182305394147,-17.23323832193953,1.1513828115583686,-20.6816120047406,-12.841961690778321,-12.425904275056263,1.723832145925998,-17.05366223382817,-6.088230729748731,3.1909765926775373,1.090764606725466,0.9434624374705188,9.069364264211922,352,163.39714109778959,106.74699807742054,16,0.44908012631592803,-13,2.9471456006431818,18,3.575857061475287,0,2.5033727869221516,109.587,109.587,109.587,26.136,26.136,26.136,27.07,27.07,27.07,27.77,27.77,27.77,0.39911969502766925,0.39911969502766925,0.39911969502766925,83.451,129,125.81410116049923,124,412,386.09457092819616,358,307,286.1827933450088,270,349,327.7896234676008,294,234,221.80253940455347,200,395,372.34325744308234,352,433,405.8887915936953,374,60,56.32924693520141,55,3840,3475.4128721541165,3090
Chau_Thanh,10.443488,105.236111,SA,T,1.65,5500,2022-07-28,19.71,85.56,27.6,30.48,25.14,1.61,10.443488,105.236111,24.952783099635962,5.34,0.5332377150662087,16.537419354838708,6.73,23.62,4.019790531970007,88.99290322580647,79.44,92.59,3.064938239180294,26.921935483870964,24.86,28.35,0.7658030545893081,29.399032258064516,26.92,31.62,1.3220642579637436,24.908064516129027,23.04,26.05,0.5967623364122854,2.317096774193548,0.53,3.85,0.8077695038065729,24.93641694560688,23.013919027872713,25.86766694000002,0.5990055829836034,4.490967741935484,2.150000000000002,7.540000000000003,1.2804569618762993,0.39411504305396844,0.2532125702380937,0.7757972023291232,0.1251438164465532,4497.153944020356,4497.153944020356,0.4143573428617939,210.9618320610687,210.9618320610687,189,248,526.5229007633587,526.5229007633587,462,614,25.11704834605598,25.11704834605598,20,38,0.46139393719178445,,,,,,0.5368046261837273,,,,0.3799790920573892,,,,1.3751172609901587,,,,2.1697080062444587,,,,0.7063681837813083,0.19415931708724468,0.16157583357202424,1.7697623094480348,-19.376692499621367,2.3466654034338967,-28.251342998406923,-13.455041401400603,-12.532503456234755,2.344870714713174,-21.01932029658872,-5.7818657183128135,5.1255877746241625,1.8669378493085687,1.260190523125982,23.756177403330277,349,160.5472321284506,106.25095114709731,10,1.8935494811990223,-7,2.278853266482497,10,3.0155360394624604,0,1.7710833962420431,114.47,114.47,114.47,270.522,270.522,270.522,29.09,29.09,29.09,29.63,29.63,29.63,0.4120362599690755,0.4120362599690755,0.4120362599690755,0.0,128,124.65133596145422,122,390,375.9570928196146,363,310,286.14776707530643,246,340,317.03021015761806,295,235,192.53699649737294,179,456,438.6836690017512,393,386,368.9614711033273,353,56,55.074868651488586,55,3562,3086.3305604203138,2770
Chau_Thanh,10.443492,105.281103,WS,T,3.3,8000,2022-03-25,24.32,79.29,28.88,34.16,25.29,1.97,10.443492,105.281103,24.922375101044477,8.869999999999997,0.823840279763745,19.71870967741935,13.91,25.27,2.575182726915339,76.08354838709677,62.87,87.54,6.760468369147165,28.60806451612903,26.71,30.32,1.0763930789232148,33.54290322580644,30.27,37.07,2.114771692929381,24.766129032258064,23.19,25.84,0.7272692070201437,1.8090322580645155,0.83,2.83,0.5346651339025486,23.89832591306624,21.693268342351598,25.111718111232275,0.7554782366252685,8.776774193548386,4.460000000000001,13.179999999999996,2.1410826129467915,0.9529690517046733,0.4539761277216749,1.5336969985339284,0.3215872578758214,3138.9987261146493,3138.9987261146493,0.14317220826306587,97.49808917197451,97.49808917197451,68,128,560.2573248407642,560.2573248407642,515,672,29.788535031847136,29.788535031847136,25,54,0.2906279929605887,,,,,,0.31902148488336307,,,,0.24687950264771424,,,,0.7552330123714254,,,,1.4333273362059542,,,,0.7137373479975061,0.20667494946693934,0.23124230940132207,1.659051118760175,-18.61614610229344,2.2530386716160824,-24.45693529146628,-11.752344566494214,-11.80260144849562,2.1351780839228014,-18.58153812487771,-2.9976923547553174,5.140807909059921,2.000838467643654,1.411016728037433,16.29787256646872,356,166.2906480505796,103.02104370244734,16,2.19507705479452,-30,3.9723925138593486,32,5.096206533192837,0,3.52967781471218,113.426,113.426,113.426,31.046,31.046,31.046,28.84,28.84,28.84,29.63,29.63,29.63,0.30832862854003906,0.30832862854003906,0.30832862854003906,82.38,127,124.14191852825228,121,396,373.8981826144078,348,310,287.03766148456316,264,334,309.19400043792433,276,199,189.61659732866218,172,472,460.6470330632801,444,376,349.75760893365447,341,59,55.90869279614628,55,3229,2936.0416028027157,2674
Chau_Thanh,10.443677,105.348236,WS,T,1.76,7040,2022-03-20,20.78,72.28,29.09,35.35,24.88,2.26,10.443677,105.348236,23.577744259819237,10.470000000000002,1.1161620132719434,19.75354838709677,13.91,25.27,2.5954831092186548,73.59774193548388,60.66,86.5,8.00049664171218,28.710000000000004,26.95,30.47,1.0898238981744977,34.33645161290322,30.63,38.48,2.325665424564231,24.4841935483871,22.56,25.75,0.7364070324064886,1.954193548387097,0.68,2.83,0.5440574815074076,23.41280997252654,21.12681833274576,24.806145378787576,1.0106269478643832,9.85225806451613,5.43,14.7,2.4549866429929255,1.0597048698563758,0.48813969021282255,1.6478924176167693,0.377401281567073,4913.3964421855135,4913.3964421855135,0.48563067700765644,130.12833545108003,130.12833545108003,125,143,447.4853875476492,447.4853875476492,261,638,57.227445997458695,57.227445997458695,39,60,0.2780608022595916,,,,,,0.3029941541383146,,,,0.23708429476908013,,,,0.7096138252436398,,,,1.3791348193632935,,,,0.8248371749280781,0.22691031600498343,0.10541800404727528,1.6570665741164559,-15.652999579283229,2.324644956003015,-26.978219997017,-6.241629449473839,-9.601850950262525,2.8266887585738862,-20.63632492018263,8.77272198968417,4.465470761599662,2.8080970595169945,1.4139042223652303,36.94418264840395,355,166.815383906108,105.18176121571022,17,1.6344198269162378,-9,3.079978604579251,19,3.4989659760001066,0,2.5503031803905576,129.406,129.406,129.406,154.678,154.678,154.678,29.53,29.53,29.53,30.49,30.49,30.49,0.30064646402994794,0.30064646402994794,0.30064646402994794,0.0,128,125.22071381650983,121,411,384.82887817703784,347,304,288.5999123575812,258,349,322.6599474145487,279,230,214.3584574934269,184,403,371.82953549517975,356,431,414.0124890446978,383,60,56.69829097283086,54,3840,3449.417177914112,2592
Chau_Thanh,10.444036,105.331928,WS,T,2.42,7200,2022-03-20,20.78,72.28,29.09,35.35,24.88,2.26,10.444036,105.331928,23.577744259819237,10.470000000000002,1.1161620132719434,19.75354838709677,13.91,25.27,2.5954831092186548,73.59774193548388,60.66,86.5,8.00049664171218,28.710000000000004,26.95,30.47,1.0898238981744977,34.33645161290322,30.63,38.48,2.325665424564231,24.4841935483871,22.56,25.75,0.7364070324064886,1.954193548387097,0.68,2.83,0.5440574815074076,23.41280997252654,21.12681833274576,24.806145378787576,1.0106269478643832,9.85225806451613,5.43,14.7,2.4549866429929255,1.0597048698563758,0.48813969021282255,1.6478924176167693,0.377401281567073,5346.015267175571,5346.015267175571,0.4777260463327607,136.2735368956743,136.2735368956743,128,153,522.2608142493639,522.2608142493639,422,590,56.08015267175573,56.08015267175573,47,62,0.27843042551550334,,,,,,0.3034655462190513,,,,0.23737238911845174,,,,0.7109555660415159,,,,1.3807287169174896,,,,0.9566742395509017,0.2239115816876269,0.3197833436536331,2.0302875874293735,-15.906662203530226,1.6453790125804109,-21.035320058855632,-1.3946288507971047,-10.768320153058793,1.914633397830695,-16.892605514126195,1.321910305391397,3.44080231266626,1.201117975962327,0.9701642391778382,11.508468872389175,353,170.1980216603169,103.6335926950408,19,2.364027014478629,-16,4.0659578738290545,21,5.18952612705762,0,3.3711875918317604,129.406,129.406,129.406,154.678,154.678,154.678,29.53,29.53,29.53,30.49,30.49,30.49,0.30064646402994794,0.30064646402994794,0.30064646402994794,0.0,129,126.54702916027188,124,387,367.5605695509311,348,314,275.2464403066813,254,346,316.47447973713037,286,238,227.59167579408552,212,395,384.40525739320924,363,414,387.9555312157722,371,56,55.82519167579409,55,3572,3070.842716319825,2594
Chau_Thanh,10.444036,105.331928,SA,T,2.42,6000,2022-07-10,14.99,91.12,26.14,28.49,24.82,3.69,10.444036,105.331928,24.572449904982665,3.669999999999998,0.3009751118993963,16.687419354838706,6.87,23.62,4.251678202053742,90.33161290322583,81.27,94.19,2.806237403764179,26.94741935483871,25.66,27.84,0.5602762437430392,29.665806451612905,26.96,31.63,1.1235162952822841,24.787419354838708,23.29,25.36,0.4442533986432018,2.414193548387097,0.86,3.69,0.7904297491526199,25.214997597395016,24.130094953000818,25.85569627986475,0.4244131177698074,4.878387096774194,2.4399999999999977,8.34,1.2624019521791643,0.3461232066336105,0.1952996540418091,0.6932754681442975,0.1100932686993887,6326.917302798982,6326.917302798982,0.6220061027959243,222.5916030534351,222.5916030534351,213,234,522.2608142493639,522.2608142493639,422,590,58.67557251908397,58.67557251908397,27,90,0.38783890926536035,,,,,,0.44299760211712014,,,,0.32264831653244264,,,,1.1081108422128256,,,,1.8525223929594752,,,,0.9508687640207933,0.21417123723976936,0.32782088316575725,2.1460054955050585,-16.371924806671927,1.4269726180464668,-20.457828816320763,-9.642336022642784,-11.213500061839008,1.8851560341267743,-18.10621329136505,-4.07537167300422,3.4272992559613726,1.055497017142757,0.86392812524397,11.201785198588054,353,170.1980216603169,103.6335926950408,19,2.364027014478629,-16,4.0659578738290545,21,5.18952612705762,0,3.3711875918317604,109.587,109.587,109.587,26.136,26.136,26.136,27.07,27.07,27.07,27.77,27.77,27.77,0.39911969502766925,0.39911969502766925,0.39911969502766925,83.451,129,126.54702916027188,124,387,367.5605695509311,348,314,275.2464403066813,254,346,316.47447973713037,286,238,227.59167579408552,212,395,384.40525739320924,363,414,387.9555312157722,371,56,55.82519167579409,55,3572,3070.842716319825,2594
Chau_Thanh,10.445632,105.21046,WS,D,1.32,7500,2022-03-26,25.27,72.53,29.39,34.49,24.94,1.18,10.445632,105.21046,23.923026939473232,9.55,1.125403854694864,19.84290322580645,13.91,25.27,2.4594507563463877,76.60451612903225,62.87,87.54,6.606202285491766,28.56322580645161,26.71,30.32,1.0797472437111237,33.41935483870967,30.27,37.07,2.101064147404559,24.80225806451613,23.19,25.84,0.6971264044097641,1.813225806451613,0.83,2.83,0.5335963624723322,23.97198683297999,21.693268342351598,25.111718111232275,0.7006368136219876,8.617096774193548,4.460000000000001,13.179999999999996,2.0784100522932105,0.9300802971562399,0.4539761277216749,1.5336969985339284,0.3165876155033612,4761.8740554156175,4761.8740554156175,0.5094233649521837,112.04282115869017,112.04282115869017,84,137,617.7808564231739,617.7808564231739,138,667,36.30352644836272,36.30352644836272,26,51,0.2965419650551756,,,,,,0.32656375817515054,,,,0.2514890122376597,,,,0.7767008651374422,,,,1.4588296970730885,,,,0.750140933369247,0.1893100364733982,0.14524430453854156,1.4784763967171741,-16.59258791392695,2.0730393976003003,-24.936619433039127,-4.319070668768566,-10.08266352109598,2.7185355256929156,-17.976318563679566,5.266264584104115,4.7481581559653545,1.8699727306487939,1.7054878988137012,26.53980620932763,354,156.5306231313305,103.34051771302826,10,1.8071895209620281,-7,2.2965326222414726,12,2.9684943956376886,0,1.8083546072782615,129.251,129.251,129.251,1.924,1.924,1.924,30.1,30.1,30.1,30.54,30.54,30.54,0.2856394449869792,0.2856394449869792,0.2856394449869792,127.327,128,126.41858426473807,125,371,350.2284275076654,320,323,289.6322820849759,266,345,316.42203241349097,286,221,204.77858081471746,176,444,394.79697766097246,373,423,400.3493210687692,375,57,55.138852387209816,54,3583,3215.037231712659,2702
Chau_Phu,10.445962,105.123164,WS,D,3.0,7200,2022-04-07,19.41,82.48,27.4,30.55,25.17,1.19,10.445962,105.123164,24.142999636410767,5.379999999999999,0.639456814029056,20.194516129032262,13.91,25.27,2.48087112524259,80.88967741935483,72.53,87.54,3.0572900543760797,28.090322580645168,26.71,29.39,0.6473443709892014,32.369677419354836,30.27,34.49,1.1185200010352614,24.731290322580648,23.23,25.96,0.6717898189717446,1.9154838709677415,1.1,2.83,0.5023033315006268,24.47716751445595,23.45507529294824,25.345762139075116,0.4563589543422543,7.638387096774194,4.460000000000001,9.989999999999998,1.2761335170670403,0.7298651144508357,0.4539761277216749,1.125403854694864,0.1393534061508281,3539.6354430379747,3539.6354430379747,0.3972473812696856,200.52151898734178,200.52151898734178,168,246,569.1088607594936,569.1088607594936,520,578,28.863291139240506,28.863291139240506,19,35,0.33239542087860846,,,,,,0.3722887900066123,,,,0.279434164126704,,,,0.9068497225314187,,,,1.6134377598300906,,,,0.4320365939134617,0.2219478763121131,0.10471350765820643,1.6932340288192402,-19.90868814887618,3.5680810930189804,-27.69252793980288,-6.512965003331617,-10.249412411457989,1.9898465050062262,-16.861954965855602,0.2754769554616123,10.531236928771136,5.1799682035795795,1.362343262608158,37.19946527869482,354,164.52654162029037,108.16621392957106,11,3.2637400633574165,-5,2.7329671529231643,12,3.4209217779592613,0,2.082916222479304,132.131,132.131,132.131,8.513,8.513,8.513,28.17,28.17,28.17,28.89,28.89,28.89,0.37520408630371094,0.37520408630371094,0.37520408630371094,123.618,126,122.76779846659363,120,393,374.19579500657045,356,317,293.2227332457294,268,326,304.4003504161193,279,243,228.85019710906715,218,434,415.6445466491461,397,369,355.48094612352173,340,60,56.316907577748594,54,3361,2790.715505913273,2316
Chau_Thanh,10.446006,105.338972,WS,T,2.2,8000,2022-03-20,20.78,72.28,29.09,35.35,24.88,2.26,10.446006,105.338972,23.577744259819237,10.470000000000002,1.1161620132719434,19.75354838709677,13.91,25.27,2.5954831092186548,73.59774193548388,60.66,86.5,8.00049664171218,28.710000000000004,26.95,30.47,1.0898238981744977,34.33645161290322,30.63,38.48,2.325665424564231,24.4841935483871,22.56,25.75,0.7364070324064886,1.954193548387097,0.68,2.83,0.5440574815074076,23.41280997252654,21.12681833274576,24.806145378787576,1.0106269478643832,9.85225806451613,5.43,14.7,2.4549866429929255,1.0597048698563758,0.48813969021282255,1.6478924176167693,0.377401281567073,5459.138539042821,5459.138539042821,0.5124331160536659,139.06423173803523,139.06423173803523,128,152,526.6498740554156,526.6498740554156,429,598,55.895465994962215,55.895465994962215,53,60,0.278800048771415,,,,,,0.303936938299788,,,,0.2376604834678233,,,,0.712297306839392,,,,1.3823226144716854,,,,0.8327959664117945,0.22700070931588645,0.07156299357173444,1.559277726341187,-15.571263293401786,1.6137285793559863,-19.94143067409903,-3.173029818624052,-9.56340749636795,2.8334074120021473,-16.15297219190955,11.682053890515938,4.491245986654201,3.338228224780609,1.5652902830760738,54.89481099599917,352,160.7918987008281,103.33154152205445,19,0.8325500979730276,-13,3.561257715399155,21,4.244734978841118,0,2.889328171382532,129.406,129.406,129.406,154.678,154.678,154.678,29.53,29.53,29.53,30.49,30.49,30.49,0.30064646402994794,0.30064646402994794,0.30064646402994794,0.0,129,125.53745072273325,123,412,382.9640666082385,345,307,286.5144609991237,262,342,319.4686678352323,277,237,218.15644171779147,200,395,377.62204206836117,358,427,404.3716038562665,374,60,55.58413672217355,53,3840,3351.2598597721303,2577
Chau_Thanh,10.446006,105.338972,SA,T,2.2,5500,2022-07-10,14.99,91.12,26.14,28.49,24.82,3.69,10.446006,105.338972,24.572449904982665,3.669999999999998,0.3009751118993963,16.687419354838706,6.87,23.62,4.251678202053742,90.33161290322583,81.27,94.19,2.806237403764179,26.94741935483871,25.66,27.84,0.5602762437430392,29.665806451612905,26.96,31.63,1.1235162952822841,24.787419354838708,23.29,25.36,0.4442533986432018,2.414193548387097,0.86,3.69,0.7904297491526199,25.214997597395016,24.130094953000818,25.85569627986475,0.4244131177698074,4.878387096774194,2.4399999999999977,8.34,1.2624019521791643,0.3461232066336105,0.1952996540418091,0.6932754681442975,0.1100932686993887,5934.8715365239295,5934.8715365239295,0.5921057960180958,232.77707808564227,232.77707808564227,204,301,526.6498740554156,526.6498740554156,429,598,85.84382871536522,85.84382871536522,76,95,0.38746928600944863,,,,,,0.4425262100363835,,,,0.32236022218307103,,,,1.1067691014149497,,,,1.8509284954052794,,,,0.8725777790394925,0.2382586721920719,0.07164499822671018,1.7718188061389184,-16.140357945590235,1.992124876670996,-20.6816120047406,-5.8969466956900405,-10.426969271127524,2.9543546547768367,-15.886803341670506,8.32789546998492,4.059759961625265,2.3842492474370007,1.2575671881012773,54.83083395916323,352,160.7918987008281,103.33154152205445,19,0.8325500979730276,-13,3.561257715399155,21,4.244734978841118,0,2.889328171382532,109.587,109.587,109.587,26.136,26.136,26.136,27.07,27.07,27.07,27.77,27.77,27.77,0.39911969502766925,0.39911969502766925,0.39911969502766925,83.451,129,125.53745072273325,123,412,382.9640666082385,345,307,286.5144609991237,262,342,319.4686678352323,277,237,218.15644171779147,200,395,377.62204206836117,358,427,404.3716038562665,374,60,55.58413672217355,53,3840,3351.2598597721303,2577
Chau_Thanh,10.447125,105.31374,WS,T,2.75,7000,2022-03-20,20.78,72.28,29.09,35.35,24.88,2.26,10.447125,105.31374,23.577744259819237,10.470000000000002,1.1161620132719434,19.75354838709677,13.91,25.27,2.5954831092186548,73.59774193548388,60.66,86.5,8.00049664171218,28.710000000000004,26.95,30.47,1.0898238981744977,34.33645161290322,30.63,38.48,2.325665424564231,24.4841935483871,22.56,25.75,0.7364070324064886,1.954193548387097,0.68,2.83,0.5440574815074076,23.41280997252654,21.12681833274576,24.806145378787576,1.0106269478643832,9.85225806451613,5.43,14.7,2.4549866429929255,1.0597048698563758,0.48813969021282255,1.6478924176167693,0.377401281567073,6052.293450881612,6052.293450881612,0.6020572301431778,140.20906801007555,140.20906801007555,131,155,434.4156171284635,434.4156171284635,376,552,60.58060453400503,60.58060453400503,54,68,0.2791696720273267,,,,,,0.3044083303805247,,,,0.23794857781719492,,,,0.7136390476372679,,,,1.3839165120258814,,,,0.9667294001452079,0.20469798600352623,0.11522881158783792,1.6919275847407673,-15.413013709853082,1.0892660213411025,-18.768261235673023,-10.04890256017893,-10.350938350460455,1.4985930786698596,-14.24519321807046,-0.4459407859311444,3.3662290975482567,1.285558171164098,1.364167376946496,33.71354034534006,353,160.77508791802228,102.68457513186593,16,2.1401979637264077,-17,3.366173077771388,19,3.9447334799731313,0,2.5353669987949976,129.406,129.406,129.406,154.678,154.678,154.678,29.53,29.53,29.53,30.49,30.49,30.49,0.30064646402994794,0.30064646402994794,0.30064646402994794,0.0,127,125.20993870402799,121,373,360.1716663017299,344,309,290.7341799868623,272,343,317.62053864681405,293,225,208.3157433763959,190,463,432.97525728049055,403,383,358.72279395664555,339,58,56.24589446025838,55,3552,3089.409240201445,2720
Chau_Thanh,10.447125,105.31374,SA,T,2.75,6400,2022-07-10,14.99,91.12,26.14,28.49,24.82,3.69,10.447125,105.31374,24.572449904982665,3.669999999999998,0.3009751118993963,16.687419354838706,6.87,23.62,4.251678202053742,90.33161290322583,81.27,94.19,2.806237403764179,26.94741935483871,25.66,27.84,0.5602762437430392,29.665806451612905,26.96,31.63,1.1235162952822841,24.787419354838708,23.29,25.36,0.4442533986432018,2.414193548387097,0.86,3.69,0.7904297491526199,25.214997597395016,24.130094953000818,25.85569627986475,0.4244131177698074,4.878387096774194,2.4399999999999977,8.34,1.2624019521791643,0.3461232066336105,0.1952996540418091,0.6932754681442975,0.1100932686993887,5063.675062972292,5063.675062972292,0.46186211533612653,258.5528967254408,258.5528967254408,222,279,434.4156171284635,434.4156171284635,376,552,43.10075566750629,43.10075566750629,25,49,0.38709966275353697,,,,,,0.4420548179556467,,,,0.3220721278336995,,,,1.1054273606170735,,,,1.8493345978510833,,,,0.9657509502658058,0.199663015536337,0.031241796071282673,1.7521443324952601,-16.4376308105685,1.5060054421020814,-20.428397319382462,-10.181616603735245,-11.370741960394147,2.0143697315130438,-15.551069260626257,6.433099660358505,3.428862409116829,3.017518334021754,1.2829169525683586,127.03361211607111,353,160.77508791802228,102.68457513186593,16,2.1401979637264077,-17,3.366173077771388,19,3.9447334799731313,0,2.5353669987949976,109.587,109.587,109.587,26.136,26.136,26.136,27.07,27.07,27.07,27.77,27.77,27.77,0.39911969502766925,0.39911969502766925,0.39911969502766925,83.451,127,125.20993870402799,121,373,360.1716663017299,344,309,290.7341799868623,272,343,317.62053864681405,293,225,208.3157433763959,190,463,432.97525728049055,403,383,358.72279395664555,339,58,56.24589446025838,55,3552,3089.409240201445,2720
Chau_Thanh,10.447684,105.190977,WS,T,1.98,8000,2022-03-26,25.27,72.53,29.39,34.49,24.94,1.18,10.447684,105.190977,23.923026939473232,9.55,1.125403854694864,19.84290322580645,13.91,25.27,2.4594507563463877,76.60451612903225,62.87,87.54,6.606202285491766,28.56322580645161,26.71,30.32,1.0797472437111237,33.41935483870967,30.27,37.07,2.101064147404559,24.80225806451613,23.19,25.84,0.6971264044097641,1.813225806451613,0.83,2.83,0.5335963624723322,23.97198683297999,21.693268342351598,25.111718111232275,0.7006368136219876,8.617096774193548,4.460000000000001,13.179999999999996,2.0784100522932105,0.9300802971562399,0.4539761277216749,1.5336969985339284,0.3165876155033612,4308.55303030303,4308.55303030303,0.44087860987772975,150.47348484848482,150.47348484848482,67,251,505.40277777777777,505.40277777777777,442,646,29.747474747474747,29.747474747474747,24,47,0.2991293278465573,,,,,,0.32986350274030757,,,,0.25350567268326085,,,,0.7860930507225745,,,,1.4699869799524599,,,,0.6359848417229018,0.1745433670896601,0.11364618370504773,1.5682133865019412,-18.573581446712787,3.217368885266007,-26.08190205901005,-6.125736661084753,-11.169537144190931,3.396991627474161,-20.30984544390013,4.074555022742217,5.860304863147734,2.3309519517334714,1.550673291293862,34.1969583983693,346,154.5000148174002,107.63050652169824,14,1.8412134462968033,-4,2.110519884886976,14,2.704521282725875,0,1.7263381686781962,133.14,133.14,133.14,1.215,1.215,1.215,30.08,30.08,30.08,30.43,30.43,30.43,0.3249613444010417,0.3249613444010417,0.3249613444010417,131.925,128,124.90861275476662,123,393,362.63148675279183,339,305,291.9551127654916,277,345,328.8373111451719,298,223,212.65973286621417,203,391,371.9281804247866,361,427,415.2888110356909,389,57,55.661046638931474,54,3730,3400.945916356471,2789
Chau_Thanh,10.447684,105.190977,SA,T,1.98,6500,2022-07-20,6.87,92.59,26.64,28.64,25.02,2.61,10.447684,105.190977,25.335976457808076,3.620000000000001,0.25866298156386003,17.079032258064515,6.87,23.62,3.6662738004143356,89.25548387096772,79.44,93.35,3.1503782043407136,27.100322580645162,25.9,28.35,0.5991686922296418,29.538064516129033,26.92,31.62,1.1493796906405753,25.172903225806444,24.08,26.12,0.47685930533687654,2.3409677419354837,0.53,3.86,0.8526442923529118,25.16140586009696,24.07069434896019,25.902008550533132,0.4437840992158635,4.365161290322582,1.9899999999999984,7.540000000000003,1.2650841383920832,0.38848028766838494,0.22659304192761506,0.7757972023291232,0.12688979579822315,4530.436868686869,4530.436868686869,0.47198442970865084,258.780303030303,258.780303030303,254,289,505.40277777777777,505.40277777777777,442,646,49.771464646464636,49.771464646464636,39,100,0.42738859764791004,,,,,,0.49343655475594916,,,,0.3534744119152029,,,,1.2516771075855626,,,,2.0230694312584365,,,,0.9383472461790866,0.3431228266700014,0.04630730543728288,2.1610761724747425,-17.622568185584132,2.709470729893449,-27.141781058786346,-4.998958912348797,-12.170186422869211,4.129414179479444,-20.723783193338413,7.966090497857913,4.161273507411581,3.5309894269850597,0.8509296668702917,85.37945918527848,346,154.5000148174002,107.63050652169824,14,1.8412134462968033,-4,2.110519884886976,14,2.704521282725875,0,1.7263381686781962,54.614,54.614,54.614,359.297,359.297,359.297,25.65,25.65,25.65,26.82,26.82,26.82,0.45612208048502606,0.45612208048502606,0.45612208048502606,0.0,128,124.90861275476662,123,393,362.63148675279183,339,305,291.9551127654916,277,345,328.8373111451719,298,223,212.65973286621417,203,391,371.9281804247866,361,427,415.2888110356909,389,57,55.661046638931474,54,3730,3400.945916356471,2789
Chau_Phu,10.44784,105.141425,WS,D,2.0,6400,2022-04-03,19.86,81.35,26.93,31.31,23.54,2.76,10.44784,105.141425,23.45507529294824,7.77,0.6622101242185564,19.940967741935477,13.91,25.27,2.591344594107667,80.30096774193548,70.96,87.54,3.8880813369617657,28.162580645161295,26.71,30.02,0.7781987794070043,32.533225806451604,30.27,36.61,1.5018749294965132,24.822903225806456,23.23,25.96,0.6627177356057166,1.8806451612903226,1.05,2.83,0.5170195945863795,24.416453962275675,23.45507529294824,25.345762139075116,0.4762568410277464,7.71032258064516,4.460000000000001,11.64,1.5558432707180057,0.7579551749356256,0.4539761277216749,1.2336003068605161,0.1829348774171878,3882.330817610063,3882.330817610063,0.4557717757959243,187.87044025157232,187.87044025157232,169,213,461.50440251572337,461.50440251572337,400,621,39.68930817610063,39.68930817610063,11,47,0.3279599418076683,,,,,,0.36663208503777167,,,,0.27597703193424494,,,,0.8907488329569061,,,,1.5943109891797398,,,,0.6512788733659686,0.22298085852969948,0.16111939509655002,2.079215409359401,-17.197428924721788,1.3545474130656403,-24.262474291175728,-12.86500634587009,-9.874322209308154,1.6984310990921185,-16.682361376717218,-5.161252702647965,5.786010952388994,2.1280678289011132,0.9238025949569053,23.826309691660768,352,159.93015727702613,105.58465593863694,12,2.509237061527721,-9,2.3132608354869792,16,3.294782459791614,0,2.069075668441176,142.141,142.141,142.141,20.891,20.891,20.891,26.54,26.54,26.54,27.48,27.48,27.48,0.4078788757324219,0.4078788757324219,0.4078788757324219,121.249,124,122.16173570019728,120,383,371.40828402366867,363,325,304.32127985974137,276,342,317.7473153626999,297,244,230.0716633793557,217,408,389.7177295638834,376,400,380.2763532763533,348,60,57.03221564760026,54,3521,3012.1238220468977,2581
Chau_Phu,10.44784,105.141425,SA,D,2.0,6600,2022-07-14,18.62,89.66,26.65,29.19,24.7,3.22,10.44784,105.141425,24.80498046868136,4.490000000000002,0.3611537133149726,16.552258064516124,6.87,23.62,4.135575561360872,89.32419354838709,79.44,93.35,3.1672994237928283,27.140967741935484,25.9,28.35,0.5792784991733929,29.546774193548387,26.92,31.62,1.1371906161231475,25.2716129032258,24.08,26.12,0.4605193195778813,2.492258064516128,0.53,3.86,0.8715603718560192,25.214382792780317,24.07069434896019,25.902008550533132,0.44080403890052405,4.275161290322582,1.9899999999999984,7.540000000000003,1.2695817725578922,0.38682988877803753,0.22659304192761506,0.7757972023291232,0.12721385134730084,4374.394968553459,4374.394968553459,0.5054698134861512,268.23899371069183,268.23899371069183,256,307,461.50440251572337,461.50440251572337,400,621,35.74842767295598,35.74842767295598,32,37,0.3956009976395056,,,,,,0.45289683581259127,,,,0.32869829786924604,,,,1.1362873989682225,,,,1.885994241597589,,,,1.0024059655492967,0.2694614306580353,0.26814543009452024,2.0295957809760448,-16.17744201908269,1.0011902116553915,-20.095686831378504,-12.326646887532355,-11.269067981594315,1.7052392684895097,-15.590825698840224,-4.575378616152887,3.3389101930635237,1.4437531465474862,0.9708357878416441,13.917278279141343,352,159.93015727702613,105.58465593863694,12,2.509237061527721,-9,2.3132608354869792,16,3.294782459791614,0,2.069075668441176,85.694,85.694,85.694,58.933,58.933,58.933,26.23,26.23,26.23,26.67,26.67,26.67,0.44047991434733075,0.44047991434733075,0.44047991434733075,26.76,124,122.16173570019728,120,383,371.40828402366867,363,325,304.32127985974137,276,342,317.7473153626999,297,244,230.0716633793557,217,408,389.7177295638834,376,400,380.2763532763533,348,60,57.03221564760026,54,3521,3012.1238220468977,2581
Chau_Thanh,10.44819,105.181879,WS,T,3.245,6400,2022-03-26,25.27,72.53,29.39,34.49,24.94,1.18,10.44819,105.181879,23.923026939473232,9.55,1.125403854694864,19.84290322580645,13.91,25.27,2.4594507563463877,76.60451612903225,62.87,87.54,6.606202285491766,28.56322580645161,26.71,30.32,1.0797472437111237,33.41935483870967,30.27,37.07,2.101064147404559,24.80225806451613,23.19,25.84,0.6971264044097641,1.813225806451613,0.83,2.83,0.5335963624723322,23.97198683297999,21.693268342351598,25.111718111232275,0.7006368136219876,8.617096774193548,4.460000000000001,13.179999999999996,2.0784100522932105,0.9300802971562399,0.4539761277216749,1.5336969985339284,0.3165876155033612,4696.926582278481,4696.926582278481,0.4342490916935987,166.74936708860758,166.74936708860758,129,251,501.42151898734176,501.42151898734176,400,589,38.651898734177216,38.651898734177216,32,47,0.29617234179926394,,,,,,0.32609236609441383,,,,0.2512009178882881,,,,0.7753591243395661,,,,1.4572357995188925,,,,0.7324684915062007,0.1928662070743583,0.1889391860356494,1.6698684407005189,-17.54226196511697,2.3069411695362496,-25.101945404348506,-5.493437934185085,-10.899046507703781,2.397885431996619,-17.600821582525896,3.7169633917728158,4.888764865251528,1.7771664705820585,1.3953982855810958,20.170833239671477,349,165.76072910492,108.77225433289115,8,1.7353421589936122,-4,1.863432436794989,11,2.5282157676348556,0,1.4583726929665672,133.14,133.14,133.14,1.215,1.215,1.215,30.08,30.08,30.08,30.43,30.43,30.43,0.3249613444010417,0.3249613444010417,0.3249613444010417,131.925,127,123.7687253613666,121,402,375.1243977222952,344,300,287.490582566798,267,343,320.46911957950067,288,224,205.82084975908893,183,446,397.73061760841,365,423,396.6213315812527,364,56,54.993648707840556,54,3730,3277.56329391152,2537
Chau_Thanh,10.44819,105.181879,SA,T,3.245,6000,2022-07-20,6.87,92.59,26.64,28.64,25.02,2.61,10.44819,105.181879,25.335976457808076,3.620000000000001,0.25866298156386003,17.079032258064515,6.87,23.62,3.6662738004143356,89.25548387096772,79.44,93.35,3.1503782043407136,27.100322580645162,25.9,28.35,0.5991686922296418,29.538064516129033,26.92,31.62,1.1493796906405753,25.172903225806444,24.08,26.12,0.47685930533687654,2.3409677419354837,0.53,3.86,0.8526442923529118,25.16140586009696,24.07069434896019,25.902008550533132,0.4437840992158635,4.365161290322582,1.9899999999999984,7.540000000000003,1.2650841383920832,0.38848028766838494,0.22659304192761506,0.7757972023291232,0.12688979579822315,5308.288607594936,5308.288607594936,0.5291351113650837,260.2607594936709,260.2607594936709,245,276,501.42151898734176,501.42151898734176,400,589,40.35822784810127,40.35822784810127,35,46,0.4225834953210582,,,,,,0.48730845770637177,,,,0.34972918537337216,,,,1.234234477213174,,,,2.0023487630538894,,,,0.9645249812306271,0.26651406638921776,0.10382772016439902,1.8522703506977503,-16.797320497295978,1.7314196340365824,-24.235238579556793,-5.071730014136354,-11.64374122605535,2.4345435353798726,-17.795828785257903,3.3263001717318206,3.5952803551535037,2.0454598587646324,1.1595119732350085,37.52535713648021,349,165.76072910492,108.77225433289115,8,1.7353421589936122,-4,1.863432436794989,11,2.5282157676348556,0,1.4583726929665672,54.614,54.614,54.614,359.297,359.297,359.297,25.65,25.65,25.65,26.82,26.82,26.82,0.45612208048502606,0.45612208048502606,0.45612208048502606,0.0,127,123.7687253613666,121,402,375.1243977222952,344,300,287.490582566798,267,343,320.46911957950067,288,224,205.82084975908893,183,446,397.73061760841,365,423,396.6213315812527,364,56,54.993648707840556,54,3730,3277.56329391152,2537
Chau_Thanh,10.451085,105.243664,WS,T,1.43,7200,2022-03-27,20.9,80.8,28.64,32.65,25.38,1.54,10.451085,105.243664,25.006220070936045,7.27,0.7532338983974283,19.808064516129026,13.91,25.27,2.4664594179417985,77.2416129032258,64.47,87.54,6.190173324361764,28.511290322580646,26.71,30.32,1.0706788378301475,33.28322580645161,30.27,37.07,2.0413395145167734,24.850645161290327,23.23,25.84,0.6326132971783864,1.8222580645161288,0.83,2.83,0.5336345836680533,24.068291937317575,22.833586831955028,25.111718111232275,0.5746544128906169,8.43258064516129,4.460000000000001,12.3,1.9124110230062243,0.9017068965450331,0.4539761277216749,1.5336969985339284,0.30023088836592315,5544.112232030265,5544.112232030265,0.5845821384894994,81.91603053435115,81.91603053435115,66,185,615.1068702290077,615.1068702290077,504,629,44.48854961832061,44.48854961832061,35,46,0.3072610394766143,,,,,,0.3402341285165154,,,,0.2598437483694358,,,,0.8156113482758475,,,,1.5050527261447695,,,,0.8762210454496389,0.2357375003425872,0.1257608864844892,1.673236551183274,-16.6902712442008,1.9281522578590928,-22.679000929682616,-9.636445098440358,-10.996808021547961,2.7764380444679606,-16.481298561515917,1.4987436404516237,4.039842397740556,2.11169516151942,1.3905765130287722,30.80639157225838,349,160.68533006690885,104.18069675716986,12,2.1390765765765765,-6,2.395611187409029,12,3.1885602707971135,0,1.92923277887392,120.248,120.248,120.248,108.929,108.929,108.929,29.59,29.59,29.59,30.43,30.43,30.43,0.31356557210286456,0.31356557210286456,0.31356557210286456,11.319,126,123.02890932982915,119,419,380.34844502847153,369,315,297.9647393780114,273,344,318.7982917214193,280,192,181.66425755584763,174,463,451.6557161629436,440,379,366.7262374069208,352,57,55.35348226018397,55,3487,3077.486640385458,2676
Chau_Thanh,10.451085,105.243664,SA,T,1.43,6600,2022-07-28,19.71,85.56,27.6,30.48,25.14,1.61,10.451085,105.243664,24.952783099635962,5.34,0.5332377150662087,16.537419354838708,6.73,23.62,4.019790531970007,88.99290322580647,79.44,92.59,3.064938239180294,26.921935483870964,24.86,28.35,0.7658030545893081,29.399032258064516,26.92,31.62,1.3220642579637436,24.908064516129027,23.04,26.05,0.5967623364122854,2.317096774193548,0.53,3.85,0.8077695038065729,24.93641694560688,23.013919027872713,25.86766694000002,0.5990055829836034,4.490967741935484,2.150000000000002,7.540000000000003,1.2804569618762993,0.39411504305396844,0.2532125702380937,0.7757972023291232,0.1251438164465532,4600.742749054223,4600.742749054223,0.45616620516475426,247.42748091603053,247.42748091603053,190,248,615.1068702290077,615.1068702290077,504,629,39.23664122137405,39.23664122137405,38,47,0.46102431393587284,,,,,,0.5363332341029905,,,,0.3796909977080176,,,,1.3737755201922828,,,,2.168114108690263,,,,0.6810028614108694,0.21105801873802424,0.00503034878142076,1.699694424259576,-17.31346973154572,2.385075157586903,-24.082297251430028,-8.215616541334395,-10.150122758680261,3.3458873923792396,-16.944718846290087,16.795439511546185,6.7283316961624395,20.648889474696905,1.3533641947095796,794.1734907077852,349,160.68533006690885,104.18069675716986,12,2.1390765765765765,-6,2.395611187409029,12,3.1885602707971135,0,1.92923277887392,114.47,114.47,114.47,270.522,270.522,270.522,29.09,29.09,29.09,29.63,29.63,29.63,0.4120362599690755,0.4120362599690755,0.4120362599690755,0.0,126,123.02890932982915,119,419,380.34844502847153,369,315,297.9647393780114,273,344,318.7982917214193,280,192,181.66425755584763,174,463,451.6557161629436,440,379,366.7262374069208,352,57,55.35348226018397,55,3487,3077.486640385458,2676
Chau_Thanh,10.452516,105.191857,WS,T,2.2,7200,2022-03-26,25.27,72.53,29.39,34.49,24.94,1.18,10.452516,105.191857,23.923026939473232,9.55,1.125403854694864,19.84290322580645,13.91,25.27,2.4594507563463877,76.60451612903225,62.87,87.54,6.606202285491766,28.56322580645161,26.71,30.32,1.0797472437111237,33.41935483870967,30.27,37.07,2.101064147404559,24.80225806451613,23.19,25.84,0.6971264044097641,1.813225806451613,0.83,2.83,0.5335963624723322,23.97198683297999,21.693268342351598,25.111718111232275,0.7006368136219876,8.617096774193548,4.460000000000001,13.179999999999996,2.0784100522932105,0.9300802971562399,0.4539761277216749,1.5336969985339284,0.3165876155033612,3827.9399744572165,3827.9399744572165,0.36586398218434096,178.2554278416348,178.2554278416348,87,251,518.2975734355045,518.2975734355045,429,646,38.74074074074075,38.74074074074075,24,47,0.29691158831108727,,,,,,0.32703515025588725,,,,0.2517771065870313,,,,0.7780426059353182,,,,1.4604235946272843,,,,0.6123282611453968,0.16043958739254266,0.20609836723678532,1.320665703201582,-20.863038687853287,1.799407940732214,-25.12950786147478,-12.017695345732669,-13.28981481009926,1.4964436506873415,-17.00101508063161,-4.656443239639101,6.002578802031069,1.9017344631143418,2.0287755563751873,18.408208098050682,350,156.8071151737468,105.13197676754993,10,1.3198173131065003,-5,1.951118930092443,10,2.6261273868990958,0,1.5955097296964564,133.14,133.14,133.14,1.215,1.215,1.215,30.08,30.08,30.08,30.43,30.43,30.43,0.3249613444010417,0.3249613444010417,0.3249613444010417,131.925,128,124.88392466053442,123,406,379.91761612620513,348,322,290.12905346187546,268,348,331.60100788781773,283,223,207.8965819456617,193,426,376.09355828220856,361,429,415.8950482033305,373,58,55.523225241016654,55,3730,3398.0896143733567,2548
Chau_Thanh,10.452537,105.205118,WS,T,5.5,7200,2022-03-26,25.27,72.53,29.39,34.49,24.94,1.18,10.452537,105.205118,23.923026939473232,9.55,1.125403854694864,19.84290322580645,13.91,25.27,2.4594507563463877,76.60451612903225,62.87,87.54,6.606202285491766,28.56322580645161,26.71,30.32,1.0797472437111237,33.41935483870967,30.27,37.07,2.101064147404559,24.80225806451613,23.19,25.84,0.6971264044097641,1.813225806451613,0.83,2.83,0.5335963624723322,23.97198683297999,21.693268342351598,25.111718111232275,0.7006368136219876,8.617096774193548,4.460000000000001,13.179999999999996,2.0784100522932105,0.9300802971562399,0.4539761277216749,1.5336969985339284,0.3165876155033612,4713.828644501278,4713.828644501278,0.417414612864527,128.97953964194375,128.97953964194375,63,172,526.856777493606,526.856777493606,376,653,35.1777493606138,35.1777493606138,30,43,0.298390081334734,,,,,,0.32892071857883415,,,,0.25292948398451764,,,,0.7834095691268224,,,,1.466799184844068,,,,0.7570949252946096,0.21524425267801048,0.2476469084392856,1.7468392955306715,-18.27211965875854,2.0671418287420757,-24.114793218963406,-12.94551793921031,-11.787020223353421,1.5196646597514953,-16.077690547454743,-4.996141703472915,4.740795419568668,1.7264790270343648,1.289850022399938,15.152028810731796,354,168.61041172034763,104.14397841502343,11,1.4909558511181293,-11,2.9014124838467485,14,4.185282388853947,0,2.3514854841581707,129.251,129.251,129.251,1.924,1.924,1.924,30.1,30.1,30.1,30.54,30.54,30.54,0.2856394449869792,0.2856394449869792,0.2856394449869792,127.327,129,125.80056980056982,123,426,372.3982029366646,320,323,294.40674994521146,271,344,324.33683979837826,285,220,204.15472277010747,185,436,385.2117028270875,365,430,410.5222441376289,361,56,55.298049528818765,55,3768,3415.590181897876,2530
Chau_Thanh,10.452718,105.220233,WS,T,1.32,7500,2022-03-26,25.27,72.53,29.39,34.49,24.94,1.18,10.452718,105.220233,23.923026939473232,9.55,1.125403854694864,19.84290322580645,13.91,25.27,2.4594507563463877,76.60451612903225,62.87,87.54,6.606202285491766,28.56322580645161,26.71,30.32,1.0797472437111237,33.41935483870967,30.27,37.07,2.101064147404559,24.80225806451613,23.19,25.84,0.6971264044097641,1.813225806451613,0.83,2.83,0.5335963624723322,23.97198683297999,21.693268342351598,25.111718111232275,0.7006368136219876,8.617096774193548,4.460000000000001,13.179999999999996,2.0784100522932105,0.9300802971562399,0.4539761277216749,1.5336969985339284,0.3165876155033612,4930.658690176322,4930.658690176322,0.48925375742939364,190.65743073047858,190.65743073047858,70,241,552.6889168765744,552.6889168765744,427,637,45.19395465994962,45.19395465994962,27,70,0.29765083482291066,,,,,,0.32797793441736073,,,,0.25235329528577444,,,,0.7807260875310703,,,,1.4636113897356762,,,,0.8541909573915081,0.22864651450104573,0.2169726066909193,1.726068816242911,-16.765691426770776,1.9276634821109264,-21.93137798049301,-5.876594941008975,-10.947976100280831,2.6545935957111686,-15.770954077240926,4.29949280088572,4.083977240892344,1.6505532771842844,1.3174047073665902,17.435506956406066,349,158.77894632861393,108.00657878152934,11,1.6778827790582815,-6,2.092951343504827,10,2.6317122160026347,0,1.5643440994797861,129.251,129.251,129.251,1.924,1.924,1.924,30.1,30.1,30.1,30.54,30.54,30.54,0.2856394449869792,0.2856394449869792,0.2856394449869792,127.327,127,124.04621112571179,120,399,373.0155531215772,360,323,304.8727272727273,288,341,318.3861993428259,286,195,180.15859802847757,172,456,442.05914567360367,411,394,377.67097480832433,368,57,55.264403066812726,54,3642,3360.848192771085,2702
Chau_Thanh,10.452718,105.220233,SA,T,1.32,6000,2022-07-20,6.87,92.59,26.64,28.64,25.02,2.61,10.452718,105.220233,25.335976457808076,3.620000000000001,0.25866298156386003,17.079032258064515,6.87,23.62,3.6662738004143356,89.25548387096772,79.44,93.35,3.1503782043407136,27.100322580645162,25.9,28.35,0.5991686922296418,29.538064516129033,26.92,31.62,1.1493796906405753,25.172903225806444,24.08,26.12,0.47685930533687654,2.3409677419354837,0.53,3.86,0.8526442923529118,25.16140586009696,24.07069434896019,25.902008550533132,0.4437840992158635,4.365161290322582,1.9899999999999984,7.540000000000003,1.2650841383920832,0.38848028766838494,0.22659304192761506,0.7757972023291232,0.12688979579822315,4522.7858942065495,4522.7858942065495,0.42495896118763804,255.04156171284635,255.04156171284635,245,285,552.6889168765744,552.6889168765744,427,637,37.731738035264485,37.731738035264485,33,46,0.4229531185769698,,,,,,0.48777984978710853,,,,0.35001727972274377,,,,1.23557621801105,,,,2.0039426606080855,,,,0.8723775585217862,0.2304066916304972,0.10418870393908049,1.8819623196013087,-16.51904429242228,1.9935627221979948,-22.743320676481822,-3.0381171258579935,-10.81422202693757,2.750676387024028,-16.434281761082687,4.3278264866746055,4.016682555822169,1.9895196484907456,1.1254410666667307,37.39187789819148,349,158.77894632861393,108.00657878152934,11,1.6778827790582815,-6,2.092951343504827,10,2.6317122160026347,0,1.5643440994797861,53.429,53.429,53.429,354.002,354.002,354.002,25.72,25.72,25.72,26.76,26.76,26.76,0.42690277099609375,0.42690277099609375,0.42690277099609375,0.0,127,124.04621112571179,120,399,373.0155531215772,360,323,304.8727272727273,288,341,318.3861993428259,286,195,180.15859802847757,172,456,442.05914567360367,411,394,377.67097480832433,368,57,55.264403066812726,54,3642,3360.848192771085,2702
Chau_Thanh,10.452795,105.21348,SA,T,1.43,6500,2022-07-20,6.87,92.59,26.64,28.64,25.02,2.61,10.452795,105.21348,25.335976457808076,3.620000000000001,0.25866298156386003,17.079032258064515,6.87,23.62,3.6662738004143356,89.25548387096772,79.44,93.35,3.1503782043407136,27.100322580645162,25.9,28.35,0.5991686922296418,29.538064516129033,26.92,31.62,1.1493796906405753,25.172903225806444,24.08,26.12,0.47685930533687654,2.3409677419354837,0.53,3.86,0.8526442923529118,25.16140586009696,24.07069434896019,25.902008550533132,0.4437840992158635,4.365161290322582,1.9899999999999984,7.540000000000003,1.2650841383920832,0.38848028766838494,0.22659304192761506,0.7757972023291232,0.12688979579822315,4950.779874213837,4950.779874213837,0.4468352433218779,249.85786163522013,249.85786163522013,245,272,491.41635220125784,491.41635220125784,376,653,40.80503144654088,40.80503144654088,35,48,0.42332274183288154,,,,,,0.4882512418678452,,,,0.35030537407211537,,,,1.236917958808926,,,,2.0055365581622815,,,,0.9661086495130854,0.25570698449520496,0.19176634620758193,1.9941839906160457,-16.993801028194877,1.6804064534035772,-22.878334450396316,-8.976281092573387,-11.87890541005826,2.3394277514508426,-16.550111394815925,-0.7176413808519966,3.4770050976298146,1.394804308356066,1.005832971693006,19.85871728332409,354,161.80799486326745,106.85002396931534,11,1.6879994731556334,-6,2.4112415650149246,13,3.034725629332061,0,1.9033823166560213,53.429,53.429,53.429,354.002,354.002,354.002,25.72,25.72,25.72,26.76,26.76,26.76,0.42690277099609375,0.42690277099609375,0.42690277099609375,0.0,128,124.52520824199911,121,426,380.14802631578954,344,326,303.38859649122804,272,341,320.9677631578947,286,212,187.6684210526316,176,455,419.8021929824563,373,423,392.3719298245616,368,57,54.99627192982457,54,3662,3305.8311403508774,2702
Chau_Thanh,10.454342,105.322838,WS,D,1.375,7600,2022-03-20,20.78,72.28,29.09,35.35,24.88,2.26,10.454342,105.322838,23.577744259819237,10.470000000000002,1.1161620132719434,19.75354838709677,13.91,25.27,2.5954831092186548,73.59774193548388,60.66,86.5,8.00049664171218,28.710000000000004,26.95,30.47,1.0898238981744977,34.33645161290322,30.63,38.48,2.325665424564231,24.4841935483871,22.56,25.75,0.7364070324064886,1.954193548387097,0.68,2.83,0.5440574815074076,23.41280997252654,21.12681833274576,24.806145378787576,1.0106269478643832,9.85225806451613,5.43,14.7,2.4549866429929255,1.0597048698563758,0.48813969021282255,1.6478924176167693,0.377401281567073,6276.931385006353,6276.931385006353,0.7054441728055574,159.49428208386277,159.49428208386277,135,190,403.8742058449809,403.8742058449809,333,586,50.29987293519695,50.29987293519695,47,54,0.27953929528323834,,,,,,0.3048797224612615,,,,0.2382366721665665,,,,0.714980788435144,,,,1.3855104095800772,,,,0.9448565260405966,0.24742938892300823,0.17363192865897484,1.97705389574986,-16.202119460266253,1.8344110577942454,-27.392440792009857,-6.347714840354964,-10.95926382987927,2.5408377667292403,-19.78441135560822,5.187167214038773,3.587147589841542,1.5465575191106968,1.0232124215727938,22.037237626129684,356,159.14778920469334,104.61550812397584,13,2.4955000345771206,-14,3.7257043403734955,22,4.370274871653015,0,2.9599130625554793,129.406,129.406,129.406,154.678,154.678,154.678,29.53,29.53,29.53,30.49,30.49,30.49,0.30064646402994794,0.30064646402994794,0.30064646402994794,0.0,131,126.98509752355909,125,402,362.76709027169153,336,304,273.5799737072744,248,350,309.7169149868537,268,241,221.79097283085017,197,447,411.03680981595096,383,387,367.1349693251534,351,58,56.015118317265575,55,3553,2924.055433829974,2591
Chau_Thanh,10.454948,105.23029,WS,T,1.65,7200,2022-03-27,20.9,80.8,28.64,32.65,25.38,1.54,10.454948,105.23029,25.006220070936045,7.27,0.7532338983974283,19.808064516129026,13.91,25.27,2.4664594179417985,77.2416129032258,64.47,87.54,6.190173324361764,28.511290322580646,26.71,30.32,1.0706788378301475,33.28322580645161,30.27,37.07,2.0413395145167734,24.850645161290327,23.23,25.84,0.6326132971783864,1.8222580645161288,0.83,2.83,0.5336345836680533,24.068291937317575,22.833586831955028,25.111718111232275,0.5746544128906169,8.43258064516129,4.460000000000001,12.3,1.9124110230062243,0.9017068965450331,0.4539761277216749,1.5336969985339284,0.30023088836592315,4246.274683544304,4246.274683544304,0.40467011045834994,103.35443037974684,103.35443037974684,71,236,484.573417721519,484.573417721519,331,614,35.52911392405064,35.52911392405064,28,70,0.307630662732526,,,,,,0.3407055205972521,,,,0.2601318427188074,,,,0.8169530890737235,,,,1.5066466236989653,,,,0.9107480148853992,0.2042729318221663,0.15238158746538988,1.7674555289264866,-16.365143604322196,1.6032452472781054,-23.91363791033772,-6.448109652176621,-10.954191275834512,2.0943410863120997,-16.39287669034146,2.2480419249370343,3.6491102368970534,1.3404679190395372,1.2631403928049671,25.249890597238412,352,157.95584656772846,107.48389355244066,12,1.7417111471857907,-7,2.087690990853181,14,2.738230635744887,0,1.7164439982705078,120.248,120.248,120.248,108.929,108.929,108.929,29.59,29.59,29.59,30.43,30.43,30.43,0.31356557210286456,0.31356557210286456,0.31356557210286456,11.319,126,121.25016429353778,119,419,380.7082785808146,363,326,312.6890056942619,294,353,329.4207183530442,295,193,184.47853701270253,171,463,446.4789750328515,437,389,369.02934734997797,353,59,55.969557599649576,55,3753,3418.5133596145415,2865
Chau_Thanh,10.455571,105.240074,WS,T,2.09,7200,2022-03-27,20.9,80.8,28.64,32.65,25.38,1.54,10.455571,105.240074,25.006220070936045,7.27,0.7532338983974283,19.808064516129026,13.91,25.27,2.4664594179417985,77.2416129032258,64.47,87.54,6.190173324361764,28.511290322580646,26.71,30.32,1.0706788378301475,33.28322580645161,30.27,37.07,2.0413395145167734,24.850645161290327,23.23,25.84,0.6326132971783864,1.8222580645161288,0.83,2.83,0.5336345836680533,24.068291937317575,22.833586831955028,25.111718111232275,0.5746544128906169,8.43258064516129,4.460000000000001,12.3,1.9124110230062243,0.9017068965450331,0.4539761277216749,1.5336969985339284,0.30023088836592315,5040.376574307305,5040.376574307305,0.531117055251797,134.8445945945946,134.8445945945946,72,196,550.0777027027027,550.0777027027027,434,629,37.93750000000001,37.93750000000001,28,48,0.30800028598843765,,,,,,0.34117691267798883,,,,0.260419937068179,,,,0.8182948298715996,,,,1.5082405212531613,,,,0.8532512334109029,0.21375572605529147,0.13863327644142567,1.740826207625332,-16.341564010928057,1.946606014366158,-22.679000929682616,-7.106544564853112,-10.52650133410813,2.4332010968624145,-16.481298561515917,1.3198611193183596,4.088911503336266,1.8545204392822419,1.2977595250340448,27.85310152566473,350,167.05668864053956,106.70509068835837,9,1.387225299149802,-8,2.2539597305897416,14,2.960908019256225,0,1.8477845545791027,120.248,120.248,120.248,108.929,108.929,108.929,29.59,29.59,29.59,30.43,30.43,30.43,0.31356557210286456,0.31356557210286456,0.31356557210286456,11.319,123,121.16458470304623,119,419,391.0598290598291,363,324,311.11001534078457,291,353,329.5581854043392,295,192,182.48674117904886,177,463,454.79903572211265,442,378,362.91935130396666,352,57,56.15866754328292,55,3589,3274.4120096427787,2815
Chau_Phu,10.455882,105.126628,WS,D,1.9,6800,2022-04-10,19.36,82.44,27.81,31.8,24.75,1.74,10.455882,105.126628,24.534853223742125,7.050000000000001,0.6564479686942216,19.909354838709675,13.91,25.27,2.21220796940431,81.36967741935482,72.53,87.54,2.92292990863285,28.021612903225805,26.71,29.39,0.6336585870915009,32.13967741935485,29.09,34.49,1.15118868123896,24.706774193548394,23.23,25.96,0.6664997016032738,1.8893548387096775,1.1,2.83,0.5194347764567905,24.510502053587818,23.45507529294824,25.345762139075116,0.4496529651755884,7.432903225806452,4.100000000000001,9.55,1.3344618186645376,0.7085235262616059,0.4539761277216749,1.125403854694864,0.13341450826484239,2489.9999999999995,2489.9999999999995,0.2894337442291669,227.8329081632653,227.8329081632653,180,280,578.3163265306123,578.3163265306123,520,621,17.0140306122449,17.0140306122449,17,18,0.3619652813515428,,,,,,0.4100001564655498,,,,0.30248171207643126,,,,1.0141889863615023,,,,1.7409495641657624,,,,0.466376533141542,0.23504199517228178,0.10096503359172264,1.64663361450321,-19.392012938613192,3.8764590355420236,-28.507642905513727,-5.281807944913432,-10.08579677864506,2.22232868876563,-16.187710920790796,4.016072087763535,9.880890227691873,5.351452597490048,1.4291985568427745,38.61767611720906,353,170.4585785080426,105.93163010502492,14,3.80495892260327,-5,2.980732144759968,11,3.6249790085447575,0,2.016458191107902,118.822,118.822,118.822,22.126,22.126,22.126,28.45,28.45,28.45,29.1,29.1,29.1,0.3661905924479167,0.3661905924479167,0.3661905924479167,96.695,127,123.32639193336261,122,384,361.80569550931,339,302,289.20744797371304,269,311,298.62760131434834,284,252,235.58532311062433,220,415,390.4972617743703,378,388,373.8549835706463,359,60,56.690909090909095,54,2876,2558.9610076670324,2398
Chau_Phu,10.458071,105.162504,WS,D,2.0,6400,2022-04-03,19.86,81.35,26.93,31.31,23.54,2.76,10.458071,105.162504,23.45507529294824,7.77,0.6622101242185564,19.940967741935477,13.91,25.27,2.591344594107667,80.30096774193548,70.96,87.54,3.8880813369617657,28.162580645161295,26.71,30.02,0.7781987794070043,32.533225806451604,30.27,36.61,1.5018749294965132,24.822903225806456,23.23,25.96,0.6627177356057166,1.8806451612903226,1.05,2.83,0.5170195945863795,24.416453962275675,23.45507529294824,25.345762139075116,0.4762568410277464,7.71032258064516,4.460000000000001,11.64,1.5558432707180057,0.7579551749356256,0.4539761277216749,1.2336003068605161,0.1829348774171878,4600.09228824273,4600.09228824273,0.531993041269193,174.87357774968396,174.87357774968396,167,251,394.709228824273,394.709228824273,336,437,34.66118836915297,34.66118836915297,11,51,0.32759031855175663,,,,,,0.36616069295703496,,,,0.27568893758487334,,,,0.88940709215903,,,,1.592717091625544,,,,0.6486763020986779,0.1836699861256054,0.19409270132934908,1.403288768974392,-18.16717832933176,1.8301311251445251,-25.04448220446152,-11.816597639980728,-10.864465174190075,1.433851346973343,-15.81235573859557,-4.528589911502068,5.70798366978475,2.076270563048965,1.8504468135403385,19.60870899628802,354,165.7205700287122,106.01543647577498,9,2.6881338408450333,-5,2.007964337923906,9,2.7463846376735255,0,1.653123264364179,142.141,142.141,142.141,20.891,20.891,20.891,26.54,26.54,26.54,27.48,27.48,27.48,0.4078788757324219,0.4078788757324219,0.4078788757324219,121.249,124,121.96339324857522,119,382,373.81581252737624,354,325,303.68353044240047,285,338,318.1121331581253,301,228,205.94853263250116,192,427,417.8311432325889,405,392,376.3683749452475,361,60,56.074463425317575,54,3457,3148.1401664476566,2873
Chau_Thanh,10.458369,105.270803,WS,T,1.87,7200,2022-03-25,24.32,79.29,28.88,34.16,25.29,1.97,10.458369,105.270803,24.922375101044477,8.869999999999997,0.823840279763745,19.71870967741935,13.91,25.27,2.575182726915339,76.08354838709677,62.87,87.54,6.760468369147165,28.60806451612903,26.71,30.32,1.0763930789232148,33.54290322580644,30.27,37.07,2.114771692929381,24.766129032258064,23.19,25.84,0.7272692070201437,1.8090322580645155,0.83,2.83,0.5346651339025486,23.89832591306624,21.693268342351598,25.111718111232275,0.7554782366252685,8.776774193548386,4.460000000000001,13.179999999999996,2.1410826129467915,0.9529690517046733,0.4539761277216749,1.5336969985339284,0.3215872578758214,3703.460858585859,3703.460858585859,0.3083860890785558,98.16919191919195,98.16919191919195,84,170,558.5580808080808,558.5580808080808,386,666,31.59848484848485,31.59848484848485,26,39,0.29025836970467706,,,,,,0.3185500928026263,,,,0.24659140829834264,,,,0.7538912715735494,,,,1.4317334386517582,,,,0.7134344000705894,0.23207626034730158,0.11106456306235905,2.0380499478043,-16.938877817761576,3.0568357925952223,-25.464857402710237,-4.534045815624706,-10.064557579356247,3.4770269276097405,-17.182007375428803,5.6715334389114584,5.368777144379097,2.777999419510909,0.9626604364183585,35.015087888601634,354,162.04439226946883,111.66430422488332,28,2.8718185979274167,-8,3.5813108990076827,26,3.4140194086519,0,2.918316707511813,113.426,113.426,113.426,31.046,31.046,31.046,28.84,28.84,28.84,29.63,29.63,29.63,0.30832862854003906,0.30832862854003906,0.30832862854003906,82.38,127,122.679745725559,121,409,388.22292854011414,354,330,303.6262604121,245,364,335.1223147742219,281,182,168.33252959228412,157,480,456.00065760631304,437,396,375.82595352915394,350,58,55.91736080666375,55,3662,3298.1345900920655,2613
Chau_Thanh,10.458369,105.270803,SA,T,1.87,6400,2022-07-15,15.33,90.06,27.15,29.75,25.4,2.68,10.458369,105.270803,25.37304309839621,4.350000000000001,0.35752549714924664,16.52774193548387,6.87,23.62,4.116383246270553,89.32290322580646,79.44,93.35,3.1673456818058416,27.14096774193548,25.9,28.35,0.5792784991733929,29.549032258064518,26.92,31.62,1.139248067915737,25.27838709677419,24.08,26.12,0.4662208861389811,2.4841935483870965,0.53,3.86,0.8725149936545074,25.214138036281952,24.07069434896019,25.902008550533132,0.4404433246283723,4.270645161290323,1.9899999999999984,7.540000000000003,1.2672778433137728,0.386878125089941,0.22659304192761506,0.7757972023291232,0.12722011140749237,4316.83585858586,4316.83585858586,0.38949252458701084,241.61237373737376,241.61237373737376,230,316,558.5580808080808,558.5580808080808,386,666,36.98989898989899,36.98989898989899,31,49,0.41112517438779617,,,,,,0.4726953032035335,,,,0.3407982605428529,,,,1.1926405124790165,,,,1.9529379388738168,,,,0.7764782655342969,0.2930029791707473,0.02892573886383416,2.329332874935294,-16.031820642436234,2.17902846924594,-23.22575188143846,-2.106596423475754,-9.466376901699832,3.7106022187235523,-16.086256072790825,16.66690700231252,5.682118369446229,6.949619530271845,0.7172298742879825,137.285145241396,354,162.04439226946883,111.66430422488332,28,2.8718185979274167,-8,3.5813108990076827,26,3.4140194086519,0,2.918316707511813,92.461,92.461,92.461,102.008,102.008,102.008,26.91,26.91,26.91,27.48,27.48,27.48,0.4104169209798177,0.4104169209798177,0.4104169209798177,0.0,127,122.679745725559,121,409,388.22292854011414,354,330,303.6262604121,245,364,335.1223147742219,281,182,168.33252959228412,157,480,456.00065760631304,437,396,375.82595352915394,350,58,55.91736080666375,55,3662,3298.1345900920655,2613
Chau_Thanh,10.458467,105.196191,WS,T,1.87,7200,2022-03-26,25.27,72.53,29.39,34.49,24.94,1.18,10.458467,105.196191,23.923026939473232,9.55,1.125403854694864,19.84290322580645,13.91,25.27,2.4594507563463877,76.60451612903225,62.87,87.54,6.606202285491766,28.56322580645161,26.71,30.32,1.0797472437111237,33.41935483870967,30.27,37.07,2.101064147404559,24.80225806451613,23.19,25.84,0.6971264044097641,1.813225806451613,0.83,2.83,0.5335963624723322,23.97198683297999,21.693268342351598,25.111718111232275,0.7006368136219876,8.617096774193548,4.460000000000001,13.179999999999996,2.0784100522932105,0.9300802971562399,0.4539761277216749,1.5336969985339284,0.3165876155033612,3154.8419071518197,3154.8419071518197,0.27702195601851054,115.3626097867001,115.3626097867001,63,208,535.693851944793,535.693851944793,429,646,45.345043914680055,45.345043914680055,40,51,0.2980204580788223,,,,,,0.32844932649809744,,,,0.25264138963514604,,,,0.7820678283289464,,,,1.465205287289872,,,,0.7574828961351925,0.2068279572083358,0.21935170037748727,1.4870810312770457,-17.79818495546991,2.251858134654827,-24.546221204184604,-12.817402672053415,-11.323308669827744,1.703432601203595,-17.00101508063161,-6.375400969643746,4.727260435461641,1.7782947704687255,1.689833247731605,17.235555015604213,354,170.6345557944791,105.65992376168744,10,1.4454601435077408,-8,2.6773803096275293,14,3.582023004705656,0,2.102912677024549,133.14,133.14,133.14,1.215,1.215,1.215,30.08,30.08,30.08,30.43,30.43,30.43,0.3249613444010417,0.3249613444010417,0.3249613444010417,131.925,126,124.90544977019042,123,406,392.2084975908892,373,327,313.5803766973282,268,348,320.0978975032852,295,220,202.89640823477882,191,442,414.87122207621553,364,430,382.054752518616,352,58,55.616294349540084,55,3700,3305.1892247043365,2788
Chau_Thanh,10.458467,105.196191,SA,T,1.87,6500,2022-07-20,6.87,92.59,26.64,28.64,25.02,2.61,10.458467,105.196191,25.335976457808076,3.620000000000001,0.25866298156386003,17.079032258064515,6.87,23.62,3.6662738004143356,89.25548387096772,79.44,93.35,3.1503782043407136,27.100322580645162,25.9,28.35,0.5991686922296418,29.538064516129033,26.92,31.62,1.1493796906405753,25.172903225806444,24.08,26.12,0.47685930533687654,2.3409677419354837,0.53,3.86,0.8526442923529118,25.16140586009696,24.07069434896019,25.902008550533132,0.4437840992158635,4.365161290322582,1.9899999999999984,7.540000000000003,1.2650841383920832,0.38848028766838494,0.22659304192761506,0.7757972023291232,0.12688979579822315,4709.697616060225,4709.697616060225,0.4644480585489059,254.13550815558347,254.13550815558347,243,289,535.693851944793,535.693851944793,429,646,41.08657465495609,41.08657465495609,39,43,0.4236923650887932,,,,,,0.48872263394858195,,,,0.350593468421487,,,,1.238259699606802,,,,2.007130455716477,,,,0.9301710813919133,0.24636668174126924,0.30790085362599956,2.0307808915149446,-16.826149809157453,1.224434476118678,-20.56660444947045,-11.792962781297241,-11.498249409345188,1.6451049967489488,-16.123954691106725,-5.622644762428523,3.6335684477100747,1.3546036170163311,0.9696856596951904,11.9911949021704,354,170.6345557944791,105.65992376168744,10,1.4454601435077408,-8,2.6773803096275293,14,3.582023004705656,0,2.102912677024549,54.614,54.614,54.614,359.297,359.297,359.297,25.65,25.65,25.65,26.82,26.82,26.82,0.45612208048502606,0.45612208048502606,0.45612208048502606,0.0,126,124.90544977019042,123,406,392.2084975908892,373,327,313.5803766973282,268,348,320.0978975032852,295,220,202.89640823477882,191,442,414.87122207621553,364,430,382.054752518616,352,58,55.616294349540084,55,3700,3305.1892247043365,2788
Chau_Thanh,10.459704,105.218744,WS,T,1.65,7200,2022-03-21,19.9,81.16,27.59,32.16,24.77,1.6,10.459704,105.218744,24.058800204839983,7.389999999999997,0.6953139116079893,19.762580645161286,13.91,25.27,2.5929133791709,74.49612903225807,62.87,87.54,6.652458520761137,28.777096774193545,26.92,30.32,0.9855739888049749,34.03193548387096,30.3,37.07,1.968450216262069,24.69516129032258,23.19,25.84,0.7564896475753371,1.9067741935483868,0.83,2.83,0.5319615987642656,23.71190286188796,21.693268342351598,25.111718111232275,0.863640404282069,9.336774193548386,4.460000000000001,13.179999999999996,2.1045747208077596,1.0226397962424496,0.4539761277216749,1.5336969985339284,0.3121994627965635,8184.008816120908,8184.008816120908,0.8881993745974549,138.3198992443325,138.3198992443325,130,178,581.896725440806,581.896725440806,478,672,80.59949622166246,80.59949622166246,79,83,0.27990891853915006,,,,,,0.3053511145419982,,,,0.2385247665159381,,,,0.7163225292330201,,,,1.387104307134273,,,,1.0466749268146116,0.18311903726769033,0.5285881606559606,1.7167777901231154,-16.541914102547064,0.8150237113277566,-19.379470140281907,-13.844597176313691,-11.978208744181586,1.002554195558431,-15.574173248326453,-8.631269153353383,2.9432690465413325,0.7146854047910156,1.3299462650394307,6.567328021566225,349,159.0580205002914,105.85986100200735,8,1.2651373216596478,-5,1.7216701226941677,7,2.3753667234107008,0,1.388842014655913,109.273,109.273,109.273,174.92,174.92,174.92,27.85,27.85,27.85,29.11,29.11,29.11,0.36520131429036456,0.36520131429036456,0.36520131429036456,0.0,124,121.715318869165,119,405,390.4205914567361,370,339,311.2928806133625,301,343,332.88652792990143,314,195,181.78707557502742,177,457,444.27820372398685,411,394,373.87491785323124,357,58,55.850164293537794,55,3789,3544.376341730559,3254
Chau_Thanh,10.459704,105.218744,SA,T,1.65,5500,2022-07-20,6.87,92.59,26.64,28.64,25.02,2.61,10.459704,105.218744,25.335976457808076,3.620000000000001,0.25866298156386003,17.079032258064515,6.87,23.62,3.6662738004143356,89.25548387096772,79.44,93.35,3.1503782043407136,27.100322580645162,25.9,28.35,0.5991686922296418,29.538064516129033,26.92,31.62,1.1493796906405753,25.172903225806444,24.08,26.12,0.47685930533687654,2.3409677419354837,0.53,3.86,0.8526442923529118,25.16140586009696,24.07069434896019,25.902008550533132,0.4437840992158635,4.365161290322582,1.9899999999999984,7.540000000000003,1.2650841383920832,0.38848028766838494,0.22659304192761506,0.7757972023291232,0.12688979579822315,5249.336272040302,5249.336272040302,0.5190249555129289,299.2367758186398,299.2367758186398,264,404,581.896725440806,581.896725440806,478,672,53.76826196473552,53.76826196473552,36,65,0.4240619883447049,,,,,,0.48919402602931866,,,,0.3508815627708586,,,,1.239601440404678,,,,2.008724353270673,,,,0.9548412757251307,0.22262310772719815,0.404794888688993,2.1317454134713514,-17.171054465189343,1.2090550069189936,-21.177595105613037,-13.031205481440509,-12.025707746392733,1.42245450481645,-16.21695891551203,-6.538130075422282,3.4342125911427845,1.1062045768258895,0.876396672286663,8.881547696797206,349,159.0580205002914,105.85986100200735,8,1.2651373216596478,-5,1.7216701226941677,7,2.3753667234107008,0,1.388842014655913,53.429,53.429,53.429,354.002,354.002,354.002,25.72,25.72,25.72,26.76,26.76,26.76,0.42690277099609375,0.42690277099609375,0.42690277099609375,0.0,124,121.715318869165,119,405,390.4205914567361,370,339,311.2928806133625,301,343,332.88652792990143,314,195,181.78707557502742,177,457,444.27820372398685,411,394,373.87491785323124,357,58,55.850164293537794,55,3789,3544.376341730559,3254
Chau_Thanh,10.460493,105.209967,SA,T,2.2,6000,2022-07-20,6.87,92.59,26.64,28.64,25.02,2.61,10.460493,105.209967,25.335976457808076,3.620000000000001,0.25866298156386003,17.079032258064515,6.87,23.62,3.6662738004143356,89.25548387096772,79.44,93.35,3.1503782043407136,27.100322580645162,25.9,28.35,0.5991686922296418,29.538064516129033,26.92,31.62,1.1493796906405753,25.172903225806444,24.08,26.12,0.47685930533687654,2.3409677419354837,0.53,3.86,0.8526442923529118,25.16140586009696,24.07069434896019,25.902008550533132,0.4437840992158635,4.365161290322582,1.9899999999999984,7.540000000000003,1.2650841383920832,0.38848028766838494,0.22659304192761506,0.7757972023291232,0.12688979579822315,4490.635668789809,4490.635668789809,0.3828163479399013,254.63821656050956,254.63821656050956,244,281,461.37324840764336,461.37324840764336,376,573,51.166878980891724,51.166878980891724,41,62,0.4244316116006166,,,,,,0.4896654181100554,,,,0.3511696571202301,,,,1.2409431812025542,,,,2.010318250824869,,,,0.8236869864562215,0.2760868521805375,0.215711775221639,1.9641699737336253,-17.841656359888827,1.3113649254179238,-21.973168329603343,-12.954192996529235,-11.747076673880127,1.7751483599045,-16.743496939688335,-4.894116476599439,4.470917733416442,2.020608913913952,1.036483630994793,17.5432621649425,355,164.53280342966653,103.58760578642648,11,1.131836037181062,-11,2.7116372163504665,15,3.708708837252186,0,2.344718722087718,53.429,53.429,53.429,354.002,354.002,354.002,25.72,25.72,25.72,26.76,26.76,26.76,0.42690277099609375,0.42690277099609375,0.42690277099609375,0.0,125,123.25333917232324,122,427,401.90692071835304,380,332,317.3880858519492,292,342,328.9373631187035,300,205,196.58453788874286,177,455,424.61300919842313,373,423,378.85961454226884,361,60,55.76281208935611,55,3785,3429.993429697766,2733
Chau_Phu,10.461453,105.172294,WS,D,2.25,6400,2022-04-03,19.86,81.35,26.93,31.31,23.54,2.76,10.461453,105.172294,23.45507529294824,7.77,0.6622101242185564,19.940967741935477,13.91,25.27,2.591344594107667,80.30096774193548,70.96,87.54,3.8880813369617657,28.162580645161295,26.71,30.02,0.7781987794070043,32.533225806451604,30.27,36.61,1.5018749294965132,24.822903225806456,23.23,25.96,0.6627177356057166,1.8806451612903226,1.05,2.83,0.5170195945863795,24.416453962275675,23.45507529294824,25.345762139075116,0.4762568410277464,7.71032258064516,4.460000000000001,11.64,1.5558432707180057,0.7579551749356256,0.4539761277216749,1.2336003068605161,0.1829348774171878,5598.282636248415,5598.282636248415,0.6365581823678758,169.5272496831432,169.5272496831432,167,172,440.7262357414449,440.7262357414449,379,531,51.40177439797212,51.40177439797212,37,57,0.32722069529584497,,,,,,0.36568930087629825,,,,0.27540084323550174,,,,0.888065351361154,,,,1.591123194071348,,,,0.7021428223286561,0.17047302687951196,0.2372842102889652,1.4774625413168763,-17.954351523896115,1.0849164312722175,-22.939959778870396,-13.478710688276296,-11.111744943639964,1.0607141142374192,-14.318346521392229,-7.57898523736113,5.05891090653552,1.5853480316591626,1.7073444423401507,15.857421718574496,353,157.86095798839557,104.68223264985747,9,2.413793557649876,-3,1.9032725298035211,8,2.6804081955228876,0,1.541748110626614,142.141,142.141,142.141,20.891,20.891,20.891,26.54,26.54,26.54,27.48,27.48,27.48,0.4078788757324219,0.4078788757324219,0.4078788757324219,121.249,124,122.83209118807541,121,386,379.2810170977641,374,328,310.06685664182373,292,335,320.34743533537915,302,206,197.53660675142478,192,430,419.0664182376149,410,394,383.5526085050416,369,59,55.67097764138535,54,3766,3194.631740464708,2723
Chau_Phu,10.461453,105.172294,SA,D,2.25,5500,2022-07-14,18.62,89.66,26.65,29.19,24.7,3.22,10.461453,105.172294,24.80498046868136,4.490000000000002,0.3611537133149726,16.552258064516124,6.87,23.62,4.135575561360872,89.32419354838709,79.44,93.35,3.1672994237928283,27.140967741935484,25.9,28.35,0.5792784991733929,29.546774193548387,26.92,31.62,1.1371906161231475,25.2716129032258,24.08,26.12,0.4605193195778813,2.492258064516128,0.53,3.86,0.8715603718560192,25.214382792780317,24.07069434896019,25.902008550533132,0.44080403890052405,4.275161290322582,1.9899999999999984,7.540000000000003,1.2695817725578922,0.38682988877803753,0.22659304192761506,0.7757972023291232,0.12721385134730084,3696.067173637516,3696.067173637516,0.4433978360060594,258.93662864385294,258.93662864385294,245,277,440.7262357414449,440.7262357414449,379,531,53.320659062103935,53.320659062103935,42,60,0.3959706208954173,,,,,,0.453368227893328,,,,0.32898639221861764,,,,1.1376291397660987,,,,1.8875881391517848,,,,0.9798286396434089,0.2245108405649357,0.3956322276905866,1.792240888351139,-16.2870512309604,0.8956739044950445,-19.481860743599203,-12.964496320931962,-11.293120636049991,1.1873443285545124,-15.284325181022009,-7.453921768272749,3.3155872788632803,1.0797291682022847,1.2318428432240482,9.110399810827072,353,157.86095798839557,104.68223264985747,9,2.413793557649876,-3,1.9032725298035211,8,2.6804081955228876,0,1.541748110626614,85.694,85.694,85.694,58.933,58.933,58.933,26.23,26.23,26.23,26.67,26.67,26.67,0.44047991434733075,0.44047991434733075,0.44047991434733075,26.76,124,122.83209118807541,121,386,379.2810170977641,374,328,310.06685664182373,292,335,320.34743533537915,302,206,197.53660675142478,192,430,419.0664182376149,410,394,383.5526085050416,369,59,55.67097764138535,54,3766,3194.631740464708,2723
Chau_Phu,10.463816,105.133945,SA,T,1.7,6500,2022-07-20,6.87,92.59,26.64,28.64,25.02,2.61,10.463816,105.133945,25.335976457808076,3.620000000000001,0.25866298156386003,17.079032258064515,6.87,23.62,3.6662738004143356,89.25548387096772,79.44,93.35,3.1503782043407136,27.100322580645162,25.9,28.35,0.5991686922296418,29.538064516129033,26.92,31.62,1.1493796906405753,25.172903225806444,24.08,26.12,0.47685930533687654,2.3409677419354837,0.53,3.86,0.8526442923529118,25.16140586009696,24.07069434896019,25.902008550533132,0.4437840992158635,4.365161290322582,1.9899999999999984,7.540000000000003,1.2650841383920832,0.38848028766838494,0.22659304192761506,0.7757972023291232,0.12688979579822315,4042.869398207427,4042.869398207427,0.4269124970212555,249.70422535211267,249.70422535211267,243,259,499.52496798975676,499.52496798975676,466,557,36.207426376440466,36.207426376440466,35,40,0.42480123485652826,,,,,,0.4901368101907921,,,,0.35145775146960173,,,,1.2422849220004304,,,,2.011912148379065,,,,0.8871110969103334,0.2729911510204737,0.07413676913349442,2.0666153427837117,-15.860637816348335,1.5348628745527424,-24.912331997305245,-6.339470601848104,-10.208584413196206,2.3166157873494506,-16.02353987157152,7.531560057220128,4.026130961743095,2.085110107472655,0.9355319382328968,52.954333952662516,353,158.56295503564542,106.18832346075612,11,3.72390470388725,-7,2.2765157927854793,11,2.880576913578213,0,1.776186927637059,54.614,54.614,54.614,359.297,359.297,359.297,25.65,25.65,25.65,26.82,26.82,26.82,0.45612208048502606,0.45612208048502606,0.45612208048502606,0.0,126,123.17166630172973,121,385,360.65147864184013,343,312,290.75531215772185,275,330,308.4556407447974,297,262,248.5741511500548,224,416,384.7312157721796,376,378,366.6834611171961,358,61,56.59123767798468,55,3114,2603.6127053669225,2383
Chau_Phu,10.464233,105.183189,WS,T,3.7,6400,2022-04-03,19.86,81.35,26.93,31.31,23.54,2.76,10.464233,105.183189,23.45507529294824,7.77,0.6622101242185564,19.940967741935477,13.91,25.27,2.591344594107667,80.30096774193548,70.96,87.54,3.8880813369617657,28.162580645161295,26.71,30.02,0.7781987794070043,32.533225806451604,30.27,36.61,1.5018749294965132,24.822903225806456,23.23,25.96,0.6627177356057166,1.8806451612903226,1.05,2.83,0.5170195945863795,24.416453962275675,23.45507529294824,25.345762139075116,0.4762568410277464,7.71032258064516,4.460000000000001,11.64,1.5558432707180057,0.7579551749356256,0.4539761277216749,1.2336003068605161,0.1829348774171878,4862.4229797979815,4862.4229797979815,0.5469506003175183,170.79797979797982,170.79797979797982,167,175,378.5202020202021,378.5202020202021,189,566,44.96717171717172,44.96717171717172,27,58,0.32648144878402163,,,,,,0.36474651671482483,,,,0.27482465453675853,,,,0.8853818697654019,,,,1.587935398962956,,,,0.8244108788328813,0.20611777388205368,0.16918395798970143,2.2036064371887174,-17.267499586624922,2.19825327680614,-23.092556699945412,-7.787622912049895,-11.285382658404778,1.9986280088117878,-16.480817616662154,-2.5881006792898957,4.169600176573893,1.4053594543438954,0.8152061695295539,22.642903544338928,350,163.0110313851139,106.4394319218291,11,2.7863764040318877,-5,2.689563343073746,13,3.3433263413011782,0,1.9753674316809544,142.141,142.141,142.141,20.891,20.891,20.891,26.54,26.54,26.54,27.48,27.48,27.48,0.4078788757324219,0.4078788757324219,0.4078788757324219,121.249,127,124.20162174008335,121,411,376.7078676309446,358,328,301.99342537804074,279,343,304.1233837387683,276,221,204.61297392066624,192,427,414.53955730878806,405,398,380.7170721016875,365,56,55.13083497698882,54,3729,2965.1792680254216,2541
Chau_Thanh,10.465667,105.225904,SA,T,1.65,6400,2022-07-20,6.87,92.59,26.64,28.64,25.02,2.61,10.465667,105.225904,25.335976457808076,3.620000000000001,0.25866298156386003,17.079032258064515,6.87,23.62,3.6662738004143356,89.25548387096772,79.44,93.35,3.1503782043407136,27.100322580645162,25.9,28.35,0.5991686922296418,29.538064516129033,26.92,31.62,1.1493796906405753,25.172903225806444,24.08,26.12,0.47685930533687654,2.3409677419354837,0.53,3.86,0.8526442923529118,25.16140586009696,24.07069434896019,25.902008550533132,0.4437840992158635,4.365161290322582,1.9899999999999984,7.540000000000003,1.2650841383920832,0.38848028766838494,0.22659304192761506,0.7757972023291232,0.12688979579822315,4766.122474747474,4766.122474747474,0.5189659206408888,287.3434343434343,287.3434343434343,261,404,588.655303030303,588.655303030303,368,672,62.44949494949494,62.44949494949494,47,66,0.42517085811243993,,,,,,0.4906082022715288,,,,0.35174584581897334,,,,1.2436266627983064,,,,2.0135060459332608,,,,1.0155165020970065,0.2389447006946637,0.1515227047575368,1.9908302725255531,-16.809744611967183,1.108776583623669,-21.18284893547163,-12.569855535448227,-12.01853772812672,1.5468059545950692,-16.955936878699468,1.07175619227345,3.182946838930032,1.1937199244845886,1.0092119630698746,25.3986839886518,352,161.63665129020683,106.77957150041561,10,1.4031266565912988,-7,2.2376339937078065,11,3.03817774133963,0,1.8084461808660588,53.429,53.429,53.429,354.002,354.002,354.002,25.72,25.72,25.72,26.76,26.76,26.76,0.42690277099609375,0.42690277099609375,0.42690277099609375,0.0,124,121.63978965819459,119,399,387.8234005258544,375,339,323.1281770376862,300,354,330.8052147239263,306,191,184.1818580192813,176,461,447.31726555652926,437,382,368.41016652059585,353,58,56.12642418930761,55,3943,3443.7508764241893,2891
Chau_Phu,10.46658,105.139698,WS,D,3.0,7600,2022-04-06,20.96,81.1,27.83,32.11,24.73,1.14,10.46658,105.139698,24.28008545051571,7.379999999999999,0.7073657557281703,19.993548387096773,13.91,25.27,2.605645915076617,80.97677419354837,72.53,87.54,3.0663011100344577,28.060000000000006,26.71,29.39,0.649456348330738,32.296129032258065,30.27,34.49,1.0988107278365737,24.739354838709684,23.23,25.96,0.6746608968232807,1.9106451612903226,1.1,2.83,0.49938630391822225,24.465598930149397,23.45507529294824,25.345762139075116,0.45556395848616454,7.556774193548387,4.460000000000001,9.989999999999998,1.2724560632424267,0.7253127683900847,0.4539761277216749,1.125403854694864,0.13987455908209984,3448.1269230769226,3448.1269230769226,0.35756384698967897,175.22179487179486,175.22179487179486,168,239,496.11794871794865,496.11794871794865,424,578,31.456410256410255,31.456410256410255,12,37,0.33165617436678513,,,,,,0.3713460058451389,,,,0.2788579754279608,,,,0.9041662409356666,,,,1.6102499647216988,,,,0.44032449904716564,0.2450000946470662,0.08603594387538244,1.4996653691663064,-20.05231421268197,3.792707759383575,-27.30320722569043,-10.083046542748399,-10.339929193832434,2.018750554996437,-17.36858670738427,2.0737966797939213,11.169450965006822,6.478474378338708,1.667261698670603,45.49219639867895,353,158.14878947420402,104.92275621089829,10,3.443678365288054,-4,2.279528027382229,11,2.8622308707949338,0,1.6942015409655704,135.884,135.884,135.884,14.963,14.963,14.963,28.21,28.21,28.21,28.86,28.86,28.86,0.3996836344401042,0.3996836344401042,0.3996836344401042,120.92,124,123.12445223488164,121,400,366.88014899211225,350,304,286.2416739702017,264,331,307.4546450482034,290,253,235.15687992988612,211,429,399.57208588957064,380,390,365.276073619632,351,60,56.66476774758984,55,3301,2626.2793602103416,2383
Chau_Thanh,10.467229,105.24767,WS,T,1.54,7200,2022-03-27,20.9,80.8,28.64,32.65,25.38,1.54,10.467229,105.24767,25.006220070936045,7.27,0.7532338983974283,19.808064516129026,13.91,25.27,2.4664594179417985,77.2416129032258,64.47,87.54,6.190173324361764,28.511290322580646,26.71,30.32,1.0706788378301475,33.28322580645161,30.27,37.07,2.0413395145167734,24.850645161290327,23.23,25.84,0.6326132971783864,1.8222580645161288,0.83,2.83,0.5336345836680533,24.068291937317575,22.833586831955028,25.111718111232275,0.5746544128906169,8.43258064516129,4.460000000000001,12.3,1.9124110230062243,0.9017068965450331,0.4539761277216749,1.5336969985339284,0.30023088836592315,4862.88122605364,4862.88122605364,0.4504806791479188,150.1736909323116,150.1736909323116,89,181,417.2260536398467,417.2260536398467,384,483,41.99872286079182,41.99872286079182,31,63,0.3083699092443493,,,,,,0.34164830475872554,,,,0.2607080314175506,,,,0.8196365706694756,,,,1.5098344188073571,,,,0.831489440858943,0.23356426805789157,0.26089629224929806,1.9897737235920285,-17.748318586098367,2.3235318207671787,-24.40817214465565,-10.111804181787068,-11.776349438369872,1.9287208432802745,-18.08637058461684,-4.454131704944141,4.225363054257079,1.611099703494281,1.0102788335042547,14.331762538724856,352,165.92950701999314,103.57568516157322,18,1.6166431788847029,-10,2.7375144311530075,17,3.5201972973684885,0,2.451548505142467,120.248,120.248,120.248,108.929,108.929,108.929,29.59,29.59,29.59,30.43,30.43,30.43,0.31356557210286456,0.31356557210286456,0.31356557210286456,11.319,124,122.55115005476453,122,411,385.35604732690626,358,325,304.2057405784399,286,347,317.26073619631893,296,198,189.26752848378615,180,457,437.3021472392638,426,386,373.2578878177037,362,60,56.712751971954425,55,3405,3089.4712971078,2667
Chau_Thanh,10.467229,105.24767,SA,T,1.54,5500,2022-07-28,19.71,85.56,27.6,30.48,25.14,1.61,10.467229,105.24767,24.952783099635962,5.34,0.5332377150662087,16.537419354838708,6.73,23.62,4.019790531970007,88.99290322580647,79.44,92.59,3.064938239180294,26.921935483870964,24.86,28.35,0.7658030545893081,29.399032258064516,26.92,31.62,1.3220642579637436,24.908064516129027,23.04,26.05,0.5967623364122854,2.317096774193548,0.53,3.85,0.8077695038065729,24.93641694560688,23.013919027872713,25.86766694000002,0.5990055829836034,4.490967741935484,2.150000000000002,7.540000000000003,1.2804569618762993,0.39411504305396844,0.2532125702380937,0.7757972023291232,0.1251438164465532,3672.6909323116215,3672.6909323116215,0.27903311131848235,202.2375478927203,202.2375478927203,190,236,417.2260536398467,417.2260536398467,384,483,30.8352490421456,30.8352490421456,24,47,0.46545979300681295,,,,,,0.5419899390718312,,,,0.38314812990047675,,,,1.3898764097667953,,,,2.1872408793406137,,,,0.6426691704036718,0.2635048124482525,0.11550385454770391,1.6559835383411246,-18.751339682205955,2.8079000721555354,-26.417048719046093,-8.628770740946091,-11.17235227357269,1.8798391572174473,-18.07910213444645,-4.417034133346046,6.6429769412520425,3.9212310469697615,1.4154829485847338,33.63087890584614,352,165.92950701999314,103.57568516157322,18,1.6166431788847029,-10,2.7375144311530075,17,3.5201972973684885,0,2.451548505142467,114.47,114.47,114.47,270.522,270.522,270.522,29.09,29.09,29.09,29.63,29.63,29.63,0.4120362599690755,0.4120362599690755,0.4120362599690755,0.0,124,122.55115005476453,122,411,385.35604732690626,358,325,304.2057405784399,286,347,317.26073619631893,296,198,189.26752848378615,180,457,437.3021472392638,426,386,373.2578878177037,362,60,56.712751971954425,55,3405,3089.4712971078,2667
Chau_Phu,10.467721,105.192464,WS,D,1.95,7200,2022-04-12,21.59,80.47,28.25,32.54,24.97,2.09,10.467721,105.192464,24.55819484380857,7.57,0.7490345980684868,19.84096774193548,13.91,23.06,2.0541010981789727,81.34870967741932,75.99,87.54,2.7662210649600905,28.04548387096774,26.71,29.68,0.6736124984937194,32.174838709677424,29.09,34.19,1.178771561134841,24.727419354838716,23.23,25.96,0.6925640426514919,1.8900000000000001,1.07,2.83,0.5223520009564678,24.53048136343193,23.45507529294824,25.345762139075116,0.4358995080669784,7.4474193548387095,4.100000000000001,9.219999999999999,1.3216777405812548,0.7104642583457828,0.4539761277216749,1.000209663814001,0.12875196485454118,2281.4839948783615,2281.4839948783615,0.22981108246683157,202.22279129321382,202.22279129321382,184,212,382.94366197183103,382.94366197183103,232,486,25.416133162612038,25.416133162612038,19,38,0.3638133976311012,,,,,,0.41235711686923343,,,,0.3039221838232892,,,,1.0208976903508826,,,,1.748919051936742,,,,0.6865608726390531,0.24125309714174129,0.10386615141802921,1.6501903231778683,-18.52951336744715,3.507327188606333,-26.713822959748555,-7.87699433172603,-11.403043176646953,2.4947346463562683,-17.942024407566215,-3.9050376671098572,5.801718673565302,3.328370671099263,1.4239628264798967,37.51110246591533,354,162.48164855173866,103.62219731047809,14,2.8121985189770475,-5,2.6663687079631355,12,3.2204149366663457,0,1.9749599165572174,126.445,126.445,126.445,24.557,24.557,24.557,28.66,28.66,28.66,29.28,29.28,29.28,0.3428993225097656,0.3428993225097656,0.3428993225097656,101.888,128,125.92902519167578,124,392,372.36152497808945,355,326,297.0948729184926,267,326,298.0357142857144,281,213,203.07712532865906,193,433,420.82405784399646,409,397,376.0190622261175,366,59,56.01468010517091,55,3368,2903.976336546889,2425
Chau_Phu,10.467721,105.192464,SA,D,1.95,6400,2022-07-15,15.33,90.06,27.15,29.75,25.4,2.68,10.467721,105.192464,25.37304309839621,4.350000000000001,0.35752549714924664,16.52774193548387,6.87,23.62,4.116383246270553,89.32290322580646,79.44,93.35,3.1673456818058416,27.14096774193548,25.9,28.35,0.5792784991733929,29.549032258064518,26.92,31.62,1.139248067915737,25.27838709677419,24.08,26.12,0.4662208861389811,2.4841935483870965,0.53,3.86,0.8725149936545074,25.214138036281952,24.07069434896019,25.902008550533132,0.4404433246283723,4.270645161290323,1.9899999999999984,7.540000000000003,1.2672778433137728,0.386878125089941,0.22659304192761506,0.7757972023291232,0.12722011140749237,5262.394366197183,5262.394366197183,0.5699833652038102,250.943661971831,250.943661971831,248,257,382.94366197183103,382.94366197183103,232,486,60.00256081946223,60.00256081946223,40,71,0.4114947976437078,,,,,,0.4731666952842702,,,,0.3410863548922245,,,,1.1939822532768924,,,,1.9545318364280126,,,,1.056200625903271,0.25749973703860257,0.2037509041454117,2.0216116016132837,-15.451507777443972,1.8707014452520336,-23.446512876423572,-6.159494265754308,-10.884540050118384,2.321299209423741,-18.536186254597457,0.8835373831644748,3.033114560577644,1.0872682762616293,0.978619432539824,18.63181472385175,354,162.48164855173866,103.62219731047809,14,2.8121985189770475,-5,2.6663687079631355,12,3.2204149366663457,0,1.9749599165572174,97.356,97.356,97.356,80.255,80.255,80.255,27.01,27.01,27.01,27.48,27.48,27.48,0.43887964884440106,0.43887964884440106,0.43887964884440106,17.101,128,125.92902519167578,124,392,372.36152497808945,355,326,297.0948729184926,267,326,298.0357142857144,281,213,203.07712532865906,193,433,420.82405784399646,409,397,376.0190622261175,366,59,56.01468010517091,55,3368,2903.976336546889,2425
Chau_Phu,10.467778,105.163448,WS,D,4.9,6960,2022-04-03,19.86,81.35,26.93,31.31,23.54,2.76,10.467778,105.163448,23.45507529294824,7.77,0.6622101242185564,19.940967741935477,13.91,25.27,2.591344594107667,80.30096774193548,70.96,87.54,3.8880813369617657,28.162580645161295,26.71,30.02,0.7781987794070043,32.533225806451604,30.27,36.61,1.5018749294965132,24.822903225806456,23.23,25.96,0.6627177356057166,1.8806451612903226,1.05,2.83,0.5170195945863795,24.416453962275675,23.45507529294824,25.345762139075116,0.4762568410277464,7.71032258064516,4.460000000000001,11.64,1.5558432707180057,0.7579551749356256,0.4539761277216749,1.2336003068605161,0.1829348774171878,3887.0433673469383,3887.0433673469383,0.4540810186519666,172.6734693877551,172.6734693877551,170,176,369.4655612244898,369.4655612244898,269,474,46.14413265306122,46.14413265306122,37,72,0.3268510720399333,,,,,,0.36521790879556154,,,,0.27511274888613013,,,,0.886723610563278,,,,1.5895292965171521,,,,0.6643366470540514,0.1763085446868094,0.2085479817734074,1.5259366032105537,-17.80532824034342,1.3424389797579537,-23.841576631860764,-13.483824892230325,-10.648771475403175,1.1540156391254053,-14.757430519382135,-6.743848785749655,5.475761288141347,1.8265075084464295,1.6213408811244479,18.18023836042729,350,161.08019652330253,107.64905687527207,10,2.4366386875615387,-4,1.9418087408188447,13,2.6053464348868394,0,1.5647004508099769,142.141,142.141,142.141,20.891,20.891,20.891,26.54,26.54,26.54,27.48,27.48,27.48,0.4078788757324219,0.4078788757324219,0.4078788757324219,121.249,123,122.39145673603507,121,395,376.35889570552143,352,326,305.4250657318142,284,337,318.7300613496932,294,215,204.09837861524974,194,427,420.2015775635407,404,388,375.7782646801051,362,59,55.6117440841367,54,3717,3165.1976336546877,2799
Chau_Phu,10.467778,105.163448,SA,D,4.9,5500,2022-07-14,18.62,89.66,26.65,29.19,24.7,3.22,10.467778,105.163448,24.80498046868136,4.490000000000002,0.3611537133149726,16.552258064516124,6.87,23.62,4.135575561360872,89.32419354838709,79.44,93.35,3.1672994237928283,27.140967741935484,25.9,28.35,0.5792784991733929,29.546774193548387,26.92,31.62,1.1371906161231475,25.2716129032258,24.08,26.12,0.4605193195778813,2.492258064516128,0.53,3.86,0.8715603718560192,25.214382792780317,24.07069434896019,25.902008550533132,0.44080403890052405,4.275161290322582,1.9899999999999984,7.540000000000003,1.2695817725578922,0.38682988877803753,0.22659304192761506,0.7757972023291232,0.12721385134730084,4093.4744897959176,4093.4744897959176,0.47488685635538025,257.6198979591837,257.6198979591837,249,267,369.4655612244898,369.4655612244898,269,474,60.27551020408163,60.27551020408163,45,64,0.39634024415132896,,,,,,0.45383961997406475,,,,0.32927448656798924,,,,1.1389708805639747,,,,1.8891820367059808,,,,0.9106758350497545,0.22975625192548452,0.35863977112151624,1.9621724979661825,-16.296907916783457,0.9124909058052423,-19.645808784130622,-13.040148443040355,-10.86606961543332,1.397508966790572,-15.224987750260553,-6.653499201194407,3.6850225853324257,1.2255705591350967,1.0385567548959396,10.15325271230083,350,161.08019652330253,107.64905687527207,10,2.4366386875615387,-4,1.9418087408188447,13,2.6053464348868394,0,1.5647004508099769,85.694,85.694,85.694,58.933,58.933,58.933,26.23,26.23,26.23,26.67,26.67,26.67,0.44047991434733075,0.44047991434733075,0.44047991434733075,26.76,123,122.39145673603507,121,395,376.35889570552143,352,326,305.4250657318142,284,337,318.7300613496932,294,215,204.09837861524974,194,427,420.2015775635407,404,388,375.7782646801051,362,59,55.6117440841367,54,3717,3165.1976336546877,2799
Chau_Phu,10.468679,105.203699,WS,T,1.3,8000,2022-04-01,13.91,87.54,27.37,30.3,25.84,2.83,10.468679,105.203699,25.111718111232275,4.460000000000001,0.4539761277216749,19.720322580645163,13.91,25.27,2.589216451250377,79.44838709677418,64.71,87.54,4.920224291225203,28.275161290322583,26.71,30.32,0.8958537861969978,32.72677419354838,30.27,37.07,1.741223868982582,24.861935483870973,23.23,25.96,0.6592195745353534,1.8116129032258066,0.83,2.83,0.5221549440922286,24.333132285821154,22.913951501795566,25.345762139075116,0.5422154181209905,7.864838709677419,4.460000000000001,12.3,1.7701774486734043,0.7990153703776864,0.4539761277216749,1.5250815533868478,0.23591073800732457,5658.7141057934505,5658.7141057934505,0.5199677626484728,179.40554156171282,179.40554156171282,170,184,579.890428211587,579.890428211587,376,653,40.66498740554157,40.66498740554157,35,51,0.3235244627367282,,,,,,0.36097538006893104,,,,0.2725198997417858,,,,0.8746479433823935,,,,1.575184218529389,,,,1.0098902046617286,0.20524328059347824,0.3968772237490773,1.8106546143242725,-16.48515230416422,1.0731484617946019,-20.038392580062236,-12.750790636916395,-11.689473938038862,1.4346896671161775,-15.611747677395844,-6.4153170667762955,3.136601409171993,0.9060212505480641,1.209145779849781,9.078683685131224,353,163.106681857696,105.31473756928312,17,1.9339848792181442,-15,2.695782322249646,15,3.2651668817997423,0,2.2668212952170728,70.91,70.91,70.91,199.722,199.722,199.722,26.53,26.53,26.53,27.73,27.73,27.73,0.382080078125,0.382080078125,0.382080078125,0.0,126,123.71024967148486,121,425,391.1105758703744,371,322,297.56514123056706,275,335,317.5474052988833,289,209,203.148018392818,181,453,418.7919859864243,407,390,378.1427633019488,359,60,57.25355813444275,55,3469,3121.572148018393,2683
Chau_Phu,10.469839,105.211568,SA,T,4.0,5500,2022-07-15,15.33,90.06,27.15,29.75,25.4,2.68,10.469839,105.211568,25.37304309839621,4.350000000000001,0.35752549714924664,16.52774193548387,6.87,23.62,4.116383246270553,89.32290322580646,79.44,93.35,3.1673456818058416,27.14096774193548,25.9,28.35,0.5792784991733929,29.549032258064518,26.92,31.62,1.139248067915737,25.27838709677419,24.08,26.12,0.4662208861389811,2.4841935483870965,0.53,3.86,0.8725149936545074,25.214138036281952,24.07069434896019,25.902008550533132,0.4404433246283723,4.270645161290323,1.9899999999999984,7.540000000000003,1.2672778433137728,0.386878125089941,0.22659304192761506,0.7757972023291232,0.12722011140749237,5128.848484848485,5128.848484848485,0.3583949164817846,251.1338383838384,251.1338383838384,242,260,447.02525252525254,447.02525252525254,376,624,65.26136363636363,65.26136363636363,54,75,0.40742894182867934,,,,,,0.46798138239616627,,,,0.33791731704913697,,,,1.1792231045002561,,,,1.9369989633318578,,,,0.9319709480222331,0.23512391691972495,0.3288279292536728,1.8552247149581569,-16.439267102615812,1.0071076655378555,-19.93475842284726,-12.579363220469084,-11.138365293817063,1.5056765329882251,-15.878418239025162,-6.5231064534418115,3.5841229417351275,1.2429661599976911,1.156073044817224,11.16441683976977,352,163.79036926065572,104.07243101568447,17,1.8700492237788733,-15,2.7739781209751184,15,3.6488155013746457,0,2.2849693217968743,92.461,92.461,92.461,102.008,102.008,102.008,26.91,26.91,26.91,27.48,27.48,27.48,0.4104169209798177,0.4104169209798177,0.4104169209798177,0.0,125,123.85554581323981,121,417,389.94697633654687,376,332,306.2182296231375,270,335,315.04754601226983,302,205,188.60078878177032,178,456,434.9881682734443,407,396,376.6031989482909,362,60,57.299517966695866,55,3482,3278.341367221735,2878
Chau_Thanh,10.470013,105.264425,WS,T,1.54,7200,2022-03-25,24.32,79.29,28.88,34.16,25.29,1.97,10.470013,105.264425,24.922375101044477,8.869999999999997,0.823840279763745,19.71870967741935,13.91,25.27,2.575182726915339,76.08354838709677,62.87,87.54,6.760468369147165,28.60806451612903,26.71,30.32,1.0763930789232148,33.54290322580644,30.27,37.07,2.114771692929381,24.766129032258064,23.19,25.84,0.7272692070201437,1.8090322580645155,0.83,2.83,0.5346651339025486,23.89832591306624,21.693268342351598,25.111718111232275,0.7554782366252685,8.776774193548386,4.460000000000001,13.179999999999996,2.1410826129467915,0.9529690517046733,0.4539761277216749,1.5336969985339284,0.3215872578758214,3392.997442455243,3392.997442455243,0.1843228136939858,99.83631713554988,99.83631713554988,79,118,464.4987212276214,464.4987212276214,346,602,36.776214833759596,36.776214833759596,29,57,0.2898887464487654,,,,,,0.3180787007218896,,,,0.24630331394897104,,,,0.7525495307756733,,,,1.4301395410975624,,,,0.6942946850345313,0.1907169047859236,0.23096881462318344,1.556031931646188,-18.142013144225732,1.7848254983269274,-23.859826208314722,-12.978446922800124,-11.209359590346923,2.03258101866308,-17.609481317600142,-4.150313075323787,5.215952716115435,1.7780759661738004,1.5706413336699598,16.318355322236222,349,156.48125026752416,106.582956913638,9,1.1378152256586034,-5,1.8382928484491228,8,2.514308009917325,0,1.5084118937728637,113.426,113.426,113.426,31.046,31.046,31.046,28.84,28.84,28.84,29.63,29.63,29.63,0.30832862854003906,0.30832862854003906,0.30832862854003906,82.38,124,123.43492550394394,122,408,388.5680175246441,376,326,307.8792990142388,266,355,337.55005476451265,315,185,172.1713033953998,162,455,442.3472070098576,421,411,385.5461117196058,369,59,56.29441401971522,56,3728,3365.826725082147,2863
Chau_Thanh,10.470013,105.264425,SA,T,1.54,5500,2022-07-15,15.33,90.06,27.15,29.75,25.4,2.68,10.470013,105.264425,25.37304309839621,4.350000000000001,0.35752549714924664,16.52774193548387,6.87,23.62,4.116383246270553,89.32290322580646,79.44,93.35,3.1673456818058416,27.14096774193548,25.9,28.35,0.5792784991733929,29.549032258064518,26.92,31.62,1.139248067915737,25.27838709677419,24.08,26.12,0.4662208861389811,2.4841935483870965,0.53,3.86,0.8725149936545074,25.214138036281952,24.07069434896019,25.902008550533132,0.4404433246283723,4.270645161290323,1.9899999999999984,7.540000000000003,1.2672778433137728,0.386878125089941,0.22659304192761506,0.7757972023291232,0.12722011140749237,3609.37084398977,3609.37084398977,0.2157221431084624,260.3184143222507,260.3184143222507,234,268,464.4987212276214,464.4987212276214,346,602,46.75831202046036,46.75831202046036,29,54,0.407798565084591,,,,,,0.46845277447690303,,,,0.33820541139850857,,,,1.180564845298132,,,,1.9385928608860536,,,,1.0106960333887192,0.2537990006959992,0.33991576385789374,2.1740471819024845,-17.33377460959928,1.2599409499868264,-23.21780623401996,-11.710631306744734,-12.498189287320063,1.5974397470296953,-16.746489266835304,-6.075612340332287,3.2368368245288086,1.1988795446868572,0.839886472242817,10.767621350071463,349,156.48125026752416,106.582956913638,9,1.1378152256586034,-5,1.8382928484491228,8,2.514308009917325,0,1.5084118937728637,92.461,92.461,92.461,102.008,102.008,102.008,26.91,26.91,26.91,27.48,27.48,27.48,0.4104169209798177,0.4104169209798177,0.4104169209798177,0.0,124,123.43492550394394,122,408,388.5680175246441,376,326,307.8792990142388,266,355,337.55005476451265,315,185,172.1713033953998,162,455,442.3472070098576,421,411,385.5461117196058,369,59,56.29441401971522,56,3728,3365.826725082147,2863
Chau_Thanh,10.470305,105.287062,WS,T,1.43,7000,2022-03-25,24.32,79.29,28.88,34.16,25.29,1.97,10.470305,105.287062,24.922375101044477,8.869999999999997,0.823840279763745,19.71870967741935,13.91,25.27,2.575182726915339,76.08354838709677,62.87,87.54,6.760468369147165,28.60806451612903,26.71,30.32,1.0763930789232148,33.54290322580644,30.27,37.07,2.114771692929381,24.766129032258064,23.19,25.84,0.7272692070201437,1.8090322580645155,0.83,2.83,0.5346651339025486,23.89832591306624,21.693268342351598,25.111718111232275,0.7554782366252685,8.776774193548386,4.460000000000001,13.179999999999996,2.1410826129467915,0.9529690517046733,0.4539761277216749,1.5336969985339284,0.3215872578758214,3059.042767295597,3059.042767295597,0.1906769173888084,89.7818574514039,89.7818574514039,72,123,541.7948164146868,541.7948164146868,478,586,33.47732181425486,33.47732181425486,30,39,0.2895191231928537,,,,,,0.3176073086411529,,,,0.24601521959959946,,,,0.7512077899777972,,,,1.4285456435433663,,,,0.7300085928014306,0.19746901777491335,0.2204674229601282,1.5760611766616233,-18.606156760861012,1.9298356026943297,-24.50274882232541,-10.661286873474658,-11.944965975850263,1.6390390630930851,-17.901466452091178,-4.404374984831217,4.899424108509371,1.7067323689874858,1.5379725477869512,17.14327008631749,355,166.40460197039155,104.46303943844688,17,1.8428033296454354,-11,3.506324339287788,17,4.550069806648754,0,2.7855824244236436,113.426,113.426,113.426,31.046,31.046,31.046,28.84,28.84,28.84,29.63,29.63,29.63,0.30832862854003906,0.30832862854003906,0.30832862854003906,82.38,129,126.38685651697699,124,399,371.76319824753557,337,319,294.4797371303396,269,349,316.51894852135825,281,185,169.39233296823662,160,424,406.7373493975905,388,437,423.86812705366935,397,59,56.32968236582696,56,3690,3238.8440306681277,2668
Chau_Thanh,10.470305,105.287062,SA,T,1.43,5500,2022-07-15,15.33,90.06,27.15,29.75,25.4,2.68,10.470305,105.287062,25.37304309839621,4.350000000000001,0.35752549714924664,16.52774193548387,6.87,23.62,4.116383246270553,89.32290322580646,79.44,93.35,3.1673456818058416,27.14096774193548,25.9,28.35,0.5792784991733929,29.549032258064518,26.92,31.62,1.139248067915737,25.27838709677419,24.08,26.12,0.4662208861389811,2.4841935483870965,0.53,3.86,0.8725149936545074,25.214138036281952,24.07069434896019,25.902008550533132,0.4404433246283723,4.270645161290323,1.9899999999999984,7.540000000000003,1.2672778433137728,0.386878125089941,0.22659304192761506,0.7757972023291232,0.12722011140749237,3943.0767295597475,3943.0767295597475,0.31664252252919955,256.7105831533477,256.7105831533477,245,305,541.7948164146868,541.7948164146868,478,586,32.4622030237581,32.4622030237581,13,39,0.40668969531685595,,,,,,0.46703859823469285,,,,0.33734112835039376,,,,1.176539622904504,,,,1.933811168223466,,,,1.0634054986909527,0.26751761122497325,0.3794138364790943,2.104030398016604,-17.05397258609004,1.2514389431070807,-22.393331072116993,-10.30438720381145,-12.523059612550977,1.5926204368472499,-16.819225465866893,-4.8899248324692595,3.0129344718197246,1.0577554682717492,0.9011132176467889,9.54257809129847,355,166.40460197039155,104.46303943844688,17,1.8428033296454354,-11,3.506324339287788,17,4.550069806648754,0,2.7855824244236436,92.461,92.461,92.461,102.008,102.008,102.008,26.91,26.91,26.91,27.48,27.48,27.48,0.4104169209798177,0.4104169209798177,0.4104169209798177,0.0,129,126.38685651697699,124,399,371.76319824753557,337,319,294.4797371303396,269,349,316.51894852135825,281,185,169.39233296823662,160,424,406.7373493975905,388,437,423.86812705366935,397,59,56.32968236582696,56,3690,3238.8440306681277,2668
Chau_Phu,10.474439,105.216928,WS,T,7.0,6800,2022-04-04,16.78,82.32,26.92,31.06,23.82,2.59,10.474439,105.216928,23.642400674273386,7.239999999999998,0.6273997010421304,19.976774193548387,13.91,25.27,2.5998441480544052,80.59225806451612,71.13,87.54,3.4958276602511322,28.096774193548395,26.71,29.47,0.7007479280660528,32.41032258064516,30.27,36.29,1.30640230890638,24.775483870967744,23.23,25.96,0.6529280882681734,1.9254838709677418,1.1,2.83,0.5031246796652311,24.417557946327307,23.45507529294824,25.345762139075116,0.4757037034326337,7.634838709677419,4.460000000000001,11.64,1.4505190861021864,0.7425320590329583,0.4539761277216749,1.1882227460673875,0.16102634723429787,4979.746173469388,4979.746173469388,0.33989086584203776,164.58418367346937,164.58418367346937,163,175,549.2372448979592,549.2372448979592,368,653,23.346938775510203,23.346938775510203,18,33,0.32832956506358,,,,,,0.3671034771185084,,,,0.2762651262836165,,,,0.8920905737547822,,,,1.5959048867339356,,,,0.8730679890827782,0.18483563475426998,0.37437906524451037,1.7451536743867584,-17.450528638455037,1.2975024676328404,-21.988698204585383,-12.577049988897562,-11.819236247414715,1.1538218179283242,-15.06488786409237,-6.975903104008875,3.798053629019242,1.080682872112535,1.29206175863314,9.68435810476626,350,159.77633225330587,108.73154155386696,13,2.4277567040724928,-7,2.311708183877772,15,3.1915237606027067,0,2.0916045816562576,,,,,,,,,,,,,,,,,125,123.94720700985766,122,418,389.3948290972832,372,324,295.4276950043822,273,340,313.5882997370728,299,190,182.3667835232253,176,458,443.13584574934276,431,388,374.6319018404909,356,60,56.72830850131464,55,3440,3069.8249342681866,2683
Chau_Phu,10.475484,105.13594,WS,T,2.1,7200,2022-04-10,19.36,82.44,27.81,31.8,24.75,1.74,10.475484,105.13594,24.534853223742125,7.050000000000001,0.6564479686942216,19.909354838709675,13.91,25.27,2.21220796940431,81.36967741935482,72.53,87.54,2.92292990863285,28.021612903225805,26.71,29.39,0.6336585870915009,32.13967741935485,29.09,34.49,1.15118868123896,24.706774193548394,23.23,25.96,0.6664997016032738,1.8893548387096775,1.1,2.83,0.5194347764567905,24.510502053587818,23.45507529294824,25.345762139075116,0.4496529651755884,7.432903225806452,4.100000000000001,9.55,1.3344618186645376,0.7085235262616059,0.4539761277216749,1.125403854694864,0.13341450826484239,2664.579013906448,2664.579013906448,0.1356813542354631,200.5398230088496,200.5398230088496,183,234,463.89759797724406,463.89759797724406,408,520,29.943109987357776,29.943109987357776,22,35,0.3615956580956311,,,,,,0.4095287643848131,,,,0.30219361772705966,,,,1.0128472455636264,,,,1.7393556666115666,,,,0.5679645154129146,0.21674360304052406,0.11639904402910078,1.3296027234283063,-17.964691247109105,3.0090634711001623,-26.756245731139273,-9.59931176700183,-9.820297730409662,1.8339603673387421,-15.689427118694304,-1.7103287826662092,7.3195246608326245,3.7918211068215713,2.0084174238799872,33.36454339779599,354,166.8645568536543,107.09059784765168,13,3.208563281219129,-8,2.574669435769929,13,3.2228771255087394,0,2.000764349741873,,,,,,,,,,,,,,,,,124,122.54654983570647,121,378,363.6283399036355,349,321,296.82260183968447,262,341,308.8353044240034,284,248,220.42137538326753,209,434,419.3499780989924,393,379,360.31471747700385,342,61,57.155935173017944,54,3322,2824.210468681559,2494
Chau_Phu,10.476738,105.227333,WS,T,4.0,7200,2022-04-03,19.86,81.35,26.93,31.31,23.54,2.76,10.476738,105.227333,23.45507529294824,7.77,0.6622101242185564,19.940967741935477,13.91,25.27,2.591344594107667,80.30096774193548,70.96,87.54,3.8880813369617657,28.162580645161295,26.71,30.02,0.7781987794070043,32.533225806451604,30.27,36.61,1.5018749294965132,24.822903225806456,23.23,25.96,0.6627177356057166,1.8806451612903226,1.05,2.83,0.5170195945863795,24.416453962275675,23.45507529294824,25.345762139075116,0.4762568410277464,7.71032258064516,4.460000000000001,11.64,1.5558432707180057,0.7579551749356256,0.4539761277216749,1.2336003068605161,0.1829348774171878,4554.280409731114,4554.280409731114,0.4306032435831591,178.0857874519846,178.0857874519846,165,190,469.5646606914212,469.5646606914212,368,653,23.20486555697823,23.20486555697823,15,51,0.3261118255281099,,,,,,0.36427512463408807,,,,0.274536560187387,,,,0.8840401289675259,,,,1.5863415014087603,,,,0.7248194136771141,0.23799448762920888,0.15129029392279217,1.8000875095902353,-18.117541881323515,2.056212459820124,-24.416801110677824,-13.08912770877884,-11.328546876775308,1.335289444539424,-15.67116975852626,-6.8307183175043615,5.237775016628646,2.4350038560899634,1.2221141909431634,25.439237417578923,352,157.33818357831524,105.4678468133273,8,1.6436041304462352,-7,2.1796962917642992,11,2.9160212844423357,0,1.7362893030203947,142.406,142.406,142.406,21.104,21.104,21.104,26.54,26.54,26.54,27.53,27.53,27.53,0.3680610656738281,0.3680610656738281,0.3680610656738281,121.302,123,122.19649507119387,121,422,390.6144578313252,377,328,305.6534501642936,281,358,329.32157721796284,310,193,183.15837897042718,176,455,436.8157721796276,429,388,380.08192771084333,361,60,56.99759036144579,56,3563,3160.280832420591,2736
Chau_Phu,10.476738,105.227333,SA,T,4.0,6000,2022-07-15,15.33,90.06,27.15,29.75,25.4,2.68,10.476738,105.227333,25.37304309839621,4.350000000000001,0.35752549714924664,16.52774193548387,6.87,23.62,4.116383246270553,89.32290322580646,79.44,93.35,3.1673456818058416,27.14096774193548,25.9,28.35,0.5792784991733929,29.549032258064518,26.92,31.62,1.139248067915737,25.27838709677419,24.08,26.12,0.4662208861389811,2.4841935483870965,0.53,3.86,0.8725149936545074,25.214138036281952,24.07069434896019,25.902008550533132,0.4404433246283723,4.270645161290323,1.9899999999999984,7.540000000000003,1.2672778433137728,0.386878125089941,0.22659304192761506,0.7757972023291232,0.12722011140749237,4053.8476312419975,4053.8476312419975,0.36716164274843166,264.29065300896286,264.29065300896286,251,281,469.5646606914212,469.5646606914212,368,653,43.85659411011523,43.85659411011523,35,52,0.40410233252547423,,,,,,0.4637388536695358,,,,0.33532446790479264,,,,1.1671474373193718,,,,1.9226538853440946,,,,0.9921426895274107,0.2388585234752238,0.3619699242584239,1.8994167804562996,-17.05465963053148,1.212815511916828,-21.260962307477325,-12.45701225894354,-12.12507746687356,1.5557054793589764,-16.178344533208058,-6.5877741020329115,3.279656139220808,1.1063115266878973,1.1059095829610783,10.050641868091367,352,157.33818357831524,105.4678468133273,8,1.6436041304462352,-7,2.1796962917642992,11,2.9160212844423357,0,1.7362893030203947,92.461,92.461,92.461,102.008,102.008,102.008,26.91,26.91,26.91,27.48,27.48,27.48,0.4104169209798177,0.4104169209798177,0.4104169209798177,0.0,123,122.19649507119387,121,422,390.6144578313252,377,328,305.6534501642936,281,358,329.32157721796284,310,193,183.15837897042718,176,455,436.8157721796276,429,388,380.08192771084333,361,60,56.99759036144579,56,3563,3160.280832420591,2736
Chau_Phu,10.479304,105.102943,WS,D,2.9,6800,2022-04-10,19.36,82.44,27.81,31.8,24.75,1.74,10.479304,105.102943,24.534853223742125,7.050000000000001,0.6564479686942216,19.909354838709675,13.91,25.27,2.21220796940431,81.36967741935482,72.53,87.54,2.92292990863285,28.021612903225805,26.71,29.39,0.6336585870915009,32.13967741935485,29.09,34.49,1.15118868123896,24.706774193548394,23.23,25.96,0.6664997016032738,1.8893548387096775,1.1,2.83,0.5194347764567905,24.510502053587818,23.45507529294824,25.345762139075116,0.4496529651755884,7.432903225806452,4.100000000000001,9.55,1.3344618186645376,0.7085235262616059,0.4539761277216749,1.125403854694864,0.13341450826484239,2438.477329974811,2438.477329974811,0.24745964758423877,232.6637279596977,232.6637279596977,186,258,485.6775818639799,485.6775818639799,371,592,23.06926952141058,23.06926952141058,18,35,0.36122603483971943,,,,,,0.4090573723040764,,,,0.3019055233776881,,,,1.0115055047657502,,,,1.7377617690573706,,,,0.45789132148958217,0.18620142363905479,0.10083428046432814,1.4108022072904491,-19.785482357864243,2.5873276983502103,-26.820979714882654,-13.195771517815677,-10.577070785347914,1.6960108086032768,-16.909339604893525,-5.974312736444535,9.168885769388718,4.134741109644514,1.8352663323955936,38.66904887485233,352,162.42926715224644,105.61613077485714,12,2.237806725234778,-8,2.261302620722699,18,3.1150573607470733,0,1.9782910511693914,118.822,119.506,120.876,28.688,24.314,22.126,28.45,28.44,28.42,29.12,29.11,29.1,0.43767865498860675,0.3900199466281467,0.3661905924479167,95.193,127,125.22603938730855,121,400,375.0759964958389,346,308,285.05716162943503,263,350,325.57577748576443,281,268,252.97919404292603,225,435,376.6684187472624,362,389,370.40713972842764,330,59,55.81099430573807,54,3462,2942.4581690757777,2464
Chau_Phu,10.48065,105.130089,SA,T,2.0,5500,2022-07-20,6.87,92.59,26.64,28.64,25.02,2.61,10.48065,105.130089,25.335976457808076,3.620000000000001,0.25866298156386003,17.079032258064515,6.87,23.62,3.6662738004143356,89.25548387096772,79.44,93.35,3.1503782043407136,27.100322580645162,25.9,28.35,0.5991686922296418,29.538064516129033,26.92,31.62,1.1493796906405753,25.172903225806444,24.08,26.12,0.47685930533687654,2.3409677419354837,0.53,3.86,0.8526442923529118,25.16140586009696,24.07069434896019,25.902008550533132,0.4437840992158635,4.365161290322582,1.9899999999999984,7.540000000000003,1.2650841383920832,0.38848028766838494,0.22659304192761506,0.7757972023291232,0.12688979579822315,5864.69871794872,5864.69871794872,0.5877198599746527,276.3205128205129,276.3205128205129,249,308,465.09999999999997,465.09999999999997,438,549,63.35000000000001,63.35000000000001,56,71,0.42554048136835165,,,,,,0.49107959435226556,,,,0.35203394016834494,,,,1.2449684035961823,,,,2.015099943487457,,,,0.9668785782463095,0.262378829863658,0.08103814420840623,2.0941089951869785,-15.595450556922655,1.5272037850051652,-20.527842508337418,-8.268541145333693,-10.468629137125411,2.3294046377595876,-15.26342293115624,3.6600524970223125,3.540397173073761,1.9086393453134243,0.9101202512349882,48.35947187676434,353,155.48873940615198,102.08484489750113,13,2.829553461480212,-6,2.629001734443679,14,3.1751154046240897,0,1.89809372528815,54.614,54.614,54.614,359.297,359.297,359.297,25.65,25.65,25.65,26.82,26.82,26.82,0.45612208048502606,0.45612208048502606,0.45612208048502606,0.0,124,122.41524310118263,121,375,358.56714129244256,348,325,300.43745892661565,274,338,316.10733844468785,283,252,222.52048192771088,198,422,410.25147864184015,390,394,367.3412924424973,347,61,55.516538882803964,53,3364,2953.953121577218,2477
Chau_Phu,10.48195,105.238448,WS,T,2.0,6400,2022-04-01,13.91,87.54,27.37,30.3,25.84,2.83,10.48195,105.238448,25.111718111232275,4.460000000000001,0.4539761277216749,19.720322580645163,13.91,25.27,2.589216451250377,79.44838709677418,64.71,87.54,4.920224291225203,28.275161290322583,26.71,30.32,0.8958537861969978,32.72677419354838,30.27,37.07,1.741223868982582,24.861935483870973,23.23,25.96,0.6592195745353534,1.8116129032258066,0.83,2.83,0.5221549440922286,24.333132285821154,22.913951501795566,25.345762139075116,0.5422154181209905,7.864838709677419,4.460000000000001,12.3,1.7701774486734043,0.7990153703776864,0.4539761277216749,1.5250815533868478,0.23591073800732457,5161.636363636363,5161.636363636363,0.508483224581441,191.59343434343435,191.59343434343435,178,204,645.9305555555555,645.9305555555555,514,680,33.665404040404034,33.665404040404034,30,40,0.32315483948081647,,,,,,0.36050398798819433,,,,0.2722318053924142,,,,0.8733062025845175,,,,1.5735903209751931,,,,0.8095168906873542,0.17714375059568566,0.2949518287313334,1.5571622516612782,-17.712153279318304,1.962752020544516,-24.117078494936653,-11.5336839124215,-11.655957627530945,1.6839117037695142,-17.134776657249226,-6.04546593692527,4.1972811452999075,1.2420161876906797,1.5687753448508974,12.56153653023637,352,158.8767380374624,108.12272007018346,9,1.6672845623750905,-5,2.144980395781854,9,2.763913354120093,0,1.6072730497624335,70.91,70.91,70.91,199.722,199.722,199.722,26.53,26.53,26.53,27.73,27.73,27.73,0.382080078125,0.382080078125,0.382080078125,0.0,124,122.45191675794082,121,407,387.6344721857205,366,328,302.5308804204994,285,353,328.3920280332896,304,195,182.2702584318879,168,465,444.8556723609286,422,384,372.8169075777486,364,60,58.1204555409549,56,3629,3276.3545773105566,2875
Chau_Phu,10.48195,105.238448,SA,T,2.0,6600,2022-07-15,15.33,90.06,27.15,29.75,25.4,2.68,10.48195,105.238448,25.37304309839621,4.350000000000001,0.35752549714924664,16.52774193548387,6.87,23.62,4.116383246270553,89.32290322580646,79.44,93.35,3.1673456818058416,27.14096774193548,25.9,28.35,0.5792784991733929,29.549032258064518,26.92,31.62,1.139248067915737,25.27838709677419,24.08,26.12,0.4662208861389811,2.4841935483870965,0.53,3.86,0.8725149936545074,25.214138036281952,24.07069434896019,25.902008550533132,0.4404433246283723,4.270645161290323,1.9899999999999984,7.540000000000003,1.2672778433137728,0.386878125089941,0.22659304192761506,0.7757972023291232,0.12722011140749237,2045.6022727272725,2045.6022727272725,0.111447902336518,264.854797979798,264.854797979798,252,290,645.9305555555555,645.9305555555555,514,680,53.77020202020202,53.77020202020202,39,64,0.4026238395018275,,,,,,0.461853285346589,,,,0.3341720905073063,,,,1.1617804741278674,,,,1.9162782951273112,,,,0.9656104973227283,0.23831545897333375,0.3304455176271767,2.003931570372625,-17.210793157328617,1.5880287519969307,-22.518529428223918,-10.945848223992993,-12.12048210250703,1.9638376173390522,-17.609824730492015,-5.429978080012081,3.404331433476673,1.1271416854605163,0.996076143087168,11.104869900256832,352,158.8767380374624,108.12272007018346,9,1.6672845623750905,-5,2.144980395781854,9,2.763913354120093,0,1.6072730497624335,92.461,92.461,92.461,102.008,102.008,102.008,26.91,26.91,26.91,27.48,27.48,27.48,0.4104169209798177,0.4104169209798177,0.4104169209798177,0.0,124,122.45191675794082,121,407,387.6344721857205,366,328,302.5308804204994,285,353,328.3920280332896,304,195,182.2702584318879,168,465,444.8556723609286,422,384,372.8169075777486,364,60,58.1204555409549,56,3629,3276.3545773105566,2875
Chau_Phu,10.482003,105.203866,WS,T,3.0,7200,2022-04-01,13.91,87.54,27.37,30.3,25.84,2.83,10.482003,105.203866,25.111718111232275,4.460000000000001,0.4539761277216749,19.720322580645163,13.91,25.27,2.589216451250377,79.44838709677418,64.71,87.54,4.920224291225203,28.275161290322583,26.71,30.32,0.8958537861969978,32.72677419354838,30.27,37.07,1.741223868982582,24.861935483870973,23.23,25.96,0.6592195745353534,1.8116129032258066,0.83,2.83,0.5221549440922286,24.333132285821154,22.913951501795566,25.345762139075116,0.5422154181209905,7.864838709677419,4.460000000000001,12.3,1.7701774486734043,0.7990153703776864,0.4539761277216749,1.5250815533868478,0.23591073800732457,4345.948362720404,4345.948362720404,0.35516784455637523,179.15869017632238,179.15869017632238,169,199,421.64609571788407,421.64609571788407,392,602,34.90050377833753,34.90050377833753,34,36,0.3227852162249048,,,,,,0.3600325959074576,,,,0.27194371104304266,,,,0.8719644617866414,,,,1.5719964234209973,,,,1.014798035279074,0.2122237554405744,0.2840421242736694,1.888128918083291,-15.763310581211186,2.030377599748981,-22.845308364897996,-7.2333772354847685,-10.993291059759793,2.1584577899585895,-16.589902107505324,-2.6996123553661047,3.121793324867596,0.9102464295841137,1.118499410549014,13.082418268869416,356,162.0773141395217,106.1682230038009,10,2.9160775610864316,-6,2.5280779579928434,14,3.1201149784826896,0,1.9522694706515518,70.91,70.91,70.91,199.722,199.722,199.722,26.53,26.53,26.53,27.73,27.73,27.73,0.382080078125,0.382080078125,0.382080078125,0.0,126,125.1566951566952,122,393,376.1570646221247,363,315,282.1377875136911,265,329,301.64184008762317,275,195,186.07382256297916,178,451,433.2990142387731,412,407,380.3380065717414,364,58,55.51500547645125,55,3514,2966.267907995618,2622
Chau_Phu,10.485464,105.251956,WS,T,2.0,7040,2022-04-02,18.63,84.84,27.5,30.96,24.79,2.12,10.485464,105.251956,24.71293481836397,6.170000000000002,0.5565645637286218,19.83032258064516,13.91,25.27,2.655479403739306,79.88548387096773,70.96,87.54,4.129892475917877,28.22096774193549,26.71,30.02,0.8179413767096093,32.622903225806446,30.27,36.61,1.56629044714839,24.858387096774198,23.23,25.96,0.6600004729919787,1.8187096774193547,0.83,2.83,0.5241197963005113,24.383338189992966,23.45507529294824,25.345762139075116,0.4765648278764013,7.764516129032258,4.460000000000001,11.64,1.5954852405978759,0.777331464339603,0.4539761277216749,1.2336003068605161,0.1956316128840437,4641.358942065492,4641.358942065492,0.4492096147217741,206.82241813602016,206.82241813602016,189,217,604.2808564231738,604.2808564231738,491,664,33.71788413098237,33.71788413098237,26,42,0.3242637092485515,,,,,,0.36191816423040446,,,,0.273096088440529,,,,0.8773314249781456,,,,1.5783720136377808,,,,0.8219944426657925,0.18566458534047314,0.2994993006592472,1.6219892974704795,-17.41005882449946,1.5498113433722707,-23.142372298230462,-12.46006659353754,-11.431940173396757,1.2589330364665194,-17.57827573856641,-6.926391617655652,4.132714029583818,1.257078577273966,1.4661075176254674,12.355623840173726,352,160.55228544054367,105.03807997398776,8,0.9054973709943468,-6,1.9745532337078229,11,2.714045837215657,0,1.6245849783138564,86.037,86.037,86.037,233.471,233.471,233.471,26.44,26.44,26.44,27.56,27.56,27.56,0.38788922627766925,0.38788922627766925,0.38788922627766925,0.0,124,123.0981165133596,121,403,379.82570615283566,359,316,301.3293190278082,282,350,331.6345522224655,282,180,172.7560761988176,165,462,441.11035690825497,427,404,386.0525509086928,372,59,56.62973505583534,55,3763,3474.376395883512,2952
Chau_Thanh,10.485812,105.267525,WS,T,2.2,7040,2022-03-25,24.32,79.29,28.88,34.16,25.29,1.97,10.485812,105.267525,24.922375101044477,8.869999999999997,0.823840279763745,19.71870967741935,13.91,25.27,2.575182726915339,76.08354838709677,62.87,87.54,6.760468369147165,28.60806451612903,26.71,30.32,1.0763930789232148,33.54290322580644,30.27,37.07,2.114771692929381,24.766129032258064,23.19,25.84,0.7272692070201437,1.8090322580645155,0.83,2.83,0.5346651339025486,23.89832591306624,21.693268342351598,25.111718111232275,0.7554782366252685,8.776774193548386,4.460000000000001,13.179999999999996,2.1410826129467915,0.9529690517046733,0.4539761277216749,1.5336969985339284,0.3215872578758214,2986.6010165184243,2986.6010165184243,0.2604655651300424,92.34434561626429,92.34434561626429,66,134,576.607369758577,576.607369758577,392,666,41.409148665819565,41.409148665819565,22,67,0.289149499936942,,,,,,0.3171359165604162,,,,0.24572712525022786,,,,0.7498660491799212,,,,1.4269517459891705,,,,0.8194657018483349,0.20650305804410818,0.3093268842375114,1.6851954380190748,-17.630566077246918,2.40807246321535,-26.853491648453428,-9.163917584144981,-11.610410381206139,2.3079347605944465,-19.539930460174112,-3.4895724274015354,4.214117410706394,1.4215990460660755,1.3736119323358411,11.931304079372124,353,164.2530405694607,104.66954039389026,17,2.244872022810033,-10,2.997307833726822,17,3.6422235830979237,0,2.408381574752189,113.426,113.426,113.426,31.046,31.046,31.046,28.84,28.84,28.84,29.63,29.63,29.63,0.30832862854003906,0.30832862854003906,0.30832862854003906,82.38,124,121.488275257506,119,414,377.6136662286466,355,320,301.55037231712663,274,333,306.1936049058257,277,184,178.92181340341656,170,448,437.5821287779237,427,398,383.45795006570296,369,59,56.21353482260184,55,3549,3080.7702584318877,2682
Chau_Thanh,10.485812,105.267525,SA,T,2.2,5500,2022-07-15,15.33,90.06,27.15,29.75,25.4,2.68,10.485812,105.267525,25.37304309839621,4.350000000000001,0.35752549714924664,16.52774193548387,6.87,23.62,4.116383246270553,89.32290322580646,79.44,93.35,3.1673456818058416,27.14096774193548,25.9,28.35,0.5792784991733929,29.549032258064518,26.92,31.62,1.139248067915737,25.27838709677419,24.08,26.12,0.4662208861389811,2.4841935483870965,0.53,3.86,0.8725149936545074,25.214138036281952,24.07069434896019,25.902008550533132,0.4404433246283723,4.270645161290323,1.9899999999999984,7.540000000000003,1.2672778433137728,0.386878125089941,0.22659304192761506,0.7757972023291232,0.12722011140749237,3939.620076238882,3939.620076238882,0.38435294767578815,254.30495552731895,254.30495552731895,245,260,576.607369758577,576.607369758577,392,666,35.89961880559086,35.89961880559086,29,41,0.4029934627577392,,,,,,0.46232467742732564,,,,0.3344601848566779,,,,1.1631222149257434,,,,1.917872192681507,,,,0.944065096496704,0.23105365628374136,0.2966174255480646,2.0067764121945726,-15.890188206542279,1.636867148136977,-27.684873759695993,-9.68293099652046,-10.673252627479668,1.8541632847674212,-19.79347594544941,-4.891729709847652,3.4977042912441236,1.1367669987453146,0.9932464701564215,12.485384389029534,353,164.2530405694607,104.66954039389026,17,2.244872022810033,-10,2.997307833726822,17,3.6422235830979237,0,2.408381574752189,92.461,92.461,92.461,102.008,102.008,102.008,26.91,26.91,26.91,27.48,27.48,27.48,0.4104169209798177,0.4104169209798177,0.4104169209798177,0.0,124,121.488275257506,119,414,377.6136662286466,355,320,301.55037231712663,274,333,306.1936049058257,277,184,178.92181340341656,170,448,437.5821287779237,427,398,383.45795006570296,369,59,56.21353482260184,55,3549,3080.7702584318877,2682
Chau_Phu,10.485917,105.210104,SA,T,5.0,6000,2022-07-15,15.33,90.06,27.15,29.75,25.4,2.68,10.485917,105.210104,25.37304309839621,4.350000000000001,0.35752549714924664,16.52774193548387,6.87,23.62,4.116383246270553,89.32290322580646,79.44,93.35,3.1673456818058416,27.14096774193548,25.9,28.35,0.5792784991733929,29.549032258064518,26.92,31.62,1.139248067915737,25.27838709677419,24.08,26.12,0.4662208861389811,2.4841935483870965,0.53,3.86,0.8725149936545074,25.214138036281952,24.07069434896019,25.902008550533132,0.4404433246283723,4.270645161290323,1.9899999999999984,7.540000000000003,1.2672778433137728,0.386878125089941,0.22659304192761506,0.7757972023291232,0.12722011140749237,5781.331234256926,5781.331234256926,0.4935600215465029,276.4596977329975,276.4596977329975,240,378,471.32241813602013,471.32241813602013,363,645,34.3375314861461,34.3375314861461,28,47,0.4033630860136509,,,,,,0.4627960695080624,,,,0.33474827920604944,,,,1.1644639557236196,,,,1.9194660902357028,,,,1.0725968337396186,0.24168204086748535,0.4356303604878664,2.044109090076056,-16.06552106246381,1.5134873561268896,-20.21807138502824,-5.9046975769086405,-11.607652220327145,1.987295268353795,-16.568974280815766,-1.0745639112853822,2.9327194110362087,0.95158460308794,0.9568427240109627,8.182096480879714,352,163.8369484337858,103.77356023406257,12,2.687046877777996,-5,2.4030679199370253,10,2.926680626617412,0,1.70325556969302,92.461,92.461,92.461,102.008,102.008,102.008,26.91,26.91,26.91,27.48,27.48,27.48,0.4104169209798177,0.4104169209798177,0.4104169209798177,0.0,127,124.73121577217965,122,422,375.8928806133624,351,305,285.57897042716314,267,327,305.02891566265055,275,195,185.8070098576122,175,458,437.6917853231105,412,408,376.58860898138,364,60,56.73910186199341,55,3373,2905.6841182913463,2558
Chau_Phu,10.492098,105.216926,SA,T,3.0,5500,2022-07-15,15.33,90.06,27.15,29.75,25.4,2.68,10.492098,105.216926,25.37304309839621,4.350000000000001,0.35752549714924664,16.52774193548387,6.87,23.62,4.116383246270553,89.32290322580646,79.44,93.35,3.1673456818058416,27.14096774193548,25.9,28.35,0.5792784991733929,29.549032258064518,26.92,31.62,1.139248067915737,25.27838709677419,24.08,26.12,0.4662208861389811,2.4841935483870965,0.53,3.86,0.8725149936545074,25.214138036281952,24.07069434896019,25.902008550533132,0.4404433246283723,4.270645161290323,1.9899999999999984,7.540000000000003,1.2672778433137728,0.386878125089941,0.22659304192761506,0.7757972023291232,0.12722011140749237,4334.428571428572,4334.428571428572,0.2978032414077041,252.4702907711757,252.4702907711757,231,277,482.850821744627,482.850821744627,370,629,34.878634639696585,34.878634639696585,28,57,0.40225421624591584,,,,,,0.4613818932658522,,,,0.3338839961579347,,,,1.1604387333299915,,,,1.9146843975731151,,,,1.030484811284386,0.23125549296208364,0.29508013696805313,1.9985360093155469,-16.557240236296256,1.3367470044743233,-21.74100706831456,-9.165332534095345,-11.863064571743491,1.6749386982555872,-16.563991606770895,-2.4963501814632005,3.090843400963481,0.9862502839370895,1.001465063103821,12.555639634371799,352,158.0227206879749,105.55727332420139,10,2.752327709954829,-4,2.222158634257685,14,2.988256094188297,0,1.8521968756785676,92.461,92.461,92.461,102.008,102.008,102.008,26.91,26.91,26.91,27.48,27.48,27.48,0.4104169209798177,0.4104169209798177,0.4104169209798177,0.0,128,125.44502847130971,122,395,370.14598860149067,352,302,277.4886014905744,265,337,293.44629548443675,267,200,183.45067952652352,175,465,450.1374397194213,421,385,366.3599298553267,355,60,57.10806663743973,55,3364,2748.4451994739156,2463
Chau_Phu,10.492507,105.122386,WS,T,3.4,6400,2022-04-10,19.36,82.44,27.81,31.8,24.75,1.74,10.492507,105.122386,24.534853223742125,7.050000000000001,0.6564479686942216,19.909354838709675,13.91,25.27,2.21220796940431,81.36967741935482,72.53,87.54,2.92292990863285,28.021612903225805,26.71,29.39,0.6336585870915009,32.13967741935485,29.09,34.49,1.15118868123896,24.706774193548394,23.23,25.96,0.6664997016032738,1.8893548387096775,1.1,2.83,0.5194347764567905,24.510502053587818,23.45507529294824,25.345762139075116,0.4496529651755884,7.432903225806452,4.100000000000001,9.55,1.3344618186645376,0.7085235262616059,0.4539761277216749,1.125403854694864,0.13341450826484239,1897.5216836734696,1897.5216836734696,0.13214437268588242,201.43112244897964,201.43112244897964,183,235,560.3265306122448,560.3265306122448,483,592,27.14030612244898,27.14030612244898,27,29,0.3604867883278961,,,,,,0.40811458814260293,,,,0.3013293346789449,,,,1.0088220231699982,,,,1.7345739739489787,,,,0.6347544390485108,0.16641212146942677,0.17516765713978083,1.4415032500996443,-18.088817770980434,2.637905310131922,-25.160138727969624,-6.597512094229048,-10.697152113219998,2.0915559676704705,-16.943371613403336,0.7356556539481571,5.77650033315746,1.9760016887689538,1.774881013777457,21.83526574091282,349,158.5904950038685,105.11178493186307,9,2.699050158855583,-5,2.1291275463373185,10,2.90871977216982,0,1.7127321303799143,118.822,118.822,118.822,22.126,22.126,22.126,28.45,28.45,28.45,29.1,29.1,29.1,0.3661905924479167,0.3661905924479167,0.3661905924479167,96.695,124,122.27306596537368,120,400,373.2704774419625,362,325,299.21857205431456,282,338,307.9680245291285,284,212,195.4531318440649,188,450,435.3563293911522,418,382,369.25164257555855,352,61,54.64454664914589,53,3541,2930.6627244853275,2521
Chau_Thanh,10.494104,105.291042,WS,D,1.76,7000,2022-03-25,24.32,79.29,28.88,34.16,25.29,1.97,10.494104,105.291042,24.922375101044477,8.869999999999997,0.823840279763745,19.71870967741935,13.91,25.27,2.575182726915339,76.08354838709677,62.87,87.54,6.760468369147165,28.60806451612903,26.71,30.32,1.0763930789232148,33.54290322580644,30.27,37.07,2.114771692929381,24.766129032258064,23.19,25.84,0.7272692070201437,1.8090322580645155,0.83,2.83,0.5346651339025486,23.89832591306624,21.693268342351598,25.111718111232275,0.7554782366252685,8.776774193548386,4.460000000000001,13.179999999999996,2.1410826129467915,0.9529690517046733,0.4539761277216749,1.5336969985339284,0.3215872578758214,4613.316326530613,4613.316326530613,0.5074409129547541,130.69132653061226,130.69132653061226,62,170,573.483418367347,573.483418367347,435,662,59.6811224489796,59.6811224489796,43,78,0.28877987668103033,,,,,,0.31666452447967947,,,,0.24543903090085628,,,,0.7485243083820452,,,,1.4253578484349747,,,,0.9013798688380834,0.24615664647144284,0.3382338627579399,2.018023730756533,-17.020964044399143,1.6207784051036869,-27.141576859432142,-13.027122045697602,-11.51203360035527,1.7221419728635865,-20.302568767780812,-4.585491522993758,3.78129076058867,1.3382310068947878,0.9821372459779981,10.826137002913384,352,154.56337105361075,106.92317239093248,10,1.8386709117068956,-4,1.8181744205197228,10,2.5448972267858947,0,1.567411293375981,113.426,113.426,113.426,31.046,31.046,31.046,28.84,28.84,28.84,29.63,29.63,29.63,0.30832862854003906,0.30832862854003906,0.30832862854003906,82.38,127,124.61423877327492,123,395,377.7689949638713,362,323,307.176045544121,284,335,306.72257499452604,288,190,181.70308736588572,175,440,429.0851762645064,414,403,389.24392380118246,370,57,56.28311802058244,56,3743,3449.8311802058242,3053
Chau_Thanh,10.494104,105.291042,SA,D,1.76,6500,2022-07-15,15.33,90.06,27.15,29.75,25.4,2.68,10.494104,105.291042,25.37304309839621,4.350000000000001,0.35752549714924664,16.52774193548387,6.87,23.62,4.116383246270553,89.32290322580646,79.44,93.35,3.1673456818058416,27.14096774193548,25.9,28.35,0.5792784991733929,29.549032258064518,26.92,31.62,1.139248067915737,25.27838709677419,24.08,26.12,0.4662208861389811,2.4841935483870965,0.53,3.86,0.8725149936545074,25.214138036281952,24.07069434896019,25.902008550533132,0.4404433246283723,4.270645161290323,1.9899999999999984,7.540000000000003,1.2672778433137728,0.386878125089941,0.22659304192761506,0.7757972023291232,0.12722011140749237,3081.5229591836737,3081.5229591836737,0.3496841907322565,257.9119897959184,257.9119897959184,250,278,573.483418367347,573.483418367347,435,662,43.16836734693878,43.16836734693878,39,50,0.4037327092695625,,,,,,0.4632674615887991,,,,0.33503637355542104,,,,1.1658056965214956,,,,1.9210599877898988,,,,0.9893256919990974,0.26161160823971286,0.24345670376571074,2.080255039034937,-16.26841266792254,1.3106997576282826,-26.767904219032822,-11.279496179399027,-11.293361780435067,1.8157854344335405,-21.47989817746935,-2.077016736885617,3.364053253983946,1.3140997989780303,0.9228411540614094,15.430026111950397,352,154.56337105361075,106.92317239093248,10,1.8386709117068956,-4,1.8181744205197228,10,2.5448972267858947,0,1.567411293375981,92.461,92.461,92.461,102.008,102.008,102.008,26.91,26.91,26.91,27.48,27.48,27.48,0.4104169209798177,0.4104169209798177,0.4104169209798177,0.0,127,124.61423877327492,123,395,377.7689949638713,362,323,307.176045544121,284,335,306.72257499452604,288,190,181.70308736588572,175,440,429.0851762645064,414,403,389.24392380118246,370,57,56.28311802058244,56,3743,3449.8311802058242,3053
Chau_Phu,10.494453,105.241281,WS,T,4.3,7600,2022-04-01,13.91,87.54,27.37,30.3,25.84,2.83,10.494453,105.241281,25.111718111232275,4.460000000000001,0.4539761277216749,19.720322580645163,13.91,25.27,2.589216451250377,79.44838709677418,64.71,87.54,4.920224291225203,28.275161290322583,26.71,30.32,0.8958537861969978,32.72677419354838,30.27,37.07,1.741223868982582,24.861935483870973,23.23,25.96,0.6592195745353534,1.8116129032258066,0.83,2.83,0.5221549440922286,24.333132285821154,22.913951501795566,25.345762139075116,0.5422154181209905,7.864838709677419,4.460000000000001,12.3,1.7701774486734043,0.7990153703776864,0.4539761277216749,1.5250815533868478,0.23591073800732457,5436.544654088049,5436.544654088049,0.48957445523616533,175.1006289308176,175.1006289308176,170,217,531.3962264150944,531.3962264150944,405,650,39.237735849056605,39.237735849056605,30,54,0.32241559296899314,,,,,,0.3595612038267209,,,,0.27165561669367105,,,,0.8706227209887654,,,,1.5704025258668013,,,,0.9423066452042039,0.22307692134125254,0.29007186970310117,1.8285136342157862,-16.458236737292324,1.4098869160359075,-22.32456835280528,-10.466595598243254,-11.233572626329394,1.3561314659101007,-15.16884731175734,-3.98192161157355,3.502862904753753,1.1668259118179733,1.1875691409408176,12.789685997798207,350,154.24784765868057,105.2983550421277,9,1.6142049588627068,-6,2.0255205963077785,10,2.7264361836971864,0,1.6309110565189127,70.91,70.91,70.91,199.722,199.722,199.722,26.53,26.53,26.53,27.73,27.73,27.73,0.382080078125,0.382080078125,0.382080078125,0.0,125,123.90556529360212,122,401,382.0825667980727,367,304,294.6381953569864,275,359,327.44568550153303,305,183,175.44459045116076,166,458,446.96254927726676,438,388,377.6846254927727,367,61,58.7496714848883,56,3725,3375.7553657468243,2905
Chau_Phu,10.494453,105.241281,SA,T,4.3,6000,2022-07-15,15.33,90.06,27.15,29.75,25.4,2.68,10.494453,105.241281,25.37304309839621,4.350000000000001,0.35752549714924664,16.52774193548387,6.87,23.62,4.116383246270553,89.32290322580646,79.44,93.35,3.1673456818058416,27.14096774193548,25.9,28.35,0.5792784991733929,29.549032258064518,26.92,31.62,1.139248067915737,25.27838709677419,24.08,26.12,0.4662208861389811,2.4841935483870965,0.53,3.86,0.8725149936545074,25.214138036281952,24.07069434896019,25.902008550533132,0.4404433246283723,4.270645161290323,1.9899999999999984,7.540000000000003,1.2672778433137728,0.386878125089941,0.22659304192761506,0.7757972023291232,0.12722011140749237,3237.4012578616353,3237.4012578616353,0.17537425642628474,284.1433962264151,284.1433962264151,258,308,531.3962264150944,531.3962264150944,405,650,47.86540880503144,47.86540880503144,45,60,0.40632007206094434,,,,,,0.46656720615395614,,,,0.3370530340010222,,,,1.175197882106628,,,,1.9322172706692702,,,,0.9716937541980474,0.2313395709329886,0.3450320960033146,1.8445733315486597,-16.5982937661655,1.284587504184191,-21.771722195711064,-12.274577499808906,-11.551706700761258,1.6395974458053812,-17.15016853707539,-5.500439896146902,3.359847603191174,1.084312005514228,1.1685231655396942,10.593124368237248,350,154.24784765868057,105.2983550421277,9,1.6142049588627068,-6,2.0255205963077785,10,2.7264361836971864,0,1.6309110565189127,92.461,92.461,92.461,102.008,102.008,102.008,26.91,26.91,26.91,27.48,27.48,27.48,0.4104169209798177,0.4104169209798177,0.4104169209798177,0.0,125,123.90556529360212,122,401,382.0825667980727,367,304,294.6381953569864,275,359,327.44568550153303,305,183,175.44459045116076,166,458,446.96254927726676,438,388,377.6846254927727,367,61,58.7496714848883,56,3725,3375.7553657468243,2905
Chau_Phu,10.498551,105.167513,WS,T,1.4,7200,2022-04-04,16.78,82.32,26.92,31.06,23.82,2.59,10.498551,105.167513,23.642400674273386,7.239999999999998,0.6273997010421304,19.976774193548387,13.91,25.27,2.5998441480544052,80.59225806451612,71.13,87.54,3.4958276602511322,28.096774193548395,26.71,29.47,0.7007479280660528,32.41032258064516,30.27,36.29,1.30640230890638,24.775483870967744,23.23,25.96,0.6529280882681734,1.9254838709677418,1.1,2.83,0.5031246796652311,24.417557946327307,23.45507529294824,25.345762139075116,0.4757037034326337,7.634838709677419,4.460000000000001,11.64,1.4505190861021864,0.7425320590329583,0.4539761277216749,1.1882227460673875,0.16102634723429787,5013.752538071065,5013.752538071065,0.42761187199894546,195.48984771573603,195.48984771573603,175,201,448.1624365482233,448.1624365482233,314,531,56.963197969543145,56.963197969543145,51,66,0.3286991883194917,,,,,,0.3675748691992451,,,,0.2765532206329881,,,,0.8934323145526581,,,,1.5974987842881316,,,,0.856601110327765,0.19435359795759283,0.2896356677161711,2.0357415528905642,-15.95157542945972,2.1837524665090404,-21.948621819818186,-6.799289097418679,-10.202336000055208,1.8517852222054585,-14.755472523760869,-2.434113790251119,3.9210316983497964,1.1863085418399286,0.9648859622285408,12.810453772978697,353,164.1249773657335,102.35725214989631,13,3.18107413174954,-6,2.974632940419293,16,3.784185973010078,0,2.2272994899082508,133.53,133.53,133.53,43.52,43.52,43.52,26.51,26.51,26.51,27.59,27.59,27.59,0.4005788167317708,0.4005788167317708,0.4005788167317708,90.01,126,124.61897458369849,122,386,362.4256297918949,348,310,292.0834611171962,260,326,294.16144578313265,268,215,204.8716319824754,193,438,421.7033953997811,410,389,373.3886089813802,356,60,56.90799561883901,54,3296,2861.329901423878,2528
Chau_Phu,10.499686,105.158111,WS,D,2.1,6400,2022-04-10,19.36,82.44,27.81,31.8,24.75,1.74,10.499686,105.158111,24.534853223742125,7.050000000000001,0.6564479686942216,19.909354838709675,13.91,25.27,2.21220796940431,81.36967741935482,72.53,87.54,2.92292990863285,28.021612903225805,26.71,29.39,0.6336585870915009,32.13967741935485,29.09,34.49,1.15118868123896,24.706774193548394,23.23,25.96,0.6664997016032738,1.8893548387096775,1.1,2.83,0.5194347764567905,24.510502053587818,23.45507529294824,25.345762139075116,0.4496529651755884,7.432903225806452,4.100000000000001,9.55,1.3344618186645376,0.7085235262616059,0.4539761277216749,1.125403854694864,0.13341450826484239,3062.964467005076,3062.964467005076,0.13893919666819152,238.511421319797,238.511421319797,180,281,430.4238578680204,430.4238578680204,379,474,23.581218274111677,23.581218274111677,15,31,0.36011716507198444,,,,,,0.4076431960618663,,,,0.30104124032957336,,,,1.007480282372122,,,,1.732980076394783,,,,0.7418408793881242,0.20641984616929604,0.23208867407651487,1.733611114405942,-19.022604593761322,2.50973582733923,-25.160937362997856,-9.723124400316369,-12.43113328713933,2.495805904148922,-19.577602838889185,-2.5878612049048506,4.856809557301071,1.7937077657697282,1.3073225400788246,16.234791899760186,355,169.14229410389555,106.19913994506496,21,2.8190373021543667,-8,2.9640774783846777,17,3.7917875334613074,0,2.511350693638949,,,,,,,,,,,,,,,,,125,122.25415936952714,119,423,370.9973736047275,356,321,301.11337272926244,277,331,303.9111402932808,279,204,193.40490260450864,179,438,410.152549792077,394,423,396.5537316699497,369,61,58.2379076384329,55,3333,3082.6425913766684,2814
Chau_Phu,10.501648,105.096892,SA,T,1.2,6000,2022-07-20,6.87,92.59,26.64,28.64,25.02,2.61,10.501648,105.096892,25.335976457808076,3.620000000000001,0.25866298156386003,17.079032258064515,6.87,23.62,3.6662738004143356,89.25548387096772,79.44,93.35,3.1503782043407136,27.100322580645162,25.9,28.35,0.5991686922296418,29.538064516129033,26.92,31.62,1.1493796906405753,25.172903225806444,24.08,26.12,0.47685930533687654,2.3409677419354837,0.53,3.86,0.8526442923529118,25.16140586009696,24.07069434896019,25.902008550533132,0.4437840992158635,4.365161290322582,1.9899999999999984,7.540000000000003,1.2650841383920832,0.38848028766838494,0.22659304192761506,0.7757972023291232,0.12688979579822315,5358.208070617907,5358.208070617907,0.5873096593315685,282.43631778058005,282.43631778058005,250,347,462.2875157629256,462.2875157629256,336,594,70.41740226986128,70.41740226986128,58,87,0.42591010462426326,,,,,,0.4915509864330022,,,,0.3523220345177165,,,,1.2463101443940583,,,,2.0166938410416524,,,,1.0458388907019216,0.26275790194726617,0.3396307407953377,2.142713797934148,-17.322949475177374,1.1281488310979173,-20.891624542593622,-12.893196424709704,-12.680617235499694,1.8523088331516244,-17.268940145619002,-6.28944118139953,3.1175925405485856,1.2556632733335102,0.8667915443754152,10.777496909240053,354,162.3418152846322,104.7825104089107,21,1.5653068548081774,-13,2.7145707682241715,27,3.4956295289109556,0,2.85704239132358,53.015,53.015,53.015,417.679,417.679,417.679,25.64,25.64,25.64,26.8,26.8,26.8,0.4526894887288411,0.4526894887288411,0.4526894887288411,0.0,125,121.9364453210607,120,422,385.8371328364753,369,316,305.4327049539676,288,348,328.5569925471285,311,275,223.4318281455502,214,437,420.79373081981583,368,371,355.7148180622535,338,57,54.92897851819378,54,3751,3455.9434458570813,3280
Chau_Phu,10.501829,105.273585,WS,T,3.5,8000,2022-04-01,13.91,87.54,27.37,30.3,25.84,2.83,10.501829,105.273585,25.111718111232275,4.460000000000001,0.4539761277216749,19.720322580645163,13.91,25.27,2.589216451250377,79.44838709677418,64.71,87.54,4.920224291225203,28.275161290322583,26.71,30.32,0.8958537861969978,32.72677419354838,30.27,37.07,1.741223868982582,24.861935483870973,23.23,25.96,0.6592195745353534,1.8116129032258066,0.83,2.83,0.5221549440922286,24.333132285821154,22.913951501795566,25.345762139075116,0.5422154181209905,7.864838709677419,4.460000000000001,12.3,1.7701774486734043,0.7990153703776864,0.4539761277216749,1.5250815533868478,0.23591073800732457,4369.758490566038,4369.758490566038,0.38960555161899607,170.82264150943396,170.82264150943396,167,197,582.5761006289307,582.5761006289307,563,653,41.32955974842767,41.32955974842767,20,57,0.32204596971308147,,,,,,0.3590898117459842,,,,0.27136752234429945,,,,0.8692809801908894,,,,1.5688086283126055,,,,0.9311178486653815,0.25966275634159497,0.3306192262800749,1.8838958988157557,-16.58668461718484,2.1297477751838674,-22.963756185334468,-5.605246946553436,-11.248059248287914,1.8861661803247232,-16.173220755006728,0.8718578472528828,3.6658207922931045,1.4045925515082707,1.1232595720997416,11.098509953596924,349,163.88252472574504,105.00792839507474,12,2.3621218705964475,-5,2.3260835163573312,15,2.9619335466793104,0,1.8627569126691352,74.687,74.687,74.687,208.255,208.255,208.255,26.54,26.54,26.54,27.79,27.79,27.79,0.37490272521972656,0.37490272521972656,0.37490272521972656,0.0,127,125.29012480840815,123,389,372.922891566265,349,315,297.4396495071194,284,329,301.99342825848845,291,186,178.49047097480832,172,456,443.3732749178533,427,400,378.21489594742604,368,59,56.85564074479737,56,3444,3189.9443592552025,2763
Chau_Phu,10.501829,105.273585,SA,T,3.5,6500,2022-07-15,15.33,90.06,27.15,29.75,25.4,2.68,10.501829,105.273585,25.37304309839621,4.350000000000001,0.35752549714924664,16.52774193548387,6.87,23.62,4.116383246270553,89.32290322580646,79.44,93.35,3.1673456818058416,27.14096774193548,25.9,28.35,0.5792784991733929,29.549032258064518,26.92,31.62,1.139248067915737,25.27838709677419,24.08,26.12,0.4662208861389811,2.4841935483870965,0.53,3.86,0.8725149936545074,25.214138036281952,24.07069434896019,25.902008550533132,0.4404433246283723,4.270645161290323,1.9899999999999984,7.540000000000003,1.2672778433137728,0.386878125089941,0.22659304192761506,0.7757972023291232,0.12722011140749237,5219.851572327044,5219.851572327044,0.5072745618202034,261.8125786163522,261.8125786163522,254,304,582.5761006289307,582.5761006289307,563,653,43.359748427672955,43.359748427672955,39,54,0.4044719557813859,,,,,,0.46421024575027253,,,,0.33561256225416425,,,,1.1684891781172477,,,,1.9242477828982905,,,,0.8577353865200285,0.23379952323098796,0.2838098057860821,1.870935139750644,-15.812291532160316,1.3857391774448233,-20.161477551892006,-9.10711473758217,-10.017629929750628,1.8129136189594424,-15.382543397395299,-4.52706743247036,4.053753328183689,1.5393015478834022,1.1379682892337546,13.093945728622735,349,163.88252472574504,105.00792839507474,12,2.3621218705964475,-5,2.3260835163573312,15,2.9619335466793104,0,1.8627569126691352,94.888,94.888,94.888,105.865,105.865,105.865,26.91,26.91,26.91,27.47,27.47,27.47,0.4098987579345703,0.4098987579345703,0.4098987579345703,0.0,127,125.29012480840815,123,389,372.922891566265,349,315,297.4396495071194,284,329,301.99342825848845,291,186,178.49047097480832,172,456,443.3732749178533,427,400,378.21489594742604,368,59,56.85564074479737,56,3444,3189.9443592552025,2763
Chau_Phu,10.50203,105.222373,WS,T,3.5,7760,2022-04-01,13.91,87.54,27.37,30.3,25.84,2.83,10.50203,105.222373,25.111718111232275,4.460000000000001,0.4539761277216749,19.720322580645163,13.91,25.27,2.589216451250377,79.44838709677418,64.71,87.54,4.920224291225203,28.275161290322583,26.71,30.32,0.8958537861969978,32.72677419354838,30.27,37.07,1.741223868982582,24.861935483870973,23.23,25.96,0.6592195745353534,1.8116129032258066,0.83,2.83,0.5221549440922286,24.333132285821154,22.913951501795566,25.345762139075116,0.5422154181209905,7.864838709677419,4.460000000000001,12.3,1.7701774486734043,0.7990153703776864,0.4539761277216749,1.5250815533868478,0.23591073800732457,5240.86153846154,5240.86153846154,0.4931954506169644,170.7064102564103,170.7064102564103,166,187,486.8705128205128,486.8705128205128,362,594,36.31410256410256,36.31410256410256,12,51,0.32389408599263986,,,,,,0.36144677214966775,,,,0.2728079940911574,,,,0.8759896841802696,,,,1.576778116083585,,,,0.9463400690255087,0.21832162254471552,0.15651487808286776,1.8838835921052077,-16.020311965795994,1.932699066176578,-24.987293136132717,-7.723095906324968,-10.824164934562335,1.8395903189452332,-17.84899615876263,1.5605396939327745,3.478384894688175,1.2134362131265903,1.1232734425644997,24.556675818909532,352,162.34265923053124,106.05947767090153,11,3.1482837408063413,-10,2.5390954865457007,14,2.9515246492088676,0,1.9158056692850278,74.687,74.687,74.687,208.255,208.255,208.255,26.54,26.54,26.54,27.79,27.79,27.79,0.37490272521972656,0.37490272521972656,0.37490272521972656,0.0,130,127.08654688869414,125,393,381.80582949813726,367,297,282.28643436335744,264,334,306.6388341003726,278,200,180.2962962962963,164,463,449.29848783694933,432,383,370.3418803418803,356,58,56.281612973920666,56,3272,2829.2496164803856,2454
Chau_Phu,10.50203,105.222373,SA,T,3.5,5500,2022-07-15,15.33,90.06,27.15,29.75,25.4,2.68,10.50203,105.222373,25.37304309839621,4.350000000000001,0.35752549714924664,16.52774193548387,6.87,23.62,4.116383246270553,89.32290322580646,79.44,93.35,3.1673456818058416,27.14096774193548,25.9,28.35,0.5792784991733929,29.549032258064518,26.92,31.62,1.139248067915737,25.27838709677419,24.08,26.12,0.4662208861389811,2.4841935483870965,0.53,3.86,0.8725149936545074,25.214138036281952,24.07069434896019,25.902008550533132,0.4404433246283723,4.270645161290323,1.9899999999999984,7.540000000000003,1.2672778433137728,0.386878125089941,0.22659304192761506,0.7757972023291232,0.12722011140749237,4325.001282051283,4325.001282051283,0.3581143247837974,245.9448717948718,245.9448717948718,231,257,486.8705128205128,486.8705128205128,362,594,60.32564102564103,60.32564102564103,46,69,0.40484157903729756,,,,,,0.46468163783100924,,,,0.33590065660353585,,,,1.1698309189151237,,,,1.9258416804524865,,,,1.0013512049301225,0.2361017100940059,0.07104965390571248,2.032425538237186,-16.15257552485217,1.8351989430590223,-23.066912802033166,-6.676597902528725,-11.274170398545014,2.165468387488756,-16.50186367653427,3.4972735401420514,3.274610155194897,1.7762806550552197,0.9680917823289016,55.29865566000167,352,162.34265923053124,106.05947767090153,11,3.1482837408063413,-10,2.5390954865457007,14,2.9515246492088676,0,1.9158056692850278,94.888,94.888,94.888,105.865,105.865,105.865,26.91,26.91,26.91,27.47,27.47,27.47,0.4098987579345703,0.4098987579345703,0.4098987579345703,0.0,130,127.08654688869414,125,393,381.80582949813726,367,297,282.28643436335744,264,334,306.6388341003726,278,200,180.2962962962963,164,463,449.29848783694933,432,383,370.3418803418803,356,58,56.281612973920666,56,3272,2829.2496164803856,2454
Chau_Phu,10.502728,105.233111,SA,T,3.0,6400,2022-07-15,15.33,90.06,27.15,29.75,25.4,2.68,10.502728,105.233111,25.37304309839621,4.350000000000001,0.35752549714924664,16.52774193548387,6.87,23.62,4.116383246270553,89.32290322580646,79.44,93.35,3.1673456818058416,27.14096774193548,25.9,28.35,0.5792784991733929,29.549032258064518,26.92,31.62,1.139248067915737,25.27838709677419,24.08,26.12,0.4662208861389811,2.4841935483870965,0.53,3.86,0.8725149936545074,25.214138036281952,24.07069434896019,25.902008550533132,0.4404433246283723,4.270645161290323,1.9899999999999984,7.540000000000003,1.2672778433137728,0.386878125089941,0.22659304192761506,0.7757972023291232,0.12722011140749237,6005.140328697851,6005.140328697851,0.5908807734965719,253.1567635903919,253.1567635903919,239,258,579.5865992414666,579.5865992414666,448,653,65.50442477876106,65.50442477876106,62,69,0.40558082554912095,,,,,,0.46562442199248266,,,,0.336476845302279,,,,1.1725144005108759,,,,1.9290294755608783,,,,1.0627650144946887,0.23123046045583545,0.36605072081057033,2.2380712448192286,-16.535586610206153,1.089019310846623,-20.42789350655545,-12.666468420714242,-12.02927647379842,1.4153259956097166,-16.46612492204278,-6.290786671116512,2.9553715747803997,0.9297004592245522,0.7872532026222804,9.927447407131273,349,164.52143294549901,105.32161206898652,11,1.9956771954776809,-4,1.8861527719360056,9,2.655031639110022,0,1.520599874236362,94.888,94.888,94.888,105.865,105.865,105.865,26.91,26.91,26.91,27.47,27.47,27.47,0.4098987579345703,0.4098987579345703,0.4098987579345703,0.0,127,124.64498466929479,122,405,385.98467265163146,378,307,289.0954674841254,265,354,325.91569958397207,300,186,177.01335668929283,171,461,453.7495073352312,436,381,368.89467922049494,359,60,57.1933435515656,56,3434,3077.1383840595586,2579
Chau_Phu,10.505349,105.165087,WS,T,1.7,6880,2022-04-10,19.36,82.44,27.81,31.8,24.75,1.74,10.505349,105.165087,24.534853223742125,7.050000000000001,0.6564479686942216,19.909354838709675,13.91,25.27,2.21220796940431,81.36967741935482,72.53,87.54,2.92292990863285,28.021612903225805,26.71,29.39,0.6336585870915009,32.13967741935485,29.09,34.49,1.15118868123896,24.706774193548394,23.23,25.96,0.6664997016032738,1.8893548387096775,1.1,2.83,0.5194347764567905,24.510502053587818,23.45507529294824,25.345762139075116,0.4496529651755884,7.432903225806452,4.100000000000001,9.55,1.3344618186645376,0.7085235262616059,0.4539761277216749,1.125403854694864,0.13341450826484239,3043.904214559387,3043.904214559387,-0.019342468546645064,199.92464878671777,199.92464878671777,185,248,367.4814814814815,367.4814814814815,342,410,29.62196679438059,29.62196679438059,24,39,0.3597475418160727,,,,,,0.4071718039811295,,,,0.30075314598020175,,,,1.006138541574246,,,,1.7313861788405869,,,,0.853638004004652,0.20152381957240936,0.24244415720138168,2.4151696465025534,-15.844737244421292,2.707046575361038,-23.60969595263716,-4.839802011330722,-10.07055073975189,2.389393408573801,-17.68217262361661,2.414792015640589,3.9524973153351914,1.2255278601010087,0.6561983568286663,15.498644661819897,355,158.70077965007937,106.18534107759443,19,3.1911821839421064,-8,3.0688502231351293,17,3.7657164681324624,0,2.3183592683542202,122.135,122.135,122.135,22.991,22.991,22.991,28.72,28.72,28.72,29.37,29.37,29.37,0.3342857360839844,0.3342857360839844,0.3342857360839844,99.144,126,124.13869412795793,121,388,363.1389132340052,348,321,293.081726555653,261,315,287.64417177914106,268,217,199.67550394390886,183,442,429.3236196319018,412,395,371.0186240140229,360,61,56.80499561787904,54,3218,2782.226555652936,2528
Chau_Phu,10.505349,105.165087,SA,T,1.7,6000,2022-07-28,19.71,85.56,27.6,30.48,25.14,1.61,10.505349,105.165087,24.952783099635962,5.34,0.5332377150662087,16.537419354838708,6.73,23.62,4.019790531970007,88.99290322580647,79.44,92.59,3.064938239180294,26.921935483870964,24.86,28.35,0.7658030545893081,29.399032258064516,26.92,31.62,1.3220642579637436,24.908064516129027,23.04,26.05,0.5967623364122854,2.317096774193548,0.53,3.85,0.8077695038065729,24.93641694560688,23.013919027872713,25.86766694000002,0.5990055829836034,4.490967741935484,2.150000000000002,7.540000000000003,1.2804569618762993,0.39411504305396844,0.2532125702380937,0.7757972023291232,0.1251438164465532,5909.673052362708,5909.673052362708,0.5799922238112887,264.2579821200511,264.2579821200511,221,298,367.4814814814815,367.4814814814815,342,410,50.272030651341005,50.272030651341005,35,71,0.46028506742404945,,,,,,0.5353904499415172,,,,0.37911480900927447,,,,1.3710920385965308,,,,2.164926313581871,,,,0.9124504012925118,0.20217002783196225,0.2636944843285166,2.285473175442814,-15.299258604036169,2.1796806353163922,-20.46018053234002,-5.020968369402645,-9.90927772982088,2.1487420038321097,-14.8063191621156,2.142756594908084,3.606043560168506,1.0786778501853496,0.7501846195263234,14.169069653412652,355,158.70077965007937,106.18534107759443,19,3.1911821839421064,-8,3.0688502231351293,17,3.7657164681324624,0,2.3183592683542202,113.871,113.871,113.871,368.063,368.063,368.063,28.91,28.91,28.91,29.47,29.47,29.47,0.42499542236328125,0.42499542236328125,0.42499542236328125,0.0,126,124.13869412795793,121,388,363.1389132340052,348,321,293.081726555653,261,315,287.64417177914106,268,217,199.67550394390886,183,442,429.3236196319018,412,395,371.0186240140229,360,61,56.80499561787904,54,3218,2782.226555652936,2528
Chau_Phu,10.505489,105.203926,WS,D,1.4,7200,2022-04-03,19.86,81.35,26.93,31.31,23.54,2.76,10.505489,105.203926,23.45507529294824,7.77,0.6622101242185564,19.940967741935477,13.91,25.27,2.591344594107667,80.30096774193548,70.96,87.54,3.8880813369617657,28.162580645161295,26.71,30.02,0.7781987794070043,32.533225806451604,30.27,36.61,1.5018749294965132,24.822903225806456,23.23,25.96,0.6627177356057166,1.8806451612903226,1.05,2.83,0.5170195945863795,24.416453962275675,23.45507529294824,25.345762139075116,0.4762568410277464,7.71032258064516,4.460000000000001,11.64,1.5558432707180057,0.7579551749356256,0.4539761277216749,1.2336003068605161,0.1829348774171878,6405.865311308767,6405.865311308767,0.7003053556585056,179.50405405405408,179.50405405405408,171,188,519.204054054054,519.204054054054,211,651,63.89324324324324,63.89324324324324,38,65,0.3246333325044632,,,,,,0.3623895563111412,,,,0.2733841827899006,,,,0.8786731657760216,,,,1.5799659111919766,,,,0.9167821797827811,0.21196701725626294,0.3784194151482047,1.8168400937546276,-16.995081183971926,1.5253593628252127,-27.10425000206832,-11.475841912923997,-11.62151138363101,1.6707245371942232,-21.600874400814796,-2.551399425842727,3.6082500417527186,1.1254129062836196,1.201624685491016,9.570282178659978,355,168.62419050566427,104.47402912818897,38,2.5817297087301894,-9,3.6566178402730185,32,4.594480787781611,0,3.231612349658447,148.26,148.26,148.26,19.128,19.128,19.128,26.58,26.58,26.58,27.58,27.58,27.58,0.3598753611246745,0.3598753611246745,0.3598753611246745,129.132,128,125.74392113910186,124,412,376.6139351446102,361,296,279.66936897458373,262,332,302.83347940403166,284,198,192.02519719544262,183,444,430.8334794040316,423,388,377.52914110429447,363,59,57.26884312007012,56,3476,2919.6522787028925,2543
Chau_Phu,10.50915,105.265098,WS,T,2.43,7200,2022-04-01,13.91,87.54,27.37,30.3,25.84,2.83,10.50915,105.265098,25.111718111232275,4.460000000000001,0.4539761277216749,19.720322580645163,13.91,25.27,2.589216451250377,79.44838709677418,64.71,87.54,4.920224291225203,28.275161290322583,26.71,30.32,0.8958537861969978,32.72677419354838,30.27,37.07,1.741223868982582,24.861935483870973,23.23,25.96,0.6592195745353534,1.8116129032258066,0.83,2.83,0.5221549440922286,24.333132285821154,22.913951501795566,25.345762139075116,0.5422154181209905,7.864838709677419,4.460000000000001,12.3,1.7701774486734043,0.7990153703776864,0.4539761277216749,1.5250815533868478,0.23591073800732457,5062.571788413099,5062.571788413099,0.48581440223326255,215.11209068010078,215.11209068010078,195,222,652.537783375315,652.537783375315,587,674,44.65869017632242,44.65869017632242,23,65,0.3213067232012581,,,,,,0.3581470275845107,,,,0.2707913336455563,,,,0.8665974985951372,,,,1.5656208332042136,,,,0.8409971417377379,0.2700387749034844,0.14160836491419976,1.785870424495551,-16.112617717754777,2.2464150190777414,-24.011829731458494,-5.933128882562233,-10.09985648387997,1.1392150743550986,-15.639888142361574,-0.7438897872833385,4.527641464428016,2.6961317874715847,1.2398041566368774,27.246918904992597,352,165.78690559279394,106.65591799606314,10,2.152820759313641,-8,2.0831170106820456,11,2.7660857026219094,0,1.6313745881164081,74.687,74.687,74.687,208.255,208.255,208.255,26.54,26.54,26.54,27.79,27.79,27.79,0.37490272521972656,0.37490272521972656,0.37490272521972656,0.0,127,126.41675806097832,125,390,367.6486960333115,355,305,287.5866754328293,271,331,302.32040324348026,275,184,174.6416831032216,167,462,454.73876835415297,446,380,370.4687705456937,355,61,58.55840455840456,56,3561,3190.09577032654,2756
Chau_Phu,10.50915,105.265098,SA,T,2.43,6000,2022-07-15,15.33,90.06,27.15,29.75,25.4,2.68,10.50915,105.265098,25.37304309839621,4.350000000000001,0.35752549714924664,16.52774193548387,6.87,23.62,4.116383246270553,89.32290322580646,79.44,93.35,3.1673456818058416,27.14096774193548,25.9,28.35,0.5792784991733929,29.549032258064518,26.92,31.62,1.139248067915737,25.27838709677419,24.08,26.12,0.4662208861389811,2.4841935483870965,0.53,3.86,0.8725149936545074,25.214138036281952,24.07069434896019,25.902008550533132,0.4404433246283723,4.270645161290323,1.9899999999999984,7.540000000000003,1.2672778433137728,0.386878125089941,0.22659304192761506,0.7757972023291232,0.12722011140749237,7287.021410579346,7287.021410579346,0.7818750676763492,285.85642317380353,285.85642317380353,234,329,652.537783375315,652.537783375315,587,674,57.21032745591941,57.21032745591941,52,66,0.4059504488050326,,,,,,0.4660958140732194,,,,0.3367649396516506,,,,1.1738561413087518,,,,1.9306233731150741,,,,1.0082193528762708,0.25185013722502264,0.2671223139334656,1.8993452919741083,-16.775457020005568,1.3569061487445087,-21.685769183215907,-6.968986641286499,-11.924893512953696,1.9323017603881325,-16.249328934971146,0.4426681298294927,3.2478352637608885,1.1994218474063354,1.1059888462105543,13.974413560210152,352,165.78690559279394,106.65591799606314,10,2.152820759313641,-8,2.0831170106820456,11,2.7660857026219094,0,1.6313745881164081,94.888,94.888,94.888,105.865,105.865,105.865,26.91,26.91,26.91,27.47,27.47,27.47,0.4098987579345703,0.4098987579345703,0.4098987579345703,0.0,127,126.41675806097832,125,390,367.6486960333115,355,305,287.5866754328293,271,331,302.32040324348026,275,184,174.6416831032216,167,462,454.73876835415297,446,380,370.4687705456937,355,61,58.55840455840456,56,3561,3190.09577032654,2756
Chau_Phu,10.510203,105.111601,WS,T,2.1,7920,2022-04-10,19.36,82.44,27.81,31.8,24.75,1.74,10.510203,105.111601,24.534853223742125,7.050000000000001,0.6564479686942216,19.909354838709675,13.91,25.27,2.21220796940431,81.36967741935482,72.53,87.54,2.92292990863285,28.021612903225805,26.71,29.39,0.6336585870915009,32.13967741935485,29.09,34.49,1.15118868123896,24.706774193548394,23.23,25.96,0.6664997016032738,1.8893548387096775,1.1,2.83,0.5194347764567905,24.510502053587818,23.45507529294824,25.345762139075116,0.4496529651755884,7.432903225806452,4.100000000000001,9.55,1.3344618186645376,0.7085235262616059,0.4539761277216749,1.125403854694864,0.13341450826484239,2805.395465994962,2805.395465994962,0.1582050796192198,214.74937027707807,214.74937027707807,184,280,448.00125944584386,448.00125944584386,366,506,38.5617128463476,38.5617128463476,25,45,0.36270452786336616,,,,,,0.4109429406270233,,,,0.30305790077517447,,,,1.0168724679572545,,,,1.7441373592741543,,,,0.8640142850749672,0.21251851971466929,0.37443675390229497,1.877894725972784,-16.46802682871018,1.1399713744981144,-20.13551815843187,-10.6956836428278,-10.754777958472117,1.4787349930890301,-16.183987427695534,-5.523864878687787,3.9030318131090853,1.1883040698927154,1.1300448553781022,9.682711988908425,352,163.19579367404916,106.92017353010564,10,1.4838196705659252,-8,2.524617261387688,11,2.9693744176628813,0,1.7280476998113072,122.135,122.135,122.135,22.991,22.991,22.991,28.72,28.72,28.72,29.37,29.37,29.37,0.3342857360839844,0.3342857360839844,0.3342857360839844,99.144,123,121.20871660096367,119,445,401.2915662650603,368,310,299.03986856516974,286,351,327.645125958379,273,229,217.47667031763416,200,469,434.4757940854326,413,369,348.0869660460022,323,59,56.436801752464405,55,3418,3094.2276013143473,2589
Chau_Phu,10.510203,105.111601,SA,T,2.1,5500,2022-07-20,6.87,92.59,26.64,28.64,25.02,2.61,10.510203,105.111601,25.335976457808076,3.620000000000001,0.25866298156386003,17.079032258064515,6.87,23.62,3.6662738004143356,89.25548387096772,79.44,93.35,3.1503782043407136,27.100322580645162,25.9,28.35,0.5991686922296418,29.538064516129033,26.92,31.62,1.1493796906405753,25.172903225806444,24.08,26.12,0.47685930533687654,2.3409677419354837,0.53,3.86,0.8526442923529118,25.16140586009696,24.07069434896019,25.902008550533132,0.4437840992158635,4.365161290322582,1.9899999999999984,7.540000000000003,1.2650841383920832,0.38848028766838494,0.22659304192761506,0.7757972023291232,0.12688979579822315,6906.362720403023,6906.362720403023,0.7669824690238106,323.4433249370277,323.4433249370277,257,354,448.00125944584386,448.00125944584386,366,506,62.21410579345087,62.21410579345087,47,87,0.426279727880175,,,,,,0.492022378513739,,,,0.3526101288670881,,,,1.2476518851919345,,,,2.0182877385958484,,,,1.057553611574844,0.2401915420471471,0.42121812395395586,2.170384980330208,-17.2889746002167,1.2108877605303054,-20.69041805979159,-11.259478905164958,-12.746911020567898,1.8449456430005313,-17.631007693854112,-5.204777663560557,2.988419830166237,0.9661774963193943,0.8429910067804788,8.49626754530925,352,163.19579367404916,106.92017353010564,10,1.4838196705659252,-8,2.524617261387688,11,2.9693744176628813,0,1.7280476998113072,52.735,52.735,52.735,367.052,367.052,367.052,25.68,25.68,25.68,26.75,26.75,26.75,0.4348901112874349,0.4348901112874349,0.4348901112874349,0.0,123,121.20871660096367,119,445,401.2915662650603,368,310,299.03986856516974,286,351,327.645125958379,273,229,217.47667031763416,200,469,434.4757940854326,413,369,348.0869660460022,323,59,56.436801752464405,55,3418,3094.2276013143473,2589
Chau_Phu,10.510542,105.248554,WS,T,3.4,6800,2022-04-01,13.91,87.54,27.37,30.3,25.84,2.83,10.510542,105.248554,25.111718111232275,4.460000000000001,0.4539761277216749,19.720322580645163,13.91,25.27,2.589216451250377,79.44838709677418,64.71,87.54,4.920224291225203,28.275161290322583,26.71,30.32,0.8958537861969978,32.72677419354838,30.27,37.07,1.741223868982582,24.861935483870973,23.23,25.96,0.6592195745353534,1.8116129032258066,0.83,2.83,0.5221549440922286,24.333132285821154,22.913951501795566,25.345762139075116,0.5422154181209905,7.864838709677419,4.460000000000001,12.3,1.7701774486734043,0.7990153703776864,0.4539761277216749,1.5250815533868478,0.23591073800732457,6066.792884371029,6066.792884371029,0.5881736492219122,228.412960609911,228.412960609911,191,308,617.0152477763659,617.0152477763659,382,678,47.53240152477764,47.53240152477764,29,64,0.3209370999453464,,,,,,0.357675635503774,,,,0.2705032392961847,,,,0.8652557577972613,,,,1.5640269356500176,,,,0.9280540059803759,0.16323092166070824,0.4739003780534716,1.6091087337588885,-15.96368904333744,1.014498511901845,-19.31367844340654,-12.347170017526667,-10.704044455236284,1.151871028868567,-14.713648940605463,-7.053502233221086,3.4474388474084083,0.805541455863887,1.4858481692880843,7.440592549070868,354,160.3001744855967,105.85986986194285,12,2.105260905349794,-8,2.491045443188656,19,3.34398683127572,0,2.0885171710596313,74.687,74.687,74.687,208.255,208.255,208.255,26.54,26.54,26.54,27.79,27.79,27.79,0.37490272521972656,0.37490272521972656,0.37490272521972656,0.0,129,126.43530701754386,125,383,372.1155195089874,355,302,273.81170539237183,258,330,304.79526523454626,265,190,174.95287154756693,166,465,450.62165716790895,438,386,374.1639631740465,357,61,59.229723805348534,56,3487,3163.07825515125,2661
Chau_Phu,10.510542,105.248554,SA,T,3.4,5500,2022-07-15,15.33,90.06,27.15,29.75,25.4,2.68,10.510542,105.248554,25.37304309839621,4.350000000000001,0.35752549714924664,16.52774193548387,6.87,23.62,4.116383246270553,89.32290322580646,79.44,93.35,3.1673456818058416,27.14096774193548,25.9,28.35,0.5792784991733929,29.549032258064518,26.92,31.62,1.139248067915737,25.27838709677419,24.08,26.12,0.4662208861389811,2.4841935483870965,0.53,3.86,0.8725149936545074,25.214138036281952,24.07069434896019,25.902008550533132,0.4404433246283723,4.270645161290323,1.9899999999999984,7.540000000000003,1.2672778433137728,0.386878125089941,0.22659304192761506,0.7757972023291232,0.12722011140749237,7441.373570520966,7441.373570520966,0.7858216142153105,293.24396442185514,293.24396442185514,249,313,617.0152477763659,617.0152477763659,382,678,72.34180432020331,72.34180432020331,61,82,0.4052112022932093,,,,,,0.465153029911746,,,,0.3361887509529074,,,,1.1711726597129997,,,,1.9274355780066825,,,,1.017118720267001,0.2449856730496263,0.3415483426196878,2.0484843536156845,-17.212059679765666,1.3002574682537626,-21.36808574006473,-12.84203193108729,-12.427671672198706,1.8366842247747164,-17.85578432476116,-6.136290582080834,3.1738174720334804,1.0596541841937759,0.9526631936142379,10.711372888885537,354,160.3001744855967,105.85986986194285,12,2.105260905349794,-8,2.491045443188656,19,3.34398683127572,0,2.0885171710596313,94.888,94.888,94.888,105.865,105.865,105.865,26.91,26.91,26.91,27.47,27.47,27.47,0.4098987579345703,0.4098987579345703,0.4098987579345703,0.0,129,126.43530701754386,125,383,372.1155195089874,355,302,273.81170539237183,258,330,304.79526523454626,265,190,174.95287154756693,166,465,450.62165716790895,438,386,374.1639631740465,357,61,59.229723805348534,56,3487,3163.07825515125,2661
Chau_Phu,10.51191,105.170596,SA,T,1.7,6500,2022-07-28,19.71,85.56,27.6,30.48,25.14,1.61,10.51191,105.170596,24.952783099635962,5.34,0.5332377150662087,16.537419354838708,6.73,23.62,4.019790531970007,88.99290322580647,79.44,92.59,3.064938239180294,26.921935483870964,24.86,28.35,0.7658030545893081,29.399032258064516,26.92,31.62,1.3220642579637436,24.908064516129027,23.04,26.05,0.5967623364122854,2.317096774193548,0.53,3.85,0.8077695038065729,24.93641694560688,23.013919027872713,25.86766694000002,0.5990055829836034,4.490967741935484,2.150000000000002,7.540000000000003,1.2804569618762993,0.39411504305396844,0.2532125702380937,0.7757972023291232,0.1251438164465532,7181.77106918239,7181.77106918239,0.7704369127152391,245.67798742138368,245.67798742138368,218,262,366.48553459119495,366.48553459119495,322,445,69.26289308176099,69.26289308176099,58,76,0.45880657440040273,,,,,,0.5335048816185702,,,,0.3779624316117881,,,,1.3657250754050265,,,,2.158550723365088,,,,0.9166140417782273,0.1922713740891528,0.442608622802161,1.69413595583221,-16.519619407220578,1.7662006921454907,-20.824545370508595,-2.8865388878202003,-11.165194360170972,1.9756722653290961,-15.216608915483718,0.1783220968044932,3.5591014902061695,0.9666552316180632,1.361085594240328,8.037329581778023,350,167.58628228259877,105.89085321236445,15,2.4746546206424247,-5,2.4005328728813593,12,3.083957803795551,0,1.8677346939670878,,,,,,,,,,,,,,,,,125,122.13140604467803,120,388,365.35085413929056,348,312,287.0251861585634,269,339,301.3786684187474,270,226,205.88633377135352,189,431,417.03920280332903,408,392,377.07095926412626,362,61,57.692728865527826,55,3595,2945.9382391590025,2543
Chau_Phu,10.513536,105.127422,WS,D,2.4,6400,2022-04-10,19.36,82.44,27.81,31.8,24.75,1.74,10.513536,105.127422,24.534853223742125,7.050000000000001,0.6564479686942216,19.909354838709675,13.91,25.27,2.21220796940431,81.36967741935482,72.53,87.54,2.92292990863285,28.021612903225805,26.71,29.39,0.6336585870915009,32.13967741935485,29.09,34.49,1.15118868123896,24.706774193548394,23.23,25.96,0.6664997016032738,1.8893548387096775,1.1,2.83,0.5194347764567905,24.510502053587818,23.45507529294824,25.345762139075116,0.4496529651755884,7.432903225806452,4.100000000000001,9.55,1.3344618186645376,0.7085235262616059,0.4539761277216749,1.125403854694864,0.13341450826484239,3843.8128140703525,3843.8128140703525,0.3253716138265199,220.77512562814073,220.77512562814073,179,338,510.30904522613065,510.30904522613065,461,534,29.02763819095478,29.02763819095478,23,35,0.3590082953042494,,,,,,0.4062290198196561,,,,0.30017695728145855,,,,1.003455059978494,,,,1.7281983837321953,,,,0.7276920558121215,0.19823874809037778,0.25686134029074353,1.6110679598646804,-18.78246607380877,2.882817361889321,-25.59849278393675,-8.652038313811907,-12.096162661444835,2.1998610019469926,-18.53761141664598,-3.0991081417573185,4.946149454438446,1.773452146535106,1.482825119516358,14.572604252054303,350,159.40409181899597,103.69367039841393,13,1.983159274087342,-5,2.4428814024569485,12,3.22906679660749,0,1.9411887710699485,,,,,,,,,,,,,,,,,124,119.55839253996449,117,430,397.891453382084,341,335,295.267138939671,267,367,327.8845978062157,287,203,187.37888482632542,176,458,448.23903107861054,431,391,364.51028336380256,347,59,56.44012797074955,54,3113,2833.7925045703837,2398
Chau_Phu,10.514912,105.216308,WS,D,2.0,7040,2022-04-03,19.86,81.35,26.93,31.31,23.54,2.76,10.514912,105.216308,23.45507529294824,7.77,0.6622101242185564,19.940967741935477,13.91,25.27,2.591344594107667,80.30096774193548,70.96,87.54,3.8880813369617657,28.162580645161295,26.71,30.02,0.7781987794070043,32.533225806451604,30.27,36.61,1.5018749294965132,24.822903225806456,23.23,25.96,0.6627177356057166,1.8806451612903226,1.05,2.83,0.5170195945863795,24.416453962275675,23.45507529294824,25.345762139075116,0.4762568410277464,7.71032258064516,4.460000000000001,11.64,1.5558432707180057,0.7579551749356256,0.4539761277216749,1.2336003068605161,0.1829348774171878,5554.837595907929,5554.837595907929,0.5942411551680834,184.1445012787724,184.1445012787724,171,194,467.7902813299233,467.7902813299233,109,667,48.717391304347835,48.717391304347835,26,56,0.32574220227219824,,,,,,0.36380373255335136,,,,0.2742484658380154,,,,0.8826983881696499,,,,1.5847476038545645,,,,0.9742989987381815,0.2530969354838451,0.2409509655697531,2.0045975099436557,-16.83828418837657,1.1197117019208287,-25.200004645644306,-13.25828218732709,-11.783758881479093,1.3622150579498449,-16.6438094888589,-6.383599521731311,3.405926597205214,1.2878054237900347,0.9954130343664004,15.600888029402965,350,163.450642787773,106.46623454322719,10,2.6268242498065884,-5,2.2112575533083096,11,3.1562970156869845,0,1.860154581235166,148.26,148.26,148.26,19.128,19.128,19.128,26.58,26.58,26.58,27.58,27.58,27.58,0.3598753611246745,0.3598753611246745,0.3598753611246745,129.132,126,123.59465381244524,122,406,389.347054959492,372,295,283.724545653602,268,331,307.48959929932124,281,198,187.23998248303042,181,439,417.67615502518066,412,406,395.196627983359,376,59,56.85001094810599,56,3559,3099.468141011606,2573
Chau_Phu,10.521024,105.146349,WS,T,1.5,6400,2022-04-10,19.36,82.44,27.81,31.8,24.75,1.74,10.521024,105.146349,24.534853223742125,7.050000000000001,0.6564479686942216,19.909354838709675,13.91,25.27,2.21220796940431,81.36967741935482,72.53,87.54,2.92292990863285,28.021612903225805,26.71,29.39,0.6336585870915009,32.13967741935485,29.09,34.49,1.15118868123896,24.706774193548394,23.23,25.96,0.6664997016032738,1.8893548387096775,1.1,2.83,0.5194347764567905,24.510502053587818,23.45507529294824,25.345762139075116,0.4496529651755884,7.432903225806452,4.100000000000001,9.55,1.3344618186645376,0.7085235262616059,0.4539761277216749,1.125403854694864,0.13341450826484239,3060.426582278481,3060.426582278481,0.10517985545753397,207.44683544303788,207.44683544303788,175,268,419.36835443037967,419.36835443037967,248,504,35.58227848101265,35.58227848101265,29,45,0.35863867204833766,,,,,,0.4057576277389194,,,,0.29988886293208694,,,,1.002113319180618,,,,1.7266044861779992,,,,0.7371022507382808,0.17032550448028194,0.26275251348014206,1.4191384936198281,-17.18277984822294,2.234154736352851,-25.107096233775778,-9.383884365973246,-10.605936650788433,1.762847168723438,-16.930133818078126,-0.25305129640828783,4.755493723552508,1.5319714371906112,1.818611444889435,14.223450946368612,358,165.9095589881353,104.76869905180867,17,1.8815990466031947,-30,3.8153901991034727,36,4.546906069345133,0,3.576073986850605,122.135,122.135,122.135,22.991,22.991,22.991,28.72,28.72,28.72,29.37,29.37,29.37,0.3342857360839844,0.3342857360839844,0.3342857360839844,99.144,123,120.69192029778856,118,402,373.416246989271,356,324,299.44164659513905,274,366,319.2548719071601,282,206,194.935844098971,169,447,421.66433107072487,408,399,383.2169914604774,365,61,57.59054083643532,54,3138,2801.4876286402473,2404
Chau_Phu,10.521024,105.146349,SA,T,1.5,6000,2022-07-28,19.71,85.56,27.6,30.48,25.14,1.61,10.521024,105.146349,24.952783099635962,5.34,0.5332377150662087,16.537419354838708,6.73,23.62,4.019790531970007,88.99290322580647,79.44,92.59,3.064938239180294,26.921935483870964,24.86,28.35,0.7658030545893081,29.399032258064516,26.92,31.62,1.3220642579637436,24.908064516129027,23.04,26.05,0.5967623364122854,2.317096774193548,0.53,3.85,0.8077695038065729,24.93641694560688,23.013919027872713,25.86766694000002,0.5990055829836034,4.490967741935484,2.150000000000002,7.540000000000003,1.2804569618762993,0.39411504305396844,0.2532125702380937,0.7757972023291232,0.1251438164465532,6704.6544303797455,6704.6544303797455,0.6710565688888219,249.5911392405063,249.5911392405063,216,349,419.36835443037967,419.36835443037967,248,504,64.62405063291139,64.62405063291139,60,77,0.4558495883531093,,,,,,0.5297337449726764,,,,0.3756576768168154,,,,1.3549911490220181,,,,2.1457995429315204,,,,0.9177481189641203,0.22086109729821501,0.17570875787450474,1.7617693810485018,-16.514313736936636,1.618272473264643,-23.691225254612462,-7.489289373134231,-11.134831739109291,1.942174222415866,-18.13438906414737,3.7868740959995577,3.6366800684896106,1.259988259157727,1.2704447262100984,21.764943810352882,358,165.9095589881353,104.76869905180867,17,1.8815990466031947,-30,3.8153901991034727,36,4.546906069345133,0,3.576073986850605,113.871,113.871,113.871,368.063,368.063,368.063,28.91,28.91,28.91,29.47,29.47,29.47,0.42499542236328125,0.42499542236328125,0.42499542236328125,0.0,123,120.69192029778856,118,402,373.416246989271,356,324,299.44164659513905,274,366,319.2548719071601,282,206,194.935844098971,169,447,421.66433107072487,408,399,383.2169914604774,365,61,57.59054083643532,54,3138,2801.4876286402473,2404
Chau_Phu,10.521154,105.115666,SA,D,3.0,5500,2022-07-20,6.87,92.59,26.64,28.64,25.02,2.61,10.521154,105.115666,25.335976457808076,3.620000000000001,0.25866298156386003,17.079032258064515,6.87,23.62,3.6662738004143356,89.25548387096772,79.44,93.35,3.1503782043407136,27.100322580645162,25.9,28.35,0.5991686922296418,29.538064516129033,26.92,31.62,1.1493796906405753,25.172903225806444,24.08,26.12,0.47685930533687654,2.3409677419354837,0.53,3.86,0.8526442923529118,25.16140586009696,24.07069434896019,25.902008550533132,0.4437840992158635,4.365161290322582,1.9899999999999984,7.540000000000003,1.2650841383920832,0.38848028766838494,0.22659304192761506,0.7757972023291232,0.12688979579822315,6260.098591549296,6260.098591549296,0.6767243209158991,285.9449423815621,285.9449423815621,251,368,387.97439180537776,387.97439180537776,262,579,80.24455825864277,80.24455825864277,62,93,0.42664935113608665,,,,,,0.4924937705944757,,,,0.3528982232164597,,,,1.2489936259898105,,,,2.0198816361500445,,,,1.0347049804406572,0.23144023377072254,0.3988924169520839,2.008625847682536,-16.941538967927226,1.1623717487245966,-20.834223776679156,-11.121847691572363,-12.271332951537541,1.5858441436211472,-16.28742076901992,-6.307056669644416,3.0737327859255434,0.9742231093294409,0.9914111951785461,9.027766460349863,352,164.507387459754,106.0169647999641,14,1.6560518570704297,-7,2.411468985008693,14,3.129606463039654,0,2.014713295956275,52.735,52.735,52.735,367.052,367.052,367.052,25.68,25.68,25.68,26.75,26.75,26.75,0.4348901112874349,0.4348901112874349,0.4348901112874349,0.0,123,120.7313922942207,117,429,399.3677984665937,374,321,304.83373493975915,288,346,326.5853231106244,302,217,203.40394304490692,198,456,443.1336254107338,419,365,353.2933187294634,333,59,56.94830230010953,54,3509,3157.4111719605694,2612
Chau_Phu,10.522164,105.178664,WS,T,3.6,7760,2022-04-10,19.36,82.44,27.81,31.8,24.75,1.74,10.522164,105.178664,24.534853223742125,7.050000000000001,0.6564479686942216,19.909354838709675,13.91,25.27,2.21220796940431,81.36967741935482,72.53,87.54,2.92292990863285,28.021612903225805,26.71,29.39,0.6336585870915009,32.13967741935485,29.09,34.49,1.15118868123896,24.706774193548394,23.23,25.96,0.6664997016032738,1.8893548387096775,1.1,2.83,0.5194347764567905,24.510502053587818,23.45507529294824,25.345762139075116,0.4496529651755884,7.432903225806452,4.100000000000001,9.55,1.3344618186645376,0.7085235262616059,0.4539761277216749,1.125403854694864,0.13341450826484239,2481.503176620077,2481.503176620077,0.04489698742810076,178.4980940279543,178.4980940279543,175,189,275.4790343074969,275.4790343074969,182,480,36.64675984752224,36.64675984752224,29,42,0.35826904879242605,,,,,,0.40528623565818267,,,,0.29960076858271534,,,,1.000771578382742,,,,1.7250105886238034,,,,0.813995821991387,0.1735012143132783,0.2772793906888706,1.5769092782502852,-17.300658834526416,2.021581462263581,-23.968388171648908,-7.7360793873586955,-11.280998592508054,1.8678538971308682,-17.894594264731623,-2.131736555436263,4.151425370066705,1.184011912057049,1.53660756212833,13.425882825486719,353,169.63219298938665,106.84885465626341,11,2.400453635669327,-7,2.551948471570116,13,3.3824168444339087,0,2.0904361235929243,122.135,122.135,122.135,22.991,22.991,22.991,28.72,28.72,28.72,29.37,29.37,29.37,0.3342857360839844,0.3342857360839844,0.3342857360839844,99.144,123,120.84888304862027,119,391,371.23702081051454,354,318,302.1631982475356,273,332,309.0941949616648,274,227,210.73055859802847,195,433,417.59802847754645,404,392,371.58269441401967,356,60,58.409857612267245,54,3141,2893.3007667031757,2568
Chau_Phu,10.522164,105.178664,SA,T,3.6,5500,2022-07-28,19.71,85.56,27.6,30.48,25.14,1.61,10.522164,105.178664,24.952783099635962,5.34,0.5332377150662087,16.537419354838708,6.73,23.62,4.019790531970007,88.99290322580647,79.44,92.59,3.064938239180294,26.921935483870964,24.86,28.35,0.7658030545893081,29.399032258064516,26.92,31.62,1.3220642579637436,24.908064516129027,23.04,26.05,0.5967623364122854,2.317096774193548,0.53,3.85,0.8077695038065729,24.93641694560688,23.013919027872713,25.86766694000002,0.5990055829836034,4.490967741935484,2.150000000000002,7.540000000000003,1.2804569618762993,0.39411504305396844,0.2532125702380937,0.7757972023291232,0.1251438164465532,7053.526048284626,7053.526048284626,0.7633626403552967,255.80686149936471,255.80686149936471,218,271,275.4790343074969,275.4790343074969,182,480,59.19949174078781,59.19949174078781,25,84,0.456219211609021,,,,,,0.5302051370534132,,,,0.375945771166187,,,,1.3563328898198943,,,,2.1473934404857165,,,,0.8940609818084252,0.18874355335141352,0.33353256183092456,1.7299465740800126,-16.593436380278398,1.5613951933644226,-21.039063544536795,-6.9041239851711405,-11.095127663513278,1.7659690992294208,-15.861035570072662,-0.5025733269238764,3.685562745833992,1.0561421632328551,1.3122101340772352,10.992832058261506,353,169.63219298938665,106.84885465626341,11,2.400453635669327,-7,2.551948471570116,13,3.3824168444339087,0,2.0904361235929243,113.871,113.871,113.871,368.063,368.063,368.063,28.91,28.91,28.91,29.47,29.47,29.47,0.42499542236328125,0.42499542236328125,0.42499542236328125,0.0,123,120.84888304862027,119,391,371.23702081051454,354,318,302.1631982475356,273,332,309.0941949616648,274,227,210.73055859802847,195,433,417.59802847754645,404,392,371.58269441401967,356,60,58.409857612267245,54,3141,2893.3007667031757,2568
Chau_Phu,10.522821,105.229739,WS,T,5.4,6400,2022-04-10,19.36,82.44,27.81,31.8,24.75,1.74,10.522821,105.229739,24.534853223742125,7.050000000000001,0.6564479686942216,19.909354838709675,13.91,25.27,2.21220796940431,81.36967741935482,72.53,87.54,2.92292990863285,28.021612903225805,26.71,29.39,0.6336585870915009,32.13967741935485,29.09,34.49,1.15118868123896,24.706774193548394,23.23,25.96,0.6664997016032738,1.8893548387096775,1.1,2.83,0.5194347764567905,24.510502053587818,23.45507529294824,25.345762139075116,0.4496529651755884,7.432903225806452,4.100000000000001,9.55,1.3344618186645376,0.7085235262616059,0.4539761277216749,1.125403854694864,0.13341450826484239,2397.3222079589214,2397.3222079589214,0.10182326364699701,166.40821566110398,166.40821566110398,158,172,382.66238767650833,382.66238767650833,346,440,32.87034659820282,32.87034659820282,30,35,0.35937791856016105,,,,,,0.4067004119003928,,,,0.30046505163083015,,,,1.00479680077637,,,,1.729792281286391,,,,0.7820594963737496,0.25107336157957827,0.1332224645156997,1.9621271812993728,-19.025614280312972,3.44081657799909,-26.30978244721975,-7.658928781847062,-12.624291973213108,3.182497218380728,-19.48080969013592,-2.6707072406653953,4.928865597389863,3.082941128916482,1.0386038367559303,29.02496624380205,350,164.7011146884733,109.26123336832266,11,3.3577405995483294,-5,2.198713426623944,10,2.8624449404467978,0,1.7048210996979152,123.708,123.708,123.708,22.365,22.365,22.365,28.62,28.62,28.62,29.32,29.32,29.32,0.3066082000732422,0.3066082000732422,0.3066082000732422,101.344,129,126.76636741843662,123,390,378.201270258432,366,303,272.0978975032852,251,332,298.7706964520369,284,203,189.5260621988612,182,462,446.3944371441087,420,389,364.0021901007447,349,59,57.568988173455985,55,3248,2779.880201489269,2557
Chau_Phu,10.522871,105.184845,WS,T,2.5,7040,2022-04-03,19.86,81.35,26.93,31.31,23.54,2.76,10.522871,105.184845,23.45507529294824,7.77,0.6622101242185564,19.940967741935477,13.91,25.27,2.591344594107667,80.30096774193548,70.96,87.54,3.8880813369617657,28.162580645161295,26.71,30.02,0.7781987794070043,32.533225806451604,30.27,36.61,1.5018749294965132,24.822903225806456,23.23,25.96,0.6627177356057166,1.8806451612903226,1.05,2.83,0.5170195945863795,24.416453962275675,23.45507529294824,25.345762139075116,0.4762568410277464,7.71032258064516,4.460000000000001,11.64,1.5558432707180057,0.7579551749356256,0.4539761277216749,1.2336003068605161,0.1829348774171878,6688.008928571428,6688.008928571428,0.6930635414760589,186.84693877551018,186.84693877551018,175,206,358.4783163265306,358.4783163265306,125,480,70.03316326530613,70.03316326530613,59,83,0.3253725790162866,,,,,,0.36333234047261465,,,,0.2739603714886438,,,,0.8813566473717738,,,,1.5831537063003684,,,,0.9434524327099489,0.21213252276243022,0.23256962920322383,1.8552765551092587,-16.085323118142394,1.6126734921631651,-23.25889726270234,-7.5053463838593215,-10.879071948031713,1.7651228816211595,-17.82279814890531,-4.105503070307256,3.4713249441434155,1.1136171148409044,1.156012799808402,16.199150266111154,354,168.2123522633745,105.91570817686345,12,2.857544032921812,-7,2.771944240066232,15,3.852885596707823,0,2.3549571004536958,148.299,148.299,148.299,18.87,18.87,18.87,26.59,26.59,26.59,27.55,27.55,27.55,0.38356272379557294,0.38356272379557294,0.38356272379557294,129.43,123,121.93955321944811,119,391,370.35429447852755,362,315,287.3115687992988,264,339,300.29732690622245,274,227,216.32843996494296,202,433,415.5313321647677,400,390,367.8983347940402,356,60,56.66235758106924,54,3174,2807.710122699386,2568
Chau_Phu,10.522871,105.184845,SA,T,2.5,5500,2022-07-14,18.62,89.66,26.65,29.19,24.7,3.22,10.522871,105.184845,24.80498046868136,4.490000000000002,0.3611537133149726,16.552258064516124,6.87,23.62,4.135575561360872,89.32419354838709,79.44,93.35,3.1672994237928283,27.140967741935484,25.9,28.35,0.5792784991733929,29.546774193548387,26.92,31.62,1.1371906161231475,25.2716129032258,24.08,26.12,0.4605193195778813,2.492258064516128,0.53,3.86,0.8715603718560192,25.214382792780317,24.07069434896019,25.902008550533132,0.44080403890052405,4.275161290322582,1.9899999999999984,7.540000000000003,1.2695817725578922,0.38682988877803753,0.22659304192761506,0.7757972023291232,0.12721385134730084,6360.802295918367,6360.802295918367,0.6425778468920533,279.5433673469388,279.5433673469388,266,292,358.4783163265306,358.4783163265306,125,480,73.20918367346941,73.20918367346941,55,80,0.39818836043088734,,,,,,0.45619658037774835,,,,0.3307149583148472,,,,1.145679584553355,,,,1.8971515244769603,,,,0.9987446236041017,0.2522154783068283,0.21870707177575677,2.137960457043658,-16.411275035281115,1.7672922079366171,-23.12785855980824,-9.18180090406918,-11.506335024753003,2.2257939277468797,-17.994197790683632,-0.7841737097518887,3.287477906960878,1.2246734117337121,0.8709419937219721,17.289303439173892,354,168.2123522633745,105.91570817686345,12,2.857544032921812,-7,2.771944240066232,15,3.852885596707823,0,2.3549571004536958,78.444,78.444,78.444,56.566,56.566,56.566,26.05,26.05,26.05,26.58,26.58,26.58,0.4266211191813151,0.4266211191813151,0.4266211191813151,21.879,123,121.93955321944811,119,391,370.35429447852755,362,315,287.3115687992988,264,339,300.29732690622245,274,227,216.32843996494296,202,433,415.5313321647677,400,390,367.8983347940402,356,60,56.66235758106924,54,3174,2807.710122699386,2568
Chau_Phu,10.524082,105.268907,WS,D,2.1,6400,2022-04-01,13.91,87.54,27.37,30.3,25.84,2.83,10.524082,105.268907,25.111718111232275,4.460000000000001,0.4539761277216749,19.720322580645163,13.91,25.27,2.589216451250377,79.44838709677418,64.71,87.54,4.920224291225203,28.275161290322583,26.71,30.32,0.8958537861969978,32.72677419354838,30.27,37.07,1.741223868982582,24.861935483870973,23.23,25.96,0.6592195745353534,1.8116129032258066,0.83,2.83,0.5221549440922286,24.333132285821154,22.913951501795566,25.345762139075116,0.5422154181209905,7.864838709677419,4.460000000000001,12.3,1.7701774486734043,0.7990153703776864,0.4539761277216749,1.5250815533868478,0.23591073800732457,3400.7139240506326,3400.7139240506326,0.19191528962320845,194.45316455696198,194.45316455696198,164,207,523.6075949367088,523.6075949367088,467,602,22.884810126582273,22.884810126582273,20,32,0.3216763464571698,,,,,,0.35861841966524743,,,,0.27107942799492785,,,,0.8679392393930133,,,,1.5672147307584094,,,,0.5567073396970884,0.1970642699442467,0.09998404326204041,1.4171635134952634,-18.45733651260903,2.1686424528024393,-25.32293408351496,-10.353576348229481,-10.273669155414193,1.0844973180990156,-14.733776949867073,-5.380920964827165,7.204852974821943,3.282718326099054,1.8225395036698915,39.00638371381633,353,160.33628414724876,106.08350433618241,14,2.496763871239605,-7,2.1502081734269973,14,2.9605804620783656,0,1.9373337857902786,,,,,,,,,,,,,,,,,129,126.64096385542167,125,395,366.69550930996724,357,302,277.7623220153341,259,321,302.3594742606792,284,187,174.33472070098577,158,457,448.9060240963856,440,391,376.6332968236583,364,60,57.7513691128149,56,3547,3110.069879518073,2737
Chau_Phu,10.524439,105.254678,WS,D,4.0,6800,2022-04-01,13.91,87.54,27.37,30.3,25.84,2.83,10.524439,105.254678,25.111718111232275,4.460000000000001,0.4539761277216749,19.720322580645163,13.91,25.27,2.589216451250377,79.44838709677418,64.71,87.54,4.920224291225203,28.275161290322583,26.71,30.32,0.8958537861969978,32.72677419354838,30.27,37.07,1.741223868982582,24.861935483870973,23.23,25.96,0.6592195745353534,1.8116129032258066,0.83,2.83,0.5221549440922286,24.333132285821154,22.913951501795566,25.345762139075116,0.5422154181209905,7.864838709677419,4.460000000000001,12.3,1.7701774486734043,0.7990153703776864,0.4539761277216749,1.5250815533868478,0.23591073800732457,4473.7162849872775,4473.7162849872775,0.38202312526835075,219.86259541984734,219.86259541984734,188,231,550.7569974554707,550.7569974554707,411,618,36.498727735368966,36.498727735368966,20,62,0.32056747668943475,,,,,,0.3572042434230373,,,,0.2702151449468131,,,,0.8639140169993852,,,,1.5624330380958218,,,,0.6993454975553172,0.17685860664336403,0.26967605072371365,1.5673483282189915,-17.01024592093008,1.4632002381745606,-22.440888729210698,-9.799337827198906,-10.141517594304895,1.0918133259294223,-15.009236828962218,-3.379780410596277,5.091859809982961,1.5627932603066905,1.5520810709290627,13.832611161671336,350,162.80078487663877,105.05254015024006,15,2.7008875953934584,-5,2.6127707102193773,14,3.5495519223551573,0,2.2081957853323804,,,,,,,,,,,,,,,,,130,126.79544459045118,123,385,361.35676741130095,351,284,264.3668418747262,243,318,296.90494962768287,279,188,177.13272010512486,165,465,450.9829172141918,434,385,371.79982479194035,356,61,57.72711344721858,56,3405,3080.2623740692065,2719
Chau_Phu,10.524439,105.254678,SA,D,4.0,5500,2022-07-14,18.62,89.66,26.65,29.19,24.7,3.22,10.524439,105.254678,24.80498046868136,4.490000000000002,0.3611537133149726,16.552258064516124,6.87,23.62,4.135575561360872,89.32419354838709,79.44,93.35,3.1672994237928283,27.140967741935484,25.9,28.35,0.5792784991733929,29.546774193548387,26.92,31.62,1.1371906161231475,25.2716129032258,24.08,26.12,0.4605193195778813,2.492258064516128,0.53,3.86,0.8715603718560192,25.214382792780317,24.07069434896019,25.902008550533132,0.44080403890052405,4.275161290322582,1.9899999999999984,7.540000000000003,1.2695817725578922,0.38682988877803753,0.22659304192761506,0.7757972023291232,0.12721385134730084,6615.234096692113,6615.234096692113,0.6624583102426195,258.81170483460556,258.81170483460556,238,312,550.7569974554707,550.7569974554707,411,618,68.44274809160306,68.44274809160306,58,80,0.3970794906631523,,,,,,0.45478240413553817,,,,0.3298506752667324,,,,1.1416543621597268,,,,1.8923698318143727,,,,0.9409199777306441,0.2061155585318508,0.3963272999843573,1.6857394790274152,-16.86042423067251,1.2764127969752106,-20.70256645598056,-8.607655036411014,-11.644483053858417,1.3860740887685694,-15.734162842795989,-4.990085587617332,3.46709342938327,1.0336043778013853,1.3728458933095604,9.0926683580916,350,162.80078487663877,105.05254015024006,15,2.7008875953934584,-5,2.6127707102193773,14,3.5495519223551573,0,2.2081957853323804,,,,,,,,,,,,,,,,,130,126.79544459045118,123,385,361.35676741130095,351,284,264.3668418747262,243,318,296.90494962768287,279,188,177.13272010512486,165,465,450.9829172141918,434,385,371.79982479194035,356,61,57.72711344721858,56,3405,3080.2623740692065,2719
Chau_Phu,10.5263,105.091077,WS,T,1.62,7200,2022-04-10,19.36,82.44,27.81,31.8,24.75,1.74,10.5263,105.091077,24.534853223742125,7.050000000000001,0.6564479686942216,19.909354838709675,13.91,25.27,2.21220796940431,81.36967741935482,72.53,87.54,2.92292990863285,28.021612903225805,26.71,29.39,0.6336585870915009,32.13967741935485,29.09,34.49,1.15118868123896,24.706774193548394,23.23,25.96,0.6664997016032738,1.8893548387096775,1.1,2.83,0.5194347764567905,24.510502053587818,23.45507529294824,25.345762139075116,0.4496529651755884,7.432903225806452,4.100000000000001,9.55,1.3344618186645376,0.7085235262616059,0.4539761277216749,1.125403854694864,0.13341450826484239,3493.0913705583753,3493.0913705583753,0.24141910690083004,272.5774111675127,272.5774111675127,181,299,495.0774111675127,495.0774111675127,277,587,36.56218274111675,36.56218274111675,27,47,0.3578994255365143,,,,,,0.4048148435774459,,,,0.2993126742333438,,,,0.9994298375848658,,,,1.7234166910696076,,,,0.758973951262263,0.21248905392545198,0.18596014399256292,1.7373795023091056,-16.56793925116809,1.5852332720353233,-23.37250617975478,-12.367140044693313,-10.07936070730606,1.0641992514542282,-14.122656741539194,-6.044635077973532,4.824804376992416,2.3298075967068486,1.3023179418680288,20.509985495386427,354,173.6053883404056,105.1902072227653,12,1.826864010903093,-11,2.91273134518841,17,3.9376002001534065,0,2.358885506250443,123.628,123.628,123.628,29.607,29.607,29.607,28.76,28.76,28.76,29.4,29.4,29.4,0.3888708750406901,0.3888708750406901,0.3888708750406901,94.022,126,125.20810514786416,124,397,378.5267309377738,362,298,278.0948729184925,253,352,323.715819456617,288,274,256.45048203330407,239,402,393.3924189307624,377,368,350.52125328659065,333,58,56.15184049079755,55,3663,3334.579973707274,2857
Chau_Phu,10.527277,105.237319,WS,T,2.9,6880,2022-04-10,19.36,82.44,27.81,31.8,24.75,1.74,10.527277,105.237319,24.534853223742125,7.050000000000001,0.6564479686942216,19.909354838709675,13.91,25.27,2.21220796940431,81.36967741935482,72.53,87.54,2.92292990863285,28.021612903225805,26.71,29.39,0.6336585870915009,32.13967741935485,29.09,34.49,1.15118868123896,24.706774193548394,23.23,25.96,0.6664997016032738,1.8893548387096775,1.1,2.83,0.5194347764567905,24.510502053587818,23.45507529294824,25.345762139075116,0.4496529651755884,7.432903225806452,4.100000000000001,9.55,1.3344618186645376,0.7085235262616059,0.4539761277216749,1.125403854694864,0.13341450826484239,2690.4699872286083,2690.4699872286083,0.0843396383765136,169.54661558109837,169.54661558109837,160,195,395.9667943805875,395.9667943805875,346,470,34.04214559386973,34.04214559386973,21,39,0.35752980228060266,,,,,,0.4043434514967092,,,,0.2990245798839722,,,,0.9980880967869898,,,,1.7218227935154116,,,,0.8763893608376262,0.20473318174094218,0.3432104262897437,2.315453126200744,-18.093517772377545,3.643069684806072,-25.108136379087092,-4.871603781448769,-12.465794850429052,3.522566918537281,-18.442257979145694,0.6736620225797783,3.821766185880483,1.167267272602807,0.7275236344616939,10.654657590801559,350,163.77432629063165,106.52670753083255,21,4.06935601746081,-3,2.940701745735126,15,3.2411593134188816,0,2.202496779451008,123.708,123.708,123.708,22.365,22.365,22.365,28.62,28.62,28.62,29.32,29.32,29.32,0.3066082000732422,0.3066082000732422,0.3066082000732422,101.344,130,127.65615418309248,124,396,362.2643451598773,343,298,271.37560227770473,255,335,290.7025843188787,277,227,195.40823477879977,178,459,441.793035479632,398,397,362.8267630310994,348,59,56.77923784494087,56,3273,2844.2921594393347,2561
Chau_Phu,10.527792,105.204924,WS,T,3.2,7200,2022-04-03,19.86,81.35,26.93,31.31,23.54,2.76,10.527792,105.204924,23.45507529294824,7.77,0.6622101242185564,19.940967741935477,13.91,25.27,2.591344594107667,80.30096774193548,70.96,87.54,3.8880813369617657,28.162580645161295,26.71,30.02,0.7781987794070043,32.533225806451604,30.27,36.61,1.5018749294965132,24.822903225806456,23.23,25.96,0.6627177356057166,1.8806451612903226,1.05,2.83,0.5170195945863795,24.416453962275675,23.45507529294824,25.345762139075116,0.4762568410277464,7.71032258064516,4.460000000000001,11.64,1.5558432707180057,0.7579551749356256,0.4539761277216749,1.2336003068605161,0.1829348774171878,6212.5951776649745,6212.5951776649745,0.5988534314283062,190.91624365482235,190.91624365482235,176,246,542.9670050761422,542.9670050761422,414,616,43.37944162436549,43.37944162436549,42,60,0.3250029557603749,,,,,,0.36286094839187794,,,,0.27367227713927217,,,,0.8800149065738977,,,,1.5815598087461726,,,,0.9579970218128039,0.20413205296686698,0.32881190940955496,1.925856009183584,-15.819267450713026,1.1617210639110565,-20.32590477144876,-9.516172713671121,-10.712702315149405,1.2554327043875417,-16.798394342964862,-5.7790789938224325,3.3725137891724777,0.9769198819577756,1.076998478040783,11.165009494889555,352,160.00157026697823,106.6120665084592,9,2.515765217105046,-5,1.8869558472294168,12,2.6120617572505513,0,1.5521351246069282,148.26,148.26,148.26,19.128,19.128,19.128,26.58,26.58,26.58,27.58,27.58,27.58,0.3598753611246745,0.3598753611246745,0.3598753611246745,129.132,122,120.84637300021917,119,426,381.8926850635129,355,305,276.2466053438457,259,348,309.6329391151993,286,212,199.85392028033291,181,437,422.2766097240473,405,391,377.93845816907583,369,59,57.99496276828736,55,3565,3027.7744196233034,2625
Chau_Phu,10.531488,105.186775,WS,T,3.0,8000,2022-04-10,19.36,82.44,27.81,31.8,24.75,1.74,10.531488,105.186775,24.534853223742125,7.050000000000001,0.6564479686942216,19.909354838709675,13.91,25.27,2.21220796940431,81.36967741935482,72.53,87.54,2.92292990863285,28.021612903225805,26.71,29.39,0.6336585870915009,32.13967741935485,29.09,34.49,1.15118868123896,24.706774193548394,23.23,25.96,0.6664997016032738,1.8893548387096775,1.1,2.83,0.5194347764567905,24.510502053587818,23.45507529294824,25.345762139075116,0.4496529651755884,7.432903225806452,4.100000000000001,9.55,1.3344618186645376,0.7085235262616059,0.4539761277216749,1.125403854694864,0.13341450826484239,2127.2201257861634,2127.2201257861634,0.07673307604057036,183.96226415094338,183.96226415094338,177,200,203.09308176100632,203.09308176100632,102,422,36.950943396226414,36.950943396226414,36,42,0.357160179024691,,,,,,0.4038720594159725,,,,0.2987364855346006,,,,0.9967463559891138,,,,1.7202288959612158,,,,0.8612141561196585,0.1849331405073887,0.35327689791688766,1.909310933946983,-16.378484315602574,1.7893003752256063,-22.339530918872214,-8.293859629999819,-10.669014855267411,1.6158695896582262,-15.877325668030936,-3.3807021750835893,3.868180679408112,1.0894104389788575,1.09499664453871,10.322563189345725,354,170.3467947958229,105.53791361931982,15,2.208081486456234,-7,2.7937418573903097,13,3.6903600258101883,0,2.146857460479407,122.135,122.135,122.135,22.991,22.991,22.991,28.72,28.72,28.72,29.37,29.37,29.37,0.3342857360839844,0.3342857360839844,0.3342857360839844,99.144,124,120.85526603897526,116,405,376.82811473615067,356,306,295.82701992555286,266,333,308.0253996058682,274,227,217.43179329975914,204,432,415.77512590321874,400,391,366.7851981607182,355,61,59.03569082548719,54,3335,2993.904313553755,2598
Chau_Phu,10.533759,105.243145,WS,T,2.8,8000,2022-04-10,19.36,82.44,27.81,31.8,24.75,1.74,10.533759,105.243145,24.534853223742125,7.050000000000001,0.6564479686942216,19.909354838709675,13.91,25.27,2.21220796940431,81.36967741935482,72.53,87.54,2.92292990863285,28.021612903225805,26.71,29.39,0.6336585870915009,32.13967741935485,29.09,34.49,1.15118868123896,24.706774193548394,23.23,25.96,0.6664997016032738,1.8893548387096775,1.1,2.83,0.5194347764567905,24.510502053587818,23.45507529294824,25.345762139075116,0.4496529651755884,7.432903225806452,4.100000000000001,9.55,1.3344618186645376,0.7085235262616059,0.4539761277216749,1.125403854694864,0.13341450826484239,2953.7097989949752,2953.7097989949752,0.11740708556909481,170.5891959798995,170.5891959798995,161,182,421.56155778894475,421.56155778894475,382,456,42.80778894472362,42.80778894472362,35,51,0.35679055576877927,,,,,,0.4034006673352358,,,,0.29844839118522903,,,,0.9954046151912377,,,,1.7186349984070197,,,,0.9501656381433171,0.22613938315472418,0.307129761203451,2.072801254568989,-15.036142852122426,2.5268085880423214,-22.52603219726145,-0.5013216642618312,-9.859884494536132,2.542428501775896,-16.256296557991405,2.6855769913157994,3.4637814220705994,1.1893372462425056,0.9297556826458724,12.023811122460037,349,169.1432385366706,106.96244947688324,13,4.103366658656299,-9,2.850320861745239,11,3.2013872200623505,0,1.9346366310737926,123.708,123.708,123.708,22.365,22.365,22.365,28.62,28.62,28.62,29.32,29.32,29.32,0.3066082000732422,0.3066082000732422,0.3066082000732422,101.344,129,126.43523997370154,124,413,368.8103372755147,339,287,268.40998685939564,252,336,302.8158125273763,270,208,197.1633815155497,181,450,432.1999561979852,419,394,370.4693385895752,354,59,56.45751204555411,55,3208,2768.8856767411316,2515
Chau_Phu,10.533759,105.243145,SA,T,2.8,5500,2022-07-13,11.35,92.56,26.21,27.9,24.88,3.85,10.533759,105.243145,24.90476104212892,3.0199999999999996,0.2532125702380937,16.464516129032255,6.87,23.62,4.068591607558406,89.34612903225806,79.44,93.35,3.15609362204175,27.14322580645161,25.9,28.35,0.581546254209964,29.531290322580645,26.92,31.62,1.1190599221047934,25.296774193548384,24.08,26.12,0.45479089201858425,2.483548387096774,0.53,3.86,0.8753784375622987,25.220822814094337,24.07069434896019,25.902008550533132,0.4448419652386196,4.23451612903226,1.9899999999999984,7.540000000000003,1.2231050879591123,0.3860741084914199,0.22659304192761506,0.7757972023291232,0.12679540457914215,6747.324120603015,6747.324120603015,0.7226960813616878,267.1118090452261,267.1118090452261,240,334,421.56155778894475,421.56155778894475,382,456,71.51758793969849,71.51758793969849,60,91,0.3952313743835939,,,,,,0.45242544373185456,,,,0.3284102035198745,,,,1.1349456581703465,,,,1.8844003440433932,,,,0.9823495833829837,0.24284293166497845,0.19351354063762852,2.703177780402357,-15.727851796237687,2.8393824907035605,-22.562800725130806,-3.2802801127131125,-10.735363030654785,3.163353862968223,-17.117937689507183,4.820805054136693,3.3392159021016368,1.203696528351985,0.47973989317292176,19.67038816415622,349,169.1432385366706,106.96244947688324,13,4.103366658656299,-9,2.850320861745239,11,3.2013872200623505,0,1.9346366310737926,51.841,51.841,51.841,159.53,159.53,159.53,24.6,24.6,24.6,25.8,25.8,25.8,0.42071278889973956,0.42071278889973956,0.42071278889973956,0.0,129,126.43523997370154,124,413,368.8103372755147,339,287,268.40998685939564,252,336,302.8158125273763,270,208,197.1633815155497,181,450,432.1999561979852,419,394,370.4693385895752,354,59,56.45751204555411,55,3208,2768.8856767411316,2515
Chau_Phu,10.534074,105.126326,WS,T,3.0,8000,2022-04-10,19.36,82.44,27.81,31.8,24.75,1.74,10.534074,105.126326,24.534853223742125,7.050000000000001,0.6564479686942216,19.909354838709675,13.91,25.27,2.21220796940431,81.36967741935482,72.53,87.54,2.92292990863285,28.021612903225805,26.71,29.39,0.6336585870915009,32.13967741935485,29.09,34.49,1.15118868123896,24.706774193548394,23.23,25.96,0.6664997016032738,1.8893548387096775,1.1,2.83,0.5194347764567905,24.510502053587818,23.45507529294824,25.345762139075116,0.4496529651755884,7.432903225806452,4.100000000000001,9.55,1.3344618186645376,0.7085235262616059,0.4539761277216749,1.125403854694864,0.13341450826484239,1959.2362002567397,1959.2362002567397,0.28674827683000764,232.05905006418485,232.05905006418485,182,303,480.29396662387677,480.29396662387677,408,571,22.342747111681646,22.342747111681646,21,26,0.34828922088281067,,,,,,0.3925586494782912,,,,0.2918222211496824,,,,0.9645445768400887,,,,1.681975354660514,,,,0.45369821717241676,0.20312738599112126,0.14251291581815811,1.3890405139340862,-21.137645672813402,2.8701148474938787,-27.5423923325914,-9.779945593284332,-11.833370284810265,2.054944137120815,-17.74010368123347,-4.043376429446695,9.428309207838305,4.084554508779116,1.8796856246266485,27.067631463690432,353,164.51696815076957,106.23465303242095,12,1.0648967163196443,-8,2.3117907334960512,13,3.2425446465311487,0,1.8527992598456982,122.135,122.135,122.135,22.991,22.991,22.991,28.72,28.72,28.72,29.37,29.37,29.37,0.3342857360839844,0.3342857360839844,0.3342857360839844,99.144,124,122.06419807186683,120,438,400.05936473165394,378,335,305.5660460021906,291,368,344.8276013143483,305,221,208.91500547645128,197,467,446.47272727272735,418,364,344.5805038335159,328,60,56.87294633077767,54,3567,3290.444687842278,3069
Chau_Phu,10.534074,105.126326,SA,T,3.0,6400,2022-07-20,6.87,92.59,26.64,28.64,25.02,2.61,10.534074,105.126326,25.335976457808076,3.620000000000001,0.25866298156386003,17.079032258064515,6.87,23.62,3.6662738004143356,89.25548387096772,79.44,93.35,3.1503782043407136,27.100322580645162,25.9,28.35,0.5991686922296418,29.538064516129033,26.92,31.62,1.1493796906405753,25.172903225806444,24.08,26.12,0.47685930533687654,2.3409677419354837,0.53,3.86,0.8526442923529118,25.16140586009696,24.07069434896019,25.902008550533132,0.4437840992158635,4.365161290322582,1.9899999999999984,7.540000000000003,1.2650841383920832,0.38848028766838494,0.22659304192761506,0.7757972023291232,0.12688979579822315,4349.637997432606,4349.637997432606,0.5242868627525646,322.62387676508354,322.62387676508354,254,361,480.29396662387677,480.29396662387677,408,571,49.59306803594351,49.59306803594351,45,59,0.4270189743919983,,,,,,0.4929651626752124,,,,0.3531863175658313,,,,1.2503353667876866,,,,2.0214755337042405,,,,1.0702480929641214,0.29917305597383975,0.3354407456918759,2.368906170990569,-16.35203316585039,1.123282919551817,-20.251877151280013,-10.868445563306304,-11.821208116746542,1.967324421617439,-16.642660368749198,-4.229139123408495,3.077691189590782,1.2989672045271332,0.6885430284169428,10.924609789874067,353,164.51696815076957,106.23465303242095,12,1.0648967163196443,-8,2.3117907334960512,13,3.2425446465311487,0,1.8527992598456982,52.735,52.735,52.735,367.052,367.052,367.052,25.68,25.68,25.68,26.75,26.75,26.75,0.4348901112874349,0.4348901112874349,0.4348901112874349,0.0,124,122.06419807186683,120,438,400.05936473165394,378,335,305.5660460021906,291,368,344.8276013143483,305,221,208.91500547645128,197,467,446.47272727272735,418,364,344.5805038335159,328,60,56.87294633077767,54,3567,3290.444687842278,3069
Chau_Phu,10.534615,105.134916,WS,T,2.56,6800,2022-04-10,19.36,82.44,27.81,31.8,24.75,1.74,10.534615,105.134916,24.534853223742125,7.050000000000001,0.6564479686942216,19.909354838709675,13.91,25.27,2.21220796940431,81.36967741935482,72.53,87.54,2.92292990863285,28.021612903225805,26.71,29.39,0.6336585870915009,32.13967741935485,29.09,34.49,1.15118868123896,24.706774193548394,23.23,25.96,0.6664997016032738,1.8893548387096775,1.1,2.83,0.5194347764567905,24.510502053587818,23.45507529294824,25.345762139075116,0.4496529651755884,7.432903225806452,4.100000000000001,9.55,1.3344618186645376,0.7085235262616059,0.4539761277216749,1.125403854694864,0.13341450826484239,2656.0460947503198,2656.0460947503198,0.2414170496035579,223.20486555697826,223.20486555697826,182,278,504.32522407170285,504.32522407170285,299,571,24.096030729833544,24.096030729833544,21,38,0.35420319297739755,,,,,,0.40010092277007875,,,,0.29643173073962786,,,,0.9860124296061055,,,,1.7074777155276486,,,,0.5704759878698118,0.3004071504298491,0.10672159851537914,2.4629339886077397,-18.888865810256448,4.776320568547666,-26.588106350870323,0.6793694208260561,-10.537835632404715,3.1055552817680803,-17.38329296454942,-0.09607513869638273,8.166348647530839,4.8910226678456565,0.6240792560831647,36.480697962217825,353,159.2235175211031,107.48349689611183,12,2.130249417280114,-8,3.157080473876174,13,3.3751201654002676,0,2.204753428535413,122.135,122.135,122.135,22.991,22.991,22.991,28.72,28.72,28.72,29.37,29.37,29.37,0.3342857360839844,0.3342857360839844,0.3342857360839844,99.144,126,122.42409638554213,120,421,395.27814279456857,365,331,302.68944371441086,271,367,322.1193604905825,277,213,202.68900569426194,194,467,443.1826544021025,412,393,354.06526500219013,328,60,56.000876040297854,54,3486,2968.098773543583,2384
Chau_Phu,10.534615,105.134916,SA,T,2.56,6000,2022-07-28,19.71,85.56,27.6,30.48,25.14,1.61,10.534615,105.134916,24.952783099635962,5.34,0.5332377150662087,16.537419354838708,6.73,23.62,4.019790531970007,88.99290322580647,79.44,92.59,3.064938239180294,26.921935483870964,24.86,28.35,0.7658030545893081,29.399032258064516,26.92,31.62,1.3220642579637436,24.908064516129027,23.04,26.05,0.5967623364122854,2.317096774193548,0.53,3.85,0.8077695038065729,24.93641694560688,23.013919027872713,25.86766694000002,0.5990055829836034,4.490967741935484,2.150000000000002,7.540000000000003,1.2804569618762993,0.39411504305396844,0.2532125702380937,0.7757972023291232,0.1251438164465532,4241.961587708066,4241.961587708066,0.45264706641224184,253.1830985915493,253.1830985915493,227,273,504.32522407170285,504.32522407170285,299,571,37.880921895006395,37.880921895006395,24,49,0.4565888348649326,,,,,,0.53067652913415,,,,0.3762338655155586,,,,1.3576746306177703,,,,2.148987338039912,,,,0.7083424874318183,0.24894120020901045,0.09494859193898253,3.3705412321177484,-14.937616671845216,2.730030647133965,-23.195701061122346,9.220877071823287,-8.043194506199105,2.4508403798806215,-17.352710083932024,6.383623515149101,5.3106410820224745,2.3469117188265964,0.18675302407938674,41.12806023043024,353,159.2235175211031,107.48349689611183,12,2.130249417280114,-8,3.157080473876174,13,3.3751201654002676,0,2.204753428535413,113.871,113.871,113.871,368.063,368.063,368.063,28.91,28.91,28.91,29.47,29.47,29.47,0.42499542236328125,0.42499542236328125,0.42499542236328125,0.0,126,122.42409638554213,120,421,395.27814279456857,365,331,302.68944371441086,271,367,322.1193604905825,277,213,202.68900569426194,194,467,443.1826544021025,412,393,354.06526500219013,328,60,56.000876040297854,54,3486,2968.098773543583,2384
Chau_Phu,10.535058,105.252744,SA,D,3.3,6400,2022-07-14,18.62,89.66,26.65,29.19,24.7,3.22,10.535058,105.252744,24.80498046868136,4.490000000000002,0.3611537133149726,16.552258064516124,6.87,23.62,4.135575561360872,89.32419354838709,79.44,93.35,3.1672994237928283,27.140967741935484,25.9,28.35,0.5792784991733929,29.546774193548387,26.92,31.62,1.1371906161231475,25.2716129032258,24.08,26.12,0.4605193195778813,2.492258064516128,0.53,3.86,0.8715603718560192,25.214382792780317,24.07069434896019,25.902008550533132,0.44080403890052405,4.275161290322582,1.9899999999999984,7.540000000000003,1.2695817725578922,0.38682988877803753,0.22659304192761506,0.7757972023291232,0.12721385134730084,5874.354797979799,5874.354797979799,0.539912218590706,251.1313131313131,251.1313131313131,239,299,524.1742424242425,524.1742424242425,448,563,62.45075757575758,62.45075757575758,53,72,0.397449113919064,,,,,,0.4552537962162749,,,,0.330138769616104,,,,1.1429961029576028,,,,1.8939637293685685,,,,0.9369956071083999,0.22917826032590125,0.23101274456300522,1.8733901715957588,-16.617581568662832,1.5025490383270739,-23.742205049809535,-11.502545879315907,-11.351011667344839,1.6974318202312064,-15.624243972259482,-5.025216790360241,3.5540629193709132,1.2580871793857042,1.1351665342584718,16.31506202208277,353,165.17695665628545,102.92968975965414,25,4.5944765240750876,-13,4.101903249200332,26,4.634478762699253,0,3.337490514302228,81.754,81.754,81.754,48.653,48.653,48.653,26.08,26.08,26.08,26.61,26.61,26.61,0.4108804066975911,0.4108804066975911,0.4108804066975911,33.101,129,127.1265323992995,123,385,356.62959719789836,337,287,258.7813047285464,237,320,277.77035901926433,257,225,194.3795971978984,180,452,425.0378721541155,380,397,380.55516637478104,361,61,57.21935201401051,55,3064,2798.2878721541147,2594
Chau_Phu,10.536087,105.175145,WS,T,5.0,7040,2022-04-10,19.36,82.44,27.81,31.8,24.75,1.74,10.536087,105.175145,24.534853223742125,7.050000000000001,0.6564479686942216,19.909354838709675,13.91,25.27,2.21220796940431,81.36967741935482,72.53,87.54,2.92292990863285,28.021612903225805,26.71,29.39,0.6336585870915009,32.13967741935485,29.09,34.49,1.15118868123896,24.706774193548394,23.23,25.96,0.6664997016032738,1.8893548387096775,1.1,2.83,0.5194347764567905,24.510502053587818,23.45507529294824,25.345762139075116,0.4496529651755884,7.432903225806452,4.100000000000001,9.55,1.3344618186645376,0.7085235262616059,0.4539761277216749,1.125403854694864,0.13341450826484239,3887.359296482412,3887.359296482412,0.2716252981479631,180.214824120603,180.214824120603,177,185,298.44974874371854,298.44974874371854,246,422,39.03015075376884,39.03015075376884,39,41,0.34754997437098734,,,,,,0.3916158653168178,,,,0.2912460324509392,,,,0.9618610952443365,,,,1.6787875595521222,,,,0.8346504777316431,0.1861646619830353,0.10954309350300005,1.9741290694049156,-16.295277832482025,1.5244580421161584,-21.373015248090333,-5.341576608260418,-10.401274056169576,1.8025800601778865,-14.920364314097416,1.179130653689124,4.065430549280697,1.4550085984643306,1.0262099687361201,35.51530983914063,353,164.9084603711227,105.28815594506783,11,1.8346637873994753,-8,2.3727376807790748,12,3.2076528815166188,0,1.9800801587618106,122.135,122.135,122.135,22.991,22.991,22.991,28.72,28.72,28.72,29.37,29.37,29.37,0.3342857360839844,0.3342857360839844,0.3342857360839844,99.144,122,120.66286966046002,118,412,368.74140573680756,347,313,298.9238011823955,277,346,308.57083424567554,276,230,214.09086927961465,200,420,404.92007882636307,386,396,380.9516093715788,362,60,57.5901029121962,55,3459,3029.4782132691057,2679
Chau_Phu,10.536277,105.293087,WS,T,2.0,7760,2022-04-01,13.91,87.54,27.37,30.3,25.84,2.83,10.536277,105.293087,25.111718111232275,4.460000000000001,0.4539761277216749,19.720322580645163,13.91,25.27,2.589216451250377,79.44838709677418,64.71,87.54,4.920224291225203,28.275161290322583,26.71,30.32,0.8958537861969978,32.72677419354838,30.27,37.07,1.741223868982582,24.861935483870973,23.23,25.96,0.6592195745353534,1.8116129032258066,0.83,2.83,0.5221549440922286,24.333132285821154,22.913951501795566,25.345762139075116,0.5422154181209905,7.864838709677419,4.460000000000001,12.3,1.7701774486734043,0.7990153703776864,0.4539761277216749,1.5250815533868478,0.23591073800732457,4995.345710627402,4995.345710627402,0.5701973949499946,185.39180537772086,185.39180537772086,176,200,467.8066581306018,467.8066581306018,334,656,47.41741357234316,47.41741357234316,37,52,0.3201978534335231,,,,,,0.3567328513423006,,,,0.2699270505974415,,,,0.8625722762015091,,,,1.560839140541626,,,,1.0403030581332713,0.17693600903620715,0.449891273336321,1.7729081718219664,-15.502410161559917,0.8467550905083192,-21.009662785509764,-12.466812544977731,-10.905028431933498,1.0057916297779743,-15.524552130339007,-6.530081407333299,2.963195964747496,0.7215415216019252,1.2561800230687163,7.8910370951111055,353,165.49892184974362,105.03798097055386,12,3.196618394066387,-15,2.7044697438925334,20,3.1226325960212113,0,2.305867091607466,74.687,74.687,74.687,208.255,208.255,208.255,26.54,26.54,26.54,27.79,27.79,27.79,0.37490272521972656,0.37490272521972656,0.37490272521972656,0.0,129,127.04193781634129,125,393,379.884570899838,353,315,291.20171177423083,275,329,300.6613462873005,286,238,200.8172565348138,181,434,419.60120286837844,404,402,379.58778625954204,354,59,56.885496183206115,55,3384,2900.4226231783477,2464
Chau_Phu,10.536277,105.293087,SA,T,2.0,6500,2022-07-14,18.62,89.66,26.65,29.19,24.7,3.22,10.536277,105.293087,24.80498046868136,4.490000000000002,0.3611537133149726,16.552258064516124,6.87,23.62,4.135575561360872,89.32419354838709,79.44,93.35,3.1672994237928283,27.140967741935484,25.9,28.35,0.5792784991733929,29.546774193548387,26.92,31.62,1.1371906161231475,25.2716129032258,24.08,26.12,0.4605193195778813,2.492258064516128,0.53,3.86,0.8715603718560192,25.214382792780317,24.07069434896019,25.902008550533132,0.44080403890052405,4.275161290322582,1.9899999999999984,7.540000000000003,1.2695817725578922,0.38682988877803753,0.22659304192761506,0.7757972023291232,0.12721385134730084,7161.852752880923,7161.852752880923,0.851398921321116,276.3636363636364,276.3636363636364,231,335,467.8066581306018,467.8066581306018,334,656,55.04993597951344,55.04993597951344,30,73,0.3978187371749757,,,,,,0.4557251882970116,,,,0.3304268639654756,,,,1.144337843755479,,,,1.8955576269227645,,,,1.0435747517995586,0.2141254994328984,0.40041569194702287,1.7439508153669525,-17.319350482686563,1.1661428418225928,-21.956331166287303,-12.269170299951458,-12.713586143997112,1.5469724766420645,-17.31287551333597,-6.077601538051144,3.009487200408254,0.9019012529058018,1.293642667415676,8.989618490099588,353,165.49892184974362,105.03798097055386,12,3.196618394066387,-15,2.7044697438925334,20,3.1226325960212113,0,2.305867091607466,81.754,81.754,81.754,48.653,48.653,48.653,26.08,26.08,26.08,26.61,26.61,26.61,0.4108804066975911,0.4108804066975911,0.4108804066975911,33.101,129,127.04193781634129,125,393,379.884570899838,353,315,291.20171177423083,275,329,300.6613462873005,286,238,200.8172565348138,181,434,419.60120286837844,404,402,379.58778625954204,354,59,56.885496183206115,55,3384,2900.4226231783477,2464
Chau_Phu,10.539297,105.225673,WS,T,2.0,8000,2022-04-10,19.36,82.44,27.81,31.8,24.75,1.74,10.539297,105.225673,24.534853223742125,7.050000000000001,0.6564479686942216,19.909354838709675,13.91,25.27,2.21220796940431,81.36967741935482,72.53,87.54,2.92292990863285,28.021612903225805,26.71,29.39,0.6336585870915009,32.13967741935485,29.09,34.49,1.15118868123896,24.706774193548394,23.23,25.96,0.6664997016032738,1.8893548387096775,1.1,2.83,0.5194347764567905,24.510502053587818,23.45507529294824,25.345762139075116,0.4496529651755884,7.432903225806452,4.100000000000001,9.55,1.3344618186645376,0.7085235262616059,0.4539761277216749,1.125403854694864,0.13341450826484239,2419.0012578616347,2419.0012578616347,0.08842728070123086,173.76352201257862,173.76352201257862,162,191,395.8729559748427,395.8729559748427,253,587,34.66540880503145,34.66540880503145,11,54,0.3445929883236939,,,,,,0.387844728670924,,,,0.2889412776559665,,,,0.9511271688613282,,,,1.6660363791185553,,,,0.813388938807266,0.2350901454131211,0.13425555498394692,1.7102586358584209,-18.259228591249435,3.140997540004643,-27.59895938322733,-9.685584632479035,-12.133744875892875,2.6661846877367466,-19.293250711815624,-2.8466591308600173,4.482950119926473,2.377002924018505,1.3388275411293578,28.79392547651592,355,164.08563612301734,105.23014124254915,16,3.008365101625615,-7,2.52062858793122,13,3.3458299589810436,0,2.131287928991068,123.708,123.708,123.708,22.365,22.365,22.365,28.62,28.62,28.62,29.32,29.32,29.32,0.3066082000732422,0.3066082000732422,0.3066082000732422,101.344,126,124.1632697786544,122,392,376.42209072978324,363,303,284.4104755643218,257,336,316.0769230769232,296,214,195.61648038571124,183,444,427.00898531667775,413,391,377.3414420337498,355,60,57.0880999342538,56,3372,2937.5722112645203,2703
Chau_Phu,10.540457,105.207852,WS,D,1.2,6400,2022-04-06,20.96,81.1,27.83,32.11,24.73,1.14,10.540457,105.207852,24.28008545051571,7.379999999999999,0.7073657557281703,19.993548387096773,13.91,25.27,2.605645915076617,80.97677419354837,72.53,87.54,3.0663011100344577,28.060000000000006,26.71,29.39,0.649456348330738,32.296129032258065,30.27,34.49,1.0988107278365737,24.739354838709684,23.23,25.96,0.6746608968232807,1.9106451612903226,1.1,2.83,0.49938630391822225,24.465598930149397,23.45507529294824,25.345762139075116,0.45556395848616454,7.556774193548387,4.460000000000001,9.989999999999998,1.2724560632424267,0.7253127683900847,0.4539761277216749,1.125403854694864,0.13987455908209984,5211.178841309825,5211.178841309825,0.5506181941483127,191.7405541561713,191.7405541561713,178,222,486.15113350125944,486.15113350125944,346,624,39.18136020151134,39.18136020151134,31,51,0.3320257976226968,,,,,,0.3718173979258756,,,,0.2791460697773324,,,,0.9055079817335426,,,,1.6118438622758946,,,,0.6353322331330808,0.27765592386680626,0.08173371531866332,2.095190236477285,-17.94042739919557,2.75405469414074,-25.74141387043438,-9.531281045158853,-10.258094149722549,2.3226847385051985,-17.742125706208263,-1.9224846419454396,6.902561275230921,4.3421233014179625,0.9091345169330958,47.93941238820239,352,162.0479316315848,104.93582936778816,11,2.6120039767452568,-7,2.4141690082263096,12,3.078922591731794,0,1.8920185496545274,141.396,141.396,141.396,12.681,12.681,12.681,28.32,28.32,28.32,29.06,29.06,29.06,0.3540178934733073,0.3540178934733073,0.3540178934733073,128.715,127,123.83702081051476,121,418,376.0779505145609,355,309,287.4460258375301,267,346,303.57280490475154,273,202,196.58878913947885,187,450,433.0133566892927,410,395,370.3291000656886,357,59,56.448215458725635,55,3398,2926.9240201445145,2615
Chau_Phu,10.542192,105.18792,SA,T,1.4,6500,2022-07-28,19.71,85.56,27.6,30.48,25.14,1.61,10.542192,105.18792,24.952783099635962,5.34,0.5332377150662087,16.537419354838708,6.73,23.62,4.019790531970007,88.99290322580647,79.44,92.59,3.064938239180294,26.921935483870964,24.86,28.35,0.7658030545893081,29.399032258064516,26.92,31.62,1.3220642579637436,24.908064516129027,23.04,26.05,0.5967623364122854,2.317096774193548,0.53,3.85,0.8077695038065729,24.93641694560688,23.013919027872713,25.86766694000002,0.5990055829836034,4.490967741935484,2.150000000000002,7.540000000000003,1.2804569618762993,0.39411504305396844,0.2532125702380937,0.7757972023291232,0.1251438164465532,4527.8805031446545,4527.8805031446545,0.4348608879993726,290.3182389937107,290.3182389937107,216,323,237.86666666666667,237.86666666666667,125,422,45.444025157232694,45.444025157232694,38,72,0.45695845812084435,,,,,,0.5311479212148866,,,,0.37652195986493014,,,,1.3590163714156462,,,,2.150581235594108,,,,0.9781193702624095,0.23117903211780202,0.23490635989848727,2.1792144610584865,-15.940269438949256,1.7426974972868732,-19.923398061666777,-5.356019475349099,-10.926706471281014,2.340466127548121,-15.593319246120732,-0.3983317093958169,3.3514139371182403,1.2188560676512359,0.8355237960641663,16.028061742255787,352,160.581482469048,105.44088085273786,11,2.143052304815703,-5,2.4237335098942143,12,3.1470684087340377,0,1.779329679780406,113.871,113.871,113.871,368.063,368.063,368.063,28.91,28.91,28.91,29.47,29.47,29.47,0.42499542236328125,0.42499542236328125,0.42499542236328125,0.0,123,120.04883924660537,117,405,378.54832347140047,357,309,292.6969099276792,272,332,311.43874643874636,293,238,223.6436554898093,214,424,393.715976331361,382,402,382.7975016436555,355,61,58.996712689020384,55,3386,2978.222660530352,2490
Chau_Phu,10.542998,105.261159,WS,D,4.9,7040,2022-04-01,13.91,87.54,27.37,30.3,25.84,2.83,10.542998,105.261159,25.111718111232275,4.460000000000001,0.4539761277216749,19.720322580645163,13.91,25.27,2.589216451250377,79.44838709677418,64.71,87.54,4.920224291225203,28.275161290322583,26.71,30.32,0.8958537861969978,32.72677419354838,30.27,37.07,1.741223868982582,24.861935483870973,23.23,25.96,0.6592195745353534,1.8116129032258066,0.83,2.83,0.5221549440922286,24.333132285821154,22.913951501795566,25.345762139075116,0.5422154181209905,7.864838709677419,4.460000000000001,12.3,1.7701774486734043,0.7990153703776864,0.4539761277216749,1.5250815533868478,0.23591073800732457,5021.936224489796,5021.936224489796,0.4506419975719638,210.23596938775512,210.23596938775512,186,236,475.29081632653066,475.29081632653066,416,595,47.49234693877551,47.49234693877551,27,67,0.31982823017761136,,,,,,0.35626145926156383,,,,0.26963895624806994,,,,0.861230535403633,,,,1.55924524298743,,,,0.846207077967948,0.21776677246604956,0.19452457140411017,1.700905100025241,-15.390315774298964,1.4594053255038164,-22.107887935732837,-8.643778955884436,-9.53393790777224,1.3206296396417088,-15.362415438620332,-2.9918178124991934,4.095700253109537,1.5914839451611564,1.3516891094868493,19.56295495796416,355,165.0040522346543,103.79776635816236,20,3.995835843348706,-11,4.120721420973852,18,5.2718486551255355,0,3.0691091205516283,74.687,74.687,74.687,208.255,208.255,208.255,26.54,26.54,26.54,27.79,27.79,27.79,0.37490272521972656,0.37490272521972656,0.37490272521972656,0.0,132,130.1954425942156,127,370,351.6852947622179,342,273,250.43786982248523,233,315,276.92877492877494,256,256,226.43063773833006,199,430,400.80013149243933,363,391,372.80473372781074,356,60,56.97633136094675,55,3360,2817.9132149901384,2545
Chau_Phu,10.545098,105.112895,WS,D,3.6,6400,2022-04-10,19.36,82.44,27.81,31.8,24.75,1.74,10.545098,105.112895,24.534853223742125,7.050000000000001,0.6564479686942216,19.909354838709675,13.91,25.27,2.21220796940431,81.36967741935482,72.53,87.54,2.92292990863285,28.021612903225805,26.71,29.39,0.6336585870915009,32.13967741935485,29.09,34.49,1.15118868123896,24.706774193548394,23.23,25.96,0.6664997016032738,1.8893548387096775,1.1,2.83,0.5194347764567905,24.510502053587818,23.45507529294824,25.345762139075116,0.4496529651755884,7.432903225806452,4.100000000000001,9.55,1.3344618186645376,0.7085235262616059,0.4539761277216749,1.125403854694864,0.13341450826484239,2028.940880503145,2028.940880503145,0.3057664434944671,251.12578616352206,251.12578616352206,178,274,551.1257861635221,551.1257861635221,446,688,17.18867924528302,17.18867924528302,12,26,0.338679016229107,,,,,,0.38030245537913654,,,,0.28433176806602106,,,,0.9296593160953115,,,,1.6405340182514208,,,,0.3870029732092479,0.18401215864000675,0.09185128297396412,1.3241033938907063,-21.431494461532868,3.027495936732273,-28.337793050850397,-12.136037205075061,-11.316822625491872,2.1288633984343437,-17.470163261640472,-6.838439102610548,11.426559262810557,5.152530103722583,2.0209121269952477,42.5486568122715,354,159.4885638665586,106.37416435748558,10,1.412908938882194,-7,2.3257779781358816,10,3.0038219202433383,0,1.8131346763841119,122.135,122.135,122.135,22.991,22.991,22.991,28.72,28.72,28.72,29.37,29.37,29.37,0.3342857360839844,0.3342857360839844,0.3342857360839844,99.144,123,121.22365826944139,120,408,382.32763907139736,371,320,302.25295663600536,277,333,310.85392028033294,293,232,223.64520367936927,219,443,430.4334209373631,402,368,345.8269820411739,331,61,58.18418747262375,55,3624,3080.528690319755,2598
Chau_Phu,10.546629,105.163964,WS,T,1.95,7200,2022-04-10,19.36,82.44,27.81,31.8,24.75,1.74,10.546629,105.163964,24.534853223742125,7.050000000000001,0.6564479686942216,19.909354838709675,13.91,25.27,2.21220796940431,81.36967741935482,72.53,87.54,2.92292990863285,28.021612903225805,26.71,29.39,0.6336585870915009,32.13967741935485,29.09,34.49,1.15118868123896,24.706774193548394,23.23,25.96,0.6664997016032738,1.8893548387096775,1.1,2.83,0.5194347764567905,24.510502053587818,23.45507529294824,25.345762139075116,0.4496529651755884,7.432903225806452,4.100000000000001,9.55,1.3344618186645376,0.7085235262616059,0.4539761277216749,1.125403854694864,0.13341450826484239,3048.598991172762,3048.598991172762,0.1531261344323844,205.47919293820937,205.47919293820937,173,250,408.4010088272384,408.4010088272384,370,459,42.22698612862548,42.22698612862548,38,48,0.33830939297319534,,,,,,0.37983106329839983,,,,0.28404367371664946,,,,0.9283175752974354,,,,1.638940120697225,,,,0.8421615348259914,0.17408459143411226,0.22143499023211705,1.63588963881696,-16.58040559087647,1.3500477237089268,-21.232517513203824,-10.783180950163256,-10.751265026456018,1.2100862236363081,-14.270303917096008,-0.16156851135445072,3.9728997291481303,1.1595616792112802,1.445152720016439,17.063992487397947,356,170.94026961631522,106.20855333089209,12,0.7979161522887761,-11,3.250216154886224,15,4.317561272694355,0,2.5788433192222606,122.135,122.135,122.135,22.991,22.991,22.991,28.72,28.72,28.72,29.37,29.37,29.37,0.3342857360839844,0.3342857360839844,0.3342857360839844,99.144,123,121.83563445101906,121,447,399.73992112182304,378,331,309.1540315512709,276,338,321.7315950920245,282,219,211.784180543383,205,437,419.62576687116564,396,386,368.71231375985974,355,58,55.680762489044696,55,3338,2981.408632778265,2457
Chau_Phu,10.546629,105.163964,SA,T,2.0,6500,2022-07-28,19.71,85.56,27.6,30.48,25.14,1.61,10.546629,105.163964,24.952783099635962,5.34,0.5332377150662087,16.537419354838708,6.73,23.62,4.019790531970007,88.99290322580647,79.44,92.59,3.064938239180294,26.921935483870964,24.86,28.35,0.7658030545893081,29.399032258064516,26.92,31.62,1.3220642579637436,24.908064516129027,23.04,26.05,0.5967623364122854,2.317096774193548,0.53,3.85,0.8077695038065729,24.93641694560688,23.013919027872713,25.86766694000002,0.5990055829836034,4.490967741935484,2.150000000000002,7.540000000000003,1.2804569618762993,0.39411504305396844,0.2532125702380937,0.7757972023291232,0.1251438164465532,5348.711223203027,5348.711223203027,0.48784679538519043,330.9319041614124,330.9319041614124,231,374,408.4010088272384,408.4010088272384,370,459,26.168978562421188,26.168978562421188,12,48,0.457328081376756,,,,,,0.5316193132956234,,,,0.37681005421430175,,,,1.3603581122135222,,,,2.152175133148304,,,,0.9760020307789385,0.19054681332302714,0.4263070792006403,1.7442081797667826,-16.52510548479249,1.1010267188665182,-20.214726023262763,-11.488787967288998,-11.538829298991729,1.4588266800203271,-15.08830752796326,-4.538514993603017,3.26205811587878,0.8722336147315537,1.293304231915045,8.382907756306365,356,170.94026961631522,106.20855333089209,12,0.7979161522887761,-11,3.250216154886224,15,4.317561272694355,0,2.5788433192222606,113.871,113.871,113.871,368.063,368.063,368.063,28.91,28.91,28.91,29.47,29.47,29.47,0.42499542236328125,0.42499542236328125,0.42499542236328125,0.0,123,121.83563445101906,121,447,399.73992112182304,378,331,309.1540315512709,276,338,321.7315950920245,282,219,211.784180543383,205,437,419.62576687116564,396,386,368.71231375985974,355,58,55.680762489044696,55,3338,2981.408632778265,2457
Chau_Phu,10.546679,105.126512,WS,D,1.74,6400,2022-04-10,19.36,82.44,27.81,31.8,24.75,1.74,10.546679,105.126512,24.534853223742125,7.050000000000001,0.6564479686942216,19.909354838709675,13.91,25.27,2.21220796940431,81.36967741935482,72.53,87.54,2.92292990863285,28.021612903225805,26.71,29.39,0.6336585870915009,32.13967741935485,29.09,34.49,1.15118868123896,24.706774193548394,23.23,25.96,0.6664997016032738,1.8893548387096775,1.1,2.83,0.5194347764567905,24.510502053587818,23.45507529294824,25.345762139075116,0.4496529651755884,7.432903225806452,4.100000000000001,9.55,1.3344618186645376,0.7085235262616059,0.4539761277216749,1.125403854694864,0.13341450826484239,2056.0528967254404,2056.0528967254404,0.19409868217760362,209.07304785894206,209.07304785894206,176,283,470.2342569269521,470.2342569269521,314,688,20.931989924433246,20.931989924433246,12,26,0.3379397697172837,,,,,,0.3793596712176631,,,,0.28375557936727785,,,,0.9269758344995593,,,,1.637346223143029,,,,0.5069708095451126,0.21795205158819744,0.11400153464514334,1.3227073180689548,-20.062859803650266,2.7870482590690324,-28.674226269642432,-13.54248358490658,-11.264336443084705,1.4753915020065855,-17.061298005125593,-7.405585908153245,8.672367982276095,4.679633136853086,2.024100604387428,34.08724696076192,352,167.76660192896418,102.6462032686911,17,1.5208565127226046,-9,2.6884147180346125,17,3.7279238947957496,0,2.2786645859556613,122.135,122.135,122.135,22.991,22.991,22.991,28.72,28.72,28.72,29.37,29.37,29.37,0.3342857360839844,0.3342857360839844,0.3342857360839844,99.144,123,121.30374753451676,119,419,391.6769601401665,377,313,290.0825667980727,269,347,321.5280332895314,286,228,212.4108628996934,197,437,425.8999123959702,412,382,361.760402978537,335,61,56.80398598335524,54,3682,3363.142137538327,2801
Chau_Phu,10.546679,105.126512,SA,D,1.74,6400,2022-07-28,19.71,85.56,27.6,30.48,25.14,1.61,10.546679,105.126512,24.952783099635962,5.34,0.5332377150662087,16.537419354838708,6.73,23.62,4.019790531970007,88.99290322580647,79.44,92.59,3.064938239180294,26.921935483870964,24.86,28.35,0.7658030545893081,29.399032258064516,26.92,31.62,1.3220642579637436,24.908064516129027,23.04,26.05,0.5967623364122854,2.317096774193548,0.53,3.85,0.8077695038065729,24.93641694560688,23.013919027872713,25.86766694000002,0.5990055829836034,4.490967741935484,2.150000000000002,7.540000000000003,1.2804569618762993,0.39411504305396844,0.2532125702380937,0.7757972023291232,0.1251438164465532,5374.5428211586905,5374.5428211586905,0.5655262424923181,233.0793450881612,233.0793450881612,203,304,470.2342569269521,470.2342569269521,314,688,26.63476070528968,26.63476070528968,13,49,0.4599154441681378,,,,,,0.5349190578607804,,,,0.37882671465990286,,,,1.3697502977986546,,,,2.163332416027675,,,,0.7703129210285633,0.20479379662485944,0.24600890453005844,1.7472219087489675,-16.810476951075806,1.0638181748304751,-20.179696013758093,-13.196803777389748,-10.442080837629465,1.4287624192856334,-14.853753337664433,-6.51978513930711,4.576641803552051,1.5598980894985714,1.289348582438535,15.259574049325773,352,167.76660192896418,102.6462032686911,17,1.5208565127226046,-9,2.6884147180346125,17,3.7279238947957496,0,2.2786645859556613,113.871,113.871,113.871,368.063,368.063,368.063,28.91,28.91,28.91,29.47,29.47,29.47,0.42499542236328125,0.42499542236328125,0.42499542236328125,0.0,123,121.30374753451676,119,419,391.6769601401665,377,313,290.0825667980727,269,347,321.5280332895314,286,228,212.4108628996934,197,437,425.8999123959702,412,382,361.760402978537,335,61,56.80398598335524,54,3682,3363.142137538327,2801
Chau_Phu,10.546857,105.181035,WS,T,2.6,6800,2022-04-10,19.36,82.44,27.81,31.8,24.75,1.74,10.546857,105.181035,24.534853223742125,7.050000000000001,0.6564479686942216,19.909354838709675,13.91,25.27,2.21220796940431,81.36967741935482,72.53,87.54,2.92292990863285,28.021612903225805,26.71,29.39,0.6336585870915009,32.13967741935485,29.09,34.49,1.15118868123896,24.706774193548394,23.23,25.96,0.6664997016032738,1.8893548387096775,1.1,2.83,0.5194347764567905,24.510502053587818,23.45507529294824,25.345762139075116,0.4496529651755884,7.432903225806452,4.100000000000001,9.55,1.3344618186645376,0.7085235262616059,0.4539761277216749,1.125403854694864,0.13341450826484239,3725.5701643489256,3725.5701643489256,0.2920659614279009,186.3944374209861,186.3944374209861,178,200,333.724399494311,333.724399494311,158,451,44.419721871049305,44.419721871049305,41,50,0.33757014646137196,,,,,,0.37888827913692635,,,,0.2834674850179063,,,,0.9256340937016834,,,,1.635752325588833,,,,0.9465514894263511,0.20202515339218358,0.4452156389390251,1.8832905149568009,-15.812660875056926,1.786700979259392,-22.829524575363823,-8.931389136934401,-10.639221401781226,1.9880167559925195,-16.76458767503498,-2.095330745847824,3.419082619581782,0.9533888520898204,1.1239420940277782,7.98441036243074,349,160.87020413000334,105.5916163726097,10,1.976206230228094,-6,2.2925287764813405,10,2.894685904462812,0,1.786856236943691,122.135,122.135,122.135,22.991,22.991,22.991,28.72,28.72,28.72,29.37,29.37,29.37,0.3342857360839844,0.3342857360839844,0.3342857360839844,99.144,122,118.13841436706089,116,421,387.2289658194567,362,309,290.92769500438214,264,350,316.5455740578441,298,235,221.22787028922002,207,410,392.7053023663454,377,405,386.2061787905347,369,61,57.45990359333919,55,3263,2966.15907099036,2490
Chau_Phu,10.546857,105.181035,SA,T,2.6,5500,2022-07-28,19.71,85.56,27.6,30.48,25.14,1.61,10.546857,105.181035,24.952783099635962,5.34,0.5332377150662087,16.537419354838708,6.73,23.62,4.019790531970007,88.99290322580647,79.44,92.59,3.064938239180294,26.921935483870964,24.86,28.35,0.7658030545893081,29.399032258064516,26.92,31.62,1.3220642579637436,24.908064516129027,23.04,26.05,0.5967623364122854,2.317096774193548,0.53,3.85,0.8077695038065729,24.93641694560688,23.013919027872713,25.86766694000002,0.5990055829836034,4.490967741935484,2.150000000000002,7.540000000000003,1.2804569618762993,0.39411504305396844,0.2532125702380937,0.7757972023291232,0.1251438164465532,5894.05183312263,5894.05183312263,0.6053120345162396,285.7901390644754,285.7901390644754,242,378,333.724399494311,333.724399494311,158,451,46.68015170670038,46.68015170670038,38,67,0.4580673278885794,,,,,,0.5325620974570968,,,,0.3773862429130449,,,,1.3630415938092746,,,,2.1553629282566957,,,,1.0293410969548216,0.22152395284044096,0.39284840369021157,2.2581973768234644,-16.099400392556007,1.7978796420039227,-22.081517206279628,-6.9433669813614625,-11.405340477096837,2.315410728944243,-16.06692202274676,0.5330554489455973,3.0812766221674908,0.9555983522108804,0.7713243497017407,9.182044682951746,349,160.87020413000334,105.5916163726097,10,1.976206230228094,-6,2.2925287764813405,10,2.894685904462812,0,1.786856236943691,113.871,113.871,113.871,368.063,368.063,368.063,28.91,28.91,28.91,29.47,29.47,29.47,0.42499542236328125,0.42499542236328125,0.42499542236328125,0.0,122,118.13841436706089,116,421,387.2289658194567,362,309,290.92769500438214,264,350,316.5455740578441,298,235,221.22787028922002,207,410,392.7053023663454,377,405,386.2061787905347,369,61,57.45990359333919,55,3263,2966.15907099036,2490
Chau_Phu,10.547628,105.146859,WS,T,1.65,7200,2022-04-10,19.36,82.44,27.81,31.8,24.75,1.74,10.547628,105.146859,24.534853223742125,7.050000000000001,0.6564479686942216,19.909354838709675,13.91,25.27,2.21220796940431,81.36967741935482,72.53,87.54,2.92292990863285,28.021612903225805,26.71,29.39,0.6336585870915009,32.13967741935485,29.09,34.49,1.15118868123896,24.706774193548394,23.23,25.96,0.6664997016032738,1.8893548387096775,1.1,2.83,0.5194347764567905,24.510502053587818,23.45507529294824,25.345762139075116,0.4496529651755884,7.432903225806452,4.100000000000001,9.55,1.3344618186645376,0.7085235262616059,0.4539761277216749,1.125403854694864,0.13341450826484239,2939.233799237611,2939.233799237611,0.22030039589424016,192.97101449275357,192.97101449275357,176,256,442.3043478260868,442.3043478260868,307,504,27.16563146997929,27.16563146997929,21,31,0.3372005232054603,,,,,,0.37841688705618964,,,,0.2831793906685347,,,,0.9242923529038073,,,,1.6341584280346373,,,,0.7670141074406349,0.21976491209816257,0.2864558251733722,2.1005502158197156,-15.04206655640418,2.9917705669554,-21.366142614901925,-2.997668544281685,-8.637262197016838,2.4066442446959657,-14.633840267712518,3.5560070904193517,4.631010680770873,1.5814295409407624,0.9042629735176534,12.963758626933394,352,165.71389116573354,109.09600546864732,11,2.450018598802436,-7,2.7741123189589856,13,3.0799123058235653,0,1.8187750530810796,122.135,122.135,122.135,22.991,22.991,22.991,28.72,28.72,28.72,29.37,29.37,29.37,0.3342857360839844,0.3342857360839844,0.3342857360839844,99.144,125,121.78793503480281,119,441,415.702657807309,373,342,327.2636449928809,294,344,318.86165163739906,273,208,201.88870431893687,192,440,422.46938775510205,406,388,375.7439487422876,359,61,57.53345989558615,55,3594,3253.7225913621264,2505
Chau_Phu,10.547628,105.146859,SA,T,1.65,6500,2022-07-28,19.71,85.56,27.6,30.48,25.14,1.61,10.547628,105.146859,24.952783099635962,5.34,0.5332377150662087,16.537419354838708,6.73,23.62,4.019790531970007,88.99290322580647,79.44,92.59,3.064938239180294,26.921935483870964,24.86,28.35,0.7658030545893081,29.399032258064516,26.92,31.62,1.3220642579637436,24.908064516129027,23.04,26.05,0.5967623364122854,2.317096774193548,0.53,3.85,0.8077695038065729,24.93641694560688,23.013919027872713,25.86766694000002,0.5990055829836034,4.490967741935484,2.150000000000002,7.540000000000003,1.2804569618762993,0.39411504305396844,0.2532125702380937,0.7757972023291232,0.1251438164465532,4662.106734434561,4662.106734434561,0.4827013637989478,217.9813664596273,217.9813664596273,198,253,442.3043478260868,442.3043478260868,307,504,41.923395445134574,41.923395445134574,26,46,0.45843695114449107,,,,,,0.5330334895378335,,,,0.3776743372624165,,,,1.3643833346071506,,,,2.1569568258108918,,,,0.8773057513729101,0.24835654968654505,0.10947548830649699,2.459825873244025,-14.640861815071359,2.9682855134058914,-22.245172924346765,-0.9592892136357083,-8.958459943801085,3.332307446828374,-16.41449428752785,7.03197521398198,3.9965403319147055,1.8572537708306733,0.626131362999605,35.53785940466651,352,165.71389116573354,109.09600546864732,11,2.450018598802436,-7,2.7741123189589856,13,3.0799123058235653,0,1.8187750530810796,113.871,113.871,113.871,368.063,368.063,368.063,28.91,28.91,28.91,29.47,29.47,29.47,0.42499542236328125,0.42499542236328125,0.42499542236328125,0.0,125,121.78793503480281,119,441,415.702657807309,373,342,327.2636449928809,294,344,318.86165163739906,273,208,201.88870431893687,192,440,422.46938775510205,406,388,375.7439487422876,359,61,57.53345989558615,55,3594,3253.7225913621264,2505
Chau_Phu,10.548011,105.248097,SA,T,2.03,5500,2022-07-13,11.35,92.56,26.21,27.9,24.88,3.85,10.548011,105.248097,24.90476104212892,3.0199999999999996,0.2532125702380937,16.464516129032255,6.87,23.62,4.068591607558406,89.34612903225806,79.44,93.35,3.15609362204175,27.14322580645161,25.9,28.35,0.581546254209964,29.531290322580645,26.92,31.62,1.1190599221047934,25.296774193548384,24.08,26.12,0.45479089201858425,2.483548387096774,0.53,3.86,0.8753784375622987,25.220822814094337,24.07069434896019,25.902008550533132,0.4448419652386196,4.23451612903226,1.9899999999999984,7.540000000000003,1.2231050879591123,0.3860741084914199,0.22659304192761506,0.7757972023291232,0.12679540457914215,6214.411167512691,6214.411167512691,0.6815593455560961,262.80583756345175,262.80583756345175,235,294,383.3984771573604,383.3984771573604,318,416,74.29060913705584,74.29060913705584,59,79,0.39486175112768224,,,,,,0.45195405165111785,,,,0.3281221091705029,,,,1.1336039173724706,,,,1.8828064464891971,,,,0.9574856567820774,0.22022636743340762,0.2014989532376583,1.8857245623576147,-16.546596322137663,1.8097423488151025,-26.067189757156854,-9.13370673301944,-11.419286202771012,2.144051919896097,-19.505916816398653,-1.088361143246648,3.4183116132889477,1.1198131168050875,1.1212005612309714,18.85121974942566,356,168.61447984356803,105.40488373220433,22,3.495618453192176,-13,3.853775939944814,28,4.589978075806357,0,3.533813824677138,51.841,51.841,51.841,159.53,159.53,159.53,24.6,24.6,24.6,25.8,25.8,25.8,0.42071278889973956,0.42071278889973956,0.42071278889973956,0.0,133,130.49047514779943,126,391,365.2732049036779,345,285,249.53655866900175,227,323,291.2714535901927,266,244,229.4964973730298,208,424,391.6243432574431,385,392,378.9824868651489,364,59,57.06939579684764,56,3432,2912.217819614712,2608
Chau_Phu,10.548566,105.198194,WS,T,2.7,6800,2022-04-10,19.36,82.44,27.81,31.8,24.75,1.74,10.548566,105.198194,24.534853223742125,7.050000000000001,0.6564479686942216,19.909354838709675,13.91,25.27,2.21220796940431,81.36967741935482,72.53,87.54,2.92292990863285,28.021612903225805,26.71,29.39,0.6336585870915009,32.13967741935485,29.09,34.49,1.15118868123896,24.706774193548394,23.23,25.96,0.6664997016032738,1.8893548387096775,1.1,2.83,0.5194347764567905,24.510502053587818,23.45507529294824,25.345762139075116,0.4496529651755884,7.432903225806452,4.100000000000001,9.55,1.3344618186645376,0.7085235262616059,0.4539761277216749,1.125403854694864,0.13341450826484239,5237.907711757269,5237.907711757269,0.5756772991206234,233.80151706700383,233.80151706700383,194,256,251.597977243995,251.597977243995,219,429,39.80025284450063,39.80025284450063,32,55,0.3368308999495486,,,,,,0.37794549497545293,,,,0.2828912963191631,,,,0.9229506121059312,,,,1.6325645304804413,,,,0.8622420258092165,0.22732087000938692,0.1552595659112136,1.804921512230925,-16.14480878674653,2.87480785157587,-27.675733190357597,-6.146321144934824,-10.363640498268497,2.595957978140766,-21.34319964787905,-0.3002280518580491,4.128610748350847,2.235394441939523,1.2161628485750091,24.763307893617522,352,159.98995641525337,108.00782468011303,14,2.302818524175706,-6,2.3903267647062423,13,2.9312256399452226,0,1.9676806121210355,122.135,122.135,122.135,22.991,22.991,22.991,28.72,28.72,28.72,29.37,29.37,29.37,0.3342857360839844,0.3342857360839844,0.3342857360839844,99.144,126,122.65307911461755,117,405,380.0376779846659,359,302,287.10186199342814,267,350,313.83439211391016,278,223,203.59255202628697,193,436,411.7553121577218,384,403,384.7921139101862,365,61,58.27404162102956,55,3568,3034.998247535597,2554
Chau_Phu,10.548566,105.198194,SA,T,2.7,6400,2022-08-05,18.31,90.04,26.49,28.52,25.13,2.72,10.548566,105.198194,24.718132979284118,3.3900000000000006,0.344620389017771,17.306451612903228,6.73,23.62,3.757213748362541,88.55193548387096,79.44,91.96,2.8796991547111523,26.943870967741937,24.86,28.35,0.7551401383266335,29.52290322580645,26.92,31.62,1.3320689547888183,24.8341935483871,23.04,26.05,0.5975475372831984,2.193870967741936,0.53,3.51,0.7586349260959528,24.87553736820574,23.013919027872713,25.85984372975028,0.5472730040424428,4.6887096774193555,2.150000000000002,7.540000000000003,1.3466176072771843,0.41030692234541616,0.2667648831371851,0.7757972023291232,0.11934446560441644,6009.553729456386,6009.553729456386,0.7054562410669293,243.58533501896335,243.58533501896335,222,255,251.597977243995,251.597977243995,219,429,40.98609355246524,40.98609355246524,30,47,0.5093542804516242,,,,,,0.6089090421042084,,,,0.44646904394620474,,,,1.6618941593997607,,,,2.39779073443346,,,,0.8440504055907952,0.22312744243964283,0.20056389454548104,1.9097419446219968,-15.751796508269889,2.6720040010788733,-26.977344286674278,-4.330300126708014,-9.876315937958292,2.4276459103743697,-20.84815921847882,2.3140052607019634,4.121210007669568,1.6227698617320827,1.0945238236319605,18.9437690869776,352,159.98995641525337,108.00782468011303,14,2.302818524175706,-6,2.3903267647062423,13,2.9312256399452226,0,1.9676806121210355,114.593,114.593,114.593,14.493,14.493,14.493,28.05,28.05,28.05,28.63,28.63,28.63,0.41467730204264325,0.41467730204264325,0.41467730204264325,100.1,126,122.65307911461755,117,405,380.0376779846659,359,302,287.10186199342814,267,350,313.83439211391016,278,223,203.59255202628697,193,436,411.7553121577218,384,403,384.7921139101862,365,61,58.27404162102956,55,3568,3034.998247535597,2554
Chau_Phu,10.549477,105.273725,WS,D,1.55,7200,2022-04-01,13.91,87.54,27.37,30.3,25.84,2.83,10.549477,105.273725,25.111718111232275,4.460000000000001,0.4539761277216749,19.720322580645163,13.91,25.27,2.589216451250377,79.44838709677418,64.71,87.54,4.920224291225203,28.275161290322583,26.71,30.32,0.8958537861969978,32.72677419354838,30.27,37.07,1.741223868982582,24.861935483870973,23.23,25.96,0.6592195745353534,1.8116129032258066,0.83,2.83,0.5221549440922286,24.333132285821154,22.913951501795566,25.345762139075116,0.5422154181209905,7.864838709677419,4.460000000000001,12.3,1.7701774486734043,0.7990153703776864,0.4539761277216749,1.5250815533868478,0.23591073800732457,6827.968592964825,6827.968592964825,0.8001209229964384,207.6997487437186,207.6997487437186,187,217,384.18090452261305,384.18090452261305,282,493,58.4962311557789,58.4962311557789,52,66,0.3194586069216997,,,,,,0.3557900671808271,,,,0.26935086189869833,,,,0.8598887946057571,,,,1.5576513454332341,,,,1.070873261376274,0.21795206580721516,0.27425250777833027,1.9623983187190446,-15.356022372021659,0.8854981636898538,-20.501094444104336,-12.126040042848643,-10.901452940714261,1.2091559650046355,-13.897972575141967,-3.0401477043980725,2.91863326590739,1.0176176695104986,1.0383221702977201,13.585099084064074,353,168.8654725496844,102.74374842731876,16,3.6472197440801652,-12,3.824638823148509,21,4.780835311274758,0,2.958244635830301,,,,,,,,,,,,,,,,,131,126.65504834720038,124,392,375.78593680462853,354,322,287.0500667556742,244,323,301.4534935469515,275,246,206.6915887850468,189,429,417.9121050289276,394,394,375.3560302625724,355,60,56.424788607031594,53,3405,2983.7205162438813,2657
Chau_Phu,10.550361,105.218667,WS,D,3.03,7040,2022-04-06,20.96,81.1,27.83,32.11,24.73,1.14,10.550361,105.218667,24.28008545051571,7.379999999999999,0.7073657557281703,19.993548387096773,13.91,25.27,2.605645915076617,80.97677419354837,72.53,87.54,3.0663011100344577,28.060000000000006,26.71,29.39,0.649456348330738,32.296129032258065,30.27,34.49,1.0988107278365737,24.739354838709684,23.23,25.96,0.6746608968232807,1.9106451612903226,1.1,2.83,0.49938630391822225,24.465598930149397,23.45507529294824,25.345762139075116,0.45556395848616454,7.556774193548387,4.460000000000001,9.989999999999998,1.2724560632424267,0.7253127683900847,0.4539761277216749,1.125403854694864,0.13987455908209984,5483.7532133676095,5483.7532133676095,0.5873868080692357,180.75064267352187,180.75064267352187,178,192,463.9344473007713,463.9344473007713,320,565,44.41002570694088,44.41002570694088,31,61,0.33128655111087346,,,,,,0.3708746137644021,,,,0.2785698810785892,,,,0.9028245001377905,,,,1.608656067167503,,,,0.6045430340545525,0.2452616644472085,0.16186418647117387,1.7544247391092938,-18.784254811515684,2.325190828868804,-26.261439492322186,-10.914902933937682,-10.952030158285243,1.9832525501951235,-17.840032155932906,-3.379363792343099,6.777146404041893,3.1913453490690635,1.2799496101672423,23.71207551963543,353,160.34243175361846,106.84390806673916,9,2.0509959215113125,-8,2.1469533724899854,11,2.860972582944083,0,1.7456911545071214,,,,,,,,,,,,,,,,,127,123.82073197457812,122,414,389.78978518193793,373,314,296.5607189829023,274,343,327.9859710653223,310,205,195.73016220955725,184,436,421.9015782551514,397,398,382.42569048662875,371,62,57.43774660236739,55,3824,3142.736519070583,2836
Chau_Phu,10.552114,105.091399,WS,D,3.6,7760,2022-04-10,19.36,82.44,27.81,31.8,24.75,1.74,10.552114,105.091399,24.534853223742125,7.050000000000001,0.6564479686942216,19.909354838709675,13.91,25.27,2.21220796940431,81.36967741935482,72.53,87.54,2.92292990863285,28.021612903225805,26.71,29.39,0.6336585870915009,32.13967741935485,29.09,34.49,1.15118868123896,24.706774193548394,23.23,25.96,0.6664997016032738,1.8893548387096775,1.1,2.83,0.5194347764567905,24.510502053587818,23.45507529294824,25.345762139075116,0.4496529651755884,7.432903225806452,4.100000000000001,9.55,1.3344618186645376,0.7085235262616059,0.4539761277216749,1.125403854694864,0.13341450826484239,3894.837803320562,3894.837803320562,0.40268174657044403,224.82375478927207,224.82375478927207,201,290,511.2401021711366,511.2401021711366,403,664,25.86590038314176,25.86590038314176,23,35,0.3394182627409304,,,,,,0.38124523954060996,,,,0.2849079567647642,,,,0.9323427976910635,,,,1.6437218133598126,,,,0.4623840804156391,0.2691042424783285,0.06000257637946966,1.493731098937871,-20.040560439499785,3.228385140096761,-27.632025243770627,-7.254553696968793,-10.478210330018417,2.050420303595346,-16.974720721303633,-2.9042681799424446,11.173405234419494,7.264013177044446,1.6778581518750135,65.66380414572716,354,163.91885361389458,105.3448301750549,14,1.8406436406252054,-9,2.6278291279102106,20,3.45582212975521,0,2.296990407229972,123.628,123.628,123.628,29.607,29.607,29.607,28.76,28.76,28.76,29.4,29.4,29.4,0.3888708750406901,0.3888708750406901,0.3888708750406901,94.022,126,123.97021462987298,122,408,384.3145673603506,369,306,277.8895947426068,257,354,332.10449069003295,287,265,252.27382256297923,223,418,394.4400876232202,381,369,353.2094194961665,338,61,57.45980284775468,54,3980,3287.7296823658276,2795
Chau_Phu,10.554634,105.1522,WS,D,2.3,7040,2022-04-10,19.36,82.44,27.81,31.8,24.75,1.74,10.554634,105.1522,24.534853223742125,7.050000000000001,0.6564479686942216,19.909354838709675,13.91,25.27,2.21220796940431,81.36967741935482,72.53,87.54,2.92292990863285,28.021612903225805,26.71,29.39,0.6336585870915009,32.13967741935485,29.09,34.49,1.15118868123896,24.706774193548394,23.23,25.96,0.6664997016032738,1.8893548387096775,1.1,2.83,0.5194347764567905,24.510502053587818,23.45507529294824,25.345762139075116,0.4496529651755884,7.432903225806452,4.100000000000001,9.55,1.3344618186645376,0.7085235262616059,0.4539761277216749,1.125403854694864,0.13341450826484239,3748.5786163522016,3748.5786163522016,0.19627213616181205,186.29182389937108,186.29182389937108,176,208,307.4503144654089,307.4503144654089,141,482,27.499371069182388,27.499371069182388,21,37,0.347919597626899,,,,,,0.3920872573975545,,,,0.2915341268003108,,,,0.9632028360422127,,,,1.6803814571063183,,,,0.7725309323513767,0.21559331124352482,0.24670113891069348,2.2029451514958236,-16.07390459406373,3.274452497934974,-26.099188736538615,-4.9782558270900825,-9.702410673875544,2.502203815687953,-18.271733591732215,1.2961387203713395,4.621810381809686,1.7447404404230995,0.8157510627461411,15.213950278713593,354,165.0383588609198,109.4002209439123,14,1.8274163975654159,-6,2.667689633864375,11,2.9444844941719417,0,1.8273109871945576,122.135,122.135,122.135,22.991,22.991,22.991,28.72,28.72,28.72,29.37,29.37,29.37,0.3342857360839844,0.3342857360839844,0.3342857360839844,99.144,126,123.21217429384716,121,446,402.6971753886578,370,348,322.47317714035466,292,334,309.4217210422598,266,218,203.78454127435955,192,439,411.0054740529888,392,406,385.24436172542147,364,61,57.22071381650975,54,3663,3217.331289686884,2399
Chau_Phu,10.555822,105.1711,WS,T,1.95,7200,2022-04-10,19.36,82.44,27.81,31.8,24.75,1.74,10.555822,105.1711,24.534853223742125,7.050000000000001,0.6564479686942216,19.909354838709675,13.91,25.27,2.21220796940431,81.36967741935482,72.53,87.54,2.92292990863285,28.021612903225805,26.71,29.39,0.6336585870915009,32.13967741935485,29.09,34.49,1.15118868123896,24.706774193548394,23.23,25.96,0.6664997016032738,1.8893548387096775,1.1,2.83,0.5194347764567905,24.510502053587818,23.45507529294824,25.345762139075116,0.4496529651755884,7.432903225806452,4.100000000000001,9.55,1.3344618186645376,0.7085235262616059,0.4539761277216749,1.125403854694864,0.13341450826484239,3483.3749999999995,3483.3749999999995,0.2765233771618913,252.3926767676767,252.3926767676767,176,289,358.8421717171717,358.8421717171717,246,472,46.91287878787879,46.91287878787879,38,50,0.33646127669363696,,,,,,0.3774741028947162,,,,0.2826032019697915,,,,0.9216088713080551,,,,1.6309706329262454,,,,0.9083902189985258,0.19573679381882747,0.2926451291303387,1.8388735743943365,-16.042887841522063,1.9273393908926928,-22.676076202663282,-7.476675970788955,-10.629654589344382,1.9079254655649598,-15.034603591766736,-2.7712234396665436,3.6240086683584942,1.0968137922428314,1.1752447018101644,12.668431837177359,354,163.67869686725413,106.3254392656675,11,1.01537570237433,-11,2.7719479539794554,15,3.7008239217093335,0,2.185969401391399,122.135,122.135,122.135,22.991,22.991,22.991,28.72,28.72,28.72,29.37,29.37,29.37,0.3342857360839844,0.3342857360839844,0.3342857360839844,99.144,125,121.87245233399081,119,435,395.9524435678283,367,334,309.90291474906866,275,351,328.2246329169406,295,223,214.4172693403463,197,431,409.7779969318431,376,407,375.82160859083945,357,60,56.8531667762437,55,3370,2974.3328950252035,2469
Chau_Phu,10.555822,105.1711,SA,T,1.95,5500,2022-07-28,19.71,85.56,27.6,30.48,25.14,1.61,10.555822,105.1711,24.952783099635962,5.34,0.5332377150662087,16.537419354838708,6.73,23.62,4.019790531970007,88.99290322580647,79.44,92.59,3.064938239180294,26.921935483870964,24.86,28.35,0.7658030545893081,29.399032258064516,26.92,31.62,1.3220642579637436,24.908064516129027,23.04,26.05,0.5967623364122854,2.317096774193548,0.53,3.85,0.8077695038065729,24.93641694560688,23.013919027872713,25.86766694000002,0.5990055829836034,4.490967741935484,2.150000000000002,7.540000000000003,1.2804569618762993,0.39411504305396844,0.2532125702380937,0.7757972023291232,0.1251438164465532,5456.397727272728,5456.397727272728,0.5348790923618211,280.0265151515151,280.0265151515151,222,342,358.8421717171717,358.8421717171717,246,472,37.965909090909086,37.965909090909086,22,89,0.4576977046326677,,,,,,0.53209070537636,,,,0.3770981485636733,,,,1.3616998530113984,,,,2.1537690307024997,,,,0.9833081684878477,0.19336907524718694,0.47192115755256075,1.9679197254738001,-15.959234286011196,1.5721975686243885,-20.483607938538604,-9.114666999194107,-11.015419658312874,2.0139234211027053,-15.811817869634247,-2.8380332840126155,3.2311194181968674,0.8587096659031207,1.0326032348890413,7.475992093137921,354,163.67869686725413,106.3254392656675,11,1.01537570237433,-11,2.7719479539794554,15,3.7008239217093335,0,2.185969401391399,113.871,113.871,113.871,368.063,368.063,368.063,28.91,28.91,28.91,29.47,29.47,29.47,0.42499542236328125,0.42499542236328125,0.42499542236328125,0.0,125,121.87245233399081,119,435,395.9524435678283,367,334,309.90291474906866,275,351,328.2246329169406,295,223,214.4172693403463,197,431,409.7779969318431,376,407,375.82160859083945,357,60,56.8531667762437,55,3370,2974.3328950252035,2469
Chau_Phu,10.557185,105.227883,WS,D,2.95,7200,2022-04-12,21.59,80.47,28.25,32.54,24.97,2.09,10.557185,105.227883,24.55819484380857,7.57,0.7490345980684868,19.84096774193548,13.91,23.06,2.0541010981789727,81.34870967741932,75.99,87.54,2.7662210649600905,28.04548387096774,26.71,29.68,0.6736124984937194,32.174838709677424,29.09,34.19,1.178771561134841,24.727419354838716,23.23,25.96,0.6925640426514919,1.8900000000000001,1.07,2.83,0.5223520009564678,24.53048136343193,23.45507529294824,25.345762139075116,0.4358995080669784,7.4474193548387095,4.100000000000001,9.219999999999999,1.3216777405812548,0.7104642583457828,0.4539761277216749,1.000209663814001,0.12875196485454118,3902.65306122449,3902.65306122449,0.36167347366248814,215.9209183673469,215.9209183673469,172,281,484.48086734693874,484.48086734693874,390,514,39.3469387755102,39.3469387755102,26,48,0.3641830208870129,,,,,,0.41282850894997014,,,,0.30421027817266083,,,,1.0222394311487586,,,,1.7505129494909377,,,,0.5203055523459086,0.2592621297329069,0.08685334986348453,1.6318315267882841,-19.571220656717305,3.7612989196918747,-27.840084154793956,-9.893527054740643,-10.78234366540352,2.555697181906547,-20.168701026790803,1.0744302644525774,8.964581266253978,5.421494235770197,1.4512334357656793,45.05464275456469,354,168.71302770535416,106.39740719106693,16,2.7411610176187113,-9,3.195036717004958,17,4.435868820942301,0,2.5843031111369417,132.163,132.163,132.163,20.454,20.454,20.454,28.87,28.87,28.87,29.55,29.55,29.55,0.2824821472167969,0.2824821472167969,0.2824821472167969,111.709,128,125.60424879544463,122,423,387.3834026713379,370,318,288.1140792642873,272,357,315.71797679001537,287,227,213.21502080140132,194,424,412.9132910006569,399,397,374.08364352966936,349,60,56.4451499890519,55,3668,3010.435077731553,2643
Chau_Phu,10.557257,105.1886,SA,T,1.8,5500,2022-08-05,18.31,90.04,26.49,28.52,25.13,2.72,10.557257,105.1886,24.718132979284118,3.3900000000000006,0.344620389017771,17.306451612903228,6.73,23.62,3.757213748362541,88.55193548387096,79.44,91.96,2.8796991547111523,26.943870967741937,24.86,28.35,0.7551401383266335,29.52290322580645,26.92,31.62,1.3320689547888183,24.8341935483871,23.04,26.05,0.5975475372831984,2.193870967741936,0.53,3.51,0.7586349260959528,24.87553736820574,23.013919027872713,25.85984372975028,0.5472730040424428,4.6887096774193555,2.150000000000002,7.540000000000003,1.3466176072771843,0.41030692234541616,0.2667648831371851,0.7757972023291232,0.11934446560441644,6036.904040404041,6036.904040404041,0.7041697654184632,246.74747474747474,246.74747474747474,219,261,264.3068181818182,264.3068181818182,133,406,44.099747474747474,44.099747474747474,40,45,0.5093542804516242,,,,,,0.6089090421042084,,,,0.44646904394620474,,,,1.6618941593997607,,,,2.39779073443346,,,,0.9227348200199196,0.23214736220567658,0.19746967944520305,2.3408096322735745,-15.529129564191285,1.5450141789192757,-19.557694340503375,-4.9953783522332245,-10.171214429837486,2.0765586438796073,-15.52575052117999,1.2280636469851833,3.6320577255573347,1.2768721927135835,0.7088104666225642,19.256274336587367,352,161.8477496576425,106.98054560540315,9,1.4975343674286317,-5,1.991210323595379,11,2.6117764405351314,0,1.5527908030843685,114.593,114.593,114.593,14.493,14.493,14.493,28.05,28.05,28.05,28.63,28.63,28.63,0.41467730204264325,0.41467730204264325,0.41467730204264325,100.1,124,119.98116513359612,117,416,387.37319316688564,365,309,295.0816907577748,282,359,323.4003504161191,290,226,214.93363994743757,205,397,386.49408672798955,371,414,398.53109943057376,389,61,59.39618922470434,57,3453,3204.8543583004816,2678
Chau_Phu,10.558195,105.203328,WS,T,1.4,8000,2022-04-10,19.36,82.44,27.81,31.8,24.75,1.74,10.558195,105.203328,24.534853223742125,7.050000000000001,0.6564479686942216,19.909354838709675,13.91,25.27,2.21220796940431,81.36967741935482,72.53,87.54,2.92292990863285,28.021612903225805,26.71,29.39,0.6336585870915009,32.13967741935485,29.09,34.49,1.15118868123896,24.706774193548394,23.23,25.96,0.6664997016032738,1.8893548387096775,1.1,2.83,0.5194347764567905,24.510502053587818,23.45507529294824,25.345762139075116,0.4496529651755884,7.432903225806452,4.100000000000001,9.55,1.3344618186645376,0.7085235262616059,0.4539761277216749,1.125403854694864,0.13341450826484239,4543.035805626599,4543.035805626599,0.507706262872854,227.81841432225062,227.81841432225062,186,240,245.58823529411765,245.58823529411765,139,370,47.87468030690537,47.87468030690537,26,51,0.3335042906463435,,,,,,0.3737029662488225,,,,0.2802984471748188,,,,0.9108749449250468,,,,1.6182194524926783,,,,0.9760089735204553,0.22723569097659443,0.3294420038942363,1.935726094574157,-16.17792670976323,1.9418183569977423,-25.596927016304683,-7.8896914425139375,-11.159344355735968,2.284548369925763,-18.282747787219137,1.7013957090819531,3.336966441918128,1.0933374505067752,1.0664080580470583,11.14174256080641,350,159.82437601638065,106.48060614115833,20,2.077564241837682,-7,2.428854852378527,17,2.9443105729917627,0,2.141457655212584,123.708,123.708,123.708,22.365,22.365,22.365,28.62,28.62,28.62,29.32,29.32,29.32,0.3066082000732422,0.3066082000732422,0.3066082000732422,101.344,125,122.87519159185462,121,406,367.5059132720105,349,309,293.7544897065265,273,344,315.4505037231712,268,226,216.44897065265002,200,419,389.1011826544021,367,420,394.44699956197996,369,61,56.735216819973715,55,3546,3100.0672360928597,2686
Chau_Phu,10.559295,105.124493,WS,T,1.8,7200,2022-04-10,19.36,82.44,27.81,31.8,24.75,1.74,10.559295,105.124493,24.534853223742125,7.050000000000001,0.6564479686942216,19.909354838709675,13.91,25.27,2.21220796940431,81.36967741935482,72.53,87.54,2.92292990863285,28.021612903225805,26.71,29.39,0.6336585870915009,32.13967741935485,29.09,34.49,1.15118868123896,24.706774193548394,23.23,25.96,0.6664997016032738,1.8893548387096775,1.1,2.83,0.5194347764567905,24.510502053587818,23.45507529294824,25.345762139075116,0.4496529651755884,7.432903225806452,4.100000000000001,9.55,1.3344618186645376,0.7085235262616059,0.4539761277216749,1.125403854694864,0.13341450826484239,3747.764030612245,3747.764030612245,0.2963131900021165,194.31249999999997,194.31249999999997,177,230,424.81122448979585,424.81122448979585,283,488,18.896683673469386,18.896683673469386,7,30,0.3360916534377253,,,,,,0.3770027108139795,,,,0.2823151076204199,,,,0.920267130510179,,,,1.6293767353720496,,,,0.6653898063499651,0.19316985216014984,0.12677419208380256,1.44468902403134,-17.64864608788216,1.9027110077007012,-25.640742930294472,-13.529991734998415,-10.450353932486975,1.0818134876491565,-16.039375066819463,-7.220345175319123,5.678646064961761,2.661145297302792,1.7687619504702676,30.552163214385526,355,161.12484734369798,108.2029909435403,10,1.4363057010339484,-7,2.400876076934087,11,3.223762043800427,0,1.9226498740590976,122.135,122.135,122.135,22.991,22.991,22.991,28.72,28.72,28.72,29.37,29.37,29.37,0.3342857360839844,0.3342857360839844,0.3342857360839844,99.144,123,120.85482811473618,119,437,395.52683461117186,371,325,308.73340635268346,279,357,330.8512595837896,282,216,209.315443592552,203,441,408.18357064622114,389,401,382.48630887185107,348,61,58.29090909090909,54,3753,3346.6856516976995,2832
Chau_Phu,10.560601,105.1792,SA,T,2.0,6400,2022-07-28,19.71,85.56,27.6,30.48,25.14,1.61,10.560601,105.1792,24.952783099635962,5.34,0.5332377150662087,16.537419354838708,6.73,23.62,4.019790531970007,88.99290322580647,79.44,92.59,3.064938239180294,26.921935483870964,24.86,28.35,0.7658030545893081,29.399032258064516,26.92,31.62,1.3220642579637436,24.908064516129027,23.04,26.05,0.5967623364122854,2.317096774193548,0.53,3.85,0.8077695038065729,24.93641694560688,23.013919027872713,25.86766694000002,0.5990055829836034,4.490967741935484,2.150000000000002,7.540000000000003,1.2804569618762993,0.39411504305396844,0.2532125702380937,0.7757972023291232,0.1251438164465532,7074.335868187579,7074.335868187579,0.8212661087599604,272.5044359949303,272.5044359949303,225,440,209.88846641318122,209.88846641318122,117,350,39.02915082382763,39.02915082382763,6,89,0.45917619765631446,,,,,,0.533976273699307,,,,0.3782505259611597,,,,1.3670668162029025,,,,2.1601446209192834,,,,0.9711816623519197,0.23169713003785095,0.3003797709403877,2.2218288707321134,-15.510007067651953,1.9402114320612833,-24.410644899384362,-4.184217752812227,-10.458038302697359,2.428344627054533,-18.633707924390457,1.9488944182855665,3.3698945981898794,1.1340261556701265,0.8003186711143792,12.316475964667495,352,164.81633344963564,106.98521351383337,10,1.3031408201286352,-7,2.4589815300548628,11,3.112324970540412,0,1.8288947881623734,113.871,113.871,113.871,368.063,368.063,368.063,28.91,28.91,28.91,29.47,29.47,29.47,0.42499542236328125,0.42499542236328125,0.42499542236328125,0.0,125,121.00153307052129,117,426,377.53921998247154,360,318,301.1982909728309,275,358,316.96538124452235,275,223,216.22261174408413,208,414,386.4710780017528,375,405,397.3358895705522,369,61,58.50591586327781,56,3732,3253.120289219982,2756
Chau_Phu,10.562531,105.169469,WS,T,1.25,7600,2022-04-10,19.36,82.44,27.81,31.8,24.75,1.74,10.562531,105.169469,24.534853223742125,7.050000000000001,0.6564479686942216,19.909354838709675,13.91,25.27,2.21220796940431,81.36967741935482,72.53,87.54,2.92292990863285,28.021612903225805,26.71,29.39,0.6336585870915009,32.13967741935485,29.09,34.49,1.15118868123896,24.706774193548394,23.23,25.96,0.6664997016032738,1.8893548387096775,1.1,2.83,0.5194347764567905,24.510502053587818,23.45507529294824,25.345762139075116,0.4496529651755884,7.432903225806452,4.100000000000001,9.55,1.3344618186645376,0.7085235262616059,0.4539761277216749,1.125403854694864,0.13341450826484239,4709.002512562814,4709.002512562814,0.45228662538585945,246.03517587939706,246.03517587939706,196,289,303.5603015075377,303.5603015075377,189,422,46.40075376884422,46.40075376884422,30,50,0.33572203018181357,,,,,,0.37653131873324275,,,,0.28202701327104834,,,,0.9189253897123031,,,,1.6277828378178536,,,,0.8621302576625358,0.17988205314892838,0.3351158027824753,1.7354194867835275,-15.680425946584613,1.7301535424477634,-21.526586557987365,-8.433656613680688,-9.981460616437491,1.7904876005540193,-14.711927940099265,-2.7712234396665436,3.8538196496224586,1.088735688193037,1.304918223209367,10.936172412007714,354,154.72327195159681,103.690133175732,11,1.314600601747305,-9,2.3594841831776927,13,3.033849931859028,0,1.9015260213254441,,,,,,,,,,,,,,,,,126,123.12590321874318,121,421,384.8699365009853,367,336,312.6599518283337,297,342,315.8105977665864,289,223,208.48653382964744,197,416,399.8335887891394,376,407,391.68557039632145,369,60,56.4972629735056,55,3472,2974.4009196409024,2527
Chau_Phu,10.564704,105.19729,WS,T,2.0,7200,2022-04-10,19.36,82.44,27.81,31.8,24.75,1.74,10.564704,105.19729,24.534853223742125,7.050000000000001,0.6564479686942216,19.909354838709675,13.91,25.27,2.21220796940431,81.36967741935482,72.53,87.54,2.92292990863285,28.021612903225805,26.71,29.39,0.6336585870915009,32.13967741935485,29.09,34.49,1.15118868123896,24.706774193548394,23.23,25.96,0.6664997016032738,1.8893548387096775,1.1,2.83,0.5194347764567905,24.510502053587818,23.45507529294824,25.345762139075116,0.4496529651755884,7.432903225806452,4.100000000000001,9.55,1.3344618186645376,0.7085235262616059,0.4539761277216749,1.125403854694864,0.13341450826484239,4180.260050251257,4180.260050251257,0.47146429897222747,235.84924623115577,235.84924623115577,183,249,272.141959798995,272.141959798995,187,406,58.32663316582915,58.32663316582915,49,68,0.3353524069259019,,,,,,0.3760599266525061,,,,0.28173891892167674,,,,0.917583648914427,,,,1.6261889402636578,,,,1.0210816007155514,0.20895987603599575,0.50362375132829,1.8607385440708293,-16.084158264600795,1.0797795231262717,-19.5934164335685,-9.931268285580686,-11.35478841969052,1.3465343444016349,-15.106272508946391,-3.0195222177082286,3.0847031914042713,0.8467406083277488,1.1496840664400936,6.942437165543009,350,166.29166460939894,102.74088698408558,7,0.930711222148709,-5,2.0910486012908556,8,2.8667581739362276,0,1.55345237639082,122.135,122.135,122.135,22.991,22.991,22.991,28.72,28.72,28.72,29.37,29.37,29.37,0.3342857360839844,0.3342857360839844,0.3342857360839844,99.144,124,123.06922234392113,121,406,373.4781941705019,361,309,298.0762656147272,282,334,319.2980495288188,297,222,214.18584264738115,201,393,377.7201402586019,362,420,408.1680911680913,393,60,56.62765724304186,55,3647,3386.5261889108056,3161
Chau_Phu,10.56526,105.088832,WS,T,1.65,8000,2022-04-10,19.36,82.44,27.81,31.8,24.75,1.74,10.56526,105.088832,24.534853223742125,7.050000000000001,0.6564479686942216,19.909354838709675,13.91,25.27,2.21220796940431,81.36967741935482,72.53,87.54,2.92292990863285,28.021612903225805,26.71,29.39,0.6336585870915009,32.13967741935485,29.09,34.49,1.15118868123896,24.706774193548394,23.23,25.96,0.6664997016032738,1.8893548387096775,1.1,2.83,0.5194347764567905,24.510502053587818,23.45507529294824,25.345762139075116,0.4496529651755884,7.432903225806452,4.100000000000001,9.55,1.3344618186645376,0.7085235262616059,0.4539761277216749,1.125403854694864,0.13341450826484239,3385.0276381909553,3385.0276381909553,0.23252936902921298,201.22487437185936,201.22487437185936,191,210,381.9861809045226,381.9861809045226,197,496,36.81532663316583,36.81532663316583,31,46,0.33498278366999024,,,,,,0.37558853457176933,,,,0.28145082457230514,,,,0.9162419081165509,,,,1.6245950427094618,,,,0.8502373622196217,0.2326041851633328,0.2851904527223107,1.865527146201901,-17.485783779709493,2.399059811440345,-23.6078193914955,-9.785006187244594,-11.65072730331136,2.2280155943073088,-17.691711239002643,-6.319941008383953,4.071918422446267,1.4849512023370368,1.144166064880779,13.025714962817466,353,163.20611383034407,104.77927138430113,12,1.6884856304908118,-10,2.511485070123,17,3.249444541363976,0,2.063691371982124,123.628,123.628,123.628,29.607,29.607,29.607,28.76,28.76,28.76,29.4,29.4,29.4,0.3888708750406901,0.3888708750406901,0.3888708750406901,94.022,127,123.05237782160857,119,401,388.7370727432077,370,309,290.15600350569673,257,365,339.0926818580193,294,257,229.11590709903598,205,434,412.6277388255917,385,381,358.0549956178792,333,59,55.9910166520596,54,3793,3407.2285276073626,2762
Chau_Phu,10.565493,105.106594,SA,D,3.0,6500,2022-08-05,18.31,90.04,26.49,28.52,25.13,2.72,10.565493,105.106594,24.718132979284118,3.3900000000000006,0.344620389017771,17.306451612903228,6.73,23.62,3.757213748362541,88.55193548387096,79.44,91.96,2.8796991547111523,26.943870967741937,24.86,28.35,0.7551401383266335,29.52290322580645,26.92,31.62,1.3320689547888183,24.8341935483871,23.04,26.05,0.5975475372831984,2.193870967741936,0.53,3.51,0.7586349260959528,24.87553736820574,23.013919027872713,25.85984372975028,0.5472730040424428,4.6887096774193555,2.150000000000002,7.540000000000003,1.3466176072771843,0.41030692234541616,0.2667648831371851,0.7757972023291232,0.11934446560441644,4830.219667943806,4830.219667943806,0.4718324708661969,257.874840357599,257.874840357599,235,274,416.38697318007667,416.38697318007667,189,592,37.6360153256705,37.6360153256705,23,55,0.5093542804516242,,,,,,0.6089090421042084,,,,0.44646904394620474,,,,1.6618941593997607,,,,2.39779073443346,,,,0.661818162534725,0.19573504068338254,0.20865465320137966,1.7226436122669668,-17.653751735773067,2.3601889760270907,-23.47315670060115,-7.475191364065898,-10.442969665763005,2.0053191500632757,-16.88446246212978,-4.780113751223684,5.6114584719898355,2.0764663172183946,1.322012499576784,18.17043276355531,352,168.26141596474088,105.75735430079112,24,2.0676745433778683,-9,2.7775627210456117,22,3.4228079010687713,0,2.418778254554359,114.593,114.593,114.593,14.493,14.493,14.493,28.05,28.05,28.05,28.63,28.63,28.63,0.41467730204264325,0.41467730204264325,0.41467730204264325,100.1,122,120.70260793337717,119,430,397.0771591407278,386,307,292.2268741779921,270,342,311.80666374397197,277,221,212.6291100394564,203,440,423.6856641823762,416,378,363.7672073651907,351,60,56.26523454625166,54,3582,3117.5786935554593,2606
Chau_Phu,10.565735,105.172074,WS,T,2.0,7200,2022-04-10,19.36,82.44,27.81,31.8,24.75,1.74,10.565735,105.172074,24.534853223742125,7.050000000000001,0.6564479686942216,19.909354838709675,13.91,25.27,2.21220796940431,81.36967741935482,72.53,87.54,2.92292990863285,28.021612903225805,26.71,29.39,0.6336585870915009,32.13967741935485,29.09,34.49,1.15118868123896,24.706774193548394,23.23,25.96,0.6664997016032738,1.8893548387096775,1.1,2.83,0.5194347764567905,24.510502053587818,23.45507529294824,25.345762139075116,0.4496529651755884,7.432903225806452,4.100000000000001,9.55,1.3344618186645376,0.7085235262616059,0.4539761277216749,1.125403854694864,0.13341450826484239,4248.804785894206,4248.804785894206,0.384736976324704,217.69647355163724,217.69647355163724,184,287,246.4785894206549,246.4785894206549,189,370,46.476070528967256,46.476070528967256,30,49,0.33461316041407857,,,,,,0.3751171424910326,,,,0.28116273022293353,,,,0.914900167318675,,,,1.623001145155266,,,,0.8715260255265298,0.1917513913586897,0.3408379686659926,1.83767740443148,-15.319365985905248,1.9451598093961897,-21.526586557987365,-6.787936759916871,-9.674444093599897,1.9913625892849194,-14.711927940099265,-1.3979152014669332,3.8136474267211837,1.0762206181293301,1.1766605990551833,10.735781713685302,349,155.82191032317098,102.03417341675078,8,1.407867624307937,-9,2.378691266828412,13,2.847983225916879,0,1.808364852332731,122.135,122.135,122.135,22.991,22.991,22.991,28.72,28.72,28.72,29.37,29.37,29.37,0.3342857360839844,0.3342857360839844,0.3342857360839844,99.144,125,123.07603004780334,122,406,384.2731006160165,360,336,311.8767967145791,275,338,317.98653890029664,275,221,212.0365046771618,204,410,398.0652521104267,376,403,390.01072324891635,376,61,56.18161076887978,55,3472,3092.7111567419583,2527
Chau_Phu,10.565735,105.172074,SA,T,2.0,5500,2022-07-28,19.71,85.56,27.6,30.48,25.14,1.61,10.565735,105.172074,24.952783099635962,5.34,0.5332377150662087,16.537419354838708,6.73,23.62,4.019790531970007,88.99290322580647,79.44,92.59,3.064938239180294,26.921935483870964,24.86,28.35,0.7658030545893081,29.399032258064516,26.92,31.62,1.3220642579637436,24.908064516129027,23.04,26.05,0.5967623364122854,2.317096774193548,0.53,3.85,0.8077695038065729,24.93641694560688,23.013919027872713,25.86766694000002,0.5990055829836034,4.490967741935484,2.150000000000002,7.540000000000003,1.2804569618762993,0.39411504305396844,0.2532125702380937,0.7757972023291232,0.1251438164465532,6783.7984886649865,6783.7984886649865,0.786286912372008,244.74433249370279,244.74433249370279,198,290,246.4785894206549,246.4785894206549,189,370,43.42821158690176,43.42821158690176,29,52,0.45954582091222607,,,,,,0.5344476657800437,,,,0.3785386203105313,,,,1.3684085570007785,,,,2.1617385184734794,,,,0.9303785613832831,0.23646485140068246,0.2583089841937989,2.7324378678626084,-15.081540903649072,1.7471824541900596,-19.99665410765548,-1.8413545169302572,-9.772113476061792,2.148879083934809,-15.634954509134069,0.6274565416477975,3.588190987093477,1.2308213768465235,0.4638942195340439,14.485330533447339,349,155.82191032317098,102.03417341675078,8,1.407867624307937,-9,2.378691266828412,13,2.847983225916879,0,1.808364852332731,113.871,113.871,113.871,368.063,368.063,368.063,28.91,28.91,28.91,29.47,29.47,29.47,0.42499542236328125,0.42499542236328125,0.42499542236328125,0.0,125,123.07603004780334,122,406,384.2731006160165,360,336,311.8767967145791,275,338,317.98653890029664,275,221,212.0365046771618,204,410,398.0652521104267,376,403,390.01072324891635,376,61,56.18161076887978,55,3472,3092.7111567419583,2527
Chau_Phu,10.567359,105.177342,WS,T,1.8,7200,2022-04-10,19.36,82.44,27.81,31.8,24.75,1.74,10.567359,105.177342,24.534853223742125,7.050000000000001,0.6564479686942216,19.909354838709675,13.91,25.27,2.21220796940431,81.36967741935482,72.53,87.54,2.92292990863285,28.021612903225805,26.71,29.39,0.6336585870915009,32.13967741935485,29.09,34.49,1.15118868123896,24.706774193548394,23.23,25.96,0.6664997016032738,1.8893548387096775,1.1,2.83,0.5194347764567905,24.510502053587818,23.45507529294824,25.345762139075116,0.4496529651755884,7.432903225806452,4.100000000000001,9.55,1.3344618186645376,0.7085235262616059,0.4539761277216749,1.125403854694864,0.13341450826484239,4060.4981036662452,4060.4981036662452,0.37668332117577014,222.63843236409605,222.63843236409605,187,255,240.12642225031604,240.12642225031604,189,254,53.174462705436156,53.174462705436156,41,64,0.33424353715816685,,,,,,0.3746457504102959,,,,0.280874635873562,,,,0.9135584265207989,,,,1.62140724760107,,,,0.9603668020439197,0.20374163974881163,0.41636539473971934,1.83767740443148,-15.687576830525458,1.945804200542903,-20.251796489918117,-5.955441275599346,-10.595760929895771,2.419950037465881,-15.945765512232933,-1.8092377875063168,3.359809295599977,0.9647920090092222,1.1766605990551833,8.606946327757383,350,160.72601734138303,108.14021849924157,8,1.4006063558736213,-3,1.8972454813840909,7,2.497336906070804,0,1.4359679047298268,122.135,122.135,122.135,22.991,22.991,22.991,28.72,28.72,28.72,29.37,29.37,29.37,0.3342857360839844,0.3342857360839844,0.3342857360839844,99.144,125,123.2848073555166,120,406,381.84953805543324,360,335,297.1192256929168,275,353,319.83655961284643,275,223,216.74901011878575,204,404,396.7712274527057,376,405,386.4760228772547,375,61,58.294104707435096,55,3652,3285.1553013638363,2660
Chau_Phu,10.56984,105.190938,SA,T,2.3,6500,2022-08-05,18.31,90.04,26.49,28.52,25.13,2.72,10.56984,105.190938,24.718132979284118,3.3900000000000006,0.344620389017771,17.306451612903228,6.73,23.62,3.757213748362541,88.55193548387096,79.44,91.96,2.8796991547111523,26.943870967741937,24.86,28.35,0.7551401383266335,29.52290322580645,26.92,31.62,1.3320689547888183,24.8341935483871,23.04,26.05,0.5975475372831984,2.193870967741936,0.53,3.51,0.7586349260959528,24.87553736820574,23.013919027872713,25.85984372975028,0.5472730040424428,4.6887096774193555,2.150000000000002,7.540000000000003,1.3466176072771843,0.41030692234541616,0.2667648831371851,0.7757972023291232,0.11934446560441644,6520.664564943254,6520.664564943254,0.7573371579699123,250.11727616645655,250.11727616645655,230,275,333.8675914249685,333.8675914249685,234,462,61.25094577553595,61.25094577553595,27,90,0.5093542804516242,,,,,,0.6089090421042084,,,,0.44646904394620474,,,,1.6618941593997607,,,,2.39779073443346,,,,0.9703006313136997,0.25188071166141757,0.352821117360474,1.9100458697008285,-16.593396928420805,1.4967481287952056,-21.095057929148723,-8.634527988910625,-11.517543339522563,2.109968355112915,-16.612751394326967,-4.300477332716097,3.414473904951524,1.1994677108009215,1.0941905445582425,10.33718987662872,352,160.27555742809554,107.93806407988305,9,1.292851359090998,-6,2.0333773790822542,12,2.678979348663291,0,1.6911700683790245,114.593,114.593,114.593,14.493,14.493,14.493,28.05,28.05,28.05,28.63,28.63,28.63,0.41467730204264325,0.41467730204264325,0.41467730204264325,100.1,125,122.86760192897853,121,414,383.95638834100373,366,322,305.2454525531449,292,353,324.8115275038353,297,225,219.6096866096866,213,409,383.31317115932507,369,415,396.9918912995837,372,62,58.176419022572894,56,3572,3336.0519395134784,3165
Chau_Phu,10.570816,105.208925,WS,T,2.15,7200,2022-04-10,19.36,82.44,27.81,31.8,24.75,1.74,10.570816,105.208925,24.534853223742125,7.050000000000001,0.6564479686942216,19.909354838709675,13.91,25.27,2.21220796940431,81.36967741935482,72.53,87.54,2.92292990863285,28.021612903225805,26.71,29.39,0.6336585870915009,32.13967741935485,29.09,34.49,1.15118868123896,24.706774193548394,23.23,25.96,0.6664997016032738,1.8893548387096775,1.1,2.83,0.5194347764567905,24.510502053587818,23.45507529294824,25.345762139075116,0.4496529651755884,7.432903225806452,4.100000000000001,9.55,1.3344618186645376,0.7085235262616059,0.4539761277216749,1.125403854694864,0.13341450826484239,4145.625157232704,4145.625157232704,0.4599650872166357,229.29433962264147,229.29433962264147,201,258,399.8918238993711,399.8918238993711,291,530,43.5383647798742,43.5383647798742,28,52,0.3338739139022552,,,,,,0.3741743583295592,,,,0.2805865415241904,,,,0.9122166857229228,,,,1.619813350046874,,,,1.03022612744865,0.24004886668537417,0.2839341740964598,1.9297152265511888,-14.710248051843376,1.730363435947799,-18.879528870090695,-6.799647463693759,-10.00246722559164,2.3588366776010865,-15.014134625925067,1.4130079686419652,3.121591037359064,1.08868032521133,1.0728447104336998,13.087772325148489,350,163.89650632311407,105.73120903632845,12,2.056884985813315,-8,2.7409398595184813,16,3.2752085212273623,0,2.086883051900328,123.708,123.708,123.708,22.365,22.365,22.365,28.62,28.62,28.62,29.32,29.32,29.32,0.3066082000732422,0.3066082000732422,0.3066082000732422,101.344,127,125.16257668711658,123,385,371.55312157721795,348,302,287.6429353778751,268,341,304.19299014238777,261,226,212.83964950711936,205,438,405.71741511500545,391,402,381.5191675794085,347,59,55.85016429353778,55,3421,3012.446659364731,2489
Chau_Phu,10.571202,105.135919,WS,T,1.8,7200,2022-04-10,19.36,82.44,27.81,31.8,24.75,1.74,10.571202,105.135919,24.534853223742125,7.050000000000001,0.6564479686942216,19.909354838709675,13.91,25.27,2.21220796940431,81.36967741935482,72.53,87.54,2.92292990863285,28.021612903225805,26.71,29.39,0.6336585870915009,32.13967741935485,29.09,34.49,1.15118868123896,24.706774193548394,23.23,25.96,0.6664997016032738,1.8893548387096775,1.1,2.83,0.5194347764567905,24.510502053587818,23.45507529294824,25.345762139075116,0.4496529651755884,7.432903225806452,4.100000000000001,9.55,1.3344618186645376,0.7085235262616059,0.4539761277216749,1.125403854694864,0.13341450826484239,2948.6436781609195,2948.6436781609195,0.1516844362095799,210.38952745849295,210.38952745849295,175,328,214.6602809706258,214.6602809706258,189,291,21.900383141762457,21.900383141762457,9,35,0.33904863948501873,,,,,,0.38077384745987325,,,,0.28461986241539267,,,,0.9310010568931875,,,,1.6421279158056168,,,,0.6951763621450514,0.16849149959601523,0.22029249478396215,1.7449456992921473,-17.613539974069607,1.9855196506045036,-22.901765883312475,-12.215676768778005,-10.716408507937972,1.6902468007130091,-16.538640052486713,-5.8758466655852,5.12883513532168,1.6500235474807554,1.2923349429283877,17.157677155196527,348,167.68990908432565,106.18283845595245,13,1.7761703500352197,-6,2.337732655012435,16,3.182469930677621,0,2.0242900323804096,122.135,122.135,122.135,22.991,22.991,22.991,28.72,28.72,28.72,29.37,29.37,29.37,0.3342857360839844,0.3342857360839844,0.3342857360839844,99.144,123,121.10032858707558,119,421,394.7743702081051,384,319,295.50032858707544,281,338,312.12661555312155,276,229,210.25257393209196,201,405,395.00722891566255,377,416,394.6554216867469,381,60,58.16013143483022,53,3709,3295.3012048192763,2587
Chau_Phu,10.571202,105.135919,SA,T,1.8,6000,2022-08-05,18.31,90.04,26.49,28.52,25.13,2.72,10.571202,105.135919,24.718132979284118,3.3900000000000006,0.344620389017771,17.306451612903228,6.73,23.62,3.757213748362541,88.55193548387096,79.44,91.96,2.8796991547111523,26.943870967741937,24.86,28.35,0.7551401383266335,29.52290322580645,26.92,31.62,1.3320689547888183,24.8341935483871,23.04,26.05,0.5975475372831984,2.193870967741936,0.53,3.51,0.7586349260959528,24.87553736820574,23.013919027872713,25.85984372975028,0.5472730040424428,4.6887096774193555,2.150000000000002,7.540000000000003,1.3466176072771843,0.41030692234541616,0.2667648831371851,0.7757972023291232,0.11934446560441644,4510.106002554278,4510.106002554278,0.3654469781507233,247.4776500638569,247.4776500638569,213,294,214.6602809706258,214.6602809706258,189,291,53.3103448275862,53.3103448275862,49,57,0.5093542804516242,,,,,,0.6089090421042084,,,,0.44646904394620474,,,,1.6618941593997607,,,,2.39779073443346,,,,0.6891063106056974,0.16964425964928154,0.26867427065296434,1.416004163653726,-17.461396952971644,1.8953749947379819,-23.93497409489163,-12.217451560165099,-10.518984859300163,1.7088124569820613,-17.229700096594087,-5.296860881903081,5.173160191186206,1.5909133636813724,1.8248504507774685,13.88791610107928,348,167.68990908432565,106.18283845595245,13,1.7761703500352197,-6,2.337732655012435,16,3.182469930677621,0,2.0242900323804096,114.593,114.593,114.593,14.493,14.493,14.493,28.05,28.05,28.05,28.63,28.63,28.63,0.41467730204264325,0.41467730204264325,0.41467730204264325,100.1,123,121.10032858707558,119,421,394.7743702081051,384,319,295.50032858707544,281,338,312.12661555312155,276,229,210.25257393209196,201,405,395.00722891566255,377,416,394.6554216867469,381,60,58.16013143483022,53,3709,3295.3012048192763,2587
Chau_Phu,10.571793,105.16066,WS,T,4.0,7200,2022-04-10,19.36,82.44,27.81,31.8,24.75,1.74,10.571793,105.16066,24.534853223742125,7.050000000000001,0.6564479686942216,19.909354838709675,13.91,25.27,2.21220796940431,81.36967741935482,72.53,87.54,2.92292990863285,28.021612903225805,26.71,29.39,0.6336585870915009,32.13967741935485,29.09,34.49,1.15118868123896,24.706774193548394,23.23,25.96,0.6664997016032738,1.8893548387096775,1.1,2.83,0.5194347764567905,24.510502053587818,23.45507529294824,25.345762139075116,0.4496529651755884,7.432903225806452,4.100000000000001,9.55,1.3344618186645376,0.7085235262616059,0.4539761277216749,1.125403854694864,0.13341450826484239,3568.089171974522,3568.089171974522,0.24921490372658892,197.40636942675158,197.40636942675158,176,243,258.8114649681529,258.8114649681529,166,320,33.97070063694268,33.97070063694268,30,38,0.33978788599684207,,,,,,0.3817166316213467,,,,0.2851960511141358,,,,0.9336845384889396,,,,1.6453157109140086,,,,0.7639159005143987,0.1798541771588856,0.23641778170078107,1.378300557787069,-16.421219311190374,1.6985864302388234,-22.11445102814093,-11.700811119491544,-10.032786251026387,1.156837609233648,-14.479623156362944,-5.051010130174136,4.558724407465183,1.4485001693734956,1.9021246326869383,15.919201132944158,354,166.49282269877074,105.28967697289828,10,1.2021987788219408,-7,2.578893983721742,12,3.555194944125342,0,2.0833439275577983,122.135,122.135,122.135,22.991,22.991,22.991,28.72,28.72,28.72,29.37,29.37,29.37,0.3342857360839844,0.3342857360839844,0.3342857360839844,99.144,125,122.88669734823583,121,422,392.64665936473176,375,350,323.9721796276013,297,337,322.2527929901424,291,218,207.31938663745893,197,412,401.366265060241,384,414,391.2514786418401,381,60,56.96013143483024,55,3425,3181.3215772179633,3012
Chau_Phu,10.571793,105.16066,SA,T,4.0,5500,2022-08-05,18.31,90.04,26.49,28.52,25.13,2.72,10.571793,105.16066,24.718132979284118,3.3900000000000006,0.344620389017771,17.306451612903228,6.73,23.62,3.757213748362541,88.55193548387096,79.44,91.96,2.8796991547111523,26.943870967741937,24.86,28.35,0.7551401383266335,29.52290322580645,26.92,31.62,1.3320689547888183,24.8341935483871,23.04,26.05,0.5975475372831984,2.193870967741936,0.53,3.51,0.7586349260959528,24.87553736820574,23.013919027872713,25.85984372975028,0.5472730040424428,4.6887096774193555,2.150000000000002,7.540000000000003,1.3466176072771843,0.41030692234541616,0.2667648831371851,0.7757972023291232,0.11934446560441644,5401.3796178343955,5401.3796178343955,0.5513949079559641,252.93757961783442,252.93757961783442,236,301,258.8114649681529,258.8114649681529,166,320,34.54012738853504,34.54012738853504,25,46,0.5093542804516242,,,,,,0.6089090421042084,,,,0.44646904394620474,,,,1.6618941593997607,,,,2.39779073443346,,,,0.6740121906823852,0.1663246623248472,0.2538394895662085,1.5475860014720937,-16.905672932954893,1.8833191290910827,-21.971732299364923,-12.35094853012384,-9.84259685651795,1.3576484907866924,-14.144459356560503,-5.8767077730837265,5.328573208467856,1.6801946852488574,1.5846705748146617,14.757989455603154,354,166.49282269877074,105.28967697289828,10,1.2021987788219408,-7,2.578893983721742,12,3.555194944125342,0,2.0833439275577983,114.593,114.593,114.593,14.493,14.493,14.493,28.05,28.05,28.05,28.63,28.63,28.63,0.41467730204264325,0.41467730204264325,0.41467730204264325,100.1,125,122.88669734823583,121,422,392.64665936473176,375,350,323.9721796276013,297,337,322.2527929901424,291,218,207.31938663745893,197,412,401.366265060241,384,414,391.2514786418401,381,60,56.96013143483024,55,3425,3181.3215772179633,3012
Chau_Phu,10.576126,105.183375,WS,T,1.5,7200,2022-04-10,19.36,82.44,27.81,31.8,24.75,1.74,10.576126,105.183375,24.534853223742125,7.050000000000001,0.6564479686942216,19.909354838709675,13.91,25.27,2.21220796940431,81.36967741935482,72.53,87.54,2.92292990863285,28.021612903225805,26.71,29.39,0.6336585870915009,32.13967741935485,29.09,34.49,1.15118868123896,24.706774193548394,23.23,25.96,0.6664997016032738,1.8893548387096775,1.1,2.83,0.5194347764567905,24.510502053587818,23.45507529294824,25.345762139075116,0.4496529651755884,7.432903225806452,4.100000000000001,9.55,1.3344618186645376,0.7085235262616059,0.4539761277216749,1.125403854694864,0.13341450826484239,5349.015247776367,5349.015247776367,0.6015530902770176,259.16645489199493,259.16645489199493,175,315,391.0864040660737,391.0864040660737,246,517,50.37738246505719,50.37738246505719,28,64,0.3471803511150756,,,,,,0.3911444732360811,,,,0.29095793810156767,,,,0.9605193544464605,,,,1.6771936619979264,,,,0.9563395914636378,0.2219813440853377,0.3447616267822134,1.889322073502591,-14.797084606079046,1.3350591943454893,-18.730611940253013,-4.316264359509087,-9.664202572305218,1.7537517372708957,-14.16628073624689,-0.29114038392384645,3.418342152439868,1.0885189362159042,1.1171615237546286,10.602219299559136,354,157.51608879116833,105.78428716824081,14,1.5667250357126399,-7,2.7122624401528217,14,3.6722369607720533,0,2.19921554322627,122.135,122.135,122.135,22.991,22.991,22.991,28.72,28.72,28.72,29.37,29.37,29.37,0.3342857360839844,0.3342857360839844,0.3342857360839844,99.144,126,123.02322015334065,120,436,389.9202628696606,359,318,294.1134720700988,265,366,323.63285870755755,265,224,217.0584884994524,206,418,405.63088718510426,370,406,377.17962760131445,362,61,58.28368017524645,55,3459,3055.351588170866,2500
Chau_Phu,10.576126,105.183375,SA,T,1.5,5500,2022-08-05,18.31,90.04,26.49,28.52,25.13,2.72,10.576126,105.183375,24.718132979284118,3.3900000000000006,0.344620389017771,17.306451612903228,6.73,23.62,3.757213748362541,88.55193548387096,79.44,91.96,2.8796991547111523,26.943870967741937,24.86,28.35,0.7551401383266335,29.52290322580645,26.92,31.62,1.3320689547888183,24.8341935483871,23.04,26.05,0.5975475372831984,2.193870967741936,0.53,3.51,0.7586349260959528,24.87553736820574,23.013919027872713,25.85984372975028,0.5472730040424428,4.6887096774193555,2.150000000000002,7.540000000000003,1.3466176072771843,0.41030692234541616,0.2667648831371851,0.7757972023291232,0.11934446560441644,6578.027954256671,6578.027954256671,0.7794639277593602,224.05717916137232,224.05717916137232,213,269,391.0864040660737,391.0864040660737,246,517,35.165184243964426,35.165184243964426,23,56,0.5093542804516242,,,,,,0.6089090421042084,,,,0.44646904394620474,,,,1.6618941593997607,,,,2.39779073443346,,,,0.8639101848225036,0.22489684623047979,0.047829801086858456,1.8142067726280349,-15.550281902194323,1.8350620101658572,-21.356857811966865,-6.282237754660503,-9.810738388800928,2.038993283536567,-16.412647396530282,5.009940815863174,4.011332697492403,2.2904976611421612,1.2048203437173015,82.62986901693442,354,157.51608879116833,105.78428716824081,14,1.5667250357126399,-7,2.7122624401528217,14,3.6722369607720533,0,2.19921554322627,114.593,114.593,114.593,14.493,14.493,14.493,28.05,28.05,28.05,28.63,28.63,28.63,0.41467730204264325,0.41467730204264325,0.41467730204264325,100.1,126,123.02322015334065,120,436,389.9202628696606,359,318,294.1134720700988,265,366,323.63285870755755,265,224,217.0584884994524,206,418,405.63088718510426,370,406,377.17962760131445,362,61,58.28368017524645,55,3459,3055.351588170866,2500
Chau_Phu,10.580993,105.154027,WS,T,2.0,7200,2022-04-10,19.36,82.44,27.81,31.8,24.75,1.74,10.580993,105.154027,24.534853223742125,7.050000000000001,0.6564479686942216,19.909354838709675,13.91,25.27,2.21220796940431,81.36967741935482,72.53,87.54,2.92292990863285,28.021612903225805,26.71,29.39,0.6336585870915009,32.13967741935485,29.09,34.49,1.15118868123896,24.706774193548394,23.23,25.96,0.6664997016032738,1.8893548387096775,1.1,2.83,0.5194347764567905,24.510502053587818,23.45507529294824,25.345762139075116,0.4496529651755884,7.432903225806452,4.100000000000001,9.55,1.3344618186645376,0.7085235262616059,0.4539761277216749,1.125403854694864,0.13341450826484239,2389.1268844221104,2389.1268844221104,-0.03754281592015074,203.19849246231158,203.19849246231158,188,220,242.82663316582918,242.82663316582918,109,283,28.973618090452263,28.973618090452263,23,37,0.3405271325086654,,,,,,0.38265941578282014,,,,0.285772239812879,,,,0.9363680200846917,,,,1.6485035060224003,,,,0.7529448585818105,0.2016288313419572,0.2673216116862123,1.5984459805413829,-16.473110055724415,2.2435813518626606,-23.745551918945395,-5.863306713333818,-9.981196851130012,1.6528575244174626,-17.24470617908517,1.025804831283797,4.705795790732228,1.5798891081635384,1.5024305160723836,13.963249603235534,353,161.90406035231848,105.90356800212838,11,1.7716183479474417,-9,2.9354689577803126,15,3.7801498275271865,0,2.2306388183508483,122.135,122.135,122.135,22.991,22.991,22.991,28.72,28.72,28.72,29.37,29.37,29.37,0.3342857360839844,0.3342857360839844,0.3342857360839844,99.144,125,122.40249780893956,121,400,380.4936459246275,365,327,307.5484224364594,289,339,316.3087204206836,290,220,211.9066608238388,205,417,407.3560473269064,387,402,380.7756354075374,364,60,56.95223488168274,55,3463,3253.1770376862405,2774
Chau_Phu,10.581404,105.200348,WS,T,1.8,7200,2022-04-10,19.36,82.44,27.81,31.8,24.75,1.74,10.581404,105.200348,24.534853223742125,7.050000000000001,0.6564479686942216,19.909354838709675,13.91,25.27,2.21220796940431,81.36967741935482,72.53,87.54,2.92292990863285,28.021612903225805,26.71,29.39,0.6336585870915009,32.13967741935485,29.09,34.49,1.15118868123896,24.706774193548394,23.23,25.96,0.6664997016032738,1.8893548387096775,1.1,2.83,0.5194347764567905,24.510502053587818,23.45507529294824,25.345762139075116,0.4496529651755884,7.432903225806452,4.100000000000001,9.55,1.3344618186645376,0.7085235262616059,0.4539761277216749,1.125403854694864,0.13341450826484239,3394.7025316455697,3394.7025316455697,0.2987131974506609,227.19240506329115,227.19240506329115,210,291,490.63797468354426,490.63797468354426,414,587,55.84050632911392,55.84050632911392,51,83,0.34681072785916395,,,,,,0.3906730811553444,,,,0.29066984375219607,,,,0.9591776136485844,,,,1.6755997644437306,,,,1.0391463644306251,0.19770335623931848,0.539280692310978,1.8157233093121488,-15.704644792174598,1.3108111498794843,-19.74055454104645,-8.906604963645787,-11.088097764746223,1.6422540585306038,-15.475511593170259,-4.39192986008768,2.993696290585999,0.7855111133200703,1.2029788236376842,6.4172876148389655,352,161.03678810878768,106.22675268033386,8,1.099631032746255,-6,2.0245743963906424,11,2.7133279134753674,0,1.6855579023506937,122.135,122.922,123.708,22.991,22.678,22.365,28.72,28.67,28.62,29.37,29.35,29.32,0.3342857360839844,0.3204469680786132,0.3066082000732422,100.244,127,125.8454963839579,124,434,384.33194474895856,361,305,292.00219250164446,275,344,325.61740846305634,296,227,217.94365270773955,211,438,408.16421837316375,394,388,373.8344661258496,348,59,56.53650515237886,55,3619,3269.18921289191,2777
Chau_Phu,10.58174,105.119446,SA,T,2.0,5500,2022-08-05,18.31,90.04,26.49,28.52,25.13,2.72,10.58174,105.119446,24.718132979284118,3.3900000000000006,0.344620389017771,17.306451612903228,6.73,23.62,3.757213748362541,88.55193548387096,79.44,91.96,2.8796991547111523,26.943870967741937,24.86,28.35,0.7551401383266335,29.52290322580645,26.92,31.62,1.3320689547888183,24.8341935483871,23.04,26.05,0.5975475372831984,2.193870967741936,0.53,3.51,0.7586349260959528,24.87553736820574,23.013919027872713,25.85984372975028,0.5472730040424428,4.6887096774193555,2.150000000000002,7.540000000000003,1.3466176072771843,0.41030692234541616,0.2667648831371851,0.7757972023291232,0.11934446560441644,4841.378653113088,4841.378653113088,0.34880344386548257,270.33418043202033,270.33418043202033,241,355,302.66836086404066,302.66836086404066,189,386,35.598475222363405,35.598475222363405,28,51,0.5093542804516242,,,,,,0.6089090421042084,,,,0.44646904394620474,,,,1.6618941593997607,,,,2.39779073443346,,,,0.7728320896084522,0.20156483019832355,0.22297516382994279,1.547092312483962,-17.230716832154023,2.6084426665076013,-24.254698383545623,-8.317633764387924,-10.876277144982996,2.115585327746759,-16.718299878849624,-2.9210756524915213,4.577966127078211,1.6482143200375232,1.5854953629610686,16.93921767471239,350,166.2048194753941,106.28116236657816,11,2.203042042862458,-6,2.2941071565764517,12,3.04251684446478,0,1.7508066571291936,114.593,114.593,114.593,14.493,14.493,14.493,28.05,28.05,28.05,28.63,28.63,28.63,0.41467730204264325,0.41467730204264325,0.41467730204264325,100.1,123,119.94891471168603,117,401,378.83085013146354,364,310,302.1787905346187,286,342,307.18448729184917,269,219,206.95223488168264,199,407,390.2751971954425,376,420,402.86678352322514,382,61,56.335670464504815,54,3630,3239.7532865907096,2722
Chau_Phu,10.585209,105.164803,SA,D,2.3,5500,2022-08-09,17.2,89.52,24.86,27.03,23.04,3.43,10.585209,105.164803,23.013919027872713,3.990000000000002,0.32922469462620946,17.333870967741937,6.73,23.0,3.1787476509644432,89.31677419354837,85.56,91.96,1.5969979641184724,26.866774193548387,24.86,27.81,0.6296665123328239,29.43322580645161,27.03,31.1,1.099484885538485,24.84709677419355,23.04,26.05,0.5745359616942325,2.38741935483871,1.28,3.51,0.626114324003344,24.95109860511982,23.013919027872713,25.85984372975028,0.5164544161399117,4.586129032258065,2.66,6.539999999999999,1.123148447429626,0.37932209911867,0.2667648831371851,0.5332377150662087,0.06599268276086966,5684.660668380464,5684.660668380464,0.6248352807472514,269.5745501285347,269.5745501285347,244,421,403.07069408740364,403.07069408740364,267,478,39.087403598971726,39.087403598971726,34,52,0.5093542804516242,,,,,,0.6089090421042084,,,,0.44646904394620474,,,,1.6618941593997607,,,,2.39779073443346,,,,0.9787776827854444,0.25493250663090644,0.3326183797150311,2.177731704294497,-16.026370366902764,1.7710110331977686,-27.86076168227754,-10.047546837112868,-11.001285277967229,2.0253732292709725,-20.730554515913752,-4.009330419124019,3.374259034833962,1.1806181024690017,0.8367735530102177,11.025793654057773,354,167.1511953627234,103.83507242855882,20,1.7555093993067772,-15,3.8790222156329226,22,5.02410804512194,0,3.1939951477743227,81.91,81.91,81.91,70.958,70.958,70.958,26.52,26.52,26.52,27.32,27.32,27.32,0.4277687072753906,0.4277687072753906,0.4277687072753906,10.951,125,123.71478641840086,123,416,379.5169769989046,365,307,293.7366922234392,271,336,309.9813800657174,279,212,201.03592552026282,191,442,416.91631982475354,395,405,382.0941949616648,364,61,58.72376779846659,55,3390,3032.4725082146765,2436
Chau_Phu,10.585739,105.193578,WS,T,2.3,7040,2022-04-10,19.36,82.44,27.81,31.8,24.75,1.74,10.585739,105.193578,24.534853223742125,7.050000000000001,0.6564479686942216,19.909354838709675,13.91,25.27,2.21220796940431,81.36967741935482,72.53,87.54,2.92292990863285,28.021612903225805,26.71,29.39,0.6336585870915009,32.13967741935485,29.09,34.49,1.15118868123896,24.706774193548394,23.23,25.96,0.6664997016032738,1.8893548387096775,1.1,2.83,0.5194347764567905,24.510502053587818,23.45507529294824,25.345762139075116,0.4496529651755884,7.432903225806452,4.100000000000001,9.55,1.3344618186645376,0.7085235262616059,0.4539761277216749,1.125403854694864,0.13341450826484239,4250.711907810499,4250.711907810499,0.36876649013822127,246.1293213828425,246.1293213828425,210,291,440.8668373879641,440.8668373879641,291,595,59.43918053777208,59.43918053777208,48,83,0.3464411046032523,,,,,,0.3902016890746076,,,,0.29038174940282446,,,,0.9578358728507084,,,,1.6740058668895346,,,,0.9844501356519622,0.21346456490138102,0.28586950664792754,1.806206195169007,-16.076502113860393,1.3288331438190246,-24.254763303604403,-10.500025289179465,-11.122412775492828,1.6863487743220467,-17.616722719432385,-4.476696165936346,3.2649484990168243,0.9710053211554907,1.2145865797042732,12.99239830404975,354,168.9289720364421,103.83544147095388,14,1.5126356048238447,-9,2.9358221532069875,13,3.716803149191638,0,2.303207934668186,122.135,122.135,122.135,22.991,22.991,22.991,28.72,28.72,28.72,29.37,29.37,29.37,0.3342857360839844,0.3342857360839844,0.3342857360839844,99.144,128,125.70799561883899,122,429,385.17948717948724,361,308,284.48126232741606,264,348,315.4968222660531,283,222,212.17115932500548,204,442,428.1564760026298,394,391,359.8161297392067,345,59,55.540872233179925,54,3395,3144.8923953539334,2641
Chau_Phu,10.585739,105.193578,SA,T,2.3,5500,2022-08-05,18.31,90.04,26.49,28.52,25.13,2.72,10.585739,105.193578,24.718132979284118,3.3900000000000006,0.344620389017771,17.306451612903228,6.73,23.62,3.757213748362541,88.55193548387096,79.44,91.96,2.8796991547111523,26.943870967741937,24.86,28.35,0.7551401383266335,29.52290322580645,26.92,31.62,1.3320689547888183,24.8341935483871,23.04,26.05,0.5975475372831984,2.193870967741936,0.53,3.51,0.7586349260959528,24.87553736820574,23.013919027872713,25.85984372975028,0.5472730040424428,4.6887096774193555,2.150000000000002,7.540000000000003,1.3466176072771843,0.41030692234541616,0.2667648831371851,0.7757972023291232,0.11934446560441644,5102.727272727272,5102.727272727272,0.5109175099289774,242.7349551856594,242.7349551856594,212,272,440.8668373879641,440.8668373879641,291,595,41.88604353393085,41.88604353393085,13,67,0.5093542804516242,,,,,,0.6089090421042084,,,,0.44646904394620474,,,,1.6618941593997607,,,,2.39779073443346,,,,0.7531951458441062,0.22539974822461048,0.11022912166979984,1.7129744818799777,-17.358686912719048,3.5205160222000837,-28.06934612018965,-9.399141717480074,-10.804430270086364,2.8851544535046276,-21.266303477452887,-4.585859739395319,4.953744124510127,2.638954171145698,1.3351194324915032,35.28805110125363,354,168.9289720364421,103.83544147095388,14,1.5126356048238447,-9,2.9358221532069875,13,3.716803149191638,0,2.303207934668186,114.593,114.593,114.593,14.493,14.493,14.493,28.05,28.05,28.05,28.63,28.63,28.63,0.41467730204264325,0.41467730204264325,0.41467730204264325,100.1,128,125.70799561883899,122,429,385.17948717948724,361,308,284.48126232741606,264,348,315.4968222660531,283,222,212.17115932500548,204,442,428.1564760026298,394,391,359.8161297392067,345,59,55.540872233179925,54,3395,3144.8923953539334,2641
Chau_Phu,10.588345,105.091229,SA,T,1.45,6000,2022-08-05,18.31,90.04,26.49,28.52,25.13,2.72,10.588345,105.091229,24.718132979284118,3.3900000000000006,0.344620389017771,17.306451612903228,6.73,23.62,3.757213748362541,88.55193548387096,79.44,91.96,2.8796991547111523,26.943870967741937,24.86,28.35,0.7551401383266335,29.52290322580645,26.92,31.62,1.3320689547888183,24.8341935483871,23.04,26.05,0.5975475372831984,2.193870967741936,0.53,3.51,0.7586349260959528,24.87553736820574,23.013919027872713,25.85984372975028,0.5472730040424428,4.6887096774193555,2.150000000000002,7.540000000000003,1.3466176072771843,0.41030692234541616,0.2667648831371851,0.7757972023291232,0.11934446560441644,4329.091823899371,4329.091823899371,0.3590920396213153,240.88050314465406,240.88050314465406,222,253,364.49308176100624,364.49308176100624,147,606,41.80125786163523,41.80125786163523,23,58,0.5093542804516242,,,,,,0.6089090421042084,,,,0.44646904394620474,,,,1.6618941593997607,,,,2.39779073443346,,,,0.813888007815501,0.28618319920146995,0.14793953479529814,1.7358564394825353,-17.005344680500592,1.3956334722369734,-23.212267563489334,-11.797511837211372,-10.746898223719613,1.8304398280204446,-18.85176418700279,-5.469802895069491,4.9543532770325,3.4220259715939974,1.3043380253221941,26.0380733962341,356,159.04290886350938,109.17903299872027,10,1.5197807984728318,-14,2.3146150178325584,15,2.8493993351545304,0,2.0126851121186884,,,,,,,,,,,,,,,,,123,120.31851040525741,117,443,404.4929886064856,391,325,311.7074934268186,294,361,335.79601226993873,312,218,203.96954425942158,194,443,427.5052585451359,413,386,368.5764680105171,347,62,59.61744084136724,55,4304,3546.374452234882,3187
Chau_Phu,10.590564,105.128439,WS,T,5.0,8000,2022-04-10,19.36,82.44,27.81,31.8,24.75,1.74,10.590564,105.128439,24.534853223742125,7.050000000000001,0.6564479686942216,19.909354838709675,13.91,25.27,2.21220796940431,81.36967741935482,72.53,87.54,2.92292990863285,28.021612903225805,26.71,29.39,0.6336585870915009,32.13967741935485,29.09,34.49,1.15118868123896,24.706774193548394,23.23,25.96,0.6664997016032738,1.8893548387096775,1.1,2.83,0.5194347764567905,24.510502053587818,23.45507529294824,25.345762139075116,0.4496529651755884,7.432903225806452,4.100000000000001,9.55,1.3344618186645376,0.7085235262616059,0.4539761277216749,1.125403854694864,0.13341450826484239,3160.120603015075,3160.120603015075,0.04175510883985591,208.31155778894473,208.31155778894473,189,263,296.2751256281407,296.2751256281407,234,373,35.641959798994975,35.641959798994975,30,43,0.3460714813473406,,,,,,0.3897302969938709,,,,0.29009365505345286,,,,0.9564941320528324,,,,1.6724119693353388,,,,0.7209243139929987,0.21789180970037633,0.229191456099836,1.9262258101430638,-16.843634460878253,2.199083210756328,-21.724065100702354,-6.71560047142715,-10.081417838435826,1.296547176909931,-13.664281656366713,-3.0963560767845517,5.068884046249053,1.86399007040969,1.0765997314213713,16.452657564414604,352,159.3573857035187,104.61084055850283,11,1.9595605538495968,-5,2.1302935047283684,12,2.7650779858937513,0,1.8190710648747523,122.135,122.135,122.135,22.991,22.991,22.991,28.72,28.72,28.72,29.37,29.37,29.37,0.3342857360839844,0.3342857360839844,0.3342857360839844,99.144,125,122.33640149024768,119,399,385.88250767207376,372,310,297.2060499780799,286,329,297.9050854888209,276,209,204.35992985532667,198,396,380.622314774222,371,427,415.05589653660695,400,61,55.99583516001755,54,3484,3199.319596668129,2724
Chau_Phu,10.590564,105.128439,SA,T,5.0,6000,2022-08-05,18.31,90.04,26.49,28.52,25.13,2.72,10.590564,105.128439,24.718132979284118,3.3900000000000006,0.344620389017771,17.306451612903228,6.73,23.62,3.757213748362541,88.55193548387096,79.44,91.96,2.8796991547111523,26.943870967741937,24.86,28.35,0.7551401383266335,29.52290322580645,26.92,31.62,1.3320689547888183,24.8341935483871,23.04,26.05,0.5975475372831984,2.193870967741936,0.53,3.51,0.7586349260959528,24.87553736820574,23.013919027872713,25.85984372975028,0.5472730040424428,4.6887096774193555,2.150000000000002,7.540000000000003,1.3466176072771843,0.41030692234541616,0.2667648831371851,0.7757972023291232,0.11934446560441644,5472.167085427136,5472.167085427136,0.4573207773518275,274.36180904522615,274.36180904522615,222,392,296.2751256281407,296.2751256281407,234,373,34.80653266331658,34.80653266331658,28,59,0.5093542804516242,,,,,,0.6089090421042084,,,,0.44646904394620474,,,,1.6618941593997607,,,,2.39779073443346,,,,0.7448564867735468,0.20726806230643507,0.2587512518025447,2.2669107679035534,-17.73359992281793,2.6719212182427095,-24.312424587349952,-3.133502216391744,-11.175557998890634,2.295033977394953,-18.27978574488335,-3.2455901035565606,4.790867921333707,1.6473205024827748,0.764515858601357,14.458862409880954,352,159.3573857035187,104.61084055850283,11,1.9595605538495968,-5,2.1302935047283684,12,2.7650779858937513,0,1.8190710648747523,114.593,114.593,114.593,14.493,14.493,14.493,28.05,28.05,28.05,28.63,28.63,28.63,0.41467730204264325,0.41467730204264325,0.41467730204264325,100.1,125,122.33640149024768,119,399,385.88250767207376,372,310,297.2060499780799,286,329,297.9050854888209,276,209,204.35992985532667,198,396,380.622314774222,371,427,415.05589653660695,400,61,55.99583516001755,54,3484,3199.319596668129,2724
Chau_Phu,10.592696,105.11414,SA,T,5.0,6000,2022-08-05,18.31,90.04,26.49,28.52,25.13,2.72,10.592696,105.11414,24.718132979284118,3.3900000000000006,0.344620389017771,17.306451612903228,6.73,23.62,3.757213748362541,88.55193548387096,79.44,91.96,2.8796991547111523,26.943870967741937,24.86,28.35,0.7551401383266335,29.52290322580645,26.92,31.62,1.3320689547888183,24.8341935483871,23.04,26.05,0.5975475372831984,2.193870967741936,0.53,3.51,0.7586349260959528,24.87553736820574,23.013919027872713,25.85984372975028,0.5472730040424428,4.6887096774193555,2.150000000000002,7.540000000000003,1.3466176072771843,0.41030692234541616,0.2667648831371851,0.7757972023291232,0.11934446560441644,3457.2812105926864,3457.2812105926864,0.19785145110266392,275.8221941992434,275.8221941992434,243,306,317.06809583858774,317.06809583858774,125,526,72.1172761664565,72.1172761664565,51,75,0.5093542804516242,,,,,,0.6089090421042084,,,,0.44646904394620474,,,,1.6618941593997607,,,,2.39779073443346,,,,0.8350495895826809,0.2199883138659051,0.20510436753089908,1.870345038797134,-17.990985165494628,1.6066765473364286,-23.091848932708835,-10.761468761188196,-12.058943325830418,1.6656185635820457,-17.08609580786878,-5.469707782158638,4.162443104140968,1.5387414141226894,1.1386428263378083,18.502266324959646,352,158.15210880054767,106.67651995626807,8,1.8104350573691166,-4,1.8797856285542103,9,2.6545378544015907,0,1.535126658497673,114.593,114.593,114.593,14.493,14.493,14.493,28.05,28.05,28.05,28.63,28.63,28.63,0.41467730204264325,0.41467730204264325,0.41467730204264325,100.1,121,119.14317035737784,117,417,385.6368812965396,370,319,294.41195795006564,274,353,318.685720543145,276,218,207.80245291283396,202,401,385.3725361366623,377,420,406.72360928602717,392,62,60.30486202365307,58,3867,3446.1351292159443,2930
Chau_Phu,10.59278,105.103464,SA,T,1.6,6000,2022-08-05,18.31,90.04,26.49,28.52,25.13,2.72,10.59278,105.103464,24.718132979284118,3.3900000000000006,0.344620389017771,17.306451612903228,6.73,23.62,3.757213748362541,88.55193548387096,79.44,91.96,2.8796991547111523,26.943870967741937,24.86,28.35,0.7551401383266335,29.52290322580645,26.92,31.62,1.3320689547888183,24.8341935483871,23.04,26.05,0.5975475372831984,2.193870967741936,0.53,3.51,0.7586349260959528,24.87553736820574,23.013919027872713,25.85984372975028,0.5472730040424428,4.6887096774193555,2.150000000000002,7.540000000000003,1.3466176072771843,0.41030692234541616,0.2667648831371851,0.7757972023291232,0.11934446560441644,4281.553459119497,4281.553459119497,0.31447033889965736,249.79874213836482,249.79874213836482,229,280,254.54591194968552,254.54591194968552,147,410,70.87044025157232,70.87044025157232,44,76,0.5093542804516242,,,,,,0.6089090421042084,,,,0.44646904394620474,,,,1.6618941593997607,,,,2.39779073443346,,,,0.6842220214718512,0.22528873082466314,0.180257045222934,1.7101333081175873,-18.75088959703814,1.7862305464998356,-24.049045981117224,-11.573554171188032,-11.667579543998563,1.90543476619149,-16.593450139962098,-5.004898503240803,5.551367943118239,2.3847340369770067,1.3389989429554827,21.190533496502038,352,161.4557016605502,104.91040882771178,8,1.6464591939173523,-7,2.0808766873700164,9,2.8802429109820147,0,1.6215889892626967,114.593,114.593,114.593,14.493,14.493,14.493,28.05,28.05,28.05,28.63,28.63,28.63,0.41467730204264325,0.41467730204264325,0.41467730204264325,100.1,121,118.02934092402015,116,417,395.26034596014904,383,309,290.8484782132692,271,357,327.9527041821766,296,210,203.29954017954898,195,427,404.7420626231663,379,417,392.0742281585286,368,61,59.07006787825706,56,3800,3337.9305890081023,2824
Chau_Phu,10.593644,105.075243,WS,T,2.0,6800,2022-04-10,19.36,82.44,27.81,31.8,24.75,1.74,10.593644,105.075243,24.534853223742125,7.050000000000001,0.6564479686942216,19.909354838709675,13.91,25.27,2.21220796940431,81.36967741935482,72.53,87.54,2.92292990863285,28.021612903225805,26.71,29.39,0.6336585870915009,32.13967741935485,29.09,34.49,1.15118868123896,24.706774193548394,23.23,25.96,0.6664997016032738,1.8893548387096775,1.1,2.83,0.5194347764567905,24.510502053587818,23.45507529294824,25.345762139075116,0.4496529651755884,7.432903225806452,4.100000000000001,9.55,1.3344618186645376,0.7085235262616059,0.4539761277216749,1.125403854694864,0.13341450826484239,3867.4594594594596,3867.4594594594596,0.26929021741166465,207.5109395109395,207.5109395109395,189,237,230.8648648648649,230.8648648648649,101,459,51.97039897039897,51.97039897039897,38,60,0.34570185809142895,,,,,,0.3892589049131342,,,,0.28980556070408126,,,,0.9551523912549563,,,,1.670818071781143,,,,1.1187387445399193,0.2513533214491151,0.281245116814624,2.0228133497496037,-16.602501268191894,1.0942117215852922,-19.603286263220426,-11.781962919030452,-12.390084976352677,1.705474832845305,-16.18070822071732,-4.8227106809533895,2.798649886422595,1.105168522514219,0.9774439398944762,13.222469158945449,353,159.63567330575,106.1900532378952,15,1.7310825622846093,-7,2.495427187342975,17,3.3519273749452774,0,2.140342201841485,123.628,123.628,123.628,29.607,29.607,29.607,28.76,28.76,28.76,29.4,29.4,29.4,0.3888708750406901,0.3888708750406901,0.3888708750406901,94.022,126,123.20411738939988,120,426,410.3461117196057,372,327,305.5752464403067,246,352,328.8556407447973,270,247,226.89594742606795,201,448,422.0092004381161,401,369,351.30010952902506,319,61,58.74786418400876,55,3628,3328.899452354874,2830
Chau_Phu,10.593644,105.075243,SA,T,2.0,6000,2022-08-05,18.31,90.04,26.49,28.52,25.13,2.72,10.593644,105.075243,24.718132979284118,3.3900000000000006,0.344620389017771,17.306451612903228,6.73,23.62,3.757213748362541,88.55193548387096,79.44,91.96,2.8796991547111523,26.943870967741937,24.86,28.35,0.7551401383266335,29.52290322580645,26.92,31.62,1.3320689547888183,24.8341935483871,23.04,26.05,0.5975475372831984,2.193870967741936,0.53,3.51,0.7586349260959528,24.87553736820574,23.013919027872713,25.85984372975028,0.5472730040424428,4.6887096774193555,2.150000000000002,7.540000000000003,1.3466176072771843,0.41030692234541616,0.2667648831371851,0.7757972023291232,0.11934446560441644,0.6953539896167662,0.6953539896167662,0.674789022592404,247.3719433719434,247.3719433719434,231,258,230.8648648648649,230.8648648648649,101,459,15.346203346203346,15.346203346203346,12,21,0.5093542804516242,0.5093542804516242,0.029680357544798742,0.660729084907564,0.047726619988679886,0.8367975354194641,0.6089090421042084,0.6089090421042084,0.03411108421022173,1.6581415944315938,0.44646904394620474,0.44646904394620474,-0.1585393619770793,0.5909580292434676,1.6618941593997607,1.6618941593997607,-0.27368834789786944,2.8894738021649813,2.39779073443346,2.39779073443346,0.05467491111904382,2.909533483147621,0.8354425037845405,0.21874325660993693,0.25558496526073393,1.7464318372407626,-16.45549274576474,1.2956970828772603,-25.97559539929126,-12.894082555891913,-10.527551974561685,1.3294067590357053,-15.908116713286853,-6.469770643749715,4.153882694377602,1.4877379548625833,1.2903842650507984,14.650372845364425,353,159.63567330575,106.1900532378952,15,1.7310825622846093,-7,2.495427187342975,17,3.3519273749452774,0,2.140342201841485,116.49,116.49,116.49,14.91,14.91,14.91,28.1,28.1,28.1,28.68,28.68,28.68,0.4332129160563151,0.4332129160563151,0.4332129160563151,101.58,126,123.20411738939988,120,426,410.3461117196057,372,327,305.5752464403067,246,352,328.8556407447973,270,247,226.89594742606795,201,448,422.0092004381161,401,369,351.30010952902506,319,61,58.74786418400876,55,3628,3328.899452354874,2830
Chau_Phu,10.594603,105.175686,SA,D,2.2,6600,2022-08-09,17.2,89.52,24.86,27.03,23.04,3.43,10.594603,105.175686,23.013919027872713,3.990000000000002,0.32922469462620946,17.333870967741937,6.73,23.0,3.1787476509644432,89.31677419354837,85.56,91.96,1.5969979641184724,26.866774193548387,24.86,27.81,0.6296665123328239,29.43322580645161,27.03,31.1,1.099484885538485,24.84709677419355,23.04,26.05,0.5745359616942325,2.38741935483871,1.28,3.51,0.626114324003344,24.95109860511982,23.013919027872713,25.85984372975028,0.5164544161399117,4.586129032258065,2.66,6.539999999999999,1.123148447429626,0.37932209911867,0.2667648831371851,0.5332377150662087,0.06599268276086966,6460.50819672131,6460.50819672131,0.7113985476543917,236.9167717528373,236.9167717528373,223,288,370.4817150063051,370.4817150063051,291,611,51.162673392181574,51.162673392181574,30,71,0.5093542804516242,,,,,,0.6089090421042084,,,,0.44646904394620474,,,,1.6618941593997607,,,,2.39779073443346,,,,0.826925623023172,0.2300078452451129,0.32570153089667586,1.8935100278772776,-16.67199882927848,1.5982847109337315,-20.914198291792065,-9.976355648545656,-10.684500940237193,1.6465607858437676,-15.660464675440178,-2.8281542881939243,4.203498740977742,1.4213793896028395,1.1124789101244985,11.281182679699908,356,166.03413104081574,104.8437300749519,15,1.3263151312086734,-5,1.9332139154269352,16,2.7166136214778724,0,1.7402578363370547,81.91,81.91,81.91,70.958,70.958,70.958,26.52,26.52,26.52,27.32,27.32,27.32,0.4277687072753906,0.4277687072753906,0.4277687072753906,10.951,127,124.62190580503835,123,420,393.1373193166886,371,308,291.6557161629435,268,336,318.952255803767,281,210,200.3120893561104,186,444,428.1197985107316,415,379,371.4787560227771,363,60,58.345159877354355,55,3526,3260.03723171266,2491
Chau_Phu,10.595261,105.15779,WS,D,2.04,6800,2022-04-12,21.59,80.47,28.25,32.54,24.97,2.09,10.595261,105.15779,24.55819484380857,7.57,0.7490345980684868,19.84096774193548,13.91,23.06,2.0541010981789727,81.34870967741932,75.99,87.54,2.7662210649600905,28.04548387096774,26.71,29.68,0.6736124984937194,32.174838709677424,29.09,34.19,1.178771561134841,24.727419354838716,23.23,25.96,0.6925640426514919,1.8900000000000001,1.07,2.83,0.5223520009564678,24.53048136343193,23.45507529294824,25.345762139075116,0.4358995080669784,7.4474193548387095,4.100000000000001,9.219999999999999,1.3216777405812548,0.7104642583457828,0.4539761277216749,1.000209663814001,0.12875196485454118,5252.313375796178,5252.313375796178,0.5447286990069269,222.68662420382162,222.68662420382162,186,251,357.37961783439494,357.37961783439494,203,582,49.41656050955414,49.41656050955414,47,55,0.36640076042248293,,,,,,0.41565686143439046,,,,0.3059388442688904,,,,1.0302898759360148,,,,1.7600763348161133,,,,0.953909817153953,0.22444498949711242,0.3679697536961678,1.8753501849404737,-15.26985249726575,1.050198704767391,-19.54686302263537,-10.286105015946037,-10.114630950475874,1.498277074542683,-14.003598394394729,-3.336036645909436,3.4502367478748526,1.1596769538714482,1.1329349750894477,9.870458671727665,355,171.026613304019,105.41224420440483,13,1.4987509585858017,-11,3.4976421255928263,17,4.807200007899075,0,2.8980136855166143,129.365,129.365,129.365,25.106,25.106,25.106,28.88,28.88,28.88,29.53,29.53,29.53,0.31350453694661456,0.31350453694661456,0.31350453694661456,104.259,126,122.89962743808897,119,399,378.4882649703884,365,316,295.97016889668794,270,347,322.0541785479273,280,220,207.87782408422905,196,434,421.669225707392,401,384,370.4371572713315,357,62,59.692915112963384,56,3809,3212.483878043431,2766
Chau_Phu,10.599524,105.186221,WS,D,1.3,6400,2022-04-12,21.59,80.47,28.25,32.54,24.97,2.09,10.599524,105.186221,24.55819484380857,7.57,0.7490345980684868,19.84096774193548,13.91,23.06,2.0541010981789727,81.34870967741932,75.99,87.54,2.7662210649600905,28.04548387096774,26.71,29.68,0.6736124984937194,32.174838709677424,29.09,34.19,1.178771561134841,24.727419354838716,23.23,25.96,0.6925640426514919,1.8900000000000001,1.07,2.83,0.5223520009564678,24.53048136343193,23.45507529294824,25.345762139075116,0.4358995080669784,7.4474193548387095,4.100000000000001,9.219999999999999,1.3216777405812548,0.7104642583457828,0.4539761277216749,1.000209663814001,0.12875196485454118,2814.3312342569266,2814.3312342569266,0.24541670212053018,266.8841309823677,266.8841309823677,191,311,354.6473551637279,354.6473551637279,283,384,43.26700251889168,43.26700251889168,35,54,0.36492226739883626,,,,,,0.41377129311144356,,,,0.304786466871404,,,,1.0249229127445108,,,,1.7537007445993296,,,,0.9099495539041018,0.21319243007729338,0.2078186959039389,1.9875231022323996,-15.986912503971922,3.0392058770880035,-28.095264583791703,-5.295525984094356,-10.565889963377009,2.9442056464608197,-21.32083621093667,0.3516869722095851,3.660204616714315,1.2304958712713117,1.0125552228837857,18.247546437539675,350,167.2461345041174,107.47178572447781,16,2.4584290519414704,-10,2.947239468589924,16,3.5814206067627268,0,2.273918086318083,,,,,,,,,,,,,,,,,129,125.46199342825847,123,402,380.7368075322969,369,314,294.5561637836654,282,329,300.1134223779286,272,218,207.36522881541495,201,431,422.7924239106635,405,391,369.88635865995184,356,58,55.42566236041164,54,3335,2988.4909130720393,2445
Chau_Phu,10.603094,105.127872,WS,T,2.3,8000,2022-04-10,19.36,82.44,27.81,31.8,24.75,1.74,10.603094,105.127872,24.534853223742125,7.050000000000001,0.6564479686942216,19.909354838709675,13.91,25.27,2.21220796940431,81.36967741935482,72.53,87.54,2.92292990863285,28.021612903225805,26.71,29.39,0.6336585870915009,32.13967741935485,29.09,34.49,1.15118868123896,24.706774193548394,23.23,25.96,0.6664997016032738,1.8893548387096775,1.1,2.83,0.5194347764567905,24.510502053587818,23.45507529294824,25.345762139075116,0.4496529651755884,7.432903225806452,4.100000000000001,9.55,1.3344618186645376,0.7085235262616059,0.4539761277216749,1.125403854694864,0.13341450826484239,4907.53670886076,4907.53670886076,0.3932065984109716,220.54177215189873,220.54177215189873,189,296,304.58101265822785,304.58101265822785,234,365,45.851898734177226,45.851898734177226,42,47,0.3453322348355172,,,,,,0.3887875128323975,,,,0.2895174663547097,,,,0.9538106504570802,,,,1.669224174226947,,,,0.9427043541721903,0.1867583562920161,0.32567039498119893,1.7110075559156301,-15.438758290166382,1.5071539776130205,-23.75441094145976,-8.56183166370305,-10.25112049999266,1.749360982282733,-17.810363180437086,-3.0182568163939134,3.419177486835704,0.937098847925647,1.3378038198431197,11.282356829612716,350,159.37656750903471,108.44840367325389,14,1.760803881168827,-7,2.2632177825780504,16,2.938145517500149,0,1.782759636422696,122.769,122.769,122.769,26.708,26.708,26.708,29.01,29.01,29.01,29.64,29.64,29.64,0.2747313181559245,0.2747313181559245,0.2747313181559245,96.061,125,123.16936897458369,120,408,382.6957950065702,362,318,293.7947875602279,266,335,307.02365308804207,265,213,206.27858081471754,199,412,396.92159439334216,380,416,396.7398160315375,379,62,57.3407796758651,54,3942,3387.286246167324,2673
Chau_Phu,10.603991,105.147312,WS,D,3.34,7920,2022-04-12,21.59,80.47,28.25,32.54,24.97,2.09,10.603991,105.147312,24.55819484380857,7.57,0.7490345980684868,19.84096774193548,13.91,23.06,2.0541010981789727,81.34870967741932,75.99,87.54,2.7662210649600905,28.04548387096774,26.71,29.68,0.6736124984937194,32.174838709677424,29.09,34.19,1.178771561134841,24.727419354838716,23.23,25.96,0.6925640426514919,1.8900000000000001,1.07,2.83,0.5223520009564678,24.53048136343193,23.45507529294824,25.345762139075116,0.4358995080669784,7.4474193548387095,4.100000000000001,9.219999999999999,1.3216777405812548,0.7104642583457828,0.4539761277216749,1.000209663814001,0.12875196485454118,5271.020151133503,5271.020151133503,0.5651284876083486,227.45717884130985,227.45717884130985,217,235,399.0012594458439,399.0012594458439,349,494,51.89294710327457,51.89294710327457,46,55,0.36529189065474793,,,,,,0.4142426851921803,,,,0.3050745612207756,,,,1.0262646535423867,,,,1.7552946421535254,,,,1.0097230518808409,0.21098471333512755,0.4066863311879403,1.8134759870436687,-15.60454614361468,1.2303700507946989,-20.834016974428415,-8.214119611339434,-10.80538923910792,1.5683969638087494,-14.731790204200369,-3.9588513911636714,3.1411477349827464,0.8988189990357036,1.2057088313150515,8.835589970078184,353,167.4257304513543,103.53340726413977,15,1.768283089602691,-18,3.7267874056884924,21,4.897208535345056,0,2.998455965566911,129.26,129.26,129.26,26.247,26.247,26.247,29.16,29.16,29.16,29.81,29.81,29.81,0.2581768035888672,0.2581768035888672,0.2581768035888672,103.013,128,125.97264171591156,122,422,384.1749507335232,369,316,294.6816290781695,275,344,298.250492664769,253,209,192.741186774688,183,445,433.4357346179111,412,388,373.94197503831845,361,62,59.52945040507992,55,3459,3032.8826363039198,2575
Chau_Phu,10.603991,105.147312,SA,D,3.34,6000,2022-08-09,17.2,89.52,24.86,27.03,23.04,3.43,10.603991,105.147312,23.013919027872713,3.990000000000002,0.32922469462620946,17.333870967741937,6.73,23.0,3.1787476509644432,89.31677419354837,85.56,91.96,1.5969979641184724,26.866774193548387,24.86,27.81,0.6296665123328239,29.43322580645161,27.03,31.1,1.099484885538485,24.84709677419355,23.04,26.05,0.5745359616942325,2.38741935483871,1.28,3.51,0.626114324003344,24.95109860511982,23.013919027872713,25.85984372975028,0.5164544161399117,4.586129032258065,2.66,6.539999999999999,1.123148447429626,0.37932209911867,0.2667648831371851,0.5332377150662087,0.06599268276086966,6900.482367758187,6900.482367758187,0.8035624210290143,285.6007556675063,285.6007556675063,252,338,399.0012594458439,399.0012594458439,349,494,63.49748110831234,63.49748110831234,30,72,0.5093542804516242,,,,,,0.6089090421042084,,,,0.44646904394620474,,,,1.6618941593997607,,,,2.39779073443346,,,,1.0137690333160767,0.2317608592167222,0.18659179661629144,1.9139956894638337,-16.017300874870692,1.429180780002765,-20.773820213598135,-5.971108662943717,-11.222267784464261,1.894938891050714,-15.364555531593652,-0.15074912568451798,3.171230942711898,1.0739961728473708,1.089868865441655,20.437169653420643,353,167.4257304513543,103.53340726413977,15,1.768283089602691,-18,3.7267874056884924,21,4.897208535345056,0,2.998455965566911,81.195,81.195,81.195,73.906,73.906,73.906,26.73,26.73,26.73,27.47,27.47,27.47,0.40722020467122394,0.40722020467122394,0.40722020467122394,7.289,128,125.97264171591156,122,422,384.1749507335232,369,316,294.6816290781695,275,344,298.250492664769,253,209,192.741186774688,183,445,433.4357346179111,412,388,373.94197503831845,361,62,59.52945040507992,55,3459,3032.8826363039198,2575
Chau_Phu,10.605148,105.164514,WS,D,3.0,7200,2022-04-12,21.59,80.47,28.25,32.54,24.97,2.09,10.605148,105.164514,24.55819484380857,7.57,0.7490345980684868,19.84096774193548,13.91,23.06,2.0541010981789727,81.34870967741932,75.99,87.54,2.7662210649600905,28.04548387096774,26.71,29.68,0.6736124984937194,32.174838709677424,29.09,34.19,1.178771561134841,24.727419354838716,23.23,25.96,0.6925640426514919,1.8900000000000001,1.07,2.83,0.5223520009564678,24.53048136343193,23.45507529294824,25.345762139075116,0.4358995080669784,7.4474193548387095,4.100000000000001,9.219999999999999,1.3216777405812548,0.7104642583457828,0.4539761277216749,1.000209663814001,0.12875196485454118,5112.048933500628,5112.048933500628,0.5317599562243157,228.79924717691347,228.79924717691347,181,252,377.6097867001255,377.6097867001255,298,443,54.14805520702635,54.14805520702635,41,56,0.3656615139106596,,,,,,0.41471407727291704,,,,0.3053626555701472,,,,1.027606394340263,,,,1.7568885397077214,,,,1.0508888976898785,0.24654951072646147,0.39200796628905943,1.9127189758518477,-15.296404746698279,1.253496578420555,-24.560377824466574,-11.267616496378729,-10.700318787889703,1.7481742284637702,-17.007626720186114,-4.19750064381655,3.055765965433644,1.1347315017368422,1.0912638241687131,9.203874267826675,346,156.0621982484837,103.11908034050879,9,1.59286624036123,-4,1.7846224045029986,8,2.4724387940141717,0,1.412931530433782,129.26,129.26,129.26,26.247,26.247,26.247,29.16,29.16,29.16,29.81,29.81,29.81,0.2581768035888672,0.2581768035888672,0.2581768035888672,103.013,126,125.1798860648554,123,396,379.8875985977214,361,304,293.51621384750223,281,336,308.29929886064855,295,220,208.4721735319895,196,420,409.0499561787906,398,399,382.38803680981613,360,62,58.982033304119206,55,3708,3213.9748028045583,2946
Chau_Phu,10.605148,105.164514,SA,D,3.0,5500,2022-08-09,17.2,89.52,24.86,27.03,23.04,3.43,10.605148,105.164514,23.013919027872713,3.990000000000002,0.32922469462620946,17.333870967741937,6.73,23.0,3.1787476509644432,89.31677419354837,85.56,91.96,1.5969979641184724,26.866774193548387,24.86,27.81,0.6296665123328239,29.43322580645161,27.03,31.1,1.099484885538485,24.84709677419355,23.04,26.05,0.5745359616942325,2.38741935483871,1.28,3.51,0.626114324003344,24.95109860511982,23.013919027872713,25.85984372975028,0.5164544161399117,4.586129032258065,2.66,6.539999999999999,1.123148447429626,0.37932209911867,0.2667648831371851,0.5332377150662087,0.06599268276086966,7146.062735257215,7146.062735257215,0.8227362071930884,284.73023839397746,284.73023839397746,262,302,377.6097867001255,377.6097867001255,298,443,64.58845671267254,64.58845671267254,29,74,0.5093542804516242,,,,,,0.6089090421042084,,,,0.44646904394620474,,,,1.6618941593997607,,,,2.39779073443346,,,,0.8670369857360137,0.23839477275322565,0.2942493306715758,1.864699129389646,-16.64824388272266,1.7313426384853392,-24.560308367230526,-10.67454672896584,-10.920637428546714,1.846300152088739,-17.778044761658023,-4.766823513676636,3.9725440338291818,1.3980078288778381,1.145118178560678,12.593913674741948,346,156.0621982484837,103.11908034050879,9,1.59286624036123,-4,1.7846224045029986,8,2.4724387940141717,0,1.412931530433782,81.195,81.195,81.195,73.906,73.906,73.906,26.73,26.73,26.73,27.47,27.47,27.47,0.40722020467122394,0.40722020467122394,0.40722020467122394,7.289,126,125.1798860648554,123,396,379.8875985977214,361,304,293.51621384750223,281,336,308.29929886064855,295,220,208.4721735319895,196,420,409.0499561787906,398,399,382.38803680981613,360,62,58.982033304119206,55,3708,3213.9748028045583,2946
Chau_Phu,10.608536,105.076041,SA,T,1.3,6000,2022-08-05,18.31,90.04,26.49,28.52,25.13,2.72,10.608536,105.076041,24.718132979284118,3.3900000000000006,0.344620389017771,17.306451612903228,6.73,23.62,3.757213748362541,88.55193548387096,79.44,91.96,2.8796991547111523,26.943870967741937,24.86,28.35,0.7551401383266335,29.52290322580645,26.92,31.62,1.3320689547888183,24.8341935483871,23.04,26.05,0.5975475372831984,2.193870967741936,0.53,3.51,0.7586349260959528,24.87553736820574,23.013919027872713,25.85984372975028,0.5472730040424428,4.6887096774193555,2.150000000000002,7.540000000000003,1.3466176072771843,0.41030692234541616,0.2667648831371851,0.7757972023291232,0.11934446560441644,0.6442076396372988,0.6442076396372988,0.42142505649332,234.3358490566037,234.3358490566037,231,252,322.3584905660377,322.3584905660377,226,394,21.713207547169812,21.713207547169812,17,28,0.47137376510139983,0.47137376510139983,0.09413536600711314,0.677847085411234,0.17080293595790863,0.8395928144454956,0.5495322123636187,0.5495322123636187,0.09830012287007368,0.8920047545896594,0.3877576394904222,0.3877576394904222,-0.01719506560856165,0.5833500025711277,1.411344262532812,1.411344262532812,-0.03380878690809275,2.800192037302067,2.212743240207748,2.212743240207748,0.4999650222957134,2.919646802663803,0.576787571844225,0.20950049250782177,0.10952586520099615,1.4813256870498204,-16.68333836572623,1.3792521829890603,-23.488550682431097,-11.352885601382013,-8.672006550133926,1.50333123899361,-13.585417504906385,-3.105955624743954,6.937242921391215,3.1263819296393605,1.7002839652138366,35.521053658507135,353,163.92072791424073,105.46474143678688,9,1.6682717467506163,-7,2.1570257240846904,10,2.7725054060369883,0,1.591904265096521,116.778,116.778,116.778,13.289,13.289,13.289,28.1,28.1,28.1,28.66,28.66,28.66,0.4031575520833333,0.4031575520833333,0.4031575520833333,103.489,125,122.44644030668127,120,419,395.6838299737074,377,312,277.7357581069238,231,352,314.1833917616128,273,241,216.00350569675732,202,431,416.8306310254165,388,388,367.1165644171781,354,61,58.311568799298875,55,3576,3047.9088518843137,2610
Chau_Phu,10.612095,105.141919,WS,T,2.5,8000,2022-04-10,19.36,82.44,27.81,31.8,24.75,1.74,10.612095,105.141919,24.534853223742125,7.050000000000001,0.6564479686942216,19.909354838709675,13.91,25.27,2.21220796940431,81.36967741935482,72.53,87.54,2.92292990863285,28.021612903225805,26.71,29.39,0.6336585870915009,32.13967741935485,29.09,34.49,1.15118868123896,24.706774193548394,23.23,25.96,0.6664997016032738,1.8893548387096775,1.1,2.83,0.5194347764567905,24.510502053587818,23.45507529294824,25.345762139075116,0.4496529651755884,7.432903225806452,4.100000000000001,9.55,1.3344618186645376,0.7085235262616059,0.4539761277216749,1.125403854694864,0.13341450826484239,5327.757614213198,5327.757614213198,0.49850947363332965,214.45304568527922,214.45304568527922,203,230,383.3172588832488,383.3172588832488,357,488,46.23730964467006,46.23730964467006,38,53,0.34496261157960556,,,,,,0.3883161207516608,,,,0.2892293720053381,,,,0.9524689096592043,,,,1.667630276672751,,,,0.6895851984360696,0.2162093151726496,0.1573415868575983,1.4954606771385797,-17.226876195448448,2.8143979200778535,-26.091849581623286,-9.88519002939449,-10.185941313625024,2.0566172595247454,-17.96989480084509,-0.7619988471915948,5.524358600698081,2.534047232312048,1.6747610693807182,24.422395184180978,354,165.04428471755995,105.12008329264438,9,2.2138903150217866,-10,2.3125841737344985,17,3.1420428366441566,0,1.9970278899821226,,,,,,,,,,,,,,,,,129,126.38817086527929,118,393,375.6096385542169,360,310,293.0880613362541,282,324,288.7870755750274,263,221,208.68039430449076,193,434,407.77831325301213,401,393,383.4262869660461,366,62,60.73647316538884,56,3476,3000.961007667033,2627
Chau_Phu,10.612095,105.141919,SA,T,2.5,6400,2022-08-05,18.31,90.04,26.49,28.52,25.13,2.72,10.612095,105.141919,24.718132979284118,3.3900000000000006,0.344620389017771,17.306451612903228,6.73,23.62,3.757213748362541,88.55193548387096,79.44,91.96,2.8796991547111523,26.943870967741937,24.86,28.35,0.7551401383266335,29.52290322580645,26.92,31.62,1.3320689547888183,24.8341935483871,23.04,26.05,0.5975475372831984,2.193870967741936,0.53,3.51,0.7586349260959528,24.87553736820574,23.013919027872713,25.85984372975028,0.5472730040424428,4.6887096774193555,2.150000000000002,7.540000000000003,1.3466176072771843,0.41030692234541616,0.2667648831371851,0.7757972023291232,0.11934446560441644,5579.195431472081,5579.195431472081,0.5437567696927443,269.55076142131986,269.55076142131986,252,356,383.3172588832488,383.3172588832488,357,488,47.30837563451778,47.30837563451778,22,57,0.5093542804516242,,,,,,0.6089090421042084,,,,0.44646904394620474,,,,1.6618941593997607,,,,2.39779073443346,,,,0.6921560185436966,0.19184114001610833,0.19950748662361018,1.6441206163030582,-17.00881243586384,2.775895605646001,-26.760598529314993,-7.4192901741373545,-10.04817165872243,2.1451987836977584,-19.647391937639114,-2.132643205685106,5.28412845068087,1.9730359085863594,1.4329115274974973,19.049372921760977,354,165.04428471755995,105.12008329264438,9,2.2138903150217866,-10,2.3125841737344985,17,3.1420428366441566,0,1.9970278899821226,,,,,,,,,,,,,,,,,129,126.38817086527929,118,393,375.6096385542169,360,310,293.0880613362541,282,324,288.7870755750274,263,221,208.68039430449076,193,434,407.77831325301213,401,393,383.4262869660461,366,62,60.73647316538884,56,3476,3000.961007667033,2627
Chau_Phu,10.61225,105.175364,WS,D,4.0,7200,2022-04-12,21.59,80.47,28.25,32.54,24.97,2.09,10.61225,105.175364,24.55819484380857,7.57,0.7490345980684868,19.84096774193548,13.91,23.06,2.0541010981789727,81.34870967741932,75.99,87.54,2.7662210649600905,28.04548387096774,26.71,29.68,0.6736124984937194,32.174838709677424,29.09,34.19,1.178771561134841,24.727419354838716,23.23,25.96,0.6925640426514919,1.8900000000000001,1.07,2.83,0.5223520009564678,24.53048136343193,23.45507529294824,25.345762139075116,0.4358995080669784,7.4474193548387095,4.100000000000001,9.219999999999999,1.3216777405812548,0.7104642583457828,0.4539761277216749,1.000209663814001,0.12875196485454118,3496.696428571428,3496.696428571428,0.3907142780353957,258.2066326530612,258.2066326530612,228,282,370.39795918367344,370.39795918367344,349,435,41.576530612244895,41.576530612244895,34,53,0.36455264414292454,,,,,,0.4132999010307069,,,,0.30449837252203243,,,,1.0235811719466348,,,,1.7521068470451335,,,,0.9050568211486376,0.21957231338519093,0.26782051620976816,1.9391422602851238,-15.95419793800286,1.5256245946579052,-24.362300077441837,-10.637395522942079,-10.495963097581633,1.7295775942580525,-17.528374050798305,-4.0078925267372565,3.700819685350096,1.2590928302069366,1.062767689572118,13.935375588877717,348,161.39242635176726,105.17630582257092,9,1.921630578950315,-5,2.16081469559938,11,2.912458078678791,0,1.7529289408681208,,,,,,,,,,,,,,,,,125,124.38611476127896,123,390,371.6019715224534,360,317,303.7093099671414,282,355,323.89134720700997,300,221,208.77765607886096,196,435,415.6534501642936,403,391,375.4830230010954,348,61,57.56538882803944,55,3316,3156.716100766704,2815
Chau_Phu,10.612317,105.116551,SA,T,1.65,5500,2022-08-05,18.31,90.04,26.49,28.52,25.13,2.72,10.612317,105.116551,24.718132979284118,3.3900000000000006,0.344620389017771,17.306451612903228,6.73,23.62,3.757213748362541,88.55193548387096,79.44,91.96,2.8796991547111523,26.943870967741937,24.86,28.35,0.7551401383266335,29.52290322580645,26.92,31.62,1.3320689547888183,24.8341935483871,23.04,26.05,0.5975475372831984,2.193870967741936,0.53,3.51,0.7586349260959528,24.87553736820574,23.013919027872713,25.85984372975028,0.5472730040424428,4.6887096774193555,2.150000000000002,7.540000000000003,1.3466176072771843,0.41030692234541616,0.2667648831371851,0.7757972023291232,0.11934446560441644,6138.881012658228,6138.881012658228,0.6491214981897782,241.04936708860757,241.04936708860757,225,298,234.13544303797465,234.13544303797465,45,526,64.28101265822784,64.28101265822784,41,88,0.4710041418454881,,,,,,0.549060820282882,,,,0.3874695451410506,,,,1.4100025217349361,,,,2.211149342653552,,,,0.8937839970823129,0.21974711581540005,0.35134401074207366,1.7908673037052183,-16.62053717844175,1.9515246007585456,-22.30331810252649,-9.135845762813789,-11.091296202897926,2.0521528349965052,-16.962050192129926,-3.966663914997362,3.7568856165454143,1.2283060337328569,1.2335546535045854,10.384853242699657,354,168.8686262313102,103.26046977964286,13,1.7656026303057812,-10,3.1210701090365145,16,4.0600046734662305,0,2.465081195878118,,,,,,,,,,,,,,,,,124,122.35509309967149,121,410,384.8636562911004,372,327,297.7612889083736,273,339,304.1562911003946,272,215,205.81060938185013,200,407,394.8027181060939,383,412,399.4660236738273,379,61,57.0964489259097,54,3714,3167.59491451118,2664
Chau_Phu,10.615175,105.153736,SA,D,2.3,6500,2022-08-09,17.2,89.52,24.86,27.03,23.04,3.43,10.615175,105.153736,23.013919027872713,3.990000000000002,0.32922469462620946,17.333870967741937,6.73,23.0,3.1787476509644432,89.31677419354837,85.56,91.96,1.5969979641184724,26.866774193548387,24.86,27.81,0.6296665123328239,29.43322580645161,27.03,31.1,1.099484885538485,24.84709677419355,23.04,26.05,0.5745359616942325,2.38741935483871,1.28,3.51,0.626114324003344,24.95109860511982,23.013919027872713,25.85984372975028,0.5164544161399117,4.586129032258065,2.66,6.539999999999999,1.123148447429626,0.37932209911867,0.2667648831371851,0.5332377150662087,0.06599268276086966,6436.968474148802,6436.968474148802,0.7391445001475948,227.71122320302646,227.71122320302646,218,256,513.7881462799495,513.7881462799495,306,656,63.983606557377044,63.983606557377044,52,79,0.5093542804516242,,,,,,0.6089090421042084,,,,0.44646904394620474,,,,1.6618941593997607,,,,2.39779073443346,,,,0.7843149536257833,0.19655818999849287,0.16260421876317835,2.019939305156009,-16.08365219001447,1.985265359636579,-26.905426470632932,-6.243679931178488,-9.827526511455238,2.0054182001036267,-20.917920853156613,2.691566384085922,4.440896148035868,1.492743807305054,0.9802575205055788,23.599607749573334,350,160.98471513675403,104.75777089649267,26,2.529170917947535,-5,2.557191901426658,24,3.2410788928018963,0,2.3617558318194307,81.195,81.195,81.195,73.906,73.906,73.906,26.73,26.73,26.73,27.47,27.47,27.47,0.40722020467122394,0.40722020467122394,0.40722020467122394,7.289,130,127.70214629872976,123,388,368.16349310571246,354,306,284.20879842416286,272,321,276.5942219304006,257,218,205.8017071569272,193,436,411.42766469687035,394,405,382.90698183409944,369,61,57.53228277522436,54,3402,2820.165025169622,2501
Chau_Phu,10.619493,105.095029,WS,T,2.3,6800,2022-04-10,19.36,82.44,27.81,31.8,24.75,1.74,10.619493,105.095029,24.534853223742125,7.050000000000001,0.6564479686942216,19.909354838709675,13.91,25.27,2.21220796940431,81.36967741935482,72.53,87.54,2.92292990863285,28.021612903225805,26.71,29.39,0.6336585870915009,32.13967741935485,29.09,34.49,1.15118868123896,24.706774193548394,23.23,25.96,0.6664997016032738,1.8893548387096775,1.1,2.83,0.5194347764567905,24.510502053587818,23.45507529294824,25.345762139075116,0.4496529651755884,7.432903225806452,4.100000000000001,9.55,1.3344618186645376,0.7085235262616059,0.4539761277216749,1.125403854694864,0.13341450826484239,4513.86136071887,4513.86136071887,0.3360135457474977,236.16302952503207,236.16302952503207,190,278,172.28112965340176,172.28112965340176,109,290,45.81899871630295,45.81899871630295,44,48,0.34015750925275373,,,,,,0.3821880237020834,,,,0.2854841454635074,,,,0.9350262792868156,,,,1.6469096084682044,,,,0.9849650405324691,0.20235830181850234,0.43210700066471674,1.7130126475976517,-15.192432475778006,1.1386281618200218,-19.28956975987165,-11.212427803902216,-10.252092596008625,1.2095352329127709,-13.659265729070931,-4.924150387119143,3.23792037339896,0.9013589402860469,1.3350674063087886,8.256966431570744,354,161.08611588307713,106.66806709294468,11,1.855142862784591,-9,2.0489992160367185,13,2.7030323374734286,0,1.7555292250659333,131.107,131.107,131.107,33.973,33.973,33.973,28.76,28.76,28.76,29.42,29.42,29.42,0.3036460876464844,0.3036460876464844,0.3036460876464844,97.133,126,123.06726555652935,121,425,404.81497700897745,380,297,285.9649660608715,278,329,308.37552003503396,276,233,218.0691920297788,201,427,405.6019268666521,388,404,376.3407050580249,344,61,59.560105101817385,55,3724,3139.14188745347,2594
Chau_Phu,10.619493,105.095029,SA,T,2.3,6400,2022-08-05,18.31,90.04,26.49,28.52,25.13,2.72,10.619493,105.095029,24.718132979284118,3.3900000000000006,0.344620389017771,17.306451612903228,6.73,23.62,3.757213748362541,88.55193548387096,79.44,91.96,2.8796991547111523,26.943870967741937,24.86,28.35,0.7551401383266335,29.52290322580645,26.92,31.62,1.3320689547888183,24.8341935483871,23.04,26.05,0.5975475372831984,2.193870967741936,0.53,3.51,0.7586349260959528,24.87553736820574,23.013919027872713,25.85984372975028,0.5472730040424428,4.6887096774193555,2.150000000000002,7.540000000000003,1.3466176072771843,0.41030692234541616,0.2667648831371851,0.7757972023291232,0.11934446560441644,5901.462130937099,5901.462130937099,0.5673634564565162,269.614890885751,269.614890885751,233,301,172.28112965340176,172.28112965340176,109,290,52.973042362002566,52.973042362002566,33,74,0.4706345185895765,,,,,,0.5485894282021453,,,,0.387181450791679,,,,1.4086607809370602,,,,2.2095554450993564,,,,0.8040498052797124,0.1878629800960063,0.31384911580475877,1.9072640288677942,-17.231669678080976,1.694510373943014,-21.825806415802127,-7.39496935815648,-11.133150150369845,1.7986857761179231,-17.81164111838807,-4.998840182167616,4.2398659293519305,1.205897457713929,1.0972450271473493,11.744977757045348,354,161.08611588307713,106.66806709294468,11,1.855142862784591,-9,2.0489992160367185,13,2.7030323374734286,0,1.7555292250659333,116.778,116.778,116.778,13.289,13.289,13.289,28.1,28.1,28.1,28.66,28.66,28.66,0.4031575520833333,0.4031575520833333,0.4031575520833333,103.489,126,123.06726555652935,121,425,404.81497700897745,380,297,285.9649660608715,278,329,308.37552003503396,276,233,218.0691920297788,201,427,405.6019268666521,388,404,376.3407050580249,344,61,59.560105101817385,55,3724,3139.14188745347,2594
Chau_Phu,10.619835,105.201297,SA,T,1.91,5500,2022-08-09,17.2,89.52,24.86,27.03,23.04,3.43,10.619835,105.201297,23.013919027872713,3.990000000000002,0.32922469462620946,17.333870967741937,6.73,23.0,3.1787476509644432,89.31677419354837,85.56,91.96,1.5969979641184724,26.866774193548387,24.86,27.81,0.6296665123328239,29.43322580645161,27.03,31.1,1.099484885538485,24.84709677419355,23.04,26.05,0.5745359616942325,2.38741935483871,1.28,3.51,0.626114324003344,24.95109860511982,23.013919027872713,25.85984372975028,0.5164544161399117,4.586129032258065,2.66,6.539999999999999,1.123148447429626,0.37932209911867,0.2667648831371851,0.5332377150662087,0.06599268276086966,6113.407035175878,6113.407035175878,0.6894346120184874,222.10552763819098,222.10552763819098,216,231,415.1143216080402,415.1143216080402,275,450,55.47110552763819,55.47110552763819,20,66,0.5093542804516242,,,,,,0.6089090421042084,,,,0.44646904394620474,,,,1.6618941593997607,,,,2.39779073443346,,,,0.770345980545758,0.18845603015776333,0.26674875685380317,1.4875164309827504,-16.229898952358333,1.4897996595848801,-24.583072001627386,-12.525727029755902,-9.877942966340484,1.5729796791172326,-18.4421468713316,-4.213663816757993,4.5371632178436085,1.4985353673402102,1.6890459269463929,13.995383848001502,350,155.71868479770433,102.29830898246396,18,1.5086190441713687,-12,3.007529898678518,19,3.6708637473590016,0,2.452303896519267,81.195,87.003,89.907,107.097,96.033,73.906,26.73,26.58,26.5,27.47,27.34,27.28,0.4138724009195964,0.41165500217013895,0.40722020467122394,0.0,130,127.6140197152245,123,411,370.47972523820073,346,323,281.72058497673385,259,363,329.06802570352323,312,225,216.02082871703968,208,438,425.3733658320408,412,369,358.6109018391314,351,60,56.81475736760469,52,3233,3051.473520939508,2580
Chau_Phu,10.621354,105.162316,SA,D,2.0,6400,2022-08-09,17.2,89.52,24.86,27.03,23.04,3.43,10.621354,105.162316,23.013919027872713,3.990000000000002,0.32922469462620946,17.333870967741937,6.73,23.0,3.1787476509644432,89.31677419354837,85.56,91.96,1.5969979641184724,26.866774193548387,24.86,27.81,0.6296665123328239,29.43322580645161,27.03,31.1,1.099484885538485,24.84709677419355,23.04,26.05,0.5745359616942325,2.38741935483871,1.28,3.51,0.626114324003344,24.95109860511982,23.013919027872713,25.85984372975028,0.5164544161399117,4.586129032258065,2.66,6.539999999999999,1.123148447429626,0.37932209911867,0.2667648831371851,0.5332377150662087,0.06599268276086966,6073.359848484848,6073.359848484848,0.7104460252830676,245.17550505050508,245.17550505050508,221,274,355.5997474747475,355.5997474747475,306,493,56.42676767676768,56.42676767676768,50,62,0.5093542804516242,,,,,,0.6089090421042084,,,,0.44646904394620474,,,,1.6618941593997607,,,,2.39779073443346,,,,0.827618375064176,0.2172118736422435,0.2721946119604025,1.75150761064159,-16.258203300394225,1.7361528120156016,-25.33847762951165,-11.016271628461332,-10.282898687412436,2.0395324545191897,-20.28081784669424,-5.277729079402922,4.187712779638316,1.453597064836156,1.2837468565350798,13.695368035359566,350,162.3596261128573,102.87642976385514,11,1.8275708855135189,-4,2.160030391572537,10,2.8729014103049346,0,1.7412235383289645,81.195,81.195,81.195,73.906,73.906,73.906,26.73,26.73,26.73,27.47,27.47,27.47,0.40722020467122394,0.40722020467122394,0.40722020467122394,7.289,129,126.37182296231377,124,410,378.42099495945666,360,319,302.9912338373877,281,328,289.9765505150121,259,216,206.66425597194836,195,422,405.51457374534306,371,423,387.9134341442034,365,62,57.4262546570239,54,3402,3037.847907078677,2473
Chau_Phu,10.623506,105.132794,SA,T,5.0,6000,2022-08-05,18.31,90.04,26.49,28.52,25.13,2.72,10.623506,105.132794,24.718132979284118,3.3900000000000006,0.344620389017771,17.306451612903228,6.73,23.62,3.757213748362541,88.55193548387096,79.44,91.96,2.8796991547111523,26.943870967741937,24.86,28.35,0.7551401383266335,29.52290322580645,26.92,31.62,1.3320689547888183,24.8341935483871,23.04,26.05,0.5975475372831984,2.193870967741936,0.53,3.51,0.7586349260959528,24.87553736820574,23.013919027872713,25.85984372975028,0.5472730040424428,4.6887096774193555,2.150000000000002,7.540000000000003,1.3466176072771843,0.41030692234541616,0.2667648831371851,0.7757972023291232,0.11934446560441644,5929.016560509554,5929.016560509554,0.5706009635199971,248.0789808917198,248.0789808917198,223,275,362.3859872611465,362.3859872611465,262,467,58.54012738853504,58.54012738853504,45,89,0.4702648953336648,,,,,,0.5481180361214085,,,,0.38689335644230743,,,,1.407319040139184,,,,2.2079615475451604,,,,0.7478736329895885,0.17673760874627045,0.2525143298770252,1.5002034337805155,-17.831586589620418,2.416305421843212,-23.580698577612175,-12.313376345276522,-11.33027644175414,2.1139075857218295,-17.044948043616237,-5.394366601582343,4.673281397983808,1.45809833002057,1.6663050556550136,14.840685168037808,350,167.56050737397106,105.86422750763442,14,1.533186983896076,-6,2.2306249131746934,16,2.7890264251791232,0,1.669893666220908,111.287,111.287,111.287,12.398,12.398,12.398,28.14,28.14,28.14,28.72,28.72,28.72,0.3895486195882161,0.3895486195882161,0.3895486195882161,98.889,126,123.6847873739588,120,427,387.11111111111114,368,333,299.1014683322376,277,342,307.17357001972385,273,226,214.1122068814377,203,416,403.9535393381547,392,394,382.0414201183432,361,62,58.92132369055445,54,3729,3294.5864562787638,2886
Chau_Phu,10.625462,105.098238,SA,T,3.6,6500,2022-08-05,18.31,90.04,26.49,28.52,25.13,2.72,10.625462,105.098238,24.718132979284118,3.3900000000000006,0.344620389017771,17.306451612903228,6.73,23.62,3.757213748362541,88.55193548387096,79.44,91.96,2.8796991547111523,26.943870967741937,24.86,28.35,0.7551401383266335,29.52290322580645,26.92,31.62,1.3320689547888183,24.8341935483871,23.04,26.05,0.5975475372831984,2.193870967741936,0.53,3.51,0.7586349260959528,24.87553736820574,23.013919027872713,25.85984372975028,0.5472730040424428,4.6887096774193555,2.150000000000002,7.540000000000003,1.3466176072771843,0.41030692234541616,0.2667648831371851,0.7757972023291232,0.11934446560441644,6175.02641509434,6175.02641509434,0.6553624058732237,240.22641509433961,240.22641509433961,234,264,262.9119496855346,262.9119496855346,139,398,36.51572327044025,36.51572327044025,33,74,0.4698952720777531,,,,,,0.5476466440406718,,,,0.38660526209293583,,,,1.4059772993413078,,,,2.2063676499909644,,,,0.9074107190863171,0.21426184186391656,0.24748761430508256,1.9072640288677942,-17.04348077271864,1.9810068846836657,-23.89162558932246,-10.754269656380725,-11.605636445183281,2.395284581806199,-17.967924103116253,-3.9278671708371946,3.674223277824508,1.2160219716030551,1.0972450271473493,15.1624249812725,354,158.15221490556917,105.04596517911858,16,2.645585491307224,-9,2.815475935402339,17,3.4329604802006126,0,2.258600277008811,,,,,,,,,,,,,,,,,126,123.68659658344288,122,415,389.9728368017525,364,309,286.5802847754656,274,329,298.10054764512614,268,233,221.75640744797374,211,420,410.4422782037241,397,387,367.716538882804,352,61,57.884775465498365,55,3366,2917.5603504928813,2580
Chau_Phu,10.626774,105.140369,WS,T,4.0,7200,2022-04-10,19.36,82.44,27.81,31.8,24.75,1.74,10.626774,105.140369,24.534853223742125,7.050000000000001,0.6564479686942216,19.909354838709675,13.91,25.27,2.21220796940431,81.36967741935482,72.53,87.54,2.92292990863285,28.021612903225805,26.71,29.39,0.6336585870915009,32.13967741935485,29.09,34.49,1.15118868123896,24.706774193548394,23.23,25.96,0.6664997016032738,1.8893548387096775,1.1,2.83,0.5194347764567905,24.510502053587818,23.45507529294824,25.345762139075116,0.4496529651755884,7.432903225806452,4.100000000000001,9.55,1.3344618186645376,0.7085235262616059,0.4539761277216749,1.125403854694864,0.13341450826484239,3029.531969309463,3029.531969309463,0.09028787936673324,256.8810741687979,256.8810741687979,189,301,409.2813299232737,409.2813299232737,349,486,32.407928388746804,32.407928388746804,32,43,0.3442233650677822,,,,,,0.3873733365901873,,,,0.2886531833065949,,,,0.9497854280634521,,,,1.6644424815643593,,,,0.5586098290771055,0.1777770469599756,0.18693481489137168,1.6029686167696602,-18.76264547465468,2.372398252629435,-26.063208572556015,-12.29847071018697,-10.659214950846577,1.7511268432558817,-17.761076167677828,-4.0685397554337595,6.903502272104456,2.546615748325257,1.4953701264974815,20.39783326248998,352,169.28717739440648,104.66117307758697,29,0.9010544537837252,-12,2.9334690001035226,30,3.6547223337523955,0,3.1173029879971894,122.769,122.769,122.769,26.708,26.708,26.708,29.01,29.01,29.01,29.64,29.64,29.64,0.2747313181559245,0.2747313181559245,0.2747313181559245,96.061,125,121.82081051478644,119,424,397.514680105171,382,333,303.7320333041193,285,346,326.0659509202454,306,226,211.33150744960565,200,417,400.9265994741456,380,418,387.8106923751096,365,62,58.80565293602103,55,3706,3342.1735319894833,2829
Chau_Phu,10.628311,105.12253,WS,T,2.0,8000,2022-04-10,19.36,82.44,27.81,31.8,24.75,1.74,10.628311,105.12253,24.534853223742125,7.050000000000001,0.6564479686942216,19.909354838709675,13.91,25.27,2.21220796940431,81.36967741935482,72.53,87.54,2.92292990863285,28.021612903225805,26.71,29.39,0.6336585870915009,32.13967741935485,29.09,34.49,1.15118868123896,24.706774193548394,23.23,25.96,0.6664997016032738,1.8893548387096775,1.1,2.83,0.5194347764567905,24.510502053587818,23.45507529294824,25.345762139075116,0.4496529651755884,7.432903225806452,4.100000000000001,9.55,1.3344618186645376,0.7085235262616059,0.4539761277216749,1.125403854694864,0.13341450826484239,6491.88427672956,6491.88427672956,0.6549361993851799,255.18993710691822,255.18993710691822,237,272,386.4100628930817,386.4100628930817,298,482,60.869182389937116,60.869182389937116,58,68,0.34385374181187056,,,,,,0.3869019445094506,,,,0.28836508895722335,,,,0.9484436872655762,,,,1.6628485840101634,,,,1.036173083565415,0.20448699714070806,0.46107525828578905,1.838696015547866,-15.839474263043396,1.2236622887212467,-19.189010998414233,-8.910110810094912,-11.199167731177583,1.8571561595475152,-15.973988077775946,-4.132113808108032,3.02096786018426,0.8483442683036033,1.1754547604260417,7.675373332482467,348,161.41223471647706,105.7673895671045,10,1.8827997222523891,-6,2.0364047573978894,12,2.8048823028041325,0,1.763376796626903,122.769,122.769,122.769,26.708,26.708,26.708,29.01,29.01,29.01,29.64,29.64,29.64,0.2747313181559245,0.2747313181559245,0.2747313181559245,96.061,126,122.52475898334794,121,405,392.695661700263,368,325,295.06879929886077,262,340,304.94106047326915,270,225,213.728527607362,203,410,398.22261174408425,389,396,388.00262927256784,373,62,59.38475021910605,55,3722,3302.2975460122707,2743
Chau_Phu,10.628311,105.12253,SA,T,2.0,6500,2022-08-05,18.31,90.04,26.49,28.52,25.13,2.72,10.628311,105.12253,24.718132979284118,3.3900000000000006,0.344620389017771,17.306451612903228,6.73,23.62,3.757213748362541,88.55193548387096,79.44,91.96,2.8796991547111523,26.943870967741937,24.86,28.35,0.7551401383266335,29.52290322580645,26.92,31.62,1.3320689547888183,24.8341935483871,23.04,26.05,0.5975475372831984,2.193870967741936,0.53,3.51,0.7586349260959528,24.87553736820574,23.013919027872713,25.85984372975028,0.5472730040424428,4.6887096774193555,2.150000000000002,7.540000000000003,1.3466176072771843,0.41030692234541616,0.2667648831371851,0.7757972023291232,0.11934446560441644,6781.469182389936,6781.469182389936,0.7085353965653762,319.90817610062896,319.90817610062896,243,450,386.4100628930817,386.4100628930817,298,482,62.63773584905661,62.63773584905661,41,100,0.46952564882184145,,,,,,0.5471752519599351,,,,0.3863171677435642,,,,1.4046355585434318,,,,2.2047737524367683,,,,0.662269633821051,0.20493794032810894,0.17182361346403616,1.573486149163601,-18.18354170470385,2.916487506312227,-27.17237188098257,-9.644553506584387,-10.950260656470295,2.056153687058615,-16.234842087801418,-4.305204726962432,5.7102474418693925,2.4187794351256846,1.5421259679509933,22.27968734540219,348,161.41223471647706,105.7673895671045,10,1.8827997222523891,-6,2.0364047573978894,12,2.8048823028041325,0,1.763376796626903,111.287,111.287,111.287,12.398,12.398,12.398,28.14,28.14,28.14,28.72,28.72,28.72,0.3895486195882161,0.3895486195882161,0.3895486195882161,98.889,126,122.52475898334794,121,405,392.695661700263,368,325,295.06879929886077,262,340,304.94106047326915,270,225,213.728527607362,203,410,398.22261174408425,389,396,388.00262927256784,373,62,59.38475021910605,55,3722,3302.2975460122707,2743
Chau_Phu,10.630244,105.19128,WS,D,6.0,6800,2022-04-12,21.59,80.47,28.25,32.54,24.97,2.09,10.630244,105.19128,24.55819484380857,7.57,0.7490345980684868,19.84096774193548,13.91,23.06,2.0541010981789727,81.34870967741932,75.99,87.54,2.7662210649600905,28.04548387096774,26.71,29.68,0.6736124984937194,32.174838709677424,29.09,34.19,1.178771561134841,24.727419354838716,23.23,25.96,0.6925640426514919,1.8900000000000001,1.07,2.83,0.5223520009564678,24.53048136343193,23.45507529294824,25.345762139075116,0.4358995080669784,7.4474193548387095,4.100000000000001,9.219999999999999,1.3216777405812548,0.7104642583457828,0.4539761277216749,1.000209663814001,0.12875196485454118,5453.666666666666,5453.666666666666,0.5810008729041297,230.235368956743,230.235368956743,211,249,428.824427480916,428.824427480916,398,450,57.65267175572518,57.65267175572518,50,61,0.3630741511192779,,,,,,0.41141433270776,,,,0.3033459951245461,,,,1.0182142087551305,,,,1.74573125682835,,,,0.9563396703518019,0.24168282569740432,0.2933207464298515,1.8319872817916554,-15.7607142442213,1.3934655553600939,-23.802333826907308,-12.60474552900832,-10.59145199148365,1.4329087932110018,-17.954603771456696,-5.762005070622135,3.519301987947633,1.4384295195679033,1.1834212714010008,12.636948796448708,350,156.65863523867205,107.03114887566456,8,2.005005792369869,-5,1.7591780645799822,10,2.571933993312447,0,1.5456911673496523,129.26,129.26,129.26,26.247,26.247,26.247,29.16,29.16,29.16,29.81,29.81,29.81,0.2581768035888672,0.2581768035888672,0.2581768035888672,103.013,127,125.09290096406662,123,372,355.4397194213064,342,292,261.4202104340202,237,340,306.9598860149057,283,232,220.88645330995175,211,428,406.91122314774225,385,404,372.1584831214379,343,60,57.65190705830778,55,3404,2978.2115300306878,2510
Chau_Phu,10.633572,105.172813,SA,D,2.5,6400,2022-08-09,17.2,89.52,24.86,27.03,23.04,3.43,10.633572,105.172813,23.013919027872713,3.990000000000002,0.32922469462620946,17.333870967741937,6.73,23.0,3.1787476509644432,89.31677419354837,85.56,91.96,1.5969979641184724,26.866774193548387,24.86,27.81,0.6296665123328239,29.43322580645161,27.03,31.1,1.099484885538485,24.84709677419355,23.04,26.05,0.5745359616942325,2.38741935483871,1.28,3.51,0.626114324003344,24.95109860511982,23.013919027872713,25.85984372975028,0.5164544161399117,4.586129032258065,2.66,6.539999999999999,1.123148447429626,0.37932209911867,0.2667648831371851,0.5332377150662087,0.06599268276086966,6990.620204603581,6990.620204603581,0.8290444918406739,232.57544757033244,232.57544757033244,220,261,331.6176470588235,331.6176470588235,274,398,67.86189258312021,67.86189258312021,51,72,0.5093542804516242,,,,,,0.6089090421042084,,,,0.44646904394620474,,,,1.6618941593997607,,,,2.39779073443346,,,,0.9514784588805141,0.2285439794059118,0.2793145332518897,1.874106967148493,-16.315297562435575,1.586404185526564,-25.884209376663172,-6.301003954276906,-11.143027337076337,1.8624133597722297,-19.02155997153533,0.9457919836690402,3.4669284791811856,1.1953519394746863,1.1343498904366773,13.32077290583639,354,162.9188385096644,104.30974308173498,16,2.1117554327614503,-11,2.909718492372585,14,3.648798259673327,0,2.3830836927302075,81.195,81.195,81.195,73.906,73.906,73.906,26.73,26.73,26.73,27.47,27.47,27.47,0.40722020467122394,0.40722020467122394,0.40722020467122394,7.289,127,125.6044269121192,124,402,363.7608409986861,346,303,280.6625054752519,230,331,292.431887866842,266,219,208.86706088480074,197,406,387.56044678055184,372,431,403.61541830924233,375,61,59.11695137976348,55,3290,2893.2744196233034,2471
Chau_Phu,10.634849,105.13078,WS,T,4.0,6400,2022-04-10,19.36,82.44,27.81,31.8,24.75,1.74,10.634849,105.13078,24.534853223742125,7.050000000000001,0.6564479686942216,19.909354838709675,13.91,25.27,2.21220796940431,81.36967741935482,72.53,87.54,2.92292990863285,28.021612903225805,26.71,29.39,0.6336585870915009,32.13967741935485,29.09,34.49,1.15118868123896,24.706774193548394,23.23,25.96,0.6664997016032738,1.8893548387096775,1.1,2.83,0.5194347764567905,24.510502053587818,23.45507529294824,25.345762139075116,0.4496529651755884,7.432903225806452,4.100000000000001,9.55,1.3344618186645376,0.7085235262616059,0.4539761277216749,1.125403854694864,0.13341450826484239,5229.206549118388,5229.206549118388,0.44535201410197695,244.5818639798489,244.5818639798489,231,282,321.2833753148615,321.2833753148615,282,363,53.58942065491184,53.58942065491184,43,59,0.34348411855595884,,,,,,0.3864305524287139,,,,0.28807699460785174,,,,0.9471019464677001,,,,1.6612546864559674,,,,0.8763390546929165,0.20836682238593213,0.22282467795237704,1.6318710345599998,-16.18678366209976,1.901071655700373,-26.12680584593651,-11.617637963925018,-10.53946473264688,1.9131815264241925,-18.111407654971856,-5.567568734993056,3.8915604162902624,1.5305599137868495,1.4511740911428803,16.95133302449963,350,161.16510624574238,106.52903635275072,10,1.5214614096113146,-7,2.3827857285038645,13,3.24630188468133,0,2.0320240752119387,122.769,122.769,122.769,26.708,26.708,26.708,29.01,29.01,29.01,29.64,29.64,29.64,0.2747313181559245,0.2747313181559245,0.2747313181559245,96.061,122,121.10799561883898,119,427,392.0223390275954,383,314,296.5862899693386,281,342,309.6303109943058,295,222,210.82435392028037,198,414,404.5711782742007,396,403,384.64520367936933,364,62,59.1342531756461,55,3544,3115.4912395970227,2631
Chau_Phu,10.634849,105.13078,SA,T,4.0,6000,2022-08-05,18.31,90.04,26.49,28.52,25.13,2.72,10.634849,105.13078,24.718132979284118,3.3900000000000006,0.344620389017771,17.306451612903228,6.73,23.62,3.757213748362541,88.55193548387096,79.44,91.96,2.8796991547111523,26.943870967741937,24.86,28.35,0.7551401383266335,29.52290322580645,26.92,31.62,1.3320689547888183,24.8341935483871,23.04,26.05,0.5975475372831984,2.193870967741936,0.53,3.51,0.7586349260959528,24.87553736820574,23.013919027872713,25.85984372975028,0.5472730040424428,4.6887096774193555,2.150000000000002,7.540000000000003,1.3466176072771843,0.41030692234541616,0.2667648831371851,0.7757972023291232,0.11934446560441644,6225.489924433249,6225.489924433249,0.6553105068263233,286.15994962216627,286.15994962216627,233,450,321.2833753148615,321.2833753148615,282,363,47.1095717884131,47.1095717884131,41,53,0.4691560255659297,,,,,,0.5467038598791985,,,,0.3860290733941927,,,,1.4032938177455558,,,,2.2031798548825727,,,,0.6397074020827734,0.2123169116193101,0.11880072006612918,1.4432363444446776,-17.386695499810084,3.51865723705617,-27.706265416376862,-11.682829754863825,-9.91380399837805,2.2832864395155643,-19.29877772749175,-4.5729568019852245,6.194630350954635,3.130727904772829,1.7715488287118368,32.66982959171831,350,161.16510624574238,106.52903635275072,10,1.5214614096113146,-7,2.3827857285038645,13,3.24630188468133,0,2.0320240752119387,111.287,111.287,111.287,12.398,12.398,12.398,28.14,28.14,28.14,28.72,28.72,28.72,0.3895486195882161,0.3895486195882161,0.3895486195882161,98.889,122,121.10799561883898,119,427,392.0223390275954,383,314,296.5862899693386,281,342,309.6303109943058,295,222,210.82435392028037,198,414,404.5711782742007,396,403,384.64520367936933,364,62,59.1342531756461,55,3544,3115.4912395970227,2631
Chau_Phu,10.636733,105.155635,WS,T,3.2,8000,2022-04-10,19.36,82.44,27.81,31.8,24.75,1.74,10.636733,105.155635,24.534853223742125,7.050000000000001,0.6564479686942216,19.909354838709675,13.91,25.27,2.21220796940431,81.36967741935482,72.53,87.54,2.92292990863285,28.021612903225805,26.71,29.39,0.6336585870915009,32.13967741935485,29.09,34.49,1.15118868123896,24.706774193548394,23.23,25.96,0.6664997016032738,1.8893548387096775,1.1,2.83,0.5194347764567905,24.510502053587818,23.45507529294824,25.345762139075116,0.4496529651755884,7.432903225806452,4.100000000000001,9.55,1.3344618186645376,0.7085235262616059,0.4539761277216749,1.125403854694864,0.13341450826484239,5214.299242424243,5214.299242424243,0.4258794380253099,220.06944444444443,220.06944444444443,189,241,242.90530303030303,242.90530303030303,189,371,47.757575757575765,47.757575757575765,41,61,0.3431144953000472,,,,,,0.38595916034797717,,,,0.28778890025848014,,,,0.945760205669824,,,,1.6596607889017716,,,,0.9697675722336632,0.22361906017092714,0.3222332093123545,1.8471909905756565,-15.982796154863474,1.6704317507807303,-26.46452028162826,-9.566584586560769,-10.929411926200178,1.6897941410166002,-19.6214267328667,-5.494064554000504,3.360180192281261,1.1192723861988187,1.1654501458744364,11.413369834027964,352,157.33128190276207,106.20880970983087,8,1.6770839846899646,-5,1.9740534441259658,10,2.7110148657409985,0,1.6611451498661234,,,,,,,,,,,,,,,,,125,123.26934034626343,121,401,378.48652202498357,365,306,293.1332456717072,280,339,315.4944115713347,297,216,203.3828621520929,188,407,389.2366863905325,372,421,407.54876177953105,399,62,60.06684198991892,55,3420,3061.196581196581,2838
Chau_Phu,10.636733,105.155635,SA,T,3.2,6600,2022-08-05,18.31,90.04,26.49,28.52,25.13,2.72,10.636733,105.155635,24.718132979284118,3.3900000000000006,0.344620389017771,17.306451612903228,6.73,23.62,3.757213748362541,88.55193548387096,79.44,91.96,2.8796991547111523,26.943870967741937,24.86,28.35,0.7551401383266335,29.52290322580645,26.92,31.62,1.3320689547888183,24.8341935483871,23.04,26.05,0.5975475372831984,2.193870967741936,0.53,3.51,0.7586349260959528,24.87553736820574,23.013919027872713,25.85984372975028,0.5472730040424428,4.6887096774193555,2.150000000000002,7.540000000000003,1.3466176072771843,0.41030692234541616,0.2667648831371851,0.7757972023291232,0.11934446560441644,6063.93181818182,6063.93181818182,0.5814372915296826,238.8876262626263,238.8876262626263,218,263,242.90530303030303,242.90530303030303,189,371,30.272727272727273,30.272727272727273,23,54,0.4687864023100181,,,,,,0.5462324677984617,,,,0.3857409790448211,,,,1.4019520769476799,,,,2.2015859573283767,,,,0.8674740600643974,0.19252792603994873,0.31427519744059373,2.3587832815088765,-16.56655581409495,1.9171696851570732,-25.356445477013402,-5.111154737073983,-10.895680300720716,1.975553177381219,-19.678630826474834,-3.5665035339675084,3.836186459423658,1.08404689750516,0.6957895332551547,11.727698630293933,352,157.33128190276207,106.20880970983087,8,1.6770839846899646,-5,1.9740534441259658,10,2.7110148657409985,0,1.6611451498661234,,,,,,,,,,,,,,,,,125,123.26934034626343,121,401,378.48652202498357,365,306,293.1332456717072,280,339,315.4944115713347,297,216,203.3828621520929,188,407,389.2366863905325,372,421,407.54876177953105,399,62,60.06684198991892,55,3420,3061.196581196581,2838
Chau_Phu,10.64394,105.165296,WS,T,1.4,6400,2022-04-10,19.36,82.44,27.81,31.8,24.75,1.74,10.64394,105.165296,24.534853223742125,7.050000000000001,0.6564479686942216,19.909354838709675,13.91,25.27,2.21220796940431,81.36967741935482,72.53,87.54,2.92292990863285,28.021612903225805,26.71,29.39,0.6336585870915009,32.13967741935485,29.09,34.49,1.15118868123896,24.706774193548394,23.23,25.96,0.6664997016032738,1.8893548387096775,1.1,2.83,0.5194347764567905,24.510502053587818,23.45507529294824,25.345762139075116,0.4496529651755884,7.432903225806452,4.100000000000001,9.55,1.3344618186645376,0.7085235262616059,0.4539761277216749,1.125403854694864,0.13341450826484239,3831.5163316582916,3831.5163316582916,0.13244435683428668,225.63442211055278,225.63442211055278,215,234,262.8140703517588,262.8140703517588,131,398,56.09673366834171,56.09673366834171,54,61,0.3427448720441355,,,,,,0.38548776826724046,,,,0.28750080590910854,,,,0.9444184648719479,,,,1.6580668913475756,,,,0.8976989518242178,0.19519024889328826,0.4234020774548498,1.6440814994276385,-16.85229904141946,1.5170157321966036,-26.841059167168773,-12.43035773138753,-11.372688008190147,1.4896301293621086,-19.620249216508636,-6.810382839090048,3.674404124840988,1.0487808128413048,1.4329694126431918,8.44728477489945,350,162.4092333107366,104.03828889072301,9,1.4528856975496753,-9,2.35727755176177,13,3.1767946346889224,0,1.9976058922418811,122.769,122.769,122.769,26.708,26.708,26.708,29.01,29.01,29.01,29.64,29.64,29.64,0.2747313181559245,0.2747313181559245,0.2747313181559245,96.061,126,123.90525164113785,119,388,366.80332895313194,349,312,289.9586070959266,270,335,313.13162505475265,275,214,205.0876040297854,194,404,385.6782742006133,362,433,409.22273324572933,382,63,60.03920280332895,55,3538,3178.8760402978546,2494
Chau_Phu,10.64683,105.119494,WS,T,2.4,7200,2022-04-10,19.36,82.44,27.81,31.8,24.75,1.74,10.64683,105.119494,24.534853223742125,7.050000000000001,0.6564479686942216,19.909354838709675,13.91,25.27,2.21220796940431,81.36967741935482,72.53,87.54,2.92292990863285,28.021612903225805,26.71,29.39,0.6336585870915009,32.13967741935485,29.09,34.49,1.15118868123896,24.706774193548394,23.23,25.96,0.6664997016032738,1.8893548387096775,1.1,2.83,0.5194347764567905,24.510502053587818,23.45507529294824,25.345762139075116,0.4496529651755884,7.432903225806452,4.100000000000001,9.55,1.3344618186645376,0.7085235262616059,0.4539761277216749,1.125403854694864,0.13341450826484239,5050.719496855347,5050.719496855347,0.3214679525251058,258.2704402515723,258.2704402515723,212,289,339.7698113207548,339.7698113207548,275,437,52.23899371069183,52.23899371069183,44,55,0.3423752487882238,,,,,,0.38501637618650375,,,,0.28721271155973693,,,,0.9430767240740718,,,,1.6564729937933798,,,,0.9694059821185489,0.22446136007029688,0.3359661165339584,1.926654102504871,-15.364145165983157,1.161689751853412,-19.13841994637359,-9.669846979481015,-10.307228376523213,1.8174659996818172,-14.962535774179715,-4.927570263347505,3.3647329199647253,1.107799915319591,1.0761381063676878,10.905962545469054,352,164.3876454966384,105.98961095127245,9,2.102194008681258,-5,2.070892153722891,10,2.7671395615931647,0,1.641536396307281,122.769,122.769,122.769,26.708,26.708,26.708,29.01,29.01,29.01,29.64,29.64,29.64,0.2747313181559245,0.2747313181559245,0.2747313181559245,96.061,125,122.1742938471644,120,425,380.4936487078406,357,306,258.33333333333337,218,344,300.6782742006132,253,223,212.46408234778804,195,420,404.15045992115637,393,406,383.3760402978537,367,62,57.888742882172586,54,3514,3004.0652650021902,2577
Chau_Phu,10.649258,105.142121,WS,D,1.75,8000,2022-04-10,19.36,82.44,27.81,31.8,24.75,1.74,10.649258,105.142121,24.534853223742125,7.050000000000001,0.6564479686942216,19.909354838709675,13.91,25.27,2.21220796940431,81.36967741935482,72.53,87.54,2.92292990863285,28.021612903225805,26.71,29.39,0.6336585870915009,32.13967741935485,29.09,34.49,1.15118868123896,24.706774193548394,23.23,25.96,0.6664997016032738,1.8893548387096775,1.1,2.83,0.5194347764567905,24.510502053587818,23.45507529294824,25.345762139075116,0.4496529651755884,7.432903225806452,4.100000000000001,9.55,1.3344618186645376,0.7085235262616059,0.4539761277216749,1.125403854694864,0.13341450826484239,5905.262148337595,5905.262148337595,0.6375187303632818,262.7685421994885,262.7685421994885,220,277,291.111253196931,291.111253196931,93,355,48.846547314578004,48.846547314578004,23,63,0.3420056255323121,,,,,,0.384544984105767,,,,0.2869246172103654,,,,0.9417349832761959,,,,1.654879096239184,,,,0.9864317605456012,0.2253589451880797,0.2535269433615966,2.082145532933524,-16.178797152593262,2.0270629180825237,-26.14165396101012,-7.852638265173558,-11.222831332437062,1.934975343601253,-20.21289029799133,-4.535422942154475,3.293705032686624,1.1708549765768994,0.921095301328155,14.777415792430943,354,168.23602486516003,105.60952209657799,14,1.968368988972583,-8,2.926498645824509,15,3.867776318863758,0,2.4138894606456796,,,,,,,,,,,,,,,,,129,123.13093934749294,119,404,383.1276269702277,372,324,290.3461033274956,261,354,311.65192644483363,287,227,196.5840630472855,179,430,413.61646234676,387,400,389.8395359019264,376,62,55.91834500875657,54,3572,3100.1884851138357,2525
Chau_Phu,10.649258,105.142121,SA,D,1.75,6000,2022-08-05,18.31,90.04,26.49,28.52,25.13,2.72,10.649258,105.142121,24.718132979284118,3.3900000000000006,0.344620389017771,17.306451612903228,6.73,23.62,3.757213748362541,88.55193548387096,79.44,91.96,2.8796991547111523,26.943870967741937,24.86,28.35,0.7551401383266335,29.52290322580645,26.92,31.62,1.3320689547888183,24.8341935483871,23.04,26.05,0.5975475372831984,2.193870967741936,0.53,3.51,0.7586349260959528,24.87553736820574,23.013919027872713,25.85984372975028,0.5472730040424428,4.6887096774193555,2.150000000000002,7.540000000000003,1.3466176072771843,0.41030692234541616,0.2667648831371851,0.7757972023291232,0.11934446560441644,5541.170076726343,5541.170076726343,0.5805159234103457,258.92199488491053,258.92199488491053,246,335,291.111253196931,291.111253196931,93,355,26.26982097186701,26.26982097186701,21,32,0.4684167790541064,,,,,,0.5457610757177249,,,,0.38545288469544947,,,,1.4006103361498037,,,,2.199992059774181,,,,0.8314272955551629,0.2237653048986637,0.28017786034865816,1.8487708019282834,-15.916358086948751,1.8207550989199126,-26.141747352678383,-8.087566954647354,-9.957011245769888,1.7123354780590125,-19.337876663036162,-3.524737292579223,4.192475408364033,1.547651182716297,1.1635997257355897,13.27664553873861,354,168.23602486516003,105.60952209657799,14,1.968368988972583,-8,2.926498645824509,15,3.867776318863758,0,2.4138894606456796,,,,,,,,,,,,,,,,,129,123.13093934749294,119,404,383.1276269702277,372,324,290.3461033274956,261,354,311.65192644483363,287,227,196.5840630472855,179,430,413.61646234676,387,400,389.8395359019264,376,62,55.91834500875657,54,3572,3100.1884851138357,2525
Chau_Phu,10.653314,105.174185,WS,T,3.0,7200,2022-04-10,19.36,82.44,27.81,31.8,24.75,1.74,10.653314,105.174185,24.534853223742125,7.050000000000001,0.6564479686942216,19.909354838709675,13.91,25.27,2.21220796940431,81.36967741935482,72.53,87.54,2.92292990863285,28.021612903225805,26.71,29.39,0.6336585870915009,32.13967741935485,29.09,34.49,1.15118868123896,24.706774193548394,23.23,25.96,0.6664997016032738,1.8893548387096775,1.1,2.83,0.5194347764567905,24.510502053587818,23.45507529294824,25.345762139075116,0.4496529651755884,7.432903225806452,4.100000000000001,9.55,1.3344618186645376,0.7085235262616059,0.4539761277216749,1.125403854694864,0.13341450826484239,4679.722998729352,4679.722998729352,0.34341411610565614,229.86531130876747,229.86531130876747,222,248,225.48411689961878,225.48411689961878,147,363,51.73062261753494,51.73062261753494,45,60,0.34163600227640045,,,,,,0.3840735920250303,,,,0.2866365228609938,,,,0.9403932424783198,,,,1.653285198684988,,,,0.9214746202007282,0.21660725801264313,0.34315928467685375,1.973404723933904,-15.190060530471413,1.0166720159835376,-19.66262943305371,-10.47130107646797,-9.841897579496118,1.4409876532307202,-14.250070151854416,-4.742347770283519,3.5934051154160205,1.1379923933630547,1.026953696566692,10.656394504280193,354,174.20406914184738,104.29880782424058,17,3.1301131633415276,-10,4.127320338659668,24,4.932240199804542,0,3.1194158143677053,122.769,122.769,122.769,26.708,26.708,26.708,29.01,29.01,29.01,29.64,29.64,29.64,0.2747313181559245,0.2747313181559245,0.2747313181559245,96.061,126,125.62694414019718,125,391,358.13121577217964,329,297,260.1244249726179,216,325,296.11544359255214,249,220,204.9351588170866,197,423,409.7561883899235,391,404,385.35487404162114,369,59,55.73099671412927,55,3107,2841.314348302302,2384
Chau_Phu,10.663484,105.168203,WS,D,3.0,7200,2022-04-10,19.36,82.44,27.81,31.8,24.75,1.74,10.663484,105.168203,24.534853223742125,7.050000000000001,0.6564479686942216,19.909354838709675,13.91,25.27,2.21220796940431,81.36967741935482,72.53,87.54,2.92292990863285,28.021612903225805,26.71,29.39,0.6336585870915009,32.13967741935485,29.09,34.49,1.15118868123896,24.706774193548394,23.23,25.96,0.6664997016032738,1.8893548387096775,1.1,2.83,0.5194347764567905,24.510502053587818,23.45507529294824,25.345762139075116,0.4496529651755884,7.432903225806452,4.100000000000001,9.55,1.3344618186645376,0.7085235262616059,0.4539761277216749,1.125403854694864,0.13341450826484239,5981.840909090909,5981.840909090909,0.6304827048141523,232.63888888888886,232.63888888888886,214,259,327.65656565656565,327.65656565656565,154,450,54.22979797979798,54.22979797979798,46,64,0.3412663790204888,,,,,,0.38360219994429356,,,,0.2863484285116222,,,,0.9390515016804437,,,,1.651691301130792,,,,0.9888518770953568,0.21159405780437524,0.46314855770394076,2.126290509352612,-15.071895569359603,1.621397084666903,-23.609460598088166,-5.251934581562492,-10.147714301167007,2.0009274704037288,-17.191056484128964,-1.5980559634878637,3.2357154309144627,0.9280652521591856,0.8812104848353357,7.636537744670959,350,164.2002461327866,106.1238024798047,13,2.777921099305365,-9,3.090345909492989,14,4.060809276705242,0,2.27207842486013,,,,,,,,,,,,,,,,,129,124.83804514573751,122,397,368.8034618755479,337,300,260.29491673970205,223,337,292.4923312883436,256,214,202.61086765994744,194,462,436.6180981595093,405,390,360.98400525854527,341,59,55.31069237510956,54,3204,2724.232690622262,2364
Chau_Phu,10.663484,105.168203,SA,D,3.0,6500,2022-08-05,18.31,90.04,26.49,28.52,25.13,2.72,10.663484,105.168203,24.718132979284118,3.3900000000000006,0.344620389017771,17.306451612903228,6.73,23.62,3.757213748362541,88.55193548387096,79.44,91.96,2.8796991547111523,26.943870967741937,24.86,28.35,0.7551401383266335,29.52290322580645,26.92,31.62,1.3320689547888183,24.8341935483871,23.04,26.05,0.5975475372831984,2.193870967741936,0.53,3.51,0.7586349260959528,24.87553736820574,23.013919027872713,25.85984372975028,0.5472730040424428,4.6887096774193555,2.150000000000002,7.540000000000003,1.3466176072771843,0.41030692234541616,0.2667648831371851,0.7757972023291232,0.11934446560441644,6575.70707070707,6575.70707070707,0.727947641277993,255.42676767676772,255.42676767676772,227,320,327.65656565656565,327.65656565656565,154,450,27.89520202020202,27.89520202020202,22,49,0.4680471557981947,,,,,,0.5452896836369883,,,,0.38516479034607787,,,,1.3992685953519277,,,,2.198398162219985,,,,0.899812251447029,0.19240742484849765,0.28831551304476455,1.7639206734042805,-14.872543503172444,1.6011430056920328,-20.452670535095066,-7.170266742013343,-9.408171646949896,1.7824241503479437,-14.519017786896985,-2.47795170473065,3.660985748748103,1.0740820624952028,1.2676756728975775,12.873689825975305,350,164.2002461327866,106.1238024798047,13,2.777921099305365,-9,3.090345909492989,14,4.060809276705242,0,2.27207842486013,,,,,,,,,,,,,,,,,129,124.83804514573751,122,397,368.8034618755479,337,300,260.29491673970205,223,337,292.4923312883436,256,214,202.61086765994744,194,462,436.6180981595093,405,390,360.98400525854527,341,59,55.31069237510956,54,3204,2724.232690622262,2364
Chau_Phu,10.676956,105.147011,WS,D,3.2,7200,2022-04-10,19.36,82.44,27.81,31.8,24.75,1.74,10.676956,105.147011,24.534853223742125,7.050000000000001,0.6564479686942216,19.909354838709675,13.91,25.27,2.21220796940431,81.36967741935482,72.53,87.54,2.92292990863285,28.021612903225805,26.71,29.39,0.6336585870915009,32.13967741935485,29.09,34.49,1.15118868123896,24.706774193548394,23.23,25.96,0.6664997016032738,1.8893548387096775,1.1,2.83,0.5194347764567905,24.510502053587818,23.45507529294824,25.345762139075116,0.4496529651755884,7.432903225806452,4.100000000000001,9.55,1.3344618186645376,0.7085235262616059,0.4539761277216749,1.125403854694864,0.13341450826484239,5470.2893401015235,5470.2893401015235,0.6415647896859048,237.84644670050764,237.84644670050764,204,255,324.1802030456853,324.1802030456853,195,390,46.83629441624365,46.83629441624365,35,53,0.3408967557645771,,,,,,0.38313080786355685,,,,0.28606033416225063,,,,0.9377097608825677,,,,1.6500974035765963,,,,0.9720769153320932,0.21141705138983596,0.25870772868558206,1.8058136386177088,-14.788960489058187,2.163407509328352,-19.447298584342242,-6.141355922521323,-9.761761704735498,2.550997789893833,-15.218535079441331,-0.2721540484361673,3.3202552207141114,1.0061759944264408,1.2150679973055631,14.461463097074157,354,163.75563803394337,104.54935019373713,14,3.2257286504912472,-11,3.048537242458984,19,3.7107542165979,0,2.329764119080707,122.769,122.769,122.769,26.708,26.708,26.708,29.01,29.01,29.01,29.64,29.64,29.64,0.2747313181559245,0.2747313181559245,0.2747313181559245,96.061,125,123.92043200352656,122,412,378.46590655041354,361,298,269.41962888441753,240,320,285.6825396825396,275,225,214.49139280125192,199,445,427.81936060809295,413,376,357.7674938520008,339,59,55.234741784037546,54,3504,2808.7426782919742,2630
